task,wording,k,condition,idx,gold,pred,correct,eff_hops,leak,error,finish,out_tokens,reasoning_tokens,model,completion,run_id,prompt,seed
facts_parallel,default,2,immediate,0,Japan,Finland,0,-1,0,0,stop,4,0,qwen3.6-27b,Answer: Finland,cdc6a76e-1788557742,"Consider these 2 countries: Finland, Japan.
Exactly one of them has a capital city beginning with the letter T. Which country is it? Answer with just the country name.",873036808
facts_parallel,default,2,immediate,1,Finland,Finland,1,-1,0,0,stop,4,0,qwen3.6-27b,Answer: Finland,cdc6a76e-1788557742,"Consider these 2 countries: Finland, Bulgaria.
Exactly one of them has a capital city beginning with the letter H. Which country is it? Answer with just the country name.",1125010590
facts_parallel,default,2,immediate,2,Thailand,Egypt,0,-1,0,0,stop,4,0,qwen3.6-27b,Answer: Egypt,cdc6a76e-1788557742,"Consider these 2 countries: Egypt, Thailand.
Exactly one of them has a capital city beginning with the letter B. Which country is it? Answer with just the country name.",3657899300
facts_parallel,default,2,immediate,3,Greece,Greece,1,-1,0,0,stop,4,0,qwen3.6-27b,Answer: Greece,cdc6a76e-1788557742,"Consider these 2 countries: Greece, Bulgaria.
Exactly one of them has a capital city beginning with the letter A. Which country is it? Answer with just the country name.",2902470066
facts_parallel,default,2,immediate,4,Ireland,Ireland,1,-1,0,0,stop,4,0,qwen3.6-27b,Answer: Ireland,cdc6a76e-1788557742,"Consider these 2 countries: Ireland, Japan.
Exactly one of them has a capital city beginning with the letter D. Which country is it? Answer with just the country name.",862238737
facts_parallel,default,2,immediate,5,Finland,Finland,1,-1,0,0,stop,4,0,qwen3.6-27b,Answer: Finland,cdc6a76e-1788557742,"Consider these 2 countries: Peru, Finland.
Exactly one of them has a capital city beginning with the letter H. Which country is it? Answer with just the country name.",1147373703
facts_parallel,default,2,immediate,6,Russia,Russia,1,-1,0,0,stop,4,0,qwen3.6-27b,Answer: Russia,cdc6a76e-1788557742,"Consider these 2 countries: Russia, China.
Exactly one of them has a capital city beginning with the letter M. Which country is it? Answer with just the country name.",3714767165
facts_parallel,default,2,immediate,7,Bulgaria,Bulgaria,1,-1,0,0,stop,4,0,qwen3.6-27b,Answer: Bulgaria,cdc6a76e-1788557742,"Consider these 2 countries: Norway, Bulgaria.
Exactly one of them has a capital city beginning with the letter S. Which country is it? Answer with just the country name.",2859329963
facts_parallel,default,2,immediate,8,Austria,Austria,1,-1,0,0,stop,4,0,qwen3.6-27b,Answer: Austria,cdc6a76e-1788557742,"Consider these 2 countries: Czechia, Austria.
Exactly one of them has a capital city beginning with the letter V. Which country is it? Answer with just the country name.",986903610
facts_parallel,default,2,immediate,9,Sweden,Sweden,1,-1,0,0,stop,4,0,qwen3.6-27b,Answer: Sweden,cdc6a76e-1788557742,"Consider these 2 countries: Hungary, Sweden.
Exactly one of them has a capital city beginning with the letter S. Which country is it? Answer with just the country name.",1305855148
facts_parallel,default,2,immediate,10,Egypt,Austria,0,-1,0,0,stop,4,0,qwen3.6-27b,Answer: Austria,cdc6a76e-1788557742,"Consider these 2 countries: Egypt, Austria.
Exactly one of them has a capital city beginning with the letter C. Which country is it? Answer with just the country name.",3811536686
facts_parallel,default,2,immediate,11,Thailand,Cuba,0,-1,0,0,stop,3,0,qwen3.6-27b,Answer: Cuba,cdc6a76e-1788557742,"Consider these 2 countries: Cuba, Thailand.
Exactly one of them has a capital city beginning with the letter B. Which country is it? Answer with just the country name.",2485673912
facts_parallel,default,2,immediate,12,Denmark,Denmark,1,-1,0,0,stop,4,0,qwen3.6-27b,Answer: Denmark,cdc6a76e-1788557742,"Consider these 2 countries: Denmark, Finland.
Exactly one of them has a capital city beginning with the letter C. Which country is it? Answer with just the country name.",220270082
facts_parallel,default,2,immediate,13,Bulgaria,Kenya,0,-1,0,0,stop,4,0,qwen3.6-27b,Answer: Kenya,cdc6a76e-1788557742,"Consider these 2 countries: Kenya, Bulgaria.
Exactly one of them has a capital city beginning with the letter S. Which country is it? Answer with just the country name.",2049326740
facts_parallel,default,2,immediate,14,Bulgaria,Bulgaria,1,-1,0,0,stop,4,0,qwen3.6-27b,Answer: Bulgaria,cdc6a76e-1788557742,"Consider these 2 countries: Bulgaria, Germany.
Exactly one of them has a capital city beginning with the letter S. Which country is it? Answer with just the country name.",3829574455
facts_parallel,default,2,immediate,15,Russia,Russia,1,-1,0,0,stop,4,0,qwen3.6-27b,Answer: Russia,cdc6a76e-1788557742,"Consider these 2 countries: Kenya, Russia.
Exactly one of them has a capital city beginning with the letter M. Which country is it? Answer with just the country name.",2470812577
facts_parallel,default,2,immediate,16,Kenya,Kenya,1,-1,0,0,stop,4,0,qwen3.6-27b,Answer: Kenya,cdc6a76e-1788557742,"Consider these 2 countries: Denmark, Kenya.
Exactly one of them has a capital city beginning with the letter N. Which country is it? Answer with just the country name.",172804635
facts_parallel,default,2,immediate,17,Russia,Portugal,0,-1,0,0,stop,4,0,qwen3.6-27b,Answer: Portugal,cdc6a76e-1788557742,"Consider these 2 countries: Russia, Portugal.
Exactly one of them has a capital city beginning with the letter M. Which country is it? Answer with just the country name.",2102131341
facts_parallel,default,2,immediate,18,Germany,Norway,0,-1,0,0,stop,4,0,qwen3.6-27b,Answer: Norway,cdc6a76e-1788557742,"Consider these 2 countries: Germany, Norway.
Exactly one of them has a capital city beginning with the letter B. Which country is it? Answer with just the country name.",3992250140
facts_parallel,default,2,immediate,19,Israel,Israel,1,-1,0,0,stop,3,0,qwen3.6-27b,Answer: Israel,cdc6a76e-1788557742,"Consider these 2 countries: Germany, Israel.
Exactly one of them has a capital city beginning with the letter J. Which country is it? Answer with just the country name.",2599671690
facts_parallel,default,2,immediate,20,Thailand,Cuba,0,-1,0,0,stop,4,0,qwen3.6-27b,Answer: Cuba,cdc6a76e-1788557742,"Consider these 2 countries: Thailand, Cuba.
Exactly one of them has a capital city beginning with the letter B. Which country is it? Answer with just the country name.",3355589869
facts_parallel,default,2,immediate,21,Morocco,Morocco,1,-1,0,0,stop,4,0,qwen3.6-27b,Answer: Morocco,cdc6a76e-1788557742,"Consider these 2 countries: Morocco, Israel.
Exactly one of them has a capital city beginning with the letter R. Which country is it? Answer with just the country name.",3204779131
facts_parallel,default,2,immediate,22,Japan,Japan,1,-1,0,0,stop,4,0,qwen3.6-27b,Answer: Japan,cdc6a76e-1788557742,"Consider these 2 countries: Morocco, Japan.
Exactly one of them has a capital city beginning with the letter T. Which country is it? Answer with just the country name.",638344641
facts_parallel,default,2,immediate,23,Austria,Austria,1,-1,0,0,stop,4,0,qwen3.6-27b,Answer: Austria,cdc6a76e-1788557742,"Consider these 2 countries: Austria, Cuba.
Exactly one of them has a capital city beginning with the letter V. Which country is it? Answer with just the country name.",1359703383
facts_parallel,default,2,immediate,24,Russia,Ireland,0,-1,0,0,stop,4,0,qwen3.6-27b,Answer: Ireland,cdc6a76e-1788557742,"Consider these 2 countries: Russia, Ireland.
Exactly one of them has a capital city beginning with the letter M. Which country is it? Answer with just the country name.",3480221940
facts_parallel,default,2,immediate,25,Peru,Morocco,0,-1,0,0,stop,4,0,qwen3.6-27b,Answer: Morocco,cdc6a76e-1788557742,"Consider these 2 countries: Morocco, Peru.
Exactly one of them has a capital city beginning with the letter L. Which country is it? Answer with just the country name.",3093874786
facts_parallel,default,2,immediate,26,Germany,Germany,1,-1,0,0,stop,4,0,qwen3.6-27b,Answer: Germany,cdc6a76e-1788557742,"Consider these 2 countries: Morocco, Germany.
Exactly one of them has a capital city beginning with the letter B. Which country is it? Answer with just the country name.",560044504
facts_parallel,default,2,immediate,27,Sweden,Sweden,1,-1,0,0,stop,4,0,qwen3.6-27b,Answer: Sweden,cdc6a76e-1788557742,"Consider these 2 countries: Sweden, Germany.
Exactly one of them has a capital city beginning with the letter S. Which country is it? Answer with just the country name.",1449568590
facts_parallel,default,2,immediate,28,Israel,Israel,1,-1,0,0,stop,4,0,qwen3.6-27b,Answer: Israel,cdc6a76e-1788557742,"Consider these 2 countries: Sweden, Israel.
Exactly one of them has a capital city beginning with the letter J. Which country is it? Answer with just the country name.",3336156383
facts_parallel,default,2,immediate,29,Finland,Greece,0,-1,0,0,stop,4,0,qwen3.6-27b,Answer: Greece,cdc6a76e-1788557742,"Consider these 2 countries: Greece, Finland.
Exactly one of them has a capital city beginning with the letter H. Which country is it? Answer with just the country name.",2984150089
facts_parallel,default,2,immediate,30,Peru,Peru,1,-1,0,0,stop,4,0,qwen3.6-27b,Answer: Peru,cdc6a76e-1788557742,"Consider these 2 countries: Peru, Israel.
Exactly one of them has a capital city beginning with the letter L. Which country is it? Answer with just the country name.",3508080044
facts_parallel,default,2,immediate,31,Japan,Japan,1,-1,0,0,stop,3,0,qwen3.6-27b,Answer: Japan,cdc6a76e-1788557742,"Consider these 2 countries: Japan, China.
Exactly one of them has a capital city beginning with the letter T. Which country is it? Answer with just the country name.",2786999610
facts_parallel,default,2,immediate,32,Austria,Austria,1,-1,0,0,stop,4,0,qwen3.6-27b,Answer: Austria,cdc6a76e-1788557742,"Consider these 2 countries: Austria, Morocco.
Exactly one of them has a capital city beginning with the letter V. Which country is it? Answer with just the country name.",1058499712
facts_parallel,default,2,immediate,33,Portugal,Portugal,1,-1,0,0,stop,4,0,qwen3.6-27b,Answer: Portugal,cdc6a76e-1788557742,"Consider these 2 countries: Norway, Portugal.
Exactly one of them has a capital city beginning with the letter L. Which country is it? Answer with just the country name.",1209031702
facts_parallel,default,2,immediate,34,Peru,Morocco,0,-1,0,0,stop,4,0,qwen3.6-27b,Answer: Morocco,cdc6a76e-1788557742,"Consider these 2 countries: Peru, Morocco.
Exactly one of them has a capital city beginning with the letter L. Which country is it? Answer with just the country name.",3597978037
facts_parallel,default,2,immediate,35,Norway,Norway,1,-1,0,0,stop,4,0,qwen3.6-27b,Answer: Norway,cdc6a76e-1788557742,"Consider these 2 countries: Norway, Indonesia.
Exactly one of them has a capital city beginning with the letter O. Which country is it? Answer with just the country name.",2708732195
facts_parallel,default,2,immediate,36,Bulgaria,Bulgaria,1,-1,0,0,stop,4,0,qwen3.6-27b,Answer: Bulgaria,cdc6a76e-1788557742,"Consider these 2 countries: Poland, Bulgaria.
Exactly one of them has a capital city beginning with the letter S. Which country is it? Answer with just the country name.",947562649
facts_parallel,default,2,immediate,37,Russia,Bulgaria,0,-1,0,0,stop,4,0,qwen3.6-27b,Answer: Bulgaria,cdc6a76e-1788557742,"Consider these 2 countries: Russia, Bulgaria.
Exactly one of them has a capital city beginning with the letter M. Which country is it? Answer with just the country name.",1333630991
facts_parallel,default,2,immediate,38,Japan,Indonesia,0,-1,0,0,stop,4,0,qwen3.6-27b,Answer: Indonesia,cdc6a76e-1788557742,"Consider these 2 countries: Indonesia, Japan.
Exactly one of them has a capital city beginning with the letter T. Which country is it? Answer with just the country name.",3754067358
facts_parallel,default,2,immediate,39,Poland,Poland,1,-1,0,0,stop,4,0,qwen3.6-27b,Answer: Poland,cdc6a76e-1788557742,"Consider these 2 countries: Ireland, Poland.
Exactly one of them has a capital city beginning with the letter W. Which country is it? Answer with just the country name.",2831529224
facts_parallel,default,2,immediate,40,Greece,Greece,1,-1,0,0,stop,4,0,qwen3.6-27b,Answer: Greece,cdc6a76e-1788557742,"Consider these 2 countries: Greece, Japan.
Exactly one of them has a capital city beginning with the letter A. Which country is it? Answer with just the country name.",2656607083
facts_parallel,default,2,immediate,41,Ireland,Peru,0,-1,0,0,stop,4,0,qwen3.6-27b,Answer: Peru,cdc6a76e-1788557742,"Consider these 2 countries: Ireland, Peru.
Exactly one of them has a capital city beginning with the letter D. Which country is it? Answer with just the country name.",3915361277
facts_parallel,default,2,immediate,42,Norway,Norway,1,-1,0,0,stop,4,0,qwen3.6-27b,Answer: Norway,cdc6a76e-1788557742,"Consider these 2 countries: Norway, Poland.
Exactly one of them has a capital city beginning with the letter O. Which country is it? Answer with just the country name.",1884748359
facts_parallel,default,2,immediate,43,Germany,Morocco,0,-1,0,0,stop,4,0,qwen3.6-27b,Answer: Morocco,cdc6a76e-1788557742,"Consider these 2 countries: Morocco, Germany.
Exactly one of them has a capital city beginning with the letter B. Which country is it? Answer with just the country name.",122800849
facts_parallel,default,2,immediate,44,Hungary,Hungary,1,-1,0,0,stop,4,0,qwen3.6-27b,Answer: Hungary,cdc6a76e-1788557742,"Consider these 2 countries: Hungary, Poland.
Exactly one of them has a capital city beginning with the letter B. Which country is it? Answer with just the country name.",2570411890
facts_parallel,default,2,immediate,45,Russia,Kenya,0,-1,0,0,stop,4,0,qwen3.6-27b,Answer: Kenya,cdc6a76e-1788557742,"Consider these 2 countries: Russia, Kenya.
Exactly one of them has a capital city beginning with the letter M. Which country is it? Answer with just the country name.",3996282852
facts_parallel,default,2,immediate,46,Sweden,Sweden,1,-1,0,0,stop,4,0,qwen3.6-27b,Answer: Sweden,cdc6a76e-1788557742,"Consider these 2 countries: Sweden, Hungary.
Exactly one of them has a capital city beginning with the letter S. Which country is it? Answer with just the country name.",2000371294
facts_parallel,default,2,immediate,47,Kenya,Kenya,1,-1,0,0,stop,4,0,qwen3.6-27b,Answer: Kenya,cdc6a76e-1788557742,"Consider these 2 countries: Czechia, Kenya.
Exactly one of them has a capital city beginning with the letter N. Which country is it? Answer with just the country name.",3935944
facts_parallel,default,2,immediate,48,Indonesia,Indonesia,1,-1,0,0,stop,4,0,qwen3.6-27b,Answer: Indonesia,cdc6a76e-1788557742,"Consider these 2 countries: Indonesia, Czechia.
Exactly one of them has a capital city beginning with the letter J. Which country is it? Answer with just the country name.",2424509273
facts_parallel,default,2,immediate,49,Czechia,Morocco,0,-1,0,0,stop,4,0,qwen3.6-27b,Answer: Morocco,cdc6a76e-1788557742,"Consider these 2 countries: Morocco, Czechia.
Exactly one of them has a capital city beginning with the letter P. Which country is it? Answer with just the country name.",3884196815
facts_parallel,default,2,immediate,50,Sweden,Sweden,1,-1,0,0,stop,4,0,qwen3.6-27b,Answer: Sweden,cdc6a76e-1788557742,"Consider these 2 countries: Sweden, Hungary.
Exactly one of them has a capital city beginning with the letter S. Which country is it? Answer with just the country name.",2269358634
facts_parallel,default,2,immediate,51,Poland,Poland,1,-1,0,0,stop,4,0,qwen3.6-27b,Answer: Poland,cdc6a76e-1788557742,"Consider these 2 countries: Bulgaria, Poland.
Exactly one of them has a capital city beginning with the letter W. Which country is it? Answer with just the country name.",4031027900
facts_parallel,default,2,immediate,52,Russia,Russia,1,-1,0,0,stop,4,0,qwen3.6-27b,Answer: Russia,cdc6a76e-1788557742,"Consider these 2 countries: Cuba, Russia.
Exactly one of them has a capital city beginning with the letter M. Which country is it? Answer with just the country name.",1766705926
facts_parallel,default,2,immediate,53,Sweden,Sweden,1,-1,0,0,stop,4,0,qwen3.6-27b,Answer: Sweden,cdc6a76e-1788557742,"Consider these 2 countries: Japan, Sweden.
Exactly one of them has a capital city beginning with the letter S. Which country is it? Answer with just the country name.",508230544
facts_parallel,default,2,immediate,54,Morocco,Morocco,1,-1,0,0,stop,4,0,qwen3.6-27b,Answer: Morocco,cdc6a76e-1788557742,"Consider these 2 countries: Denmark, Morocco.
Exactly one of them has a capital city beginning with the letter R. Which country is it? Answer with just the country name.",2150526515
facts_parallel,default,2,immediate,55,Japan,Bulgaria,0,-1,0,0,stop,4,0,qwen3.6-27b,Answer: Bulgaria,cdc6a76e-1788557742,"Consider these 2 countries: Japan, Bulgaria.
Exactly one of them has a capital city beginning with the letter T. Which country is it? Answer with just the country name.",4146683557
facts_parallel,default,2,immediate,56,Cuba,Greece,0,-1,0,0,stop,4,0,qwen3.6-27b,Answer: Greece,cdc6a76e-1788557742,"Consider these 2 countries: Greece, Cuba.
Exactly one of them has a capital city beginning with the letter H. Which country is it? Answer with just the country name.",1847594783
facts_parallel,default,2,immediate,57,Egypt,Egypt,1,-1,0,0,stop,4,0,qwen3.6-27b,Answer: Egypt,cdc6a76e-1788557742,"Consider these 2 countries: Thailand, Egypt.
Exactly one of them has a capital city beginning with the letter C. Which country is it? Answer with just the country name.",422002569
facts_parallel,default,2,immediate,58,Peru,Bulgaria,0,-1,0,0,stop,4,0,qwen3.6-27b,Answer: Bulgaria,cdc6a76e-1788557742,"Consider these 2 countries: Peru, Bulgaria.
Exactly one of them has a capital city beginning with the letter L. Which country is it? Answer with just the country name.",2308448792
facts_parallel,default,2,immediate,59,Peru,Peru,1,-1,0,0,stop,4,0,qwen3.6-27b,Answer: Peru,cdc6a76e-1788557742,"Consider these 2 countries: Peru, Egypt.
Exactly one of them has a capital city beginning with the letter L. Which country is it? Answer with just the country name.",4271837838
facts_parallel,default,2,immediate,60,Egypt,Cuba,0,-1,0,0,stop,4,0,qwen3.6-27b,Answer: Cuba,cdc6a76e-1788557742,"Consider these 2 countries: Egypt, Cuba.
Exactly one of them has a capital city beginning with the letter C. Which country is it? Answer with just the country name.",2892954089
facts_parallel,default,2,immediate,61,Sweden,Sweden,1,-1,0,0,stop,4,0,qwen3.6-27b,Answer: Sweden,cdc6a76e-1788557742,"Consider these 2 countries: Sweden, Israel.
Exactly one of them has a capital city beginning with the letter S. Which country is it? Answer with just the country name.",3681143167
facts_parallel,default,2,immediate,62,Peru,Peru,1,-1,0,0,stop,4,0,qwen3.6-27b,Answer: Peru,cdc6a76e-1788557742,"Consider these 2 countries: Indonesia, Peru.
Exactly one of them has a capital city beginning with the letter L. Which country is it? Answer with just the country name.",1113626821
facts_parallel,default,2,immediate,63,Peru,Peru,1,-1,0,0,stop,4,0,qwen3.6-27b,Answer: Peru,cdc6a76e-1788557742,"Consider these 2 countries: Peru, Greece.
Exactly one of them has a capital city beginning with the letter L. Which country is it? Answer with just the country name.",895985747
facts_parallel,default,2,immediate,64,Russia,Russia,1,-1,0,0,stop,4,0,qwen3.6-27b,Answer: Russia,cdc6a76e-1788557742,"Consider these 2 countries: Russia, Czechia.
Exactly one of them has a capital city beginning with the letter M. Which country is it? Answer with just the country name.",2869116400
facts_parallel,default,2,immediate,65,Indonesia,Indonesia,1,-1,0,0,stop,4,0,qwen3.6-27b,Answer: Indonesia,cdc6a76e-1788557742,"Consider these 2 countries: Norway, Indonesia.
Exactly one of them has a capital city beginning with the letter J. Which country is it? Answer with just the country name.",3691253094
facts_parallel,default,2,immediate,66,Thailand,Thailand,1,-1,0,0,stop,4,0,qwen3.6-27b,Answer: Thailand,cdc6a76e-1788557742,"Consider these 2 countries: Ireland, Thailand.
Exactly one of them has a capital city beginning with the letter B. Which country is it? Answer with just the country name.",1158503644
facts_parallel,default,2,immediate,67,Austria,Austria,1,-1,0,0,stop,4,0,qwen3.6-27b,Answer: Austria,cdc6a76e-1788557742,"Consider these 2 countries: Germany, Austria.
Exactly one of them has a capital city beginning with the letter V. Which country is it? Answer with just the country name.",839543882
facts_parallel,default,2,immediate,68,Israel,Israel,1,-1,0,0,stop,4,0,qwen3.6-27b,Answer: Israel,cdc6a76e-1788557742,"Consider these 2 countries: Morocco, Israel.
Exactly one of them has a capital city beginning with the letter J. Which country is it? Answer with just the country name.",2729800155
facts_parallel,default,2,immediate,69,Hungary,Bulgaria,0,-1,0,0,stop,3,0,qwen3.6-27b,Answer: Bulgaria,cdc6a76e-1788557742,"Consider these 2 countries: Hungary, Bulgaria.
Exactly one of them has a capital city beginning with the letter B. Which country is it? Answer with just the country name.",3585229133
facts_parallel,default,2,immediate,70,Czechia,Morocco,0,-1,0,0,stop,4,0,qwen3.6-27b,Answer: Morocco,cdc6a76e-1788557742,"Consider these 2 countries: Morocco, Czechia.
Exactly one of them has a capital city beginning with the letter P. Which country is it? Answer with just the country name.",3044395176
facts_parallel,default,2,immediate,71,Thailand,Norway,0,-1,0,0,stop,4,0,qwen3.6-27b,Answer: Norway,cdc6a76e-1788557742,"Consider these 2 countries: Thailand, Norway.
Exactly one of them has a capital city beginning with the letter B. Which country is it? Answer with just the country name.",3262314558
facts_parallel,default,2,immediate,72,Morocco,Morocco,1,-1,0,0,stop,4,0,qwen3.6-27b,Answer: Morocco,cdc6a76e-1788557742,"Consider these 2 countries: Morocco, Bulgaria.
Exactly one of them has a capital city beginning with the letter R. Which country is it? Answer with just the country name.",1534830980
facts_parallel,default,2,immediate,73,Sweden,Sweden,1,-1,0,0,stop,4,0,qwen3.6-27b,Answer: Sweden,cdc6a76e-1788557742,"Consider these 2 countries: Russia, Sweden.
Exactly one of them has a capital city beginning with the letter S. Which country is it? Answer with just the country name.",746363154
facts_parallel,default,2,immediate,74,Bulgaria,Morocco,0,-1,0,0,stop,3,0,qwen3.6-27b,Answer: Morocco,cdc6a76e-1788557742,"Consider these 2 countries: Bulgaria, Morocco.
Exactly one of them has a capital city beginning with the letter S. Which country is it? Answer with just the country name.",2987920561
facts_parallel,default,2,immediate,75,Czechia,Poland,0,-1,0,0,stop,4,0,qwen3.6-27b,Answer: Poland,cdc6a76e-1788557742,"Consider these 2 countries: Czechia, Poland.
Exactly one of them has a capital city beginning with the letter P. Which country is it? Answer with just the country name.",3307158567
facts_parallel,default,2,immediate,76,Indonesia,Indonesia,1,-1,0,0,stop,4,0,qwen3.6-27b,Answer: Indonesia,cdc6a76e-1788557742,"Consider these 2 countries: Thailand, Indonesia.
Exactly one of them has a capital city beginning with the letter J. Which country is it? Answer with just the country name.",1544973725
facts_parallel,default,2,immediate,77,Poland,Indonesia,0,-1,0,0,stop,4,0,qwen3.6-27b,Answer: Indonesia,cdc6a76e-1788557742,"Consider these 2 countries: Indonesia, Poland.
Exactly one of them has a capital city beginning with the letter W. Which country is it? Answer with just the country name.",722558219
facts_parallel,default,2,immediate,78,Russia,Portugal,0,-1,0,0,stop,4,0,qwen3.6-27b,Answer: Portugal,cdc6a76e-1788557742,"Consider these 2 countries: Portugal, Russia.
Exactly one of them has a capital city beginning with the letter M. Which country is it? Answer with just the country name.",3148759194
facts_parallel,default,2,immediate,79,Russia,Germany,0,-1,0,0,stop,4,0,qwen3.6-27b,Answer: Germany,cdc6a76e-1788557742,"Consider these 2 countries: Russia, Germany.
Exactly one of them has a capital city beginning with the letter M. Which country is it? Answer with just the country name.",3433656332
facts_parallel,default,2,immediate,80,Bulgaria,Ireland,0,-1,0,0,stop,4,0,qwen3.6-27b,Answer: Ireland,cdc6a76e-1788557742,"Consider these 2 countries: Ireland, Bulgaria.
Exactly one of them has a capital city beginning with the letter S. Which country is it? Answer with just the country name.",854447207
facts_parallel,default,2,immediate,81,Indonesia,Indonesia,1,-1,0,0,stop,4,0,qwen3.6-27b,Answer: Indonesia,cdc6a76e-1788557742,"Consider these 2 countries: Germany, Indonesia.
Exactly one of them has a capital city beginning with the letter J. Which country is it? Answer with just the country name.",1173021937
facts_parallel,default,2,immediate,82,Germany,Indonesia,0,-1,0,0,stop,4,0,qwen3.6-27b,Answer: Indonesia,cdc6a76e-1788557742,"Consider these 2 countries: Germany, Indonesia.
Exactly one of them has a capital city beginning with the letter B. Which country is it? Answer with just the country name.",3705910603
facts_parallel,default,2,immediate,83,Germany,Germany,1,-1,0,0,stop,3,0,qwen3.6-27b,Answer: Germany,cdc6a76e-1788557742,"Consider these 2 countries: Germany, Ireland.
Exactly one of them has a capital city beginning with the letter B. Which country is it? Answer with just the country name.",2883880413
facts_parallel,default,2,immediate,84,Greece,Greece,1,-1,0,0,stop,4,0,qwen3.6-27b,Answer: Greece,cdc6a76e-1788557742,"Consider these 2 countries: Bulgaria, Greece.
Exactly one of them has a capital city beginning with the letter A. Which country is it? Answer with just the country name.",897585278
facts_parallel,default,2,immediate,85,Norway,Norway,1,-1,0,0,stop,4,0,qwen3.6-27b,Answer: Norway,cdc6a76e-1788557742,"Consider these 2 countries: Finland, Norway.
Exactly one of them has a capital city beginning with the letter O. Which country is it? Answer with just the country name.",1116152040
facts_parallel,default,2,immediate,86,Finland,Finland,1,-1,0,0,stop,4,0,qwen3.6-27b,Answer: Finland,cdc6a76e-1788557742,"Consider these 2 countries: Czechia, Finland.
Exactly one of them has a capital city beginning with the letter H. Which country is it? Answer with just the country name.",3683545426
facts_parallel,default,2,immediate,87,Cuba,Cuba,1,-1,0,0,stop,4,0,qwen3.6-27b,Answer: Cuba,cdc6a76e-1788557742,"Consider these 2 countries: Bulgaria, Cuba.
Exactly one of them has a capital city beginning with the letter H. Which country is it? Answer with just the country name.",2894676420
facts_parallel,default,2,immediate,88,Norway,Norway,1,-1,0,0,stop,4,0,qwen3.6-27b,Answer: Norway,cdc6a76e-1788557742,"Consider these 2 countries: Germany, Norway.
Exactly one of them has a capital city beginning with the letter O. Which country is it? Answer with just the country name.",1010195541
facts_parallel,default,2,immediate,89,Cuba,Cuba,1,-1,0,0,stop,4,0,qwen3.6-27b,Answer: Cuba,cdc6a76e-1788557742,"Consider these 2 countries: Cuba, Thailand.
Exactly one of them has a capital city beginning with the letter H. Which country is it? Answer with just the country name.",1261530307
facts_parallel,default,2,immediate,90,Hungary,Portugal,0,-1,0,0,stop,4,0,qwen3.6-27b,Answer: Portugal,cdc6a76e-1788557742,"Consider these 2 countries: Hungary, Portugal.
Exactly one of them has a capital city beginning with the letter B. Which country is it? Answer with just the country name.",737600806
facts_parallel,default,2,immediate,91,Finland,Finland,1,-1,0,0,stop,4,0,qwen3.6-27b,Answer: Finland,cdc6a76e-1788557742,"Consider these 2 countries: Finland, Poland.
Exactly one of them has a capital city beginning with the letter H. Which country is it? Answer with just the country name.",1559352752
facts_parallel,default,2,immediate,92,Finland,Finland,1,-1,0,0,stop,4,0,qwen3.6-27b,Answer: Finland,cdc6a76e-1788557742,"Consider these 2 countries: Finland, Germany.
Exactly one of them has a capital city beginning with the letter H. Which country is it? Answer with just the country name.",3321398282
facts_parallel,default,2,immediate,93,Norway,Austria,0,-1,0,0,stop,3,0,qwen3.6-27b,Answer: Austria,cdc6a76e-1788557742,"Consider these 2 countries: Norway, Austria.
Exactly one of them has a capital city beginning with the letter O. Which country is it? Answer with just the country name.",3003102364
facts_parallel,default,2,immediate,94,Cuba,Cuba,1,-1,0,0,stop,4,0,qwen3.6-27b,Answer: Cuba,cdc6a76e-1788557742,"Consider these 2 countries: Denmark, Cuba.
Exactly one of them has a capital city beginning with the letter H. Which country is it? Answer with just the country name.",748364095
facts_parallel,default,2,immediate,95,Austria,Austria,1,-1,0,0,stop,4,0,qwen3.6-27b,Answer: Austria,cdc6a76e-1788557742,"Consider these 2 countries: Austria, Germany.
Exactly one of them has a capital city beginning with the letter V. Which country is it? Answer with just the country name.",1536954793
facts_parallel,default,2,immediate,96,Kenya,Kenya,1,-1,0,0,stop,4,0,qwen3.6-27b,Answer: Kenya,cdc6a76e-1788557742,"Consider these 2 countries: Bulgaria, Kenya.
Exactly one of them has a capital city beginning with the letter N. Which country is it? Answer with just the country name.",3264561171
facts_parallel,default,2,immediate,97,Bulgaria,Hungary,0,-1,0,0,stop,4,0,qwen3.6-27b,Answer: Hungary,cdc6a76e-1788557742,"Consider these 2 countries: Bulgaria, Hungary.
Exactly one of them has a capital city beginning with the letter S. Which country is it? Answer with just the country name.",3046273157
facts_parallel,default,2,immediate,98,Greece,Hungary,0,-1,0,0,stop,4,0,qwen3.6-27b,Answer: Hungary,cdc6a76e-1788557742,"Consider these 2 countries: Greece, Hungary.
Exactly one of them has a capital city beginning with the letter A. Which country is it? Answer with just the country name.",623734036
facts_parallel,default,2,immediate,99,Portugal,Portugal,1,-1,0,0,stop,4,0,qwen3.6-27b,Answer: Portugal,cdc6a76e-1788557742,"Consider these 2 countries: Portugal, Hungary.
Exactly one of them has a capital city beginning with the letter L. Which country is it? Answer with just the country name.",1378508162
facts_parallel,default,2,immediate,100,Denmark,Germany,0,-1,0,0,stop,3,0,qwen3.6-27b,Answer: Germany,cdc6a76e-1788557742,"Consider these 2 countries: Germany, Denmark.
Exactly one of them has a capital city beginning with the letter C. Which country is it? Answer with just the country name.",686751105
facts_parallel,default,2,immediate,101,Japan,Denmark,0,-1,0,0,stop,3,0,qwen3.6-27b,Answer: Denmark,cdc6a76e-1788557742,"Consider these 2 countries: Denmark, Japan.
Exactly one of them has a capital city beginning with the letter T. Which country is it? Answer with just the country name.",1609157911
facts_parallel,default,2,immediate,102,Norway,Norway,1,-1,0,0,stop,3,0,qwen3.6-27b,Answer: Norway,cdc6a76e-1788557742,"Consider these 2 countries: Ireland, Norway.
Exactly one of them has a capital city beginning with the letter O. Which country is it? Answer with just the country name.",3336608941
facts_parallel,default,2,immediate,103,Egypt,Poland,0,-1,0,0,stop,4,0,qwen3.6-27b,Answer: Poland,cdc6a76e-1788557742,"Consider these 2 countries: Egypt, Poland.
Exactly one of them has a capital city beginning with the letter C. Which country is it? Answer with just the country name.",2984750139
facts_parallel,default,2,immediate,104,Russia,Poland,0,-1,0,0,stop,4,0,qwen3.6-27b,Answer: Poland,cdc6a76e-1788557742,"Consider these 2 countries: Russia, Poland.
Exactly one of them has a capital city beginning with the letter M. Which country is it? Answer with just the country name.",797129112
facts_parallel,default,2,immediate,105,Denmark,Denmark,1,-1,0,0,stop,4,0,qwen3.6-27b,Answer: Denmark,cdc6a76e-1788557742,"Consider these 2 countries: Denmark, Israel.
Exactly one of them has a capital city beginning with the letter C. Which country is it? Answer with just the country name.",1485048078
facts_parallel,default,2,immediate,106,Israel,Israel,1,-1,0,0,stop,4,0,qwen3.6-27b,Answer: Israel,cdc6a76e-1788557742,"Consider these 2 countries: Israel, Portugal.
Exactly one of them has a capital city beginning with the letter J. Which country is it? Answer with just the country name.",3247265972
facts_parallel,default,2,immediate,107,Japan,Japan,1,-1,0,0,stop,4,0,qwen3.6-27b,Answer: Japan,cdc6a76e-1788557742,"Consider these 2 countries: Peru, Japan.
Exactly one of them has a capital city beginning with the letter T. Which country is it? Answer with just the country name.",3062523938
facts_parallel,default,2,immediate,108,Germany,Germany,1,-1,0,0,stop,4,0,qwen3.6-27b,Answer: Germany,cdc6a76e-1788557742,"Consider these 2 countries: Poland, Germany.
Exactly one of them has a capital city beginning with the letter B. Which country is it? Answer with just the country name.",641037747
facts_parallel,default,2,immediate,109,Peru,Peru,1,-1,0,0,stop,3,0,qwen3.6-27b,Answer: Peru,cdc6a76e-1788557742,"Consider these 2 countries: Peru, China.
Exactly one of them has a capital city beginning with the letter L. Which country is it? Answer with just the country name.",1362248997
facts_parallel,default,2,immediate,110,Kenya,Kenya,1,-1,0,0,stop,4,0,qwen3.6-27b,Answer: Kenya,cdc6a76e-1788557742,"Consider these 2 countries: Ireland, Kenya.
Exactly one of them has a capital city beginning with the letter N. Which country is it? Answer with just the country name.",838192320
facts_parallel,default,2,immediate,111,Japan,Austria,0,-1,0,0,stop,4,0,qwen3.6-27b,Answer: Austria,cdc6a76e-1788557742,"Consider these 2 countries: Japan, Austria.
Exactly one of them has a capital city beginning with the letter T. Which country is it? Answer with just the country name.",1190329430
facts_parallel,default,2,immediate,112,Czechia,Czechia,1,-1,0,0,stop,5,0,qwen3.6-27b,Answer: Czechia,cdc6a76e-1788557742,"Consider these 2 countries: Czechia, Greece.
Exactly one of them has a capital city beginning with the letter P. Which country is it? Answer with just the country name.",3757813228
facts_parallel,default,2,immediate,113,Austria,Austria,1,-1,0,0,stop,4,0,qwen3.6-27b,Answer: Austria,cdc6a76e-1788557742,"Consider these 2 countries: Japan, Austria.
Exactly one of them has a capital city beginning with the letter V. Which country is it? Answer with just the country name.",2835127674
facts_parallel,default,2,immediate,114,Peru,Peru,1,-1,0,0,stop,4,0,qwen3.6-27b,Answer: Peru,cdc6a76e-1788557742,"Consider these 2 countries: Finland, Peru.
Exactly one of them has a capital city beginning with the letter L. Which country is it? Answer with just the country name.",915933401
facts_parallel,default,2,immediate,115,Japan,Japan,1,-1,0,0,stop,4,0,qwen3.6-27b,Answer: Japan,cdc6a76e-1788557742,"Consider these 2 countries: Japan, Ireland.
Exactly one of them has a capital city beginning with the letter T. Which country is it? Answer with just the country name.",1100953679
facts_parallel,default,2,immediate,116,Morocco,Morocco,1,-1,0,0,stop,4,0,qwen3.6-27b,Answer: Morocco,cdc6a76e-1788557742,"Consider these 2 countries: Morocco, Portugal.
Exactly one of them has a capital city beginning with the letter R. Which country is it? Answer with just the country name.",3633736181
facts_parallel,default,2,immediate,117,Israel,Israel,1,-1,0,0,stop,4,0,qwen3.6-27b,Answer: Israel,cdc6a76e-1788557742,"Consider these 2 countries: Finland, Israel.
Exactly one of them has a capital city beginning with the letter J. Which country is it? Answer with just the country name.",2945538403
facts_parallel,default,2,immediate,118,Kenya,Kenya,1,-1,0,0,stop,4,0,qwen3.6-27b,Answer: Kenya,cdc6a76e-1788557742,"Consider these 2 countries: Kenya, Czechia.
Exactly one of them has a capital city beginning with the letter N. Which country is it? Answer with just the country name.",1059996914
facts_parallel,default,2,immediate,119,Denmark,Thailand,0,-1,0,0,stop,4,0,qwen3.6-27b,Answer: Thailand,cdc6a76e-1788557742,"Consider these 2 countries: Denmark, Thailand.
Exactly one of them has a capital city beginning with the letter C. Which country is it? Answer with just the country name.",1210676324
facts_parallel,default,2,cot,0,Japan,Japan,1,-1,0,0,stop,341,287,qwen3.6-27b,"Finland's capital is Helsinki; Japan's capital is Tokyo. Only Tokyo begins with T, so the answer is Japan.
Answer: Japan",cdc6a76e-1788557742,"Consider these 2 countries: Finland, Japan.
Exactly one of them has a capital city beginning with the letter T. Which country is it? Answer with just the country name.",873036808
facts_parallel,default,2,cot,1,Finland,Finland,1,-1,0,0,stop,294,263,qwen3.6-27b,"Finland's capital is Helsinki; Bulgaria's capital is Sofia. Only Helsinki begins with H, so the answer is Finland.
Answer: Finland",cdc6a76e-1788557742,"Consider these 2 countries: Finland, Bulgaria.
Exactly one of them has a capital city beginning with the letter H. Which country is it? Answer with just the country name.",1125010590
facts_parallel,default,2,cot,2,Thailand,Thailand,1,-1,0,0,stop,323,275,qwen3.6-27b,"Egypt's capital is Cairo; Thailand's capital is Bangkok. Only Bangkok begins with B, so the answer is Thailand.
Answer: Thailand",cdc6a76e-1788557742,"Consider these 2 countries: Egypt, Thailand.
Exactly one of them has a capital city beginning with the letter B. Which country is it? Answer with just the country name.",3657899300
facts_parallel,default,2,cot,3,Greece,Greece,1,-1,0,0,stop,288,257,qwen3.6-27b,"Greece's capital is Athens; Bulgaria's capital is Sofia. Only Athens begins with A, so the answer is Greece.
Answer: Greece",cdc6a76e-1788557742,"Consider these 2 countries: Greece, Bulgaria.
Exactly one of them has a capital city beginning with the letter A. Which country is it? Answer with just the country name.",2902470066
facts_parallel,default,2,cot,4,Ireland,Ireland,1,-1,0,0,stop,240,202,qwen3.6-27b,"Ireland's capital is Dublin; Japan's capital is Tokyo. Only Dublin begins with D, so the answer is Ireland.
Answer: Ireland",cdc6a76e-1788557742,"Consider these 2 countries: Ireland, Japan.
Exactly one of them has a capital city beginning with the letter D. Which country is it? Answer with just the country name.",862238737
facts_parallel,default,2,cot,5,Finland,Finland,1,-1,0,0,stop,430,392,qwen3.6-27b,"Peru's capital is Lima; Finland's capital is Helsinki. Only Helsinki begins with H, so the answer is Finland.
Answer: Finland",cdc6a76e-1788557742,"Consider these 2 countries: Peru, Finland.
Exactly one of them has a capital city beginning with the letter H. Which country is it? Answer with just the country name.",1147373703
facts_parallel,default,2,cot,6,Russia,Russia,1,-1,0,0,stop,343,313,qwen3.6-27b,"Russia's capital is Moscow; China's capital is Beijing. Only Moscow begins with M, so the answer is Russia.
Answer: Russia",cdc6a76e-1788557742,"Consider these 2 countries: Russia, China.
Exactly one of them has a capital city beginning with the letter M. Which country is it? Answer with just the country name.",3714767165
facts_parallel,default,2,cot,7,Bulgaria,Bulgaria,1,-1,0,0,stop,274,229,qwen3.6-27b,"Bulgaria's capital is Sofia; Norway's capital is Oslo. Only Sofia begins with S, so the answer is Bulgaria.
Answer: Bulgaria",cdc6a76e-1788557742,"Consider these 2 countries: Norway, Bulgaria.
Exactly one of them has a capital city beginning with the letter S. Which country is it? Answer with just the country name.",2859329963
facts_parallel,default,2,cot,8,Austria,Austria,1,-1,0,0,stop,307,267,qwen3.6-27b,"Czechia's capital is Prague; Austria's capital is Vienna. Only Vienna begins with V, so the answer is Austria.
Answer: Austria",cdc6a76e-1788557742,"Consider these 2 countries: Czechia, Austria.
Exactly one of them has a capital city beginning with the letter V. Which country is it? Answer with just the country name.",986903610
facts_parallel,default,2,cot,9,Sweden,Sweden,1,-1,0,0,stop,658,635,qwen3.6-27b,"

Hungary's capital is Budapest. Sweden's capital is Stockholm. Only Stockholm begins with the letter S, so the country that meets the condition is Sweden.

Answer: Sweden",cdc6a76e-1788557742,"Consider these 2 countries: Hungary, Sweden.
Exactly one of them has a capital city beginning with the letter S. Which country is it? Answer with just the country name.",1305855148
facts_parallel,default,2,cot,10,Egypt,Egypt,1,-1,0,0,stop,270,232,qwen3.6-27b,"Egypt's capital is Cairo; Austria's capital is Vienna. Only Cairo begins with C, so the answer is Egypt.
Answer: Egypt",cdc6a76e-1788557742,"Consider these 2 countries: Egypt, Austria.
Exactly one of them has a capital city beginning with the letter C. Which country is it? Answer with just the country name.",3811536686
facts_parallel,default,2,cot,11,Thailand,Thailand,1,-1,0,0,stop,550,519,qwen3.6-27b,"Cuba's capital is Havana; Thailand's capital is Bangkok. Only Bangkok begins with B, so the answer is Thailand.
Answer: Thailand",cdc6a76e-1788557742,"Consider these 2 countries: Cuba, Thailand.
Exactly one of them has a capital city beginning with the letter B. Which country is it? Answer with just the country name.",2485673912
facts_parallel,default,2,cot,12,Denmark,Denmark,1,-1,0,0,stop,295,264,qwen3.6-27b,"Denmark's capital is Copenhagen; Finland's capital is Helsinki. Only Copenhagen begins with C, so the answer is Denmark.
Answer: Denmark",cdc6a76e-1788557742,"Consider these 2 countries: Denmark, Finland.
Exactly one of them has a capital city beginning with the letter C. Which country is it? Answer with just the country name.",220270082
facts_parallel,default,2,cot,13,Bulgaria,Bulgaria,1,-1,0,0,stop,286,252,qwen3.6-27b,"Bulgaria's capital is Sofia; Kenya's capital is Nairobi. Only Sofia begins with S, so the answer is Bulgaria.
Answer: Bulgaria",cdc6a76e-1788557742,"Consider these 2 countries: Kenya, Bulgaria.
Exactly one of them has a capital city beginning with the letter S. Which country is it? Answer with just the country name.",2049326740
facts_parallel,default,2,cot,14,Bulgaria,Bulgaria,1,-1,0,0,stop,268,236,qwen3.6-27b,"Bulgaria's capital is Sofia; Germany's capital is Berlin. Only Sofia begins with S, so the answer is Bulgaria.
Answer: Bulgaria",cdc6a76e-1788557742,"Consider these 2 countries: Bulgaria, Germany.
Exactly one of them has a capital city beginning with the letter S. Which country is it? Answer with just the country name.",3829574455
facts_parallel,default,2,cot,15,Russia,Russia,1,-1,0,0,stop,307,276,qwen3.6-27b,"Kenya's capital is Nairobi; Russia's capital is Moscow. Only Moscow begins with M, so the answer is Russia.
Answer: Russia",cdc6a76e-1788557742,"Consider these 2 countries: Kenya, Russia.
Exactly one of them has a capital city beginning with the letter M. Which country is it? Answer with just the country name.",2470812577
facts_parallel,default,2,cot,16,Kenya,Kenya,1,-1,0,0,stop,266,235,qwen3.6-27b,"Denmark's capital is Copenhagen; Kenya's capital is Nairobi. Only Nairobi begins with N, so the answer is Kenya.
Answer: Kenya",cdc6a76e-1788557742,"Consider these 2 countries: Denmark, Kenya.
Exactly one of them has a capital city beginning with the letter N. Which country is it? Answer with just the country name.",172804635
facts_parallel,default,2,cot,17,Russia,Russia,1,-1,0,0,stop,306,264,qwen3.6-27b,"Russia's capital is Moscow; Portugal's capital is Lisbon. Only Moscow begins with M, so the answer is Russia.
Answer: Russia",cdc6a76e-1788557742,"Consider these 2 countries: Russia, Portugal.
Exactly one of them has a capital city beginning with the letter M. Which country is it? Answer with just the country name.",2102131341
facts_parallel,default,2,cot,18,Germany,Germany,1,-1,0,0,stop,285,248,qwen3.6-27b,"Germany's capital is Berlin; Norway's capital is Oslo. Only Berlin begins with B, so the answer is Germany.
Answer: Germany",cdc6a76e-1788557742,"Consider these 2 countries: Germany, Norway.
Exactly one of them has a capital city beginning with the letter B. Which country is it? Answer with just the country name.",3992250140
facts_parallel,default,2,cot,19,Israel,Israel,1,-1,0,0,stop,862,883,qwen3.6-27b,"Germany's capital is Berlin; Israel's capital is Jerusalem. Only Jerusalem begins with J, so the answer is Israel.
Answer: Israel",cdc6a76e-1788557742,"Consider these 2 countries: Germany, Israel.
Exactly one of them has a capital city beginning with the letter J. Which country is it? Answer with just the country name.",2599671690
facts_parallel,default,2,cot,20,Thailand,Thailand,1,-1,0,0,stop,351,313,qwen3.6-27b,"

Thailand's capital is Bangkok; Cuba's capital is Havana. Only Bangkok begins with B, so the answer is Thailand.
Answer: Thailand",cdc6a76e-1788557742,"Consider these 2 countries: Thailand, Cuba.
Exactly one of them has a capital city beginning with the letter B. Which country is it? Answer with just the country name.",3355589869
facts_parallel,default,2,cot,21,Morocco,Morocco,1,-1,0,0,stop,322,291,qwen3.6-27b,"

Morocco's capital is Rabat; Israel's capital is Jerusalem. Only Rabat begins with R, so the answer is Morocco.
Answer: Morocco",cdc6a76e-1788557742,"Consider these 2 countries: Morocco, Israel.
Exactly one of them has a capital city beginning with the letter R. Which country is it? Answer with just the country name.",3204779131
facts_parallel,default,2,cot,22,Japan,Japan,1,-1,0,0,stop,291,256,qwen3.6-27b,"Morocco's capital is Rabat; Japan's capital is Tokyo. Only Tokyo begins with T, so the answer is Japan.
Answer: Japan",cdc6a76e-1788557742,"Consider these 2 countries: Morocco, Japan.
Exactly one of them has a capital city beginning with the letter T. Which country is it? Answer with just the country name.",638344641
facts_parallel,default,2,cot,23,Austria,Austria,1,-1,0,0,stop,312,281,qwen3.6-27b,"Austria's capital is Vienna; Cuba's capital is Havana. Only Vienna begins with V, so the answer is Austria.
Answer: Austria",cdc6a76e-1788557742,"Consider these 2 countries: Austria, Cuba.
Exactly one of them has a capital city beginning with the letter V. Which country is it? Answer with just the country name.",1359703383
facts_parallel,default,2,cot,24,Russia,Russia,1,-1,0,0,stop,321,288,qwen3.6-27b,"Russia's capital is Moscow; Ireland's capital is Dublin. Only Moscow begins with M, so the answer is Russia.
Answer: Russia",cdc6a76e-1788557742,"Consider these 2 countries: Russia, Ireland.
Exactly one of them has a capital city beginning with the letter M. Which country is it? Answer with just the country name.",3480221940
facts_parallel,default,2,cot,25,Peru,Peru,1,-1,0,0,stop,908,876,qwen3.6-27b,"Morocco's capital is Rabat; Peru's capital is Lima. Only Lima begins with L, so the answer is Peru.
Answer: Peru",cdc6a76e-1788557742,"Consider these 2 countries: Morocco, Peru.
Exactly one of them has a capital city beginning with the letter L. Which country is it? Answer with just the country name.",3093874786
facts_parallel,default,2,cot,26,Germany,Germany,1,-1,0,0,stop,331,299,qwen3.6-27b,"Morocco's capital is Rabat; Germany's capital is Berlin. Only Berlin begins with B, so the answer is Germany.
Answer: Germany",cdc6a76e-1788557742,"Consider these 2 countries: Morocco, Germany.
Exactly one of them has a capital city beginning with the letter B. Which country is it? Answer with just the country name.",560044504
facts_parallel,default,2,cot,27,Sweden,Sweden,1,-1,0,0,stop,286,256,qwen3.6-27b,"Sweden's capital is Stockholm; Germany's capital is Berlin. Only Stockholm begins with S, so the answer is Sweden.
Answer: Sweden",cdc6a76e-1788557742,"Consider these 2 countries: Sweden, Germany.
Exactly one of them has a capital city beginning with the letter S. Which country is it? Answer with just the country name.",1449568590
facts_parallel,default,2,cot,28,Israel,Israel,1,-1,0,0,stop,270,253,qwen3.6-27b,"Israel's capital is Jerusalem; Sweden's capital is Stockholm. Only Jerusalem begins with J, so the answer is Israel.
Answer: Israel",cdc6a76e-1788557742,"Consider these 2 countries: Sweden, Israel.
Exactly one of them has a capital city beginning with the letter J. Which country is it? Answer with just the country name.",3336156383
facts_parallel,default,2,cot,29,Finland,Finland,1,-1,0,0,stop,725,723,qwen3.6-27b,"Greece's capital is Athens; Finland's capital is Helsinki. Only Helsinki begins with H, so the answer is Finland.
Answer: Finland",cdc6a76e-1788557742,"Consider these 2 countries: Greece, Finland.
Exactly one of them has a capital city beginning with the letter H. Which country is it? Answer with just the country name.",2984150089
facts_parallel,default,2,cot,30,Peru,Peru,1,-1,0,0,stop,291,258,qwen3.6-27b,"Peru's capital is Lima; Israel's capital is Jerusalem. Only Lima begins with L, so the answer is Peru.
Answer: Peru",cdc6a76e-1788557742,"Consider these 2 countries: Peru, Israel.
Exactly one of them has a capital city beginning with the letter L. Which country is it? Answer with just the country name.",3508080044
facts_parallel,default,2,cot,31,Japan,Japan,1,-1,0,0,stop,643,611,qwen3.6-27b,"Japan's capital is Tokyo; China's capital is Beijing. Only Tokyo begins with the letter T, so the answer is Japan.
Answer: Japan",cdc6a76e-1788557742,"Consider these 2 countries: Japan, China.
Exactly one of them has a capital city beginning with the letter T. Which country is it? Answer with just the country name.",2786999610
facts_parallel,default,2,cot,32,Austria,Austria,1,-1,0,0,stop,210,175,qwen3.6-27b,"Austria's capital is Vienna; Morocco's capital is Rabat. Only Vienna begins with V, so the answer is Austria.
Answer: Austria",cdc6a76e-1788557742,"Consider these 2 countries: Austria, Morocco.
Exactly one of them has a capital city beginning with the letter V. Which country is it? Answer with just the country name.",1058499712
facts_parallel,default,2,cot,33,Portugal,Portugal,1,-1,0,0,stop,167,136,qwen3.6-27b,"Norway's capital is Oslo; Portugal's capital is Lisbon. Only Lisbon begins with L, so the answer is Portugal.
Answer: Portugal",cdc6a76e-1788557742,"Consider these 2 countries: Norway, Portugal.
Exactly one of them has a capital city beginning with the letter L. Which country is it? Answer with just the country name.",1209031702
facts_parallel,default,2,cot,34,Peru,Peru,1,-1,0,0,stop,299,267,qwen3.6-27b,"Peru's capital is Lima; Morocco's capital is Rabat. Only Lima begins with L, so the answer is Peru.
Answer: Peru",cdc6a76e-1788557742,"Consider these 2 countries: Peru, Morocco.
Exactly one of them has a capital city beginning with the letter L. Which country is it? Answer with just the country name.",3597978037
facts_parallel,default,2,cot,35,Norway,Norway,1,-1,0,0,stop,330,296,qwen3.6-27b,"Norway's capital is Oslo; Indonesia's capital is Jakarta. Only Oslo begins with O, so the answer is Norway.
Answer: Norway",cdc6a76e-1788557742,"Consider these 2 countries: Norway, Indonesia.
Exactly one of them has a capital city beginning with the letter O. Which country is it? Answer with just the country name.",2708732195
facts_parallel,default,2,cot,36,Bulgaria,Bulgaria,1,-1,0,0,stop,435,402,qwen3.6-27b,"

Poland's capital is Warsaw; Bulgaria's capital is Sofia. Only Sofia begins with S, so the answer is Bulgaria.
Answer: Bulgaria",cdc6a76e-1788557742,"Consider these 2 countries: Poland, Bulgaria.
Exactly one of them has a capital city beginning with the letter S. Which country is it? Answer with just the country name.",947562649
facts_parallel,default,2,cot,37,Russia,Russia,1,-1,0,0,stop,323,284,qwen3.6-27b,"Russia's capital is Moscow; Bulgaria's capital is Sofia. Only Moscow begins with M, so the answer is Russia.
Answer: Russia",cdc6a76e-1788557742,"Consider these 2 countries: Russia, Bulgaria.
Exactly one of them has a capital city beginning with the letter M. Which country is it? Answer with just the country name.",1333630991
facts_parallel,default,2,cot,38,Japan,Japan,1,-1,0,0,stop,555,512,qwen3.6-27b,"Indonesia's capital is Jakarta; Japan's capital is Tokyo. Only Tokyo begins with T, so the answer is Japan.
Answer: Japan",cdc6a76e-1788557742,"Consider these 2 countries: Indonesia, Japan.
Exactly one of them has a capital city beginning with the letter T. Which country is it? Answer with just the country name.",3754067358
facts_parallel,default,2,cot,39,Poland,Poland,1,-1,0,0,stop,274,227,qwen3.6-27b,"

Ireland's capital is Dublin; Poland's capital is Warsaw. Only Warsaw begins with W, so the answer is Poland.

Answer: Poland",cdc6a76e-1788557742,"Consider these 2 countries: Ireland, Poland.
Exactly one of them has a capital city beginning with the letter W. Which country is it? Answer with just the country name.",2831529224
facts_parallel,default,2,cot,40,Greece,Greece,1,-1,0,0,stop,293,262,qwen3.6-27b,"Greece's capital is Athens; Japan's capital is Tokyo. Only Athens begins with A, so the answer is Greece.
Answer: Greece",cdc6a76e-1788557742,"Consider these 2 countries: Greece, Japan.
Exactly one of them has a capital city beginning with the letter A. Which country is it? Answer with just the country name.",2656607083
facts_parallel,default,2,cot,41,Ireland,Ireland,1,-1,0,0,stop,245,214,qwen3.6-27b,"Ireland's capital is Dublin; Peru's capital is Lima. Only Dublin begins with D, so the answer is Ireland.
Answer: Ireland",cdc6a76e-1788557742,"Consider these 2 countries: Ireland, Peru.
Exactly one of them has a capital city beginning with the letter D. Which country is it? Answer with just the country name.",3915361277
facts_parallel,default,2,cot,42,Norway,Norway,1,-1,0,0,stop,266,225,qwen3.6-27b,"

Norway's capital is Oslo; Poland's capital is Warsaw. Only Oslo begins with O, so the answer is Norway.
Answer: Norway",cdc6a76e-1788557742,"Consider these 2 countries: Norway, Poland.
Exactly one of them has a capital city beginning with the letter O. Which country is it? Answer with just the country name.",1884748359
facts_parallel,default,2,cot,43,Germany,Germany,1,-1,0,0,stop,343,302,qwen3.6-27b,"Morocco's capital is Rabat; Germany's capital is Berlin. Only Berlin begins with B, so the answer is Germany.
Answer: Germany",cdc6a76e-1788557742,"Consider these 2 countries: Morocco, Germany.
Exactly one of them has a capital city beginning with the letter B. Which country is it? Answer with just the country name.",122800849
facts_parallel,default,2,cot,44,Hungary,Hungary,1,-1,0,0,stop,346,322,qwen3.6-27b,"

Hungary's capital is Budapest; Poland's capital is Warsaw. Only Budapest begins with B, so the answer is Hungary.
Answer: Hungary",cdc6a76e-1788557742,"Consider these 2 countries: Hungary, Poland.
Exactly one of them has a capital city beginning with the letter B. Which country is it? Answer with just the country name.",2570411890
facts_parallel,default,2,cot,45,Russia,Russia,1,-1,0,0,stop,165,135,qwen3.6-27b,"Russia's capital is Moscow; Kenya's capital is Nairobi. Only Moscow begins with M, so the answer is Russia.
Answer: Russia",cdc6a76e-1788557742,"Consider these 2 countries: Russia, Kenya.
Exactly one of them has a capital city beginning with the letter M. Which country is it? Answer with just the country name.",3996282852
facts_parallel,default,2,cot,46,Sweden,Sweden,1,-1,0,0,stop,294,267,qwen3.6-27b,"

Sweden's capital is Stockholm; Hungary's capital is Budapest. Only Stockholm begins with S, so the answer is Sweden.
Answer: Sweden",cdc6a76e-1788557742,"Consider these 2 countries: Sweden, Hungary.
Exactly one of them has a capital city beginning with the letter S. Which country is it? Answer with just the country name.",2000371294
facts_parallel,default,2,cot,47,Kenya,Kenya,1,-1,0,0,stop,327,279,qwen3.6-27b,"Czechia's capital is Prague; Kenya's capital is Nairobi. Only Nairobi begins with N, so the answer is Kenya.
Answer: Kenya",cdc6a76e-1788557742,"Consider these 2 countries: Czechia, Kenya.
Exactly one of them has a capital city beginning with the letter N. Which country is it? Answer with just the country name.",3935944
facts_parallel,default,2,cot,48,Indonesia,Indonesia,1,-1,0,0,stop,319,291,qwen3.6-27b,"

Indonesia's capital is Jakarta; Czechia's capital is Prague. Only Jakarta begins with J, so the answer is Indonesia.
Answer: Indonesia",cdc6a76e-1788557742,"Consider these 2 countries: Indonesia, Czechia.
Exactly one of them has a capital city beginning with the letter J. Which country is it? Answer with just the country name.",2424509273
facts_parallel,default,2,cot,49,Czechia,Czechia,1,-1,0,0,stop,311,276,qwen3.6-27b,"Morocco's capital is Rabat; Czechia's capital is Prague. Only Prague begins with P, so the answer is Czechia.
Answer: Czechia",cdc6a76e-1788557742,"Consider these 2 countries: Morocco, Czechia.
Exactly one of them has a capital city beginning with the letter P. Which country is it? Answer with just the country name.",3884196815
facts_parallel,default,2,cot,50,Sweden,Sweden,1,-1,0,0,stop,669,636,qwen3.6-27b,"Sweden's capital is Stockholm; Hungary's capital is Budapest. Only Stockholm begins with S, so the answer is Sweden.
Answer: Sweden",cdc6a76e-1788557742,"Consider these 2 countries: Sweden, Hungary.
Exactly one of them has a capital city beginning with the letter S. Which country is it? Answer with just the country name.",2269358634
facts_parallel,default,2,cot,51,Poland,Poland,1,-1,0,0,stop,715,683,qwen3.6-27b,"Bulgaria's capital is Sofia; Poland's capital is Warsaw. Only Warsaw begins with W, so the answer is Poland.
Answer: Poland",cdc6a76e-1788557742,"Consider these 2 countries: Bulgaria, Poland.
Exactly one of them has a capital city beginning with the letter W. Which country is it? Answer with just the country name.",4031027900
facts_parallel,default,2,cot,52,Russia,Russia,1,-1,0,0,stop,263,230,qwen3.6-27b,"Russia's capital is Moscow; Cuba's capital is Havana. Only Moscow begins with M, so the answer is Russia.
Answer: Russia",cdc6a76e-1788557742,"Consider these 2 countries: Cuba, Russia.
Exactly one of them has a capital city beginning with the letter M. Which country is it? Answer with just the country name.",1766705926
facts_parallel,default,2,cot,53,Sweden,Sweden,1,-1,0,0,stop,1110,1080,qwen3.6-27b,"Japan's capital is Tokyo; Sweden's capital is Stockholm. Only Stockholm begins with S, so the answer is Sweden.
Answer: Sweden",cdc6a76e-1788557742,"Consider these 2 countries: Japan, Sweden.
Exactly one of them has a capital city beginning with the letter S. Which country is it? Answer with just the country name.",508230544
facts_parallel,default,2,cot,54,Morocco,Morocco,1,-1,0,0,stop,311,255,qwen3.6-27b,"Denmark's capital is Copenhagen; Morocco's capital is Rabat. Only Rabat begins with R, so the answer is Morocco.
Answer: Morocco",cdc6a76e-1788557742,"Consider these 2 countries: Denmark, Morocco.
Exactly one of them has a capital city beginning with the letter R. Which country is it? Answer with just the country name.",2150526515
facts_parallel,default,2,cot,55,Japan,Japan,1,-1,0,0,stop,280,245,qwen3.6-27b,"Japan's capital is Tokyo; Bulgaria's capital is Sofia. Only Tokyo begins with T, so the answer is Japan.
Answer: Japan",cdc6a76e-1788557742,"Consider these 2 countries: Japan, Bulgaria.
Exactly one of them has a capital city beginning with the letter T. Which country is it? Answer with just the country name.",4146683557
facts_parallel,default,2,cot,56,Cuba,Cuba,1,-1,0,0,stop,777,746,qwen3.6-27b,"Greece's capital is Athens; Cuba's capital is Havana. Only Havana begins with H, so the answer is Cuba.
Answer: Cuba",cdc6a76e-1788557742,"Consider these 2 countries: Greece, Cuba.
Exactly one of them has a capital city beginning with the letter H. Which country is it? Answer with just the country name.",1847594783
facts_parallel,default,2,cot,57,Egypt,Egypt,1,-1,0,0,stop,309,270,qwen3.6-27b,"Thailand's capital is Bangkok; Egypt's capital is Cairo. Only Cairo begins with C, so the answer is Egypt.
Answer: Egypt",cdc6a76e-1788557742,"Consider these 2 countries: Thailand, Egypt.
Exactly one of them has a capital city beginning with the letter C. Which country is it? Answer with just the country name.",422002569
facts_parallel,default,2,cot,58,Peru,Peru,1,-1,0,0,stop,328,297,qwen3.6-27b,"Peru's capital is Lima; Bulgaria's capital is Sofia. Only Lima begins with L, so the answer is Peru.
Answer: Peru",cdc6a76e-1788557742,"Consider these 2 countries: Peru, Bulgaria.
Exactly one of them has a capital city beginning with the letter L. Which country is it? Answer with just the country name.",2308448792
facts_parallel,default,2,cot,59,Peru,Peru,1,-1,0,0,stop,301,267,qwen3.6-27b,"Peru's capital is Lima; Egypt's capital is Cairo. Only Lima begins with L, so the answer is Peru.
Answer: Peru",cdc6a76e-1788557742,"Consider these 2 countries: Peru, Egypt.
Exactly one of them has a capital city beginning with the letter L. Which country is it? Answer with just the country name.",4271837838
facts_parallel,default,2,cot,60,Egypt,Egypt,1,-1,0,0,stop,272,239,qwen3.6-27b,"Egypt's capital is Cairo; Cuba's capital is Havana. Only Cairo begins with C, so the answer is Egypt.
Answer: Egypt",cdc6a76e-1788557742,"Consider these 2 countries: Egypt, Cuba.
Exactly one of them has a capital city beginning with the letter C. Which country is it? Answer with just the country name.",2892954089
facts_parallel,default,2,cot,61,Sweden,Sweden,1,-1,0,0,stop,343,331,qwen3.6-27b,"Sweden's capital is Stockholm; Israel's capital is Jerusalem. Only Stockholm begins with S, so the answer is Sweden.
Answer: Sweden",cdc6a76e-1788557742,"Consider these 2 countries: Sweden, Israel.
Exactly one of them has a capital city beginning with the letter S. Which country is it? Answer with just the country name.",3681143167
facts_parallel,default,2,cot,62,Peru,Peru,1,-1,0,0,stop,253,223,qwen3.6-27b,"Indonesia's capital is Jakarta; Peru's capital is Lima. Only Lima begins with L, so the answer is Peru.
Answer: Peru",cdc6a76e-1788557742,"Consider these 2 countries: Indonesia, Peru.
Exactly one of them has a capital city beginning with the letter L. Which country is it? Answer with just the country name.",1113626821
facts_parallel,default,2,cot,63,Peru,Peru,1,-1,0,0,stop,296,262,qwen3.6-27b,"Peru's capital is Lima; Greece's capital is Athens. Only Lima begins with L, so the answer is Peru.
Answer: Peru",cdc6a76e-1788557742,"Consider these 2 countries: Peru, Greece.
Exactly one of them has a capital city beginning with the letter L. Which country is it? Answer with just the country name.",895985747
facts_parallel,default,2,cot,64,Russia,Russia,1,-1,0,0,stop,255,224,qwen3.6-27b,"Russia's capital is Moscow; Czechia's capital is Prague. Only Moscow begins with M, so the answer is Russia.
Answer: Russia",cdc6a76e-1788557742,"Consider these 2 countries: Russia, Czechia.
Exactly one of them has a capital city beginning with the letter M. Which country is it? Answer with just the country name.",2869116400
facts_parallel,default,2,cot,65,Indonesia,,0,-1,0,0,length,12000,12253,qwen3.6-27b,,cdc6a76e-1788557742,"Consider these 2 countries: Norway, Indonesia.
Exactly one of them has a capital city beginning with the letter J. Which country is it? Answer with just the country name.",3691253094
facts_parallel,default,2,cot,66,Thailand,Thailand,1,-1,0,0,stop,577,546,qwen3.6-27b,"Ireland's capital is Dublin; Thailand's capital is Bangkok. Only Bangkok begins with B, so the answer is Thailand.
Answer: Thailand",cdc6a76e-1788557742,"Consider these 2 countries: Ireland, Thailand.
Exactly one of them has a capital city beginning with the letter B. Which country is it? Answer with just the country name.",1158503644
facts_parallel,default,2,cot,67,Austria,Austria,1,-1,0,0,stop,271,241,qwen3.6-27b,"Germany's capital is Berlin; Austria's capital is Vienna. Only Vienna begins with V, so the answer is Austria.
Answer: Austria",cdc6a76e-1788557742,"Consider these 2 countries: Germany, Austria.
Exactly one of them has a capital city beginning with the letter V. Which country is it? Answer with just the country name.",839543882
facts_parallel,default,2,cot,68,Israel,Israel,1,-1,0,0,stop,469,437,qwen3.6-27b,"Morocco's capital is Rabat; Israel's capital is Jerusalem. Only Jerusalem begins with J, so the answer is Israel.
Answer: Israel",cdc6a76e-1788557742,"Consider these 2 countries: Morocco, Israel.
Exactly one of them has a capital city beginning with the letter J. Which country is it? Answer with just the country name.",2729800155
facts_parallel,default,2,cot,69,Hungary,Hungary,1,-1,0,0,stop,978,947,qwen3.6-27b,"Hungary's capital is Budapest; Bulgaria's capital is Sofia. Only Budapest begins with B, so the answer is Hungary.
Answer: Hungary",cdc6a76e-1788557742,"Consider these 2 countries: Hungary, Bulgaria.
Exactly one of them has a capital city beginning with the letter B. Which country is it? Answer with just the country name.",3585229133
facts_parallel,default,2,cot,70,Czechia,Czechia,1,-1,0,0,stop,267,232,qwen3.6-27b,"Morocco's capital is Rabat; Czechia's capital is Prague. Only Prague begins with P, so the answer is Czechia.
Answer: Czechia",cdc6a76e-1788557742,"Consider these 2 countries: Morocco, Czechia.
Exactly one of them has a capital city beginning with the letter P. Which country is it? Answer with just the country name.",3044395176
facts_parallel,default,2,cot,71,Thailand,Thailand,1,-1,0,0,stop,224,193,qwen3.6-27b,"Thailand's capital is Bangkok; Norway's capital is Oslo. Only Bangkok begins with B, so the answer is Thailand.
Answer: Thailand",cdc6a76e-1788557742,"Consider these 2 countries: Thailand, Norway.
Exactly one of them has a capital city beginning with the letter B. Which country is it? Answer with just the country name.",3262314558
facts_parallel,default,2,cot,72,Morocco,Morocco,1,-1,0,0,stop,243,199,qwen3.6-27b,"Morocco's capital is Rabat; Bulgaria's capital is Sofia. Only Rabat begins with R, so the answer is Morocco.
Answer: Morocco",cdc6a76e-1788557742,"Consider these 2 countries: Morocco, Bulgaria.
Exactly one of them has a capital city beginning with the letter R. Which country is it? Answer with just the country name.",1534830980
facts_parallel,default,2,cot,73,Sweden,Sweden,1,-1,0,0,stop,263,233,qwen3.6-27b,"Sweden's capital is Stockholm; Russia's capital is Moscow. Only Stockholm begins with S, so the answer is Sweden.
Answer: Sweden",cdc6a76e-1788557742,"Consider these 2 countries: Russia, Sweden.
Exactly one of them has a capital city beginning with the letter S. Which country is it? Answer with just the country name.",746363154
facts_parallel,default,2,cot,74,Bulgaria,Bulgaria,1,-1,0,0,stop,303,267,qwen3.6-27b,"Bulgaria's capital is Sofia; Morocco's capital is Rabat. Only Sofia begins with S, so the answer is Bulgaria.
Answer: Bulgaria",cdc6a76e-1788557742,"Consider these 2 countries: Bulgaria, Morocco.
Exactly one of them has a capital city beginning with the letter S. Which country is it? Answer with just the country name.",2987920561
facts_parallel,default,2,cot,75,Czechia,Czechia,1,-1,0,0,stop,723,688,qwen3.6-27b,"Czechia's capital is Prague; Poland's capital is Warsaw. Only Prague begins with P, so the answer is Czechia.
Answer: Czechia",cdc6a76e-1788557742,"Consider these 2 countries: Czechia, Poland.
Exactly one of them has a capital city beginning with the letter P. Which country is it? Answer with just the country name.",3307158567
facts_parallel,default,2,cot,76,Indonesia,Indonesia,1,-1,0,0,stop,465,434,qwen3.6-27b,"Thailand's capital is Bangkok; Indonesia's capital is Jakarta. Only Jakarta begins with J, so the answer is Indonesia.
Answer: Indonesia",cdc6a76e-1788557742,"Consider these 2 countries: Thailand, Indonesia.
Exactly one of them has a capital city beginning with the letter J. Which country is it? Answer with just the country name.",1544973725
facts_parallel,default,2,cot,77,Poland,Poland,1,-1,0,0,stop,322,284,qwen3.6-27b,"Indonesia's capital is Jakarta; Poland's capital is Warsaw. Only Warsaw begins with W, so the answer is Poland.
Answer: Poland",cdc6a76e-1788557742,"Consider these 2 countries: Indonesia, Poland.
Exactly one of them has a capital city beginning with the letter W. Which country is it? Answer with just the country name.",722558219
facts_parallel,default,2,cot,78,Russia,Russia,1,-1,0,0,stop,307,279,qwen3.6-27b,"Portugal's capital is Lisbon; Russia's capital is Moscow. Only Moscow begins with M, so the answer is Russia.
Answer: Russia",cdc6a76e-1788557742,"Consider these 2 countries: Portugal, Russia.
Exactly one of them has a capital city beginning with the letter M. Which country is it? Answer with just the country name.",3148759194
facts_parallel,default,2,cot,79,Russia,Russia,1,-1,0,0,stop,280,249,qwen3.6-27b,"Russia's capital is Moscow; Germany's capital is Berlin. Only Moscow begins with M, so the answer is Russia.
Answer: Russia",cdc6a76e-1788557742,"Consider these 2 countries: Russia, Germany.
Exactly one of them has a capital city beginning with the letter M. Which country is it? Answer with just the country name.",3433656332
facts_parallel,default,2,cot,80,Bulgaria,Bulgaria,1,-1,0,0,stop,1054,1032,qwen3.6-27b,"Ireland's capital is Dublin; Bulgaria's capital is Sofia. Only Sofia begins with S, so the answer is Bulgaria.
Answer: Bulgaria",cdc6a76e-1788557742,"Consider these 2 countries: Ireland, Bulgaria.
Exactly one of them has a capital city beginning with the letter S. Which country is it? Answer with just the country name.",854447207
facts_parallel,default,2,cot,81,Indonesia,Indonesia,1,-1,0,0,stop,975,1016,qwen3.6-27b,"Germany's capital is Berlin; Indonesia's capital is Jakarta. Only Jakarta begins with J, so the answer is Indonesia.
Answer: Indonesia",cdc6a76e-1788557742,"Consider these 2 countries: Germany, Indonesia.
Exactly one of them has a capital city beginning with the letter J. Which country is it? Answer with just the country name.",1173021937
facts_parallel,default,2,cot,82,Germany,Germany,1,-1,0,0,stop,319,289,qwen3.6-27b,"Germany's capital is Berlin; Indonesia's capital is Jakarta. Only Berlin begins with B, so the answer is Germany.
Answer: Germany",cdc6a76e-1788557742,"Consider these 2 countries: Germany, Indonesia.
Exactly one of them has a capital city beginning with the letter B. Which country is it? Answer with just the country name.",3705910603
facts_parallel,default,2,cot,83,Germany,Germany,1,-1,0,0,stop,165,135,qwen3.6-27b,"Germany's capital is Berlin; Ireland's capital is Dublin. Only Berlin begins with B, so the answer is Germany.
Answer: Germany",cdc6a76e-1788557742,"Consider these 2 countries: Germany, Ireland.
Exactly one of them has a capital city beginning with the letter B. Which country is it? Answer with just the country name.",2883880413
facts_parallel,default,2,cot,84,Greece,Greece,1,-1,0,0,stop,279,246,qwen3.6-27b,"Greece's capital is Athens; Bulgaria's capital is Sofia. Only Athens begins with A, so the answer is Greece.
Answer: Greece",cdc6a76e-1788557742,"Consider these 2 countries: Bulgaria, Greece.
Exactly one of them has a capital city beginning with the letter A. Which country is it? Answer with just the country name.",897585278
facts_parallel,default,2,cot,85,Norway,Norway,1,-1,0,0,stop,844,813,qwen3.6-27b,"Finland's capital is Helsinki; Norway's capital is Oslo. Only Oslo begins with O, so the answer is Norway.
Answer: Norway",cdc6a76e-1788557742,"Consider these 2 countries: Finland, Norway.
Exactly one of them has a capital city beginning with the letter O. Which country is it? Answer with just the country name.",1116152040
facts_parallel,default,2,cot,86,Finland,Finland,1,-1,0,0,stop,324,292,qwen3.6-27b,"Czechia's capital is Prague; Finland's capital is Helsinki. Only Helsinki begins with H, so the answer is Finland.
Answer: Finland",cdc6a76e-1788557742,"Consider these 2 countries: Czechia, Finland.
Exactly one of them has a capital city beginning with the letter H. Which country is it? Answer with just the country name.",3683545426
facts_parallel,default,2,cot,87,Cuba,Cuba,1,-1,0,0,stop,279,247,qwen3.6-27b,"Bulgaria's capital is Sofia; Cuba's capital is Havana. Only Havana begins with H, so the answer is Cuba.
Answer: Cuba",cdc6a76e-1788557742,"Consider these 2 countries: Bulgaria, Cuba.
Exactly one of them has a capital city beginning with the letter H. Which country is it? Answer with just the country name.",2894676420
facts_parallel,default,2,cot,88,Norway,Norway,1,-1,0,0,stop,552,513,qwen3.6-27b,"Germany's capital is Berlin; Norway's capital is Oslo. Only Oslo begins with O, so the answer is Norway.
Answer: Norway",cdc6a76e-1788557742,"Consider these 2 countries: Germany, Norway.
Exactly one of them has a capital city beginning with the letter O. Which country is it? Answer with just the country name.",1010195541
facts_parallel,default,2,cot,89,Cuba,Cuba,1,-1,0,0,stop,379,319,qwen3.6-27b,"Cuba's capital is Havana; Thailand's capital is Bangkok. Only Havana begins with H, so the answer is Cuba.
Answer: Cuba",cdc6a76e-1788557742,"Consider these 2 countries: Cuba, Thailand.
Exactly one of them has a capital city beginning with the letter H. Which country is it? Answer with just the country name.",1261530307
facts_parallel,default,2,cot,90,Hungary,Hungary,1,-1,0,0,stop,293,253,qwen3.6-27b,"Hungary's capital is Budapest; Portugal's capital is Lisbon. Only Budapest begins with B, so the answer is Hungary.

Answer: Hungary",cdc6a76e-1788557742,"Consider these 2 countries: Hungary, Portugal.
Exactly one of them has a capital city beginning with the letter B. Which country is it? Answer with just the country name.",737600806
facts_parallel,default,2,cot,91,Finland,Finland,1,-1,0,0,stop,638,607,qwen3.6-27b,"Finland's capital is Helsinki; Poland's capital is Warsaw. Only Helsinki begins with H, so the answer is Finland.
Answer: Finland",cdc6a76e-1788557742,"Consider these 2 countries: Finland, Poland.
Exactly one of them has a capital city beginning with the letter H. Which country is it? Answer with just the country name.",1559352752
facts_parallel,default,2,cot,92,Finland,Finland,1,-1,0,0,stop,278,253,qwen3.6-27b,"Finland's capital is Helsinki; Germany's capital is Berlin. Only Helsinki begins with H, so the answer is Finland.
Answer: Finland",cdc6a76e-1788557742,"Consider these 2 countries: Finland, Germany.
Exactly one of them has a capital city beginning with the letter H. Which country is it? Answer with just the country name.",3321398282
facts_parallel,default,2,cot,93,Norway,Norway,1,-1,0,0,stop,267,236,qwen3.6-27b,"Norway's capital is Oslo; Austria's capital is Vienna. Only Oslo begins with O, so the answer is Norway.
Answer: Norway",cdc6a76e-1788557742,"Consider these 2 countries: Norway, Austria.
Exactly one of them has a capital city beginning with the letter O. Which country is it? Answer with just the country name.",3003102364
facts_parallel,default,2,cot,94,Cuba,Cuba,1,-1,0,0,stop,274,238,qwen3.6-27b,"Cuba's capital is Havana; Denmark's capital is Copenhagen. Only Havana begins with H, so the answer is Cuba.
Answer: Cuba",cdc6a76e-1788557742,"Consider these 2 countries: Denmark, Cuba.
Exactly one of them has a capital city beginning with the letter H. Which country is it? Answer with just the country name.",748364095
facts_parallel,default,2,cot,95,Austria,Austria,1,-1,0,0,stop,270,239,qwen3.6-27b,"Austria's capital is Vienna; Germany's capital is Berlin. Only Vienna begins with V, so the answer is Austria.
Answer: Austria",cdc6a76e-1788557742,"Consider these 2 countries: Austria, Germany.
Exactly one of them has a capital city beginning with the letter V. Which country is it? Answer with just the country name.",1536954793
facts_parallel,default,2,cot,96,Kenya,Kenya,1,-1,0,0,stop,231,195,qwen3.6-27b,"Bulgaria's capital is Sofia; Kenya's capital is Nairobi. Only Nairobi begins with N, so the answer is Kenya.
Answer: Kenya",cdc6a76e-1788557742,"Consider these 2 countries: Bulgaria, Kenya.
Exactly one of them has a capital city beginning with the letter N. Which country is it? Answer with just the country name.",3264561171
facts_parallel,default,2,cot,97,Bulgaria,Bulgaria,1,-1,0,0,stop,317,285,qwen3.6-27b,"Bulgaria's capital is Sofia; Hungary's capital is Budapest. Only Sofia begins with S, so the answer is Bulgaria.
Answer: Bulgaria",cdc6a76e-1788557742,"Consider these 2 countries: Bulgaria, Hungary.
Exactly one of them has a capital city beginning with the letter S. Which country is it? Answer with just the country name.",3046273157
facts_parallel,default,2,cot,98,Greece,Greece,1,-1,0,0,stop,348,294,qwen3.6-27b,"Greece's capital is Athens, which begins with the letter A. Hungary's capital is Budapest, which begins with the letter B. Therefore, the country that matches the condition is Greece.

Answer: Greece",cdc6a76e-1788557742,"Consider these 2 countries: Greece, Hungary.
Exactly one of them has a capital city beginning with the letter A. Which country is it? Answer with just the country name.",623734036
facts_parallel,default,2,cot,99,Portugal,Portugal,1,-1,0,0,stop,187,156,qwen3.6-27b,"Portugal's capital is Lisbon; Hungary's capital is Budapest. Only Lisbon begins with L, so the answer is Portugal.
Answer: Portugal",cdc6a76e-1788557742,"Consider these 2 countries: Portugal, Hungary.
Exactly one of them has a capital city beginning with the letter L. Which country is it? Answer with just the country name.",1378508162
facts_parallel,default,2,cot,100,Denmark,Denmark,1,-1,0,0,stop,724,723,qwen3.6-27b,"Germany's capital is Berlin; Denmark's capital is Copenhagen. Only Copenhagen begins with C, so the answer is Denmark.
Answer: Denmark",cdc6a76e-1788557742,"Consider these 2 countries: Germany, Denmark.
Exactly one of them has a capital city beginning with the letter C. Which country is it? Answer with just the country name.",686751105
facts_parallel,default,2,cot,101,Japan,Japan,1,-1,0,0,stop,479,465,qwen3.6-27b,"Denmark's capital is Copenhagen; Japan's capital is Tokyo. Only Tokyo begins with T, so the answer is Japan.
Answer: Japan",cdc6a76e-1788557742,"Consider these 2 countries: Denmark, Japan.
Exactly one of them has a capital city beginning with the letter T. Which country is it? Answer with just the country name.",1609157911
facts_parallel,default,2,cot,102,Norway,Norway,1,-1,0,0,stop,557,511,qwen3.6-27b,"Ireland's capital is Dublin; Norway's capital is Oslo. Only Oslo begins with O, so the answer is Norway.
Answer: Norway",cdc6a76e-1788557742,"Consider these 2 countries: Ireland, Norway.
Exactly one of them has a capital city beginning with the letter O. Which country is it? Answer with just the country name.",3336608941
facts_parallel,default,2,cot,103,Egypt,Egypt,1,-1,0,0,stop,290,257,qwen3.6-27b,"Egypt's capital is Cairo; Poland's capital is Warsaw. Only Cairo begins with C, so the answer is Egypt.
Answer: Egypt",cdc6a76e-1788557742,"Consider these 2 countries: Egypt, Poland.
Exactly one of them has a capital city beginning with the letter C. Which country is it? Answer with just the country name.",2984750139
facts_parallel,default,2,cot,104,Russia,Russia,1,-1,0,0,stop,575,545,qwen3.6-27b,"Russia's capital is Moscow; Poland's capital is Warsaw. Only Moscow begins with M, so the answer is Russia.
Answer: Russia",cdc6a76e-1788557742,"Consider these 2 countries: Russia, Poland.
Exactly one of them has a capital city beginning with the letter M. Which country is it? Answer with just the country name.",797129112
facts_parallel,default,2,cot,105,Denmark,Denmark,1,-1,0,0,stop,307,276,qwen3.6-27b,"Denmark's capital is Copenhagen; Israel's capital is Jerusalem. Only Copenhagen begins with C, so the answer is Denmark.
Answer: Denmark",cdc6a76e-1788557742,"Consider these 2 countries: Denmark, Israel.
Exactly one of them has a capital city beginning with the letter C. Which country is it? Answer with just the country name.",1485048078
facts_parallel,default,2,cot,106,Israel,Israel,1,-1,0,0,stop,853,876,qwen3.6-27b,"Israel's capital is Jerusalem; Portugal's capital is Lisbon. Only Jerusalem begins with J, so the answer is Israel.
Answer: Israel",cdc6a76e-1788557742,"Consider these 2 countries: Israel, Portugal.
Exactly one of them has a capital city beginning with the letter J. Which country is it? Answer with just the country name.",3247265972
facts_parallel,default,2,cot,107,Japan,Japan,1,-1,0,0,stop,273,243,qwen3.6-27b,"Japan's capital is Tokyo; Peru's capital is Lima. Only Tokyo begins with T, so the answer is Japan.
Answer: Japan",cdc6a76e-1788557742,"Consider these 2 countries: Peru, Japan.
Exactly one of them has a capital city beginning with the letter T. Which country is it? Answer with just the country name.",3062523938
facts_parallel,default,2,cot,108,Germany,Germany,1,-1,0,0,stop,272,227,qwen3.6-27b,"Poland's capital is Warsaw; Germany's capital is Berlin. Only Berlin begins with B, so the answer is Germany.
Answer: Germany",cdc6a76e-1788557742,"Consider these 2 countries: Poland, Germany.
Exactly one of them has a capital city beginning with the letter B. Which country is it? Answer with just the country name.",641037747
facts_parallel,default,2,cot,109,Peru,Peru,1,-1,0,0,stop,283,252,qwen3.6-27b,"Peru's capital is Lima; China's capital is Beijing. Only Lima begins with L, so the answer is Peru.
Answer: Peru",cdc6a76e-1788557742,"Consider these 2 countries: Peru, China.
Exactly one of them has a capital city beginning with the letter L. Which country is it? Answer with just the country name.",1362248997
facts_parallel,default,2,cot,110,Kenya,Kenya,1,-1,0,0,stop,983,1032,qwen3.6-27b,"Ireland's capital is Dublin; Kenya's capital is Nairobi. Only Nairobi begins with N, so the answer is Kenya.
Answer: Kenya",cdc6a76e-1788557742,"Consider these 2 countries: Ireland, Kenya.
Exactly one of them has a capital city beginning with the letter N. Which country is it? Answer with just the country name.",838192320
facts_parallel,default,2,cot,111,Japan,Japan,1,-1,0,0,stop,325,295,qwen3.6-27b,"Japan's capital is Tokyo; Austria's capital is Vienna. Only Tokyo begins with T, so the answer is Japan.
Answer: Japan",cdc6a76e-1788557742,"Consider these 2 countries: Japan, Austria.
Exactly one of them has a capital city beginning with the letter T. Which country is it? Answer with just the country name.",1190329430
facts_parallel,default,2,cot,112,Czechia,Czechia,1,-1,0,0,stop,740,704,qwen3.6-27b,"Czechia's capital is Prague; Greece's capital is Athens. Only Prague begins with P, so the answer is Czechia.
Answer: Czechia",cdc6a76e-1788557742,"Consider these 2 countries: Czechia, Greece.
Exactly one of them has a capital city beginning with the letter P. Which country is it? Answer with just the country name.",3757813228
facts_parallel,default,2,cot,113,Austria,Austria,1,-1,0,0,stop,331,301,qwen3.6-27b,"Japan's capital is Tokyo; Austria's capital is Vienna. Only Vienna begins with V, so the answer is Austria.
Answer: Austria",cdc6a76e-1788557742,"Consider these 2 countries: Japan, Austria.
Exactly one of them has a capital city beginning with the letter V. Which country is it? Answer with just the country name.",2835127674
facts_parallel,default,2,cot,114,Peru,Peru,1,-1,0,0,stop,270,241,qwen3.6-27b,"Peru's capital is Lima, which begins with the letter L. Finland's capital is Helsinki.

Answer: Peru",cdc6a76e-1788557742,"Consider these 2 countries: Finland, Peru.
Exactly one of them has a capital city beginning with the letter L. Which country is it? Answer with just the country name.",915933401
facts_parallel,default,2,cot,115,Japan,Japan,1,-1,0,0,stop,991,961,qwen3.6-27b,"Japan's capital is Tokyo; Ireland's capital is Dublin. Only Tokyo begins with T, so the answer is Japan.
Answer: Japan",cdc6a76e-1788557742,"Consider these 2 countries: Japan, Ireland.
Exactly one of them has a capital city beginning with the letter T. Which country is it? Answer with just the country name.",1100953679
facts_parallel,default,2,cot,116,Morocco,Morocco,1,-1,0,0,stop,302,269,qwen3.6-27b,"Morocco's capital is Rabat; Portugal's capital is Lisbon. Only Rabat begins with R, so the answer is Morocco.
Answer: Morocco",cdc6a76e-1788557742,"Consider these 2 countries: Morocco, Portugal.
Exactly one of them has a capital city beginning with the letter R. Which country is it? Answer with just the country name.",3633736181
facts_parallel,default,2,cot,117,Israel,Israel,1,-1,0,0,stop,800,831,qwen3.6-27b,"Finland's capital is Helsinki; Israel's capital is Jerusalem. Only Jerusalem begins with J, so the answer is Israel.
Answer: Israel",cdc6a76e-1788557742,"Consider these 2 countries: Finland, Israel.
Exactly one of them has a capital city beginning with the letter J. Which country is it? Answer with just the country name.",2945538403
facts_parallel,default,2,cot,118,Kenya,Kenya,1,-1,0,0,stop,277,242,qwen3.6-27b,"Kenya's capital is Nairobi; Czechia's capital is Prague. Only Nairobi begins with N, so the answer is Kenya.
Answer: Kenya",cdc6a76e-1788557742,"Consider these 2 countries: Kenya, Czechia.
Exactly one of them has a capital city beginning with the letter N. Which country is it? Answer with just the country name.",1059996914
facts_parallel,default,2,cot,119,Denmark,Denmark,1,-1,0,0,stop,441,419,qwen3.6-27b,"Denmark's capital is Copenhagen; Thailand's capital is Bangkok. Only Copenhagen begins with C, so the answer is Denmark.
Answer: Denmark",cdc6a76e-1788557742,"Consider these 2 countries: Denmark, Thailand.
Exactly one of them has a capital city beginning with the letter C. Which country is it? Answer with just the country name.",1210676324
facts_parallel,default,4,immediate,0,Thailand,Bulgaria,0,-1,0,0,stop,4,0,qwen3.6-27b,Answer: Bulgaria,cdc6a76e-1788557742,"Consider these 4 countries: Japan, Thailand, Bulgaria, Greece.
Exactly one of them has a capital city beginning with the letter B. Which country is it? Answer with just the country name.",813957306
facts_parallel,default,4,immediate,1,Poland,Poland,1,-1,0,0,stop,4,0,qwen3.6-27b,Answer: Poland,cdc6a76e-1788557742,"Consider these 4 countries: Morocco, Czechia, Poland, Greece.
Exactly one of them has a capital city beginning with the letter W. Which country is it? Answer with just the country name.",1199779884
facts_parallel,default,4,immediate,2,Bulgaria,Finland,0,-1,0,0,stop,4,0,qwen3.6-27b,Answer: Finland,cdc6a76e-1788557742,"Consider these 4 countries: Czechia, Bulgaria, Finland, Cuba.
Exactly one of them has a capital city beginning with the letter S. Which country is it? Answer with just the country name.",3733610902
facts_parallel,default,4,immediate,3,Finland,Austria,0,-1,0,0,stop,4,0,qwen3.6-27b,Answer: Austria,cdc6a76e-1788557742,"Consider these 4 countries: Finland, China, Greece, Austria.
Exactly one of them has a capital city beginning with the letter H. Which country is it? Answer with just the country name.",2844610816
facts_parallel,default,4,immediate,4,Egypt,Egypt,1,-1,0,0,stop,4,0,qwen3.6-27b,Answer: Egypt,cdc6a76e-1788557742,"Consider these 4 countries: Russia, Bulgaria, Egypt, Japan.
Exactly one of them has a capital city beginning with the letter C. Which country is it? Answer with just the country name.",938067107
facts_parallel,default,4,immediate,5,Thailand,Sweden,0,-1,0,0,stop,4,0,qwen3.6-27b,Answer: Sweden,cdc6a76e-1788557742,"Consider these 4 countries: Sweden, Thailand, Russia, Poland.
Exactly one of them has a capital city beginning with the letter B. Which country is it? Answer with just the country name.",1089401909
facts_parallel,default,4,immediate,6,Sweden,Sweden,1,-1,0,0,stop,4,0,qwen3.6-27b,Answer: Sweden,cdc6a76e-1788557742,"Consider these 4 countries: Indonesia, Portugal, Greece, Sweden.
Exactly one of them has a capital city beginning with the letter S. Which country is it? Answer with just the country name.",3655837071
facts_parallel,default,4,immediate,7,Egypt,Greece,0,-1,0,0,stop,4,0,qwen3.6-27b,Answer: Greece,cdc6a76e-1788557742,"Consider these 4 countries: Bulgaria, Hungary, Greece, Egypt.
Exactly one of them has a capital city beginning with the letter C. Which country is it? Answer with just the country name.",2933953817
facts_parallel,default,4,immediate,8,Hungary,Austria,0,-1,0,0,stop,4,0,qwen3.6-27b,Answer: Austria,cdc6a76e-1788557742,"Consider these 4 countries: Israel, Norway, Hungary, Austria.
Exactly one of them has a capital city beginning with the letter B. Which country is it? Answer with just the country name.",1046448264
facts_parallel,default,4,immediate,9,Russia,Morocco,0,-1,0,0,stop,4,0,qwen3.6-27b,Answer: Morocco,cdc6a76e-1788557742,"Consider these 4 countries: Morocco, Russia, Portugal, Israel.
Exactly one of them has a capital city beginning with the letter M. Which country is it? Answer with just the country name.",1230551070
facts_parallel,default,4,immediate,10,Austria,Austria,1,-1,0,0,stop,3,0,qwen3.6-27b,Answer: Austria,cdc6a76e-1788557742,"Consider these 4 countries: Japan, Israel, Austria, Bulgaria.
Exactly one of them has a capital city beginning with the letter V. Which country is it? Answer with just the country name.",3326357746
facts_parallel,default,4,immediate,11,Denmark,Denmark,1,-1,0,0,stop,4,0,qwen3.6-27b,Answer: Denmark,cdc6a76e-1788557742,"Consider these 4 countries: Denmark, Japan, Morocco, Germany.
Exactly one of them has a capital city beginning with the letter C. Which country is it? Answer with just the country name.",2973958244
facts_parallel,default,4,immediate,12,Greece,,0,-1,0,0,stop,2,0,qwen3.6-27b,Answer:,cdc6a76e-1788557742,"Consider these 4 countries: Finland, Peru, Greece, Bulgaria.
Exactly one of them has a capital city beginning with the letter A. Which country is it? Answer with just the country name.",675959262
facts_parallel,default,4,immediate,13,Portugal,Ireland,0,-1,0,0,stop,4,0,qwen3.6-27b,Answer: Ireland,cdc6a76e-1788557742,"Consider these 4 countries: Kenya, Greece, Ireland, Portugal.
Exactly one of them has a capital city beginning with the letter L. Which country is it? Answer with just the country name.",1598906696
facts_parallel,default,4,immediate,14,Peru,Hungary,0,-1,0,0,stop,4,0,qwen3.6-27b,Answer: Hungary,cdc6a76e-1788557742,"Consider these 4 countries: Thailand, Czechia, Hungary, Peru.
Exactly one of them has a capital city beginning with the letter L. Which country is it? Answer with just the country name.",3240752363
facts_parallel,default,4,immediate,15,Greece,Kenya,0,-1,0,0,stop,3,0,qwen3.6-27b,Answer: Kenya,cdc6a76e-1788557742,"Consider these 4 countries: Cuba, Greece, Russia, Kenya.
Exactly one of them has a capital city beginning with the letter A. Which country is it? Answer with just the country name.",3056518269
facts_parallel,default,4,immediate,16,Russia,Norway,0,-1,0,0,stop,4,0,qwen3.6-27b,Answer: Norway,cdc6a76e-1788557742,"Consider these 4 countries: Norway, Russia, Israel, Czechia.
Exactly one of them has a capital city beginning with the letter M. Which country is it? Answer with just the country name.",791123399
facts_parallel,default,4,immediate,17,Norway,Norway,1,-1,0,0,stop,4,0,qwen3.6-27b,Answer: Norway,cdc6a76e-1788557742,"Consider these 4 countries: Russia, Indonesia, Norway, Israel.
Exactly one of them has a capital city beginning with the letter O. Which country is it? Answer with just the country name.",1478534481
facts_parallel,default,4,immediate,18,Kenya,Kenya,1,-1,0,0,stop,4,0,qwen3.6-27b,Answer: Kenya,cdc6a76e-1788557742,"Consider these 4 countries: Finland, Kenya, China, Thailand.
Exactly one of them has a capital city beginning with the letter N. Which country is it? Answer with just the country name.",3365910720
facts_parallel,default,4,immediate,19,Russia,Russia,1,-1,0,0,stop,4,0,qwen3.6-27b,Answer: Russia,cdc6a76e-1788557742,"Consider these 4 countries: Sweden, Russia, Austria, Bulgaria.
Exactly one of them has a capital city beginning with the letter M. Which country is it? Answer with just the country name.",3214444630
facts_parallel,default,4,immediate,20,Russia,Morocco,0,-1,0,0,stop,4,0,qwen3.6-27b,Answer: Morocco,cdc6a76e-1788557742,"Consider these 4 countries: Bulgaria, Sweden, Morocco, Russia.
Exactly one of them has a capital city beginning with the letter M. Which country is it? Answer with just the country name.",3983106865
facts_parallel,default,4,immediate,21,Denmark,Denmark,1,-1,0,0,stop,4,0,qwen3.6-27b,Answer: Denmark,cdc6a76e-1788557742,"Consider these 4 countries: Denmark, Russia, Norway, Germany.
Exactly one of them has a capital city beginning with the letter C. Which country is it? Answer with just the country name.",2590921639
facts_parallel,default,4,immediate,22,Cuba,Hungary,0,-1,0,0,stop,4,0,qwen3.6-27b,Answer: Hungary,cdc6a76e-1788557742,"Consider these 4 countries: Sweden, Cuba, Greece, Hungary.
Exactly one of them has a capital city beginning with the letter H. Which country is it? Answer with just the country name.",57082397
facts_parallel,default,4,immediate,23,Thailand,Denmark,0,-1,0,0,stop,4,0,qwen3.6-27b,Answer: Denmark,cdc6a76e-1788557742,"Consider these 4 countries: Russia, Israel, Thailand, Denmark.
Exactly one of them has a capital city beginning with the letter B. Which country is it? Answer with just the country name.",1952461451
facts_parallel,default,4,immediate,24,Egypt,,0,-1,0,0,stop,3,0,qwen3.6-27b,Answer:,cdc6a76e-1788557742,"Consider these 4 countries: Greece, Ireland, Israel, Egypt.
Exactly one of them has a capital city beginning with the letter C. Which country is it? Answer with just the country name.",3926173480
facts_parallel,default,4,immediate,25,Germany,Germany,1,-1,0,0,stop,4,0,qwen3.6-27b,Answer: Germany,cdc6a76e-1788557742,"Consider these 4 countries: Ireland, Cuba, Germany, Norway.
Exactly one of them has a capital city beginning with the letter B. Which country is it? Answer with just the country name.",2634258366
facts_parallel,default,4,immediate,26,Peru,Peru,1,-1,0,0,stop,4,0,qwen3.6-27b,Answer: Peru,cdc6a76e-1788557742,"Consider these 4 countries: Russia, Peru, Egypt, China.
Exactly one of them has a capital city beginning with the letter L. Which country is it? Answer with just the country name.",67814916
facts_parallel,default,4,immediate,27,Russia,Russia,1,-1,0,0,stop,4,0,qwen3.6-27b,Answer: Russia,cdc6a76e-1788557742,"Consider these 4 countries: Norway, Japan, Russia, Bulgaria.
Exactly one of them has a capital city beginning with the letter M. Which country is it? Answer with just the country name.",1930294930
facts_parallel,default,4,immediate,28,Ireland,Germany,0,-1,0,0,stop,4,0,qwen3.6-27b,Answer: Germany,cdc6a76e-1788557742,"Consider these 4 countries: Peru, Germany, Indonesia, Ireland.
Exactly one of them has a capital city beginning with the letter D. Which country is it? Answer with just the country name.",3820153603
facts_parallel,default,4,immediate,29,Portugal,Portugal,1,-1,0,0,stop,4,0,qwen3.6-27b,Answer: Portugal,cdc6a76e-1788557742,"Consider these 4 countries: Czechia, Finland, Austria, Portugal.
Exactly one of them has a capital city beginning with the letter L. Which country is it? Answer with just the country name.",2494946197
facts_parallel,default,4,immediate,30,Germany,Germany,1,-1,0,0,stop,4,0,qwen3.6-27b,Answer: Germany,cdc6a76e-1788557742,"Consider these 4 countries: Indonesia, Sweden, Germany, Israel.
Exactly one of them has a capital city beginning with the letter B. Which country is it? Answer with just the country name.",4101132912
facts_parallel,default,4,immediate,31,Indonesia,Indonesia,1,-1,0,0,stop,4,0,qwen3.6-27b,Answer: Indonesia,cdc6a76e-1788557742,"Consider these 4 countries: Indonesia, Hungary, Finland, Russia.
Exactly one of them has a capital city beginning with the letter J. Which country is it? Answer with just the country name.",2205508326
facts_parallel,default,4,immediate,32,Ireland,Poland,0,-1,0,0,stop,4,0,qwen3.6-27b,Answer: Poland,cdc6a76e-1788557742,"Consider these 4 countries: Poland, Cuba, Finland, Ireland.
Exactly one of them has a capital city beginning with the letter D. Which country is it? Answer with just the country name.",444347228
facts_parallel,default,4,immediate,33,Czechia,Austria,0,-1,0,0,stop,4,0,qwen3.6-27b,Answer: Austria,cdc6a76e-1788557742,"Consider these 4 countries: Indonesia, Bulgaria, Czechia, Austria.
Exactly one of them has a capital city beginning with the letter P. Which country is it? Answer with just the country name.",1836778442
facts_parallel,default,4,immediate,34,Japan,Morocco,0,-1,0,0,stop,3,0,qwen3.6-27b,Answer: Morocco,cdc6a76e-1788557742,"Consider these 4 countries: Germany, Austria, Japan, Morocco.
Exactly one of them has a capital city beginning with the letter T. Which country is it? Answer with just the country name.",4078933609
facts_parallel,default,4,immediate,35,Morocco,Morocco,1,-1,0,0,stop,4,0,qwen3.6-27b,Answer: Morocco,cdc6a76e-1788557742,"Consider these 4 countries: Israel, Morocco, Hungary, Germany.
Exactly one of them has a capital city beginning with the letter R. Which country is it? Answer with just the country name.",2216208127
facts_parallel,default,4,immediate,36,Thailand,Sweden,0,-1,0,0,stop,4,0,qwen3.6-27b,Answer: Sweden,cdc6a76e-1788557742,"Consider these 4 countries: Thailand, Egypt, Sweden, Ireland.
Exactly one of them has a capital city beginning with the letter B. Which country is it? Answer with just the country name.",487716677
facts_parallel,default,4,immediate,37,Sweden,Sweden,1,-1,0,0,stop,3,0,qwen3.6-27b,Answer: Sweden,cdc6a76e-1788557742,"Consider these 4 countries: Portugal, China, Thailand, Sweden.
Exactly one of them has a capital city beginning with the letter S. Which country is it? Answer with just the country name.",1779877843
facts_parallel,default,4,immediate,38,Cuba,Hungary,0,-1,0,0,stop,4,0,qwen3.6-27b,Answer: Hungary,cdc6a76e-1788557742,"Consider these 4 countries: Egypt, Ireland, Hungary, Cuba.
Exactly one of them has a capital city beginning with the letter H. Which country is it? Answer with just the country name.",4205435458
facts_parallel,default,4,immediate,39,Norway,Norway,1,-1,0,0,stop,4,0,qwen3.6-27b,Answer: Norway,cdc6a76e-1788557742,"Consider these 4 countries: Denmark, Poland, Egypt, Norway.
Exactly one of them has a capital city beginning with the letter O. Which country is it? Answer with just the country name.",2377050836
facts_parallel,default,4,immediate,40,Poland,Poland,1,-1,0,0,stop,3,0,qwen3.6-27b,Answer: Poland,cdc6a76e-1788557742,"Consider these 4 countries: Czechia, Poland, Cuba, Germany.
Exactly one of them has a capital city beginning with the letter W. Which country is it? Answer with just the country name.",3140732087
facts_parallel,default,4,immediate,41,China,Bulgaria,0,-1,0,0,stop,4,0,qwen3.6-27b,Answer: Bulgaria,cdc6a76e-1788557742,"Consider these 4 countries: Egypt, China, Poland, Bulgaria.
Exactly one of them has a capital city beginning with the letter B. Which country is it? Answer with just the country name.",3426022433
facts_parallel,default,4,immediate,42,Greece,Portugal,0,-1,0,0,stop,4,0,qwen3.6-27b,Answer: Portugal,cdc6a76e-1788557742,"Consider these 4 countries: Greece, Portugal, Bulgaria, Israel.
Exactly one of them has a capital city beginning with the letter A. Which country is it? Answer with just the country name.",1430103451
facts_parallel,default,4,immediate,43,Kenya,Kenya,1,-1,0,0,stop,4,0,qwen3.6-27b,Answer: Kenya,cdc6a76e-1788557742,"Consider these 4 countries: Sweden, Thailand, Peru, Kenya.
Exactly one of them has a capital city beginning with the letter N. Which country is it? Answer with just the country name.",574264589
facts_parallel,default,4,immediate,44,Austria,Austria,1,-1,0,0,stop,4,0,qwen3.6-27b,Answer: Austria,cdc6a76e-1788557742,"Consider these 4 countries: Thailand, Austria, Indonesia, Bulgaria.
Exactly one of them has a capital city beginning with the letter V. Which country is it? Answer with just the country name.",3160277166
facts_parallel,default,4,immediate,45,Portugal,Portugal,1,-1,0,0,stop,4,0,qwen3.6-27b,Answer: Portugal,cdc6a76e-1788557742,"Consider these 4 countries: Japan, Portugal, Thailand, Kenya.
Exactly one of them has a capital city beginning with the letter L. Which country is it? Answer with just the country name.",3411619896
facts_parallel,default,4,immediate,46,Israel,Israel,1,-1,0,0,stop,4,0,qwen3.6-27b,Answer: Israel,cdc6a76e-1788557742,"Consider these 4 countries: Russia, Morocco, Israel, Greece.
Exactly one of them has a capital city beginning with the letter J. Which country is it? Answer with just the country name.",1380999554
facts_parallel,default,4,immediate,47,Poland,Germany,0,-1,0,0,stop,4,0,qwen3.6-27b,Answer: Germany,cdc6a76e-1788557742,"Consider these 4 countries: Egypt, Germany, Poland, Denmark.
Exactly one of them has a capital city beginning with the letter W. Which country is it? Answer with just the country name.",626479380
facts_parallel,default,4,immediate,48,Denmark,Denmark,1,-1,0,0,stop,4,0,qwen3.6-27b,Answer: Denmark,cdc6a76e-1788557742,"Consider these 4 countries: Austria, Denmark, Poland, China.
Exactly one of them has a capital city beginning with the letter C. Which country is it? Answer with just the country name.",3051900037
facts_parallel,default,4,immediate,49,Finland,Ireland,0,-1,0,0,stop,4,0,qwen3.6-27b,Answer: Ireland,cdc6a76e-1788557742,"Consider these 4 countries: Russia, Ireland, Finland, Germany.
Exactly one of them has a capital city beginning with the letter H. Which country is it? Answer with just the country name.",3270474771
facts_parallel,default,4,immediate,50,Egypt,Czechia,0,-1,0,0,stop,5,0,qwen3.6-27b,Answer: Czechia,cdc6a76e-1788557742,"Consider these 4 countries: Egypt, Austria, Czechia, Bulgaria.
Exactly one of them has a capital city beginning with the letter C. Which country is it? Answer with just the country name.",2720593398
facts_parallel,default,4,immediate,51,Kenya,Kenya,1,-1,0,0,stop,3,0,qwen3.6-27b,Answer: Kenya,cdc6a76e-1788557742,"Consider these 4 countries: Kenya, Cuba, Hungary, Austria.
Exactly one of them has a capital city beginning with the letter N. Which country is it? Answer with just the country name.",3576677728
facts_parallel,default,4,immediate,52,Bulgaria,Hungary,0,-1,0,0,stop,4,0,qwen3.6-27b,Answer: Hungary,cdc6a76e-1788557742,"Consider these 4 countries: Portugal, Cuba, Hungary, Bulgaria.
Exactly one of them has a capital city beginning with the letter S. Which country is it? Answer with just the country name.",1277596890
facts_parallel,default,4,immediate,53,Denmark,Morocco,0,-1,0,0,stop,4,0,qwen3.6-27b,Answer: Morocco,cdc6a76e-1788557742,"Consider these 4 countries: Denmark, Austria, Morocco, Indonesia.
Exactly one of them has a capital city beginning with the letter C. Which country is it? Answer with just the country name.",992060492
facts_parallel,default,4,immediate,54,Peru,Peru,1,-1,0,0,stop,4,0,qwen3.6-27b,Answer: Peru,cdc6a76e-1788557742,"Consider these 4 countries: Egypt, China, Peru, Hungary.
Exactly one of them has a capital city beginning with the letter L. Which country is it? Answer with just the country name.",2772775407
facts_parallel,default,4,immediate,55,Japan,Indonesia,0,-1,0,0,stop,3,0,qwen3.6-27b,Answer: Indonesia,cdc6a76e-1788557742,"Consider these 4 countries: Finland, Indonesia, Portugal, Japan.
Exactly one of them has a capital city beginning with the letter T. Which country is it? Answer with just the country name.",3527541113
facts_parallel,default,4,immediate,56,Peru,Peru,1,-1,0,0,stop,4,0,qwen3.6-27b,Answer: Peru,cdc6a76e-1788557742,"Consider these 4 countries: Finland, Sweden, Peru, Germany.
Exactly one of them has a capital city beginning with the letter L. Which country is it? Answer with just the country name.",1263227075
facts_parallel,default,4,immediate,57,Germany,Germany,1,-1,0,0,stop,4,0,qwen3.6-27b,Answer: Germany,cdc6a76e-1788557742,"Consider these 4 countries: Czechia, Greece, Israel, Germany.
Exactly one of them has a capital city beginning with the letter B. Which country is it? Answer with just the country name.",1011638357
facts_parallel,default,4,immediate,58,Sweden,Sweden,1,-1,0,0,stop,4,0,qwen3.6-27b,Answer: Sweden,cdc6a76e-1788557742,"Consider these 4 countries: Sweden, Cuba, Austria, Russia.
Exactly one of them has a capital city beginning with the letter S. Which country is it? Answer with just the country name.",2901638596
facts_parallel,default,4,immediate,59,Greece,Hungary,0,-1,0,0,stop,4,0,qwen3.6-27b,Answer: Hungary,cdc6a76e-1788557742,"Consider these 4 countries: Hungary, Sweden, Greece, Russia.
Exactly one of them has a capital city beginning with the letter A. Which country is it? Answer with just the country name.",3690220882
facts_parallel,default,4,immediate,60,Japan,Kenya,0,-1,0,0,stop,3,0,qwen3.6-27b,Answer: Kenya,cdc6a76e-1788557742,"Consider these 4 countries: China, Japan, Kenya, Indonesia.
Exactly one of them has a capital city beginning with the letter T. Which country is it? Answer with just the country name.",2298848821
facts_parallel,default,4,immediate,61,Portugal,Portugal,1,-1,0,0,stop,4,0,qwen3.6-27b,Answer: Portugal,cdc6a76e-1788557742,"Consider these 4 countries: Hungary, Portugal, Bulgaria, China.
Exactly one of them has a capital city beginning with the letter L. Which country is it? Answer with just the country name.",4261582499
facts_parallel,default,4,immediate,62,Greece,Kenya,0,-1,0,0,stop,4,0,qwen3.6-27b,Answer: Kenya,cdc6a76e-1788557742,"Consider these 4 countries: Kenya, Norway, Greece, Denmark.
Exactly one of them has a capital city beginning with the letter A. Which country is it? Answer with just the country name.",1728825113
facts_parallel,default,4,immediate,63,Ireland,Morocco,0,-1,0,0,stop,4,0,qwen3.6-27b,Answer: Morocco,cdc6a76e-1788557742,"Consider these 4 countries: Ireland, Morocco, Thailand, Norway.
Exactly one of them has a capital city beginning with the letter D. Which country is it? Answer with just the country name.",269285263
facts_parallel,default,4,immediate,64,Sweden,Sweden,1,-1,0,0,stop,4,0,qwen3.6-27b,Answer: Sweden,cdc6a76e-1788557742,"Consider these 4 countries: Sweden, Indonesia, Kenya, Japan.
Exactly one of them has a capital city beginning with the letter S. Which country is it? Answer with just the country name.",2389205548
facts_parallel,default,4,immediate,65,Israel,,0,-1,0,0,stop,3,0,qwen3.6-27b,Answer:,cdc6a76e-1788557742,"Consider these 4 countries: Hungary, Israel, Egypt, Sweden.
Exactly one of them has a capital city beginning with the letter J. Which country is it? Answer with just the country name.",4184822458
facts_parallel,default,4,immediate,66,Morocco,Morocco,1,-1,0,0,stop,4,0,qwen3.6-27b,Answer: Morocco,cdc6a76e-1788557742,"Consider these 4 countries: Morocco, China, Kenya, Israel.
Exactly one of them has a capital city beginning with the letter R. Which country is it? Answer with just the country name.",1617298176
facts_parallel,default,4,immediate,67,Austria,Austria,1,-1,0,0,stop,4,0,qwen3.6-27b,Answer: Austria,cdc6a76e-1788557742,"Consider these 4 countries: Finland, Austria, Germany, Indonesia.
Exactly one of them has a capital city beginning with the letter V. Which country is it? Answer with just the country name.",392246166
facts_parallel,default,4,immediate,68,Russia,Kenya,0,-1,0,0,stop,4,0,qwen3.6-27b,Answer: Kenya,cdc6a76e-1788557742,"Consider these 4 countries: Thailand, Bulgaria, Kenya, Russia.
Exactly one of them has a capital city beginning with the letter M. Which country is it? Answer with just the country name.",2279484935
facts_parallel,default,4,immediate,69,Germany,Bulgaria,0,-1,0,0,stop,4,0,qwen3.6-27b,Answer: Bulgaria,cdc6a76e-1788557742,"Consider these 4 countries: Germany, Bulgaria, Israel, Finland.
Exactly one of them has a capital city beginning with the letter B. Which country is it? Answer with just the country name.",4040760977
facts_parallel,default,4,immediate,70,Peru,Peru,1,-1,0,0,stop,4,0,qwen3.6-27b,Answer: Peru,cdc6a76e-1788557742,"Consider these 4 countries: Sweden, Russia, Peru, Ireland.
Exactly one of them has a capital city beginning with the letter L. Which country is it? Answer with just the country name.",2417923956
facts_parallel,default,4,immediate,71,Sweden,Sweden,1,-1,0,0,stop,4,0,qwen3.6-27b,Answer: Sweden,cdc6a76e-1788557742,"Consider these 4 countries: China, Japan, Sweden, Israel.
Exactly one of them has a capital city beginning with the letter S. Which country is it? Answer with just the country name.",3877218274
facts_parallel,default,4,immediate,72,Japan,Egypt,0,-1,0,0,stop,4,0,qwen3.6-27b,Answer: Egypt,cdc6a76e-1788557742,"Consider these 4 countries: Egypt, Japan, Kenya, Ireland.
Exactly one of them has a capital city beginning with the letter T. Which country is it? Answer with just the country name.",2115040856
facts_parallel,default,4,immediate,73,Israel,Israel,1,-1,0,0,stop,4,0,qwen3.6-27b,Answer: Israel,cdc6a76e-1788557742,"Consider these 4 countries: Kenya, Portugal, Israel, Germany.
Exactly one of them has a capital city beginning with the letter J. Which country is it? Answer with just the country name.",152553166
facts_parallel,default,4,immediate,74,Peru,,0,-1,0,0,stop,3,0,qwen3.6-27b,Answer:,cdc6a76e-1788557742,"Consider these 4 countries: Sweden, Austria, China, Peru.
Exactly one of them has a capital city beginning with the letter L. Which country is it? Answer with just the country name.",2540917613
facts_parallel,default,4,immediate,75,Bulgaria,Bulgaria,1,-1,0,0,stop,4,0,qwen3.6-27b,Answer: Bulgaria,cdc6a76e-1788557742,"Consider these 4 countries: Portugal, Bulgaria, Hungary, Cuba.
Exactly one of them has a capital city beginning with the letter S. Which country is it? Answer with just the country name.",3765724155
facts_parallel,default,4,immediate,76,Sweden,Sweden,1,-1,0,0,stop,4,0,qwen3.6-27b,Answer: Sweden,cdc6a76e-1788557742,"Consider these 4 countries: Russia, Portugal, Kenya, Sweden.
Exactly one of them has a capital city beginning with the letter S. Which country is it? Answer with just the country name.",2038248001
facts_parallel,default,4,immediate,77,Kenya,Kenya,1,-1,0,0,stop,4,0,qwen3.6-27b,Answer: Kenya,cdc6a76e-1788557742,"Consider these 4 countries: Hungary, Kenya, Sweden, Denmark.
Exactly one of them has a capital city beginning with the letter N. Which country is it? Answer with just the country name.",242877143
facts_parallel,default,4,immediate,78,Czechia,Ireland,0,-1,0,0,stop,4,0,qwen3.6-27b,Answer: Ireland,cdc6a76e-1788557742,"Consider these 4 countries: Egypt, Cuba, Czechia, Ireland.
Exactly one of them has a capital city beginning with the letter P. Which country is it? Answer with just the country name.",2663718726
facts_parallel,default,4,immediate,79,Austria,Hungary,0,-1,0,0,stop,4,0,qwen3.6-27b,Answer: Hungary,cdc6a76e-1788557742,"Consider these 4 countries: Austria, Hungary, Kenya, Cuba.
Exactly one of them has a capital city beginning with the letter V. Which country is it? Answer with just the country name.",3921817552
facts_parallel,default,4,immediate,80,Norway,Norway,1,-1,0,0,stop,4,0,qwen3.6-27b,Answer: Norway,cdc6a76e-1788557742,"Consider these 4 countries: Kenya, Thailand, Egypt, Norway.
Exactly one of them has a capital city beginning with the letter O. Which country is it? Answer with just the country name.",394693563
facts_parallel,default,4,immediate,81,Greece,Bulgaria,0,-1,0,0,stop,4,0,qwen3.6-27b,Answer: Bulgaria,cdc6a76e-1788557742,"Consider these 4 countries: Denmark, Cuba, Greece, Bulgaria.
Exactly one of them has a capital city beginning with the letter A. Which country is it? Answer with just the country name.",1619114797
facts_parallel,default,4,immediate,82,Bulgaria,Portugal,0,-1,0,0,stop,4,0,qwen3.6-27b,Answer: Portugal,cdc6a76e-1788557742,"Consider these 4 countries: Bulgaria, Indonesia, Portugal, Czechia.
Exactly one of them has a capital city beginning with the letter S. Which country is it? Answer with just the country name.",4186499735
facts_parallel,default,4,immediate,83,Austria,Austria,1,-1,0,0,stop,4,0,qwen3.6-27b,Answer: Austria,cdc6a76e-1788557742,"Consider these 4 countries: Indonesia, Ireland, Finland, Austria.
Exactly one of them has a capital city beginning with the letter V. Which country is it? Answer with just the country name.",2391792129
facts_parallel,default,4,immediate,84,Indonesia,Japan,0,-1,0,0,stop,4,0,qwen3.6-27b,Answer: Japan,cdc6a76e-1788557742,"Consider these 4 countries: Ireland, Japan, Indonesia, Sweden.
Exactly one of them has a capital city beginning with the letter J. Which country is it? Answer with just the country name.",283856802
facts_parallel,default,4,immediate,85,Austria,Austria,1,-1,0,0,stop,3,0,qwen3.6-27b,Answer: Austria,cdc6a76e-1788557742,"Consider these 4 countries: Austria, China, Indonesia, Norway.
Exactly one of them has a capital city beginning with the letter V. Which country is it? Answer with just the country name.",1743552308
facts_parallel,default,4,immediate,86,Finland,Bulgaria,0,-1,0,0,stop,4,0,qwen3.6-27b,Answer: Bulgaria,cdc6a76e-1788557742,"Consider these 4 countries: Norway, Bulgaria, Finland, Morocco.
Exactly one of them has a capital city beginning with the letter H. Which country is it? Answer with just the country name.",4276432526
facts_parallel,default,4,immediate,87,Denmark,Denmark,1,-1,0,0,stop,4,0,qwen3.6-27b,Answer: Denmark,cdc6a76e-1788557742,"Consider these 4 countries: Germany, Denmark, Poland, Indonesia.
Exactly one of them has a capital city beginning with the letter C. Which country is it? Answer with just the country name.",2313297432
facts_parallel,default,4,immediate,88,Germany,Finland,0,-1,0,0,stop,4,0,qwen3.6-27b,Answer: Finland,cdc6a76e-1788557742,"Consider these 4 countries: Finland, Russia, Israel, Germany.
Exactly one of them has a capital city beginning with the letter B. Which country is it? Answer with just the country name.",425526153
facts_parallel,default,4,immediate,89,Norway,Norway,1,-1,0,0,stop,4,0,qwen3.6-27b,Answer: Norway,cdc6a76e-1788557742,"Consider these 4 countries: Norway, Germany, Indonesia, Thailand.
Exactly one of them has a capital city beginning with the letter O. Which country is it? Answer with just the country name.",1851405087
facts_parallel,default,4,immediate,90,Morocco,Morocco,1,-1,0,0,stop,3,0,qwen3.6-27b,Answer: Morocco,cdc6a76e-1788557742,"Consider these 4 countries: Poland, Morocco, Cuba, Greece.
Exactly one of them has a capital city beginning with the letter R. Which country is it? Answer with just the country name.",245218042
facts_parallel,default,4,immediate,91,Bulgaria,Germany,0,-1,0,0,stop,4,0,qwen3.6-27b,Answer: Germany,cdc6a76e-1788557742,"Consider these 4 countries: Poland, Peru, Germany, Bulgaria.
Exactly one of them has a capital city beginning with the letter S. Which country is it? Answer with just the country name.",2040171116
facts_parallel,default,4,immediate,92,Russia,Kenya,0,-1,0,0,stop,4,0,qwen3.6-27b,Answer: Kenya,cdc6a76e-1788557742,"Consider these 4 countries: Greece, Peru, Russia, Kenya.
Exactly one of them has a capital city beginning with the letter M. Which country is it? Answer with just the country name.",3767786454
facts_parallel,default,4,immediate,93,Germany,Sweden,0,-1,0,0,stop,4,0,qwen3.6-27b,Answer: Sweden,cdc6a76e-1788557742,"Consider these 4 countries: Sweden, Russia, Germany, Japan.
Exactly one of them has a capital city beginning with the letter B. Which country is it? Answer with just the country name.",2543119168
facts_parallel,default,4,immediate,94,Ireland,Germany,0,-1,0,0,stop,4,0,qwen3.6-27b,Answer: Germany,cdc6a76e-1788557742,"Consider these 4 countries: Germany, Ireland, Thailand, Egypt.
Exactly one of them has a capital city beginning with the letter D. Which country is it? Answer with just the country name.",166756067
facts_parallel,default,4,immediate,95,Denmark,Bulgaria,0,-1,0,0,stop,3,0,qwen3.6-27b,Answer: Bulgaria,cdc6a76e-1788557742,"Consider these 4 countries: Germany, Denmark, Bulgaria, Poland.
Exactly one of them has a capital city beginning with the letter C. Which country is it? Answer with just the country name.",2130136693
facts_parallel,default,4,immediate,96,Norway,,0,-1,0,0,stop,3,0,qwen3.6-27b,Answer:,cdc6a76e-1788557742,"Consider these 4 countries: Russia, Israel, China, Norway.
Exactly one of them has a capital city beginning with the letter O. Which country is it? Answer with just the country name.",3892191183
facts_parallel,default,4,immediate,97,Morocco,Morocco,1,-1,0,0,stop,3,0,qwen3.6-27b,Answer: Morocco,cdc6a76e-1788557742,"Consider these 4 countries: Germany, Israel, Morocco, Poland.
Exactly one of them has a capital city beginning with the letter R. Which country is it? Answer with just the country name.",2432249689
facts_parallel,default,4,immediate,98,Poland,Poland,1,-1,0,0,stop,4,0,qwen3.6-27b,Answer: Poland,cdc6a76e-1788557742,"Consider these 4 countries: Japan, Poland, Portugal, Greece.
Exactly one of them has a capital city beginning with the letter W. Which country is it? Answer with just the country name.",4600520
facts_parallel,default,4,immediate,99,Poland,Poland,1,-1,0,0,stop,4,0,qwen3.6-27b,Answer: Poland,cdc6a76e-1788557742,"Consider these 4 countries: Peru, Thailand, Portugal, Poland.
Exactly one of them has a capital city beginning with the letter W. Which country is it? Answer with just the country name.",2000749150
facts_parallel,default,4,immediate,100,Japan,Czechia,0,-1,0,0,stop,5,0,qwen3.6-27b,Answer: Czechia,cdc6a76e-1788557742,"Consider these 4 countries: Poland, Czechia, Japan, Cuba.
Exactly one of them has a capital city beginning with the letter T. Which country is it? Answer with just the country name.",2813200417
facts_parallel,default,4,immediate,101,Poland,Ireland,0,-1,0,0,stop,4,0,qwen3.6-27b,Answer: Ireland,cdc6a76e-1788557742,"Consider these 4 countries: Ireland, Poland, Morocco, Indonesia.
Exactly one of them has a capital city beginning with the letter W. Which country is it? Answer with just the country name.",3500751031
facts_parallel,default,4,immediate,102,Kenya,Norway,0,-1,0,0,stop,4,0,qwen3.6-27b,Answer: Norway,cdc6a76e-1788557742,"Consider these 4 countries: Indonesia, Kenya, Russia, Norway.
Exactly one of them has a capital city beginning with the letter N. Which country is it? Answer with just the country name.",1235249421
facts_parallel,default,4,immediate,103,Czechia,Austria,0,-1,0,0,stop,4,0,qwen3.6-27b,Answer: Austria,cdc6a76e-1788557742,"Consider these 4 countries: Czechia, Austria, Thailand, China.
Exactly one of them has a capital city beginning with the letter P. Which country is it? Answer with just the country name.",1051154843
facts_parallel,default,4,immediate,104,Israel,Kenya,0,-1,0,0,stop,4,0,qwen3.6-27b,Answer: Kenya,cdc6a76e-1788557742,"Consider these 4 countries: Kenya, Egypt, China, Israel.
Exactly one of them has a capital city beginning with the letter J. Which country is it? Answer with just the country name.",2697186360
facts_parallel,default,4,immediate,105,Russia,Egypt,0,-1,0,0,stop,4,0,qwen3.6-27b,Answer: Egypt,cdc6a76e-1788557742,"Consider these 4 countries: Denmark, Russia, Egypt, Japan.
Exactly one of them has a capital city beginning with the letter M. Which country is it? Answer with just the country name.",3620011182
facts_parallel,default,4,immediate,106,Russia,Russia,1,-1,0,0,stop,3,0,qwen3.6-27b,Answer: Russia,cdc6a76e-1788557742,"Consider these 4 countries: China, Thailand, Czechia, Russia.
Exactly one of them has a capital city beginning with the letter M. Which country is it? Answer with just the country name.",1322102036
facts_parallel,default,4,immediate,107,Bulgaria,Indonesia,0,-1,0,0,stop,4,0,qwen3.6-27b,Answer: Indonesia,cdc6a76e-1788557742,"Consider these 4 countries: China, Indonesia, Hungary, Bulgaria.
Exactly one of them has a capital city beginning with the letter S. Which country is it? Answer with just the country name.",969579906
facts_parallel,default,4,immediate,108,Finland,,0,-1,0,0,stop,3,0,qwen3.6-27b,Answer:,cdc6a76e-1788557742,"Consider these 4 countries: Sweden, Finland, Morocco, Israel.
Exactly one of them has a capital city beginning with the letter H. Which country is it? Answer with just the country name.",2843050003
facts_parallel,default,4,immediate,109,Denmark,Morocco,0,-1,0,0,stop,4,0,qwen3.6-27b,Answer: Morocco,cdc6a76e-1788557742,"Consider these 4 countries: Denmark, Israel, Morocco, Austria.
Exactly one of them has a capital city beginning with the letter C. Which country is it? Answer with just the country name.",3732058245
facts_parallel,default,4,immediate,110,Japan,Finland,0,-1,0,0,stop,3,0,qwen3.6-27b,Answer: Finland,cdc6a76e-1788557742,"Consider these 4 countries: Israel, Finland, Japan, China.
Exactly one of them has a capital city beginning with the letter T. Which country is it? Answer with just the country name.",3199547744
facts_parallel,default,4,immediate,111,Indonesia,Indonesia,1,-1,0,0,stop,3,0,qwen3.6-27b,Answer: Indonesia,cdc6a76e-1788557742,"Consider these 4 countries: Portugal, Poland, Hungary, Indonesia.
Exactly one of them has a capital city beginning with the letter J. Which country is it? Answer with just the country name.",3383888374
facts_parallel,default,4,immediate,112,Finland,Hungary,0,-1,0,0,stop,4,0,qwen3.6-27b,Answer: Hungary,cdc6a76e-1788557742,"Consider these 4 countries: Greece, Finland, Hungary, Thailand.
Exactly one of them has a capital city beginning with the letter H. Which country is it? Answer with just the country name.",1354455116
facts_parallel,default,4,immediate,113,Austria,Austria,1,-1,0,0,stop,4,0,qwen3.6-27b,Answer: Austria,cdc6a76e-1788557742,"Consider these 4 countries: Ireland, Norway, Austria, Czechia.
Exactly one of them has a capital city beginning with the letter V. Which country is it? Answer with just the country name.",666659034
facts_parallel,default,4,immediate,114,Portugal,Portugal,1,-1,0,0,stop,4,0,qwen3.6-27b,Answer: Portugal,cdc6a76e-1788557742,"Consider these 4 countries: Portugal, Ireland, Norway, Kenya.
Exactly one of them has a capital city beginning with the letter L. Which country is it? Answer with just the country name.",3118005625
facts_parallel,default,4,immediate,115,Russia,Hungary,0,-1,0,0,stop,4,0,qwen3.6-27b,Answer: Hungary,cdc6a76e-1788557742,"Consider these 4 countries: Russia, Peru, Norway, Hungary.
Exactly one of them has a capital city beginning with the letter M. Which country is it? Answer with just the country name.",3470773743
facts_parallel,default,4,immediate,116,Cuba,Indonesia,0,-1,0,0,stop,4,0,qwen3.6-27b,Answer: Indonesia,cdc6a76e-1788557742,"Consider these 4 countries: Cuba, Thailand, Indonesia, Czechia.
Exactly one of them has a capital city beginning with the letter H. Which country is it? Answer with just the country name.",1473682517
facts_parallel,default,4,immediate,117,Hungary,Austria,0,-1,0,0,stop,4,0,qwen3.6-27b,Answer: Austria,cdc6a76e-1788557742,"Consider these 4 countries: Hungary, Austria, Ireland, Indonesia.
Exactly one of them has a capital city beginning with the letter B. Which country is it? Answer with just the country name.",550612163
facts_parallel,default,4,immediate,118,Poland,Poland,1,-1,0,0,stop,4,0,qwen3.6-27b,Answer: Poland,cdc6a76e-1788557742,"Consider these 4 countries: Denmark, Norway, Sweden, Poland.
Exactly one of them has a capital city beginning with the letter W. Which country is it? Answer with just the country name.",2960044370
facts_parallel,default,4,immediate,119,Israel,Israel,1,-1,0,0,stop,4,0,qwen3.6-27b,Answer: Israel,cdc6a76e-1788557742,"Consider these 4 countries: Bulgaria, Germany, Ireland, Israel.
Exactly one of them has a capital city beginning with the letter J. Which country is it? Answer with just the country name.",3345580484
facts_parallel,default,4,cot,0,Thailand,Thailand,1,-1,0,0,stop,563,563,qwen3.6-27b,"Japan's capital is Tokyo; Thailand's capital is Bangkok; Bulgaria's capital is Sofia; Greece's capital is Athens. Only Bangkok begins with B, so the answer is Thailand.
Answer: Thailand",cdc6a76e-1788557742,"Consider these 4 countries: Japan, Thailand, Bulgaria, Greece.
Exactly one of them has a capital city beginning with the letter B. Which country is it? Answer with just the country name.",813957306
facts_parallel,default,4,cot,1,Poland,Poland,1,-1,0,0,stop,633,585,qwen3.6-27b,"Morocco's capital is Rabat; Czechia's capital is Prague; Poland's capital is Warsaw; Greece's capital is Athens. Only Warsaw begins with W, so the answer is Poland.
Answer: Poland",cdc6a76e-1788557742,"Consider these 4 countries: Morocco, Czechia, Poland, Greece.
Exactly one of them has a capital city beginning with the letter W. Which country is it? Answer with just the country name.",1199779884
facts_parallel,default,4,cot,2,Bulgaria,Bulgaria,1,-1,0,0,stop,860,816,qwen3.6-27b,"Czechia's capital is Prague; Bulgaria's capital is Sofia; Finland's capital is Helsinki; Cuba's capital is Havana. Only Sofia begins with S, so the answer is Bulgaria.
Answer: Bulgaria",cdc6a76e-1788557742,"Consider these 4 countries: Czechia, Bulgaria, Finland, Cuba.
Exactly one of them has a capital city beginning with the letter S. Which country is it? Answer with just the country name.",3733610902
facts_parallel,default,4,cot,3,Finland,Finland,1,-1,0,0,stop,652,643,qwen3.6-27b,"Finland's capital is Helsinki; China's capital is Beijing; Greece's capital is Athens; Austria's capital is Vienna. Only Helsinki begins with H, so the answer is Finland.
Answer: Finland",cdc6a76e-1788557742,"Consider these 4 countries: Finland, China, Greece, Austria.
Exactly one of them has a capital city beginning with the letter H. Which country is it? Answer with just the country name.",2844610816
facts_parallel,default,4,cot,4,Egypt,Egypt,1,-1,0,0,stop,308,261,qwen3.6-27b,"Russia's capital is Moscow; Bulgaria's capital is Sofia; Egypt's capital is Cairo; Japan's capital is Tokyo. Only Cairo begins with the letter C, so the answer is Egypt.

Answer: Egypt",cdc6a76e-1788557742,"Consider these 4 countries: Russia, Bulgaria, Egypt, Japan.
Exactly one of them has a capital city beginning with the letter C. Which country is it? Answer with just the country name.",938067107
facts_parallel,default,4,cot,5,Thailand,Thailand,1,-1,0,0,stop,682,640,qwen3.6-27b,"Sweden's capital is Stockholm; Thailand's capital is Bangkok; Russia's capital is Moscow; Poland's capital is Warsaw. Only Bangkok begins with B, so the answer is Thailand.
Answer: Thailand",cdc6a76e-1788557742,"Consider these 4 countries: Sweden, Thailand, Russia, Poland.
Exactly one of them has a capital city beginning with the letter B. Which country is it? Answer with just the country name.",1089401909
facts_parallel,default,4,cot,6,Sweden,Sweden,1,-1,0,0,stop,717,714,qwen3.6-27b,"Indonesia's capital is Jakarta; Portugal's capital is Lisbon; Greece's capital is Athens; Sweden's capital is Stockholm. Only Stockholm begins with S, so the answer is Sweden.
Answer: Sweden",cdc6a76e-1788557742,"Consider these 4 countries: Indonesia, Portugal, Greece, Sweden.
Exactly one of them has a capital city beginning with the letter S. Which country is it? Answer with just the country name.",3655837071
facts_parallel,default,4,cot,7,Egypt,Egypt,1,-1,0,0,stop,488,444,qwen3.6-27b,"Bulgaria's capital is Sofia; Hungary's capital is Budapest; Greece's capital is Athens; Egypt's capital is Cairo. Only Cairo begins with C, so the answer is Egypt.
Answer: Egypt",cdc6a76e-1788557742,"Consider these 4 countries: Bulgaria, Hungary, Greece, Egypt.
Exactly one of them has a capital city beginning with the letter C. Which country is it? Answer with just the country name.",2933953817
facts_parallel,default,4,cot,8,Hungary,Hungary,1,-1,0,0,stop,761,714,qwen3.6-27b,"Israel's capital is Jerusalem; Norway's capital is Oslo; Hungary's capital is Budapest; Austria's capital is Vienna. Only Budapest begins with the letter B, so the answer is Hungary.
Answer: Hungary",cdc6a76e-1788557742,"Consider these 4 countries: Israel, Norway, Hungary, Austria.
Exactly one of them has a capital city beginning with the letter B. Which country is it? Answer with just the country name.",1046448264
facts_parallel,default,4,cot,9,Russia,Russia,1,-1,0,0,stop,711,667,qwen3.6-27b,"Morocco's capital is Rabat; Russia's capital is Moscow; Portugal's capital is Lisbon; Israel's capital is Jerusalem. Only Moscow begins with M, so the answer is Russia.
Answer: Russia",cdc6a76e-1788557742,"Consider these 4 countries: Morocco, Russia, Portugal, Israel.
Exactly one of them has a capital city beginning with the letter M. Which country is it? Answer with just the country name.",1230551070
facts_parallel,default,4,cot,10,Austria,Austria,1,-1,0,0,stop,393,351,qwen3.6-27b,"Japan's capital is Tokyo; Israel's capital is Jerusalem; Austria's capital is Vienna; Bulgaria's capital is Sofia. Only Vienna begins with V, so the answer is Austria.
Answer: Austria",cdc6a76e-1788557742,"Consider these 4 countries: Japan, Israel, Austria, Bulgaria.
Exactly one of them has a capital city beginning with the letter V. Which country is it? Answer with just the country name.",3326357746
facts_parallel,default,4,cot,11,Denmark,Denmark,1,-1,0,0,stop,699,686,qwen3.6-27b,"Denmark's capital is Copenhagen; Japan's capital is Tokyo; Morocco's capital is Rabat; Germany's capital is Berlin. Only Copenhagen begins with C, so the answer is Denmark.
Answer: Denmark",cdc6a76e-1788557742,"Consider these 4 countries: Denmark, Japan, Morocco, Germany.
Exactly one of them has a capital city beginning with the letter C. Which country is it? Answer with just the country name.",2973958244
facts_parallel,default,4,cot,12,Greece,Greece,1,-1,0,0,stop,701,674,qwen3.6-27b,"Finland's capital is Helsinki; Peru's capital is Lima; Greece's capital is Athens; Bulgaria's capital is Sofia. Only Athens begins with A, so the answer is Greece.
Answer: Greece",cdc6a76e-1788557742,"Consider these 4 countries: Finland, Peru, Greece, Bulgaria.
Exactly one of them has a capital city beginning with the letter A. Which country is it? Answer with just the country name.",675959262
facts_parallel,default,4,cot,13,Portugal,Portugal,1,-1,0,0,stop,220,173,qwen3.6-27b,"

Kenya's capital is Nairobi; Greece's capital is Athens; Ireland's capital is Dublin; Portugal's capital is Lisbon. Only Lisbon begins with L, so the answer is Portugal.
Answer: Portugal",cdc6a76e-1788557742,"Consider these 4 countries: Kenya, Greece, Ireland, Portugal.
Exactly one of them has a capital city beginning with the letter L. Which country is it? Answer with just the country name.",1598906696
facts_parallel,default,4,cot,14,Peru,Peru,1,-1,0,0,stop,802,756,qwen3.6-27b,"Thailand's capital is Bangkok; Czechia's capital is Prague; Hungary's capital is Budapest; Peru's capital is Lima. Only Lima begins with the letter L, so the answer is Peru.
Answer: Peru",cdc6a76e-1788557742,"Consider these 4 countries: Thailand, Czechia, Hungary, Peru.
Exactly one of them has a capital city beginning with the letter L. Which country is it? Answer with just the country name.",3240752363
facts_parallel,default,4,cot,15,Greece,Greece,1,-1,0,0,stop,655,625,qwen3.6-27b,"Cuba's capital is Havana; Greece's capital is Athens; Russia's capital is Moscow; Kenya's capital is Nairobi. Only Athens begins with A, so the answer is Greece.
Answer: Greece",cdc6a76e-1788557742,"Consider these 4 countries: Cuba, Greece, Russia, Kenya.
Exactly one of them has a capital city beginning with the letter A. Which country is it? Answer with just the country name.",3056518269
facts_parallel,default,4,cot,16,Russia,Russia,1,-1,0,0,stop,719,705,qwen3.6-27b,"Norway's capital is Oslo; Russia's capital is Moscow; Israel's capital is Jerusalem; Czechia's capital is Prague. Only Moscow begins with M, so the answer is Russia.
Answer: Russia",cdc6a76e-1788557742,"Consider these 4 countries: Norway, Russia, Israel, Czechia.
Exactly one of them has a capital city beginning with the letter M. Which country is it? Answer with just the country name.",791123399
facts_parallel,default,4,cot,17,Norway,Norway,1,-1,0,0,stop,424,411,qwen3.6-27b,"Russia's capital is Moscow; Indonesia's capital is Jakarta; Norway's capital is Oslo; Israel's capital is Jerusalem. Only Oslo begins with the letter O, so the country is Norway.

Answer: Norway",cdc6a76e-1788557742,"Consider these 4 countries: Russia, Indonesia, Norway, Israel.
Exactly one of them has a capital city beginning with the letter O. Which country is it? Answer with just the country name.",1478534481
facts_parallel,default,4,cot,18,Kenya,Kenya,1,-1,0,0,stop,381,338,qwen3.6-27b,"Finland's capital is Helsinki; Kenya's capital is Nairobi; China's capital is Beijing; Thailand's capital is Bangkok. Only Nairobi begins with N, so the answer is Kenya.
Answer: Kenya",cdc6a76e-1788557742,"Consider these 4 countries: Finland, Kenya, China, Thailand.
Exactly one of them has a capital city beginning with the letter N. Which country is it? Answer with just the country name.",3365910720
facts_parallel,default,4,cot,19,Russia,Russia,1,-1,0,0,stop,769,727,qwen3.6-27b,"Sweden's capital is Stockholm; Russia's capital is Moscow; Austria's capital is Vienna; Bulgaria's capital is Sofia. Only Moscow begins with M, so the answer is Russia.
Answer: Russia",cdc6a76e-1788557742,"Consider these 4 countries: Sweden, Russia, Austria, Bulgaria.
Exactly one of them has a capital city beginning with the letter M. Which country is it? Answer with just the country name.",3214444630
facts_parallel,default,4,cot,20,Russia,Russia,1,-1,0,0,stop,743,723,qwen3.6-27b,"Bulgaria's capital is Sofia; Sweden's capital is Stockholm; Morocco's capital is Rabat; Russia's capital is Moscow. Only Moscow begins with M, so the answer is Russia.
Answer: Russia",cdc6a76e-1788557742,"Consider these 4 countries: Bulgaria, Sweden, Morocco, Russia.
Exactly one of them has a capital city beginning with the letter M. Which country is it? Answer with just the country name.",3983106865
facts_parallel,default,4,cot,21,Denmark,Denmark,1,-1,0,0,stop,191,143,qwen3.6-27b,"Denmark's capital is Copenhagen; Russia's capital is Moscow; Norway's capital is Oslo; Germany's capital is Berlin. Only Copenhagen begins with C, so the answer is Denmark.
Answer: Denmark",cdc6a76e-1788557742,"Consider these 4 countries: Denmark, Russia, Norway, Germany.
Exactly one of them has a capital city beginning with the letter C. Which country is it? Answer with just the country name.",2590921639
facts_parallel,default,4,cot,22,Cuba,Cuba,1,-1,0,0,stop,582,558,qwen3.6-27b,"

Sweden's capital is Stockholm; Cuba's capital is Havana; Greece's capital is Athens; Hungary's capital is Budapest. Only Havana begins with the letter H, so the answer is Cuba.
Answer: Cuba",cdc6a76e-1788557742,"Consider these 4 countries: Sweden, Cuba, Greece, Hungary.
Exactly one of them has a capital city beginning with the letter H. Which country is it? Answer with just the country name.",57082397
facts_parallel,default,4,cot,23,Thailand,Thailand,1,-1,0,0,stop,806,819,qwen3.6-27b,"Russia's capital is Moscow; Israel's capital is Jerusalem; Thailand's capital is Bangkok; Denmark's capital is Copenhagen. Only Bangkok begins with the letter B, so the answer is Thailand.
Answer: Thailand",cdc6a76e-1788557742,"Consider these 4 countries: Russia, Israel, Thailand, Denmark.
Exactly one of them has a capital city beginning with the letter B. Which country is it? Answer with just the country name.",1952461451
facts_parallel,default,4,cot,24,Egypt,Egypt,1,-1,0,0,stop,706,661,qwen3.6-27b,"Greece's capital is Athens; Ireland's capital is Dublin; Israel's capital is Jerusalem; Egypt's capital is Cairo. Only Cairo begins with the letter C, so the answer is Egypt.
Answer: Egypt",cdc6a76e-1788557742,"Consider these 4 countries: Greece, Ireland, Israel, Egypt.
Exactly one of them has a capital city beginning with the letter C. Which country is it? Answer with just the country name.",3926173480
facts_parallel,default,4,cot,25,Germany,Germany,1,-1,0,0,stop,764,721,qwen3.6-27b,"Ireland's capital is Dublin; Cuba's capital is Havana; Germany's capital is Berlin; Norway's capital is Oslo. Only Berlin begins with B, so the answer is Germany.
Answer: Germany",cdc6a76e-1788557742,"Consider these 4 countries: Ireland, Cuba, Germany, Norway.
Exactly one of them has a capital city beginning with the letter B. Which country is it? Answer with just the country name.",2634258366
facts_parallel,default,4,cot,26,Peru,Peru,1,-1,0,0,stop,379,327,qwen3.6-27b,"Russia's capital is Moscow; Peru's capital is Lima; Egypt's capital is Cairo; China's capital is Beijing. Only Lima begins with L, so the answer is Peru.
Answer: Peru",cdc6a76e-1788557742,"Consider these 4 countries: Russia, Peru, Egypt, China.
Exactly one of them has a capital city beginning with the letter L. Which country is it? Answer with just the country name.",67814916
facts_parallel,default,4,cot,27,Russia,Russia,1,-1,0,0,stop,644,598,qwen3.6-27b,"Norway's capital is Oslo; Japan's capital is Tokyo; Russia's capital is Moscow; Bulgaria's capital is Sofia. Only Moscow begins with M, so the answer is Russia.
Answer: Russia",cdc6a76e-1788557742,"Consider these 4 countries: Norway, Japan, Russia, Bulgaria.
Exactly one of them has a capital city beginning with the letter M. Which country is it? Answer with just the country name.",1930294930
facts_parallel,default,4,cot,28,Ireland,Ireland,1,-1,0,0,stop,790,788,qwen3.6-27b,"Peru's capital is Lima; Germany's capital is Berlin; Indonesia's capital is Jakarta; Ireland's capital is Dublin. Only Dublin begins with D, so the answer is Ireland.
Answer: Ireland",cdc6a76e-1788557742,"Consider these 4 countries: Peru, Germany, Indonesia, Ireland.
Exactly one of them has a capital city beginning with the letter D. Which country is it? Answer with just the country name.",3820153603
facts_parallel,default,4,cot,29,Portugal,Portugal,1,-1,0,0,stop,811,767,qwen3.6-27b,"Czechia's capital is Prague; Finland's capital is Helsinki; Austria's capital is Vienna; Portugal's capital is Lisbon. Only Lisbon begins with L, so the answer is Portugal.
Answer: Portugal",cdc6a76e-1788557742,"Consider these 4 countries: Czechia, Finland, Austria, Portugal.
Exactly one of them has a capital city beginning with the letter L. Which country is it? Answer with just the country name.",2494946197
facts_parallel,default,4,cot,30,Germany,Germany,1,-1,0,0,stop,213,179,qwen3.6-27b,"Indonesia's capital is Jakarta; Sweden's capital is Stockholm; Germany's capital is Berlin; Israel's capital is Jerusalem. Only Berlin begins with B, so the answer is Germany.
Answer: Germany",cdc6a76e-1788557742,"Consider these 4 countries: Indonesia, Sweden, Germany, Israel.
Exactly one of them has a capital city beginning with the letter B. Which country is it? Answer with just the country name.",4101132912
facts_parallel,default,4,cot,31,Indonesia,Indonesia,1,-1,0,0,stop,410,392,qwen3.6-27b,"Indonesia's capital is Jakarta; Hungary's capital is Budapest; Finland's capital is Helsinki; Russia's capital is Moscow. Only Jakarta begins with the letter J, so the answer is Indonesia.

Answer: Indonesia",cdc6a76e-1788557742,"Consider these 4 countries: Indonesia, Hungary, Finland, Russia.
Exactly one of them has a capital city beginning with the letter J. Which country is it? Answer with just the country name.",2205508326
facts_parallel,default,4,cot,32,Ireland,Ireland,1,-1,0,0,stop,705,677,qwen3.6-27b,"Poland's capital is Warsaw; Cuba's capital is Havana; Finland's capital is Helsinki; Ireland's capital is Dublin. Only Dublin begins with the letter D, so the answer is Ireland.
Answer: Ireland",cdc6a76e-1788557742,"Consider these 4 countries: Poland, Cuba, Finland, Ireland.
Exactly one of them has a capital city beginning with the letter D. Which country is it? Answer with just the country name.",444347228
facts_parallel,default,4,cot,33,Czechia,Czechia,1,-1,0,0,stop,684,636,qwen3.6-27b,"Indonesia's capital is Jakarta; Bulgaria's capital is Sofia; Czechia's capital is Prague; Austria's capital is Vienna. Only Prague begins with the letter P, so the correct country is Czechia.

Answer: Czechia",cdc6a76e-1788557742,"Consider these 4 countries: Indonesia, Bulgaria, Czechia, Austria.
Exactly one of them has a capital city beginning with the letter P. Which country is it? Answer with just the country name.",1836778442
facts_parallel,default,4,cot,34,Japan,Japan,1,-1,0,0,stop,397,351,qwen3.6-27b,"Germany's capital is Berlin; Austria's capital is Vienna; Japan's capital is Tokyo; Morocco's capital is Rabat. Only Tokyo begins with T, so the answer is Japan.
Answer: Japan",cdc6a76e-1788557742,"Consider these 4 countries: Germany, Austria, Japan, Morocco.
Exactly one of them has a capital city beginning with the letter T. Which country is it? Answer with just the country name.",4078933609
facts_parallel,default,4,cot,35,Morocco,Morocco,1,-1,0,0,stop,389,353,qwen3.6-27b,"Israel's capital is Jerusalem; Morocco's capital is Rabat; Hungary's capital is Budapest; Germany's capital is Berlin. Only Rabat begins with the letter R, so the answer is Morocco.
Answer: Morocco",cdc6a76e-1788557742,"Consider these 4 countries: Israel, Morocco, Hungary, Germany.
Exactly one of them has a capital city beginning with the letter R. Which country is it? Answer with just the country name.",2216208127
facts_parallel,default,4,cot,36,Thailand,Thailand,1,-1,0,0,stop,882,839,qwen3.6-27b,"Thailand's capital is Bangkok; Egypt's capital is Cairo; Sweden's capital is Stockholm; Ireland's capital is Dublin. Only Bangkok begins with B, so the answer is Thailand.
Answer: Thailand",cdc6a76e-1788557742,"Consider these 4 countries: Thailand, Egypt, Sweden, Ireland.
Exactly one of them has a capital city beginning with the letter B. Which country is it? Answer with just the country name.",487716677
facts_parallel,default,4,cot,37,Sweden,Sweden,1,-1,0,0,stop,658,651,qwen3.6-27b,"Portugal's capital is Lisbon; China's capital is Beijing; Thailand's capital is Bangkok; Sweden's capital is Stockholm. Only Stockholm begins with S, so the answer is Sweden.
Answer: Sweden",cdc6a76e-1788557742,"Consider these 4 countries: Portugal, China, Thailand, Sweden.
Exactly one of them has a capital city beginning with the letter S. Which country is it? Answer with just the country name.",1779877843
facts_parallel,default,4,cot,38,Cuba,Cuba,1,-1,0,0,stop,718,676,qwen3.6-27b,"Egypt's capital is Cairo; Ireland's capital is Dublin; Hungary's capital is Budapest; Cuba's capital is Havana. Only Havana begins with H, so the answer is Cuba.
Answer: Cuba",cdc6a76e-1788557742,"Consider these 4 countries: Egypt, Ireland, Hungary, Cuba.
Exactly one of them has a capital city beginning with the letter H. Which country is it? Answer with just the country name.",4205435458
facts_parallel,default,4,cot,39,Norway,Norway,1,-1,0,0,stop,740,725,qwen3.6-27b,"Denmark's capital is Copenhagen; Poland's capital is Warsaw; Egypt's capital is Cairo; Norway's capital is Oslo. Only Oslo begins with O, so the answer is Norway.
Answer: Norway",cdc6a76e-1788557742,"Consider these 4 countries: Denmark, Poland, Egypt, Norway.
Exactly one of them has a capital city beginning with the letter O. Which country is it? Answer with just the country name.",2377050836
facts_parallel,default,4,cot,40,Poland,Poland,1,-1,0,0,stop,432,386,qwen3.6-27b,"Czechia's capital is Prague; Poland's capital is Warsaw; Cuba's capital is Havana; Germany's capital is Berlin. Only Warsaw begins with the letter W, so the country is Poland.

Answer: Poland",cdc6a76e-1788557742,"Consider these 4 countries: Czechia, Poland, Cuba, Germany.
Exactly one of them has a capital city beginning with the letter W. Which country is it? Answer with just the country name.",3140732087
facts_parallel,default,4,cot,41,China,China,1,-1,0,0,stop,753,728,qwen3.6-27b,"Egypt's capital is Cairo; China's capital is Beijing; Poland's capital is Warsaw; Bulgaria's capital is Sofia. Only Beijing begins with B, so the answer is China.
Answer: China",cdc6a76e-1788557742,"Consider these 4 countries: Egypt, China, Poland, Bulgaria.
Exactly one of them has a capital city beginning with the letter B. Which country is it? Answer with just the country name.",3426022433
facts_parallel,default,4,cot,42,Greece,Greece,1,-1,0,0,stop,691,659,qwen3.6-27b,"Greece's capital is Athens; Portugal's capital is Lisbon; Bulgaria's capital is Sofia; Israel's capital is Jerusalem. Only Athens begins with A, so the answer is Greece.
Answer: Greece",cdc6a76e-1788557742,"Consider these 4 countries: Greece, Portugal, Bulgaria, Israel.
Exactly one of them has a capital city beginning with the letter A. Which country is it? Answer with just the country name.",1430103451
facts_parallel,default,4,cot,43,Kenya,Kenya,1,-1,0,0,stop,847,805,qwen3.6-27b,"Sweden's capital is Stockholm; Thailand's capital is Bangkok; Peru's capital is Lima; Kenya's capital is Nairobi. Only Nairobi begins with N, so the answer is Kenya.
Answer: Kenya",cdc6a76e-1788557742,"Consider these 4 countries: Sweden, Thailand, Peru, Kenya.
Exactly one of them has a capital city beginning with the letter N. Which country is it? Answer with just the country name.",574264589
facts_parallel,default,4,cot,44,Austria,Austria,1,-1,0,0,stop,686,689,qwen3.6-27b,"Thailand's capital is Bangkok; Austria's capital is Vienna; Indonesia's capital is Jakarta; Bulgaria's capital is Sofia. Only Vienna begins with V, so the answer is Austria.
Answer: Austria",cdc6a76e-1788557742,"Consider these 4 countries: Thailand, Austria, Indonesia, Bulgaria.
Exactly one of them has a capital city beginning with the letter V. Which country is it? Answer with just the country name.",3160277166
facts_parallel,default,4,cot,45,Portugal,Portugal,1,-1,0,0,stop,313,266,qwen3.6-27b,"Japan's capital is Tokyo; Portugal's capital is Lisbon; Thailand's capital is Bangkok; Kenya's capital is Nairobi. Only Lisbon begins with the letter L, so the answer is Portugal.

Answer: Portugal",cdc6a76e-1788557742,"Consider these 4 countries: Japan, Portugal, Thailand, Kenya.
Exactly one of them has a capital city beginning with the letter L. Which country is it? Answer with just the country name.",3411619896
facts_parallel,default,4,cot,46,Israel,Israel,1,-1,0,0,stop,964,987,qwen3.6-27b,"Russia's capital is Moscow; Morocco's capital is Rabat; Israel's capital is Jerusalem; Greece's capital is Athens. Only Jerusalem begins with J, so the answer is Israel.
Answer: Israel",cdc6a76e-1788557742,"Consider these 4 countries: Russia, Morocco, Israel, Greece.
Exactly one of them has a capital city beginning with the letter J. Which country is it? Answer with just the country name.",1380999554
facts_parallel,default,4,cot,47,Poland,Poland,1,-1,0,0,stop,682,639,qwen3.6-27b,"Poland's capital is Warsaw; Egypt's capital is Cairo; Germany's capital is Berlin; Denmark's capital is Copenhagen. Only Warsaw begins with W, so the answer is Poland.
Answer: Poland",cdc6a76e-1788557742,"Consider these 4 countries: Egypt, Germany, Poland, Denmark.
Exactly one of them has a capital city beginning with the letter W. Which country is it? Answer with just the country name.",626479380
facts_parallel,default,4,cot,48,Denmark,Denmark,1,-1,0,0,stop,420,376,qwen3.6-27b,"

Austria's capital is Vienna; Denmark's capital is Copenhagen; Poland's capital is Warsaw; China's capital is Beijing. Only Copenhagen begins with C, so the answer is Denmark.
Answer: Denmark",cdc6a76e-1788557742,"Consider these 4 countries: Austria, Denmark, Poland, China.
Exactly one of them has a capital city beginning with the letter C. Which country is it? Answer with just the country name.",3051900037
facts_parallel,default,4,cot,49,Finland,Finland,1,-1,0,0,stop,260,218,qwen3.6-27b,"Russia's capital is Moscow; Ireland's capital is Dublin; Finland's capital is Helsinki; Germany's capital is Berlin. Only Helsinki begins with H, so the answer is Finland.
Answer: Finland",cdc6a76e-1788557742,"Consider these 4 countries: Russia, Ireland, Finland, Germany.
Exactly one of them has a capital city beginning with the letter H. Which country is it? Answer with just the country name.",3270474771
facts_parallel,default,4,cot,50,Egypt,Egypt,1,-1,0,0,stop,452,402,qwen3.6-27b,"

Egypt's capital is Cairo; Austria's capital is Vienna; Czechia's capital is Prague; Bulgaria's capital is Sofia. Only Cairo begins with the letter C, so the correct country is Egypt.

Answer: Egypt",cdc6a76e-1788557742,"Consider these 4 countries: Egypt, Austria, Czechia, Bulgaria.
Exactly one of them has a capital city beginning with the letter C. Which country is it? Answer with just the country name.",2720593398
facts_parallel,default,4,cot,51,Kenya,Kenya,1,-1,0,0,stop,799,756,qwen3.6-27b,"Kenya's capital is Nairobi; Cuba's capital is Havana; Hungary's capital is Budapest; Austria's capital is Vienna. Only Nairobi begins with N, so the answer is Kenya.
Answer: Kenya",cdc6a76e-1788557742,"Consider these 4 countries: Kenya, Cuba, Hungary, Austria.
Exactly one of them has a capital city beginning with the letter N. Which country is it? Answer with just the country name.",3576677728
facts_parallel,default,4,cot,52,Bulgaria,Bulgaria,1,-1,0,0,stop,582,558,qwen3.6-27b,"Portugal's capital is Lisbon; Cuba's capital is Havana; Hungary's capital is Budapest; Bulgaria's capital is Sofia. Only Sofia begins with S, so the answer is Bulgaria.
Answer: Bulgaria",cdc6a76e-1788557742,"Consider these 4 countries: Portugal, Cuba, Hungary, Bulgaria.
Exactly one of them has a capital city beginning with the letter S. Which country is it? Answer with just the country name.",1277596890
facts_parallel,default,4,cot,53,Denmark,Denmark,1,-1,0,0,stop,813,769,qwen3.6-27b,"Denmark's capital is Copenhagen; Austria's capital is Vienna; Morocco's capital is Rabat; Indonesia's capital is Jakarta. Only Copenhagen begins with C, so the answer is Denmark.
Answer: Denmark",cdc6a76e-1788557742,"Consider these 4 countries: Denmark, Austria, Morocco, Indonesia.
Exactly one of them has a capital city beginning with the letter C. Which country is it? Answer with just the country name.",992060492
facts_parallel,default,4,cot,54,Peru,Peru,1,-1,0,0,stop,705,682,qwen3.6-27b,"Egypt's capital is Cairo; China's capital is Beijing; Peru's capital is Lima; Hungary's capital is Budapest. Only Lima begins with L, so the answer is Peru.
Answer: Peru",cdc6a76e-1788557742,"Consider these 4 countries: Egypt, China, Peru, Hungary.
Exactly one of them has a capital city beginning with the letter L. Which country is it? Answer with just the country name.",2772775407
facts_parallel,default,4,cot,55,Japan,Japan,1,-1,0,0,stop,377,336,qwen3.6-27b,"Finland's capital is Helsinki; Indonesia's capital is Jakarta; Portugal's capital is Lisbon; Japan's capital is Tokyo. Only Tokyo begins with T, so the answer is Japan.
Answer: Japan",cdc6a76e-1788557742,"Consider these 4 countries: Finland, Indonesia, Portugal, Japan.
Exactly one of them has a capital city beginning with the letter T. Which country is it? Answer with just the country name.",3527541113
facts_parallel,default,4,cot,56,Peru,Peru,1,-1,0,0,stop,384,341,qwen3.6-27b,"Finland's capital is Helsinki; Sweden's capital is Stockholm; Peru's capital is Lima; Germany's capital is Berlin. Only Lima begins with L, so the answer is Peru.
Answer: Peru",cdc6a76e-1788557742,"Consider these 4 countries: Finland, Sweden, Peru, Germany.
Exactly one of them has a capital city beginning with the letter L. Which country is it? Answer with just the country name.",1263227075
facts_parallel,default,4,cot,57,Germany,Germany,1,-1,0,0,stop,1148,1178,qwen3.6-27b,"Germany's capital is Berlin; Czechia's capital is Prague; Greece's capital is Athens; Israel's capital is Jerusalem. Only Berlin begins with B, so the answer is Germany.
Answer: Germany",cdc6a76e-1788557742,"Consider these 4 countries: Czechia, Greece, Israel, Germany.
Exactly one of them has a capital city beginning with the letter B. Which country is it? Answer with just the country name.",1011638357
facts_parallel,default,4,cot,58,Sweden,Sweden,1,-1,0,0,stop,694,650,qwen3.6-27b,"Sweden's capital is Stockholm; Cuba's capital is Havana; Austria's capital is Vienna; Russia's capital is Moscow. Only Stockholm begins with the letter S, so the answer is Sweden.
Answer: Sweden",cdc6a76e-1788557742,"Consider these 4 countries: Sweden, Cuba, Austria, Russia.
Exactly one of them has a capital city beginning with the letter S. Which country is it? Answer with just the country name.",2901638596
facts_parallel,default,4,cot,59,Greece,Greece,1,-1,0,0,stop,620,600,qwen3.6-27b,"

Hungary's capital is Budapest; Sweden's capital is Stockholm; Greece's capital is Athens; Russia's capital is Moscow. Only Athens begins with the letter A, so the answer is Greece.
Answer: Greece",cdc6a76e-1788557742,"Consider these 4 countries: Hungary, Sweden, Greece, Russia.
Exactly one of them has a capital city beginning with the letter A. Which country is it? Answer with just the country name.",3690220882
facts_parallel,default,4,cot,60,Japan,Japan,1,-1,0,0,stop,781,737,qwen3.6-27b,"China's capital is Beijing; Japan's capital is Tokyo; Kenya's capital is Nairobi; Indonesia's capital is Jakarta. Only Tokyo begins with the letter T, so the answer is Japan.
Answer: Japan",cdc6a76e-1788557742,"Consider these 4 countries: China, Japan, Kenya, Indonesia.
Exactly one of them has a capital city beginning with the letter T. Which country is it? Answer with just the country name.",2298848821
facts_parallel,default,4,cot,61,Portugal,Portugal,1,-1,0,0,stop,322,272,qwen3.6-27b,"Hungary's capital is Budapest; Portugal's capital is Lisbon; Bulgaria's capital is Sofia; China's capital is Beijing. Only Lisbon begins with L, so the answer is Portugal.
Answer: Portugal",cdc6a76e-1788557742,"Consider these 4 countries: Hungary, Portugal, Bulgaria, China.
Exactly one of them has a capital city beginning with the letter L. Which country is it? Answer with just the country name.",4261582499
facts_parallel,default,4,cot,62,Greece,Greece,1,-1,0,0,stop,545,520,qwen3.6-27b,"Kenya's capital is Nairobi; Norway's capital is Oslo; Greece's capital is Athens; Denmark's capital is Copenhagen. Only Athens begins with A, so the answer is Greece.
Answer: Greece",cdc6a76e-1788557742,"Consider these 4 countries: Kenya, Norway, Greece, Denmark.
Exactly one of them has a capital city beginning with the letter A. Which country is it? Answer with just the country name.",1728825113
facts_parallel,default,4,cot,63,Ireland,Ireland,1,-1,0,0,stop,704,657,qwen3.6-27b,"Ireland's capital is Dublin; Morocco's capital is Rabat; Thailand's capital is Bangkok; Norway's capital is Oslo. Only Dublin begins with D, so the answer is Ireland.
Answer: Ireland",cdc6a76e-1788557742,"Consider these 4 countries: Ireland, Morocco, Thailand, Norway.
Exactly one of them has a capital city beginning with the letter D. Which country is it? Answer with just the country name.",269285263
facts_parallel,default,4,cot,64,Sweden,Sweden,1,-1,0,0,stop,839,797,qwen3.6-27b,"Sweden's capital is Stockholm; Indonesia's capital is Jakarta; Kenya's capital is Nairobi; Japan's capital is Tokyo. Only Stockholm begins with S, so the answer is Sweden.
Answer: Sweden",cdc6a76e-1788557742,"Consider these 4 countries: Sweden, Indonesia, Kenya, Japan.
Exactly one of them has a capital city beginning with the letter S. Which country is it? Answer with just the country name.",2389205548
facts_parallel,default,4,cot,65,Israel,Israel,1,-1,0,0,stop,747,704,qwen3.6-27b,"Hungary's capital is Budapest; Israel's capital is Jerusalem; Egypt's capital is Cairo; Sweden's capital is Stockholm. Only Jerusalem begins with J, so the answer is Israel.
Answer: Israel",cdc6a76e-1788557742,"Consider these 4 countries: Hungary, Israel, Egypt, Sweden.
Exactly one of them has a capital city beginning with the letter J. Which country is it? Answer with just the country name.",4184822458
facts_parallel,default,4,cot,66,Morocco,Morocco,1,-1,0,0,stop,300,255,qwen3.6-27b,"Morocco's capital is Rabat; China's capital is Beijing; Kenya's capital is Nairobi; Israel's capital is Jerusalem. Only Rabat begins with R, so the answer is Morocco.
Answer: Morocco",cdc6a76e-1788557742,"Consider these 4 countries: Morocco, China, Kenya, Israel.
Exactly one of them has a capital city beginning with the letter R. Which country is it? Answer with just the country name.",1617298176
facts_parallel,default,4,cot,67,Austria,Austria,1,-1,0,0,stop,421,409,qwen3.6-27b,"

Finland's capital is Helsinki; Austria's capital is Vienna; Germany's capital is Berlin; Indonesia's capital is Jakarta. Only Vienna begins with V, so the answer is Austria.
Answer: Austria",cdc6a76e-1788557742,"Consider these 4 countries: Finland, Austria, Germany, Indonesia.
Exactly one of them has a capital city beginning with the letter V. Which country is it? Answer with just the country name.",392246166
facts_parallel,default,4,cot,68,Russia,Russia,1,-1,0,0,stop,754,748,qwen3.6-27b,"Thailand's capital is Bangkok; Bulgaria's capital is Sofia; Kenya's capital is Nairobi; Russia's capital is Moscow. Only Moscow begins with M, so the answer is Russia.
Answer: Russia",cdc6a76e-1788557742,"Consider these 4 countries: Thailand, Bulgaria, Kenya, Russia.
Exactly one of them has a capital city beginning with the letter M. Which country is it? Answer with just the country name.",2279484935
facts_parallel,default,4,cot,69,Germany,Germany,1,-1,0,0,stop,1076,1031,qwen3.6-27b,"Germany's capital is Berlin; Bulgaria's capital is Sofia; Israel's capital is Jerusalem; Finland's capital is Helsinki. Only Berlin begins with B, so the answer is Germany.
Answer: Germany",cdc6a76e-1788557742,"Consider these 4 countries: Germany, Bulgaria, Israel, Finland.
Exactly one of them has a capital city beginning with the letter B. Which country is it? Answer with just the country name.",4040760977
facts_parallel,default,4,cot,70,Peru,Peru,1,-1,0,0,stop,750,694,qwen3.6-27b,"Sweden's capital is Stockholm; Russia's capital is Moscow; Peru's capital is Lima; Ireland's capital is Dublin. Only Lima begins with L, so the answer is Peru.
Answer: Peru",cdc6a76e-1788557742,"Consider these 4 countries: Sweden, Russia, Peru, Ireland.
Exactly one of them has a capital city beginning with the letter L. Which country is it? Answer with just the country name.",2417923956
facts_parallel,default,4,cot,71,Sweden,Sweden,1,-1,0,0,stop,655,623,qwen3.6-27b,"China's capital is Beijing; Japan's capital is Tokyo; Sweden's capital is Stockholm; Israel's capital is Jerusalem. Only Stockholm begins with S, so the answer is Sweden.
Answer: Sweden",cdc6a76e-1788557742,"Consider these 4 countries: China, Japan, Sweden, Israel.
Exactly one of them has a capital city beginning with the letter S. Which country is it? Answer with just the country name.",3877218274
facts_parallel,default,4,cot,72,Japan,Japan,1,-1,0,0,stop,664,622,qwen3.6-27b,"Egypt's capital is Cairo; Japan's capital is Tokyo; Kenya's capital is Nairobi; Ireland's capital is Dublin. Only Tokyo begins with T, so the answer is Japan.
Answer: Japan",cdc6a76e-1788557742,"Consider these 4 countries: Egypt, Japan, Kenya, Ireland.
Exactly one of them has a capital city beginning with the letter T. Which country is it? Answer with just the country name.",2115040856
facts_parallel,default,4,cot,73,Israel,Israel,1,-1,0,0,stop,775,791,qwen3.6-27b,"Kenya's capital is Nairobi; Portugal's capital is Lisbon; Israel's capital is Jerusalem; Germany's capital is Berlin. Only Jerusalem begins with the letter J, so the answer is Israel.
Answer: Israel",cdc6a76e-1788557742,"Consider these 4 countries: Kenya, Portugal, Israel, Germany.
Exactly one of them has a capital city beginning with the letter J. Which country is it? Answer with just the country name.",152553166
facts_parallel,default,4,cot,74,Peru,Peru,1,-1,0,0,stop,662,612,qwen3.6-27b,"Sweden's capital is Stockholm; Austria's capital is Vienna; China's capital is Beijing; Peru's capital is Lima. Only Lima begins with L, so the answer is Peru.
Answer: Peru",cdc6a76e-1788557742,"Consider these 4 countries: Sweden, Austria, China, Peru.
Exactly one of them has a capital city beginning with the letter L. Which country is it? Answer with just the country name.",2540917613
facts_parallel,default,4,cot,75,Bulgaria,Bulgaria,1,-1,0,0,stop,363,307,qwen3.6-27b,"Portugal's capital is Lisbon; Bulgaria's capital is Sofia; Hungary's capital is Budapest; Cuba's capital is Havana. Only Sofia begins with S, so the answer is Bulgaria.
Answer: Bulgaria",cdc6a76e-1788557742,"Consider these 4 countries: Portugal, Bulgaria, Hungary, Cuba.
Exactly one of them has a capital city beginning with the letter S. Which country is it? Answer with just the country name.",3765724155
facts_parallel,default,4,cot,76,Sweden,Sweden,1,-1,0,0,stop,689,678,qwen3.6-27b,"

Russia's capital is Moscow; Portugal's capital is Lisbon; Kenya's capital is Nairobi; Sweden's capital is Stockholm. Only Stockholm begins with S, so the answer is Sweden.
Answer: Sweden",cdc6a76e-1788557742,"Consider these 4 countries: Russia, Portugal, Kenya, Sweden.
Exactly one of them has a capital city beginning with the letter S. Which country is it? Answer with just the country name.",2038248001
facts_parallel,default,4,cot,77,Kenya,Kenya,1,-1,0,0,stop,324,299,qwen3.6-27b,"Hungary's capital is Budapest; Kenya's capital is Nairobi; Sweden's capital is Stockholm; Denmark's capital is Copenhagen. Only Nairobi begins with N, so the answer is Kenya.
Answer: Kenya",cdc6a76e-1788557742,"Consider these 4 countries: Hungary, Kenya, Sweden, Denmark.
Exactly one of them has a capital city beginning with the letter N. Which country is it? Answer with just the country name.",242877143
facts_parallel,default,4,cot,78,Czechia,Czechia,1,-1,0,0,stop,720,684,qwen3.6-27b,"

Egypt's capital is Cairo; Cuba's capital is Havana; Czechia's capital is Prague; Ireland's capital is Dublin. Only Prague begins with P, so the answer is Czechia.
Answer: Czechia",cdc6a76e-1788557742,"Consider these 4 countries: Egypt, Cuba, Czechia, Ireland.
Exactly one of them has a capital city beginning with the letter P. Which country is it? Answer with just the country name.",2663718726
facts_parallel,default,4,cot,79,Austria,Austria,1,-1,0,0,stop,406,360,qwen3.6-27b,"Austria's capital is Vienna; Hungary's capital is Budapest; Kenya's capital is Nairobi; Cuba's capital is Havana. Only Vienna begins with V, so the answer is Austria.
Answer: Austria",cdc6a76e-1788557742,"Consider these 4 countries: Austria, Hungary, Kenya, Cuba.
Exactly one of them has a capital city beginning with the letter V. Which country is it? Answer with just the country name.",3921817552
facts_parallel,default,4,cot,80,Norway,Norway,1,-1,0,0,stop,346,303,qwen3.6-27b,"Kenya's capital is Nairobi; Thailand's capital is Bangkok; Egypt's capital is Cairo; Norway's capital is Oslo. Only Oslo begins with O, so the answer is Norway.
Answer: Norway",cdc6a76e-1788557742,"Consider these 4 countries: Kenya, Thailand, Egypt, Norway.
Exactly one of them has a capital city beginning with the letter O. Which country is it? Answer with just the country name.",394693563
facts_parallel,default,4,cot,81,Greece,Greece,1,-1,0,0,stop,690,656,qwen3.6-27b,"Denmark's capital is Copenhagen; Cuba's capital is Havana; Greece's capital is Athens; Bulgaria's capital is Sofia. Only Athens begins with A, so the answer is Greece.
Answer: Greece",cdc6a76e-1788557742,"Consider these 4 countries: Denmark, Cuba, Greece, Bulgaria.
Exactly one of them has a capital city beginning with the letter A. Which country is it? Answer with just the country name.",1619114797
facts_parallel,default,4,cot,82,Bulgaria,Bulgaria,1,-1,0,0,stop,984,939,qwen3.6-27b,"Bulgaria's capital is Sofia; Indonesia's capital is Jakarta; Portugal's capital is Lisbon; Czechia's capital is Prague. Only Sofia begins with S, so the answer is Bulgaria.
Answer: Bulgaria",cdc6a76e-1788557742,"Consider these 4 countries: Bulgaria, Indonesia, Portugal, Czechia.
Exactly one of them has a capital city beginning with the letter S. Which country is it? Answer with just the country name.",4186499735
facts_parallel,default,4,cot,83,Austria,Austria,1,-1,0,0,stop,687,642,qwen3.6-27b,"Indonesia's capital is Jakarta; Ireland's capital is Dublin; Finland's capital is Helsinki; Austria's capital is Vienna. Only Vienna begins with V, so the answer is Austria.
Answer: Austria",cdc6a76e-1788557742,"Consider these 4 countries: Indonesia, Ireland, Finland, Austria.
Exactly one of them has a capital city beginning with the letter V. Which country is it? Answer with just the country name.",2391792129
facts_parallel,default,4,cot,84,Indonesia,Indonesia,1,-1,0,0,stop,268,225,qwen3.6-27b,"Ireland's capital is Dublin; Japan's capital is Tokyo; Indonesia's capital is Jakarta; Sweden's capital is Stockholm. Only Jakarta begins with J, so the answer is Indonesia.
Answer: Indonesia",cdc6a76e-1788557742,"Consider these 4 countries: Ireland, Japan, Indonesia, Sweden.
Exactly one of them has a capital city beginning with the letter J. Which country is it? Answer with just the country name.",283856802
facts_parallel,default,4,cot,85,Austria,Austria,1,-1,0,0,stop,649,606,qwen3.6-27b,"Austria's capital is Vienna; China's capital is Beijing; Indonesia's capital is Jakarta; Norway's capital is Oslo. Only Vienna begins with V, so the answer is Austria.
Answer: Austria",cdc6a76e-1788557742,"Consider these 4 countries: Austria, China, Indonesia, Norway.
Exactly one of them has a capital city beginning with the letter V. Which country is it? Answer with just the country name.",1743552308
facts_parallel,default,4,cot,86,Finland,Finland,1,-1,0,0,stop,593,544,qwen3.6-27b,"Norway's capital is Oslo; Bulgaria's capital is Sofia; Finland's capital is Helsinki; Morocco's capital is Rabat. Only Helsinki begins with the letter H, so the answer is Finland.

Answer: Finland",cdc6a76e-1788557742,"Consider these 4 countries: Norway, Bulgaria, Finland, Morocco.
Exactly one of them has a capital city beginning with the letter H. Which country is it? Answer with just the country name.",4276432526
facts_parallel,default,4,cot,87,Denmark,Denmark,1,-1,0,0,stop,709,725,qwen3.6-27b,"Germany's capital is Berlin; Denmark's capital is Copenhagen; Poland's capital is Warsaw; Indonesia's capital is Jakarta. Only Copenhagen begins with C, so the answer is Denmark.
Answer: Denmark",cdc6a76e-1788557742,"Consider these 4 countries: Germany, Denmark, Poland, Indonesia.
Exactly one of them has a capital city beginning with the letter C. Which country is it? Answer with just the country name.",2313297432
facts_parallel,default,4,cot,88,Germany,Germany,1,-1,0,0,stop,676,633,qwen3.6-27b,"Finland's capital is Helsinki; Russia's capital is Moscow; Israel's capital is Jerusalem; Germany's capital is Berlin. Only Berlin begins with B, so the answer is Germany.
Answer: Germany",cdc6a76e-1788557742,"Consider these 4 countries: Finland, Russia, Israel, Germany.
Exactly one of them has a capital city beginning with the letter B. Which country is it? Answer with just the country name.",425526153
facts_parallel,default,4,cot,89,Norway,Norway,1,-1,0,0,stop,351,306,qwen3.6-27b,"Norway's capital is Oslo; Germany's capital is Berlin; Indonesia's capital is Jakarta; Thailand's capital is Bangkok. Only Oslo begins with O, so the answer is Norway.
Answer: Norway",cdc6a76e-1788557742,"Consider these 4 countries: Norway, Germany, Indonesia, Thailand.
Exactly one of them has a capital city beginning with the letter O. Which country is it? Answer with just the country name.",1851405087
facts_parallel,default,4,cot,90,Morocco,Morocco,1,-1,0,0,stop,696,658,qwen3.6-27b,"Poland's capital is Warsaw; Morocco's capital is Rabat; Cuba's capital is Havana; Greece's capital is Athens. Only Rabat begins with R, so the answer is Morocco.
Answer: Morocco",cdc6a76e-1788557742,"Consider these 4 countries: Poland, Morocco, Cuba, Greece.
Exactly one of them has a capital city beginning with the letter R. Which country is it? Answer with just the country name.",245218042
facts_parallel,default,4,cot,91,Bulgaria,Bulgaria,1,-1,0,0,stop,668,646,qwen3.6-27b,"Poland's capital is Warsaw; Peru's capital is Lima; Germany's capital is Berlin; Bulgaria's capital is Sofia. Only Sofia begins with S, so the answer is Bulgaria.
Answer: Bulgaria",cdc6a76e-1788557742,"Consider these 4 countries: Poland, Peru, Germany, Bulgaria.
Exactly one of them has a capital city beginning with the letter S. Which country is it? Answer with just the country name.",2040171116
facts_parallel,default,4,cot,92,Russia,Russia,1,-1,0,0,stop,857,814,qwen3.6-27b,"Greece's capital is Athens; Peru's capital is Lima; Russia's capital is Moscow; Kenya's capital is Nairobi. Only Moscow begins with M, so the answer is Russia.
Answer: Russia",cdc6a76e-1788557742,"Consider these 4 countries: Greece, Peru, Russia, Kenya.
Exactly one of them has a capital city beginning with the letter M. Which country is it? Answer with just the country name.",3767786454
facts_parallel,default,4,cot,93,Germany,Germany,1,-1,0,0,stop,839,826,qwen3.6-27b,"Sweden's capital is Stockholm; Russia's capital is Moscow; Germany's capital is Berlin; Japan's capital is Tokyo. Only Berlin begins with B, so the answer is Germany.
Answer: Germany",cdc6a76e-1788557742,"Consider these 4 countries: Sweden, Russia, Germany, Japan.
Exactly one of them has a capital city beginning with the letter B. Which country is it? Answer with just the country name.",2543119168
facts_parallel,default,4,cot,94,Ireland,Ireland,1,-1,0,0,stop,665,659,qwen3.6-27b,"Germany's capital is Berlin; Ireland's capital is Dublin; Thailand's capital is Bangkok; Egypt's capital is Cairo. Only Dublin begins with the letter D, so the answer is Ireland.
Answer: Ireland",cdc6a76e-1788557742,"Consider these 4 countries: Germany, Ireland, Thailand, Egypt.
Exactly one of them has a capital city beginning with the letter D. Which country is it? Answer with just the country name.",166756067
facts_parallel,default,4,cot,95,Denmark,Denmark,1,-1,0,0,stop,668,689,qwen3.6-27b,"Germany's capital is Berlin; Denmark's capital is Copenhagen; Bulgaria's capital is Sofia; Poland's capital is Warsaw. Only Copenhagen begins with C, so the answer is Denmark.
Answer: Denmark",cdc6a76e-1788557742,"Consider these 4 countries: Germany, Denmark, Bulgaria, Poland.
Exactly one of them has a capital city beginning with the letter C. Which country is it? Answer with just the country name.",2130136693
facts_parallel,default,4,cot,96,Norway,Norway,1,-1,0,0,stop,177,135,qwen3.6-27b,"Russia's capital is Moscow; Israel's capital is Jerusalem; China's capital is Beijing; Norway's capital is Oslo. Only Oslo begins with O, so the answer is Norway.
Answer: Norway",cdc6a76e-1788557742,"Consider these 4 countries: Russia, Israel, China, Norway.
Exactly one of them has a capital city beginning with the letter O. Which country is it? Answer with just the country name.",3892191183
facts_parallel,default,4,cot,97,Morocco,Morocco,1,-1,0,0,stop,841,795,qwen3.6-27b,"Germany's capital is Berlin; Israel's capital is Jerusalem; Morocco's capital is Rabat; Poland's capital is Warsaw. Only Rabat begins with the letter R, so the answer is Morocco.
Answer: Morocco",cdc6a76e-1788557742,"Consider these 4 countries: Germany, Israel, Morocco, Poland.
Exactly one of them has a capital city beginning with the letter R. Which country is it? Answer with just the country name.",2432249689
facts_parallel,default,4,cot,98,Poland,Poland,1,-1,0,0,stop,288,239,qwen3.6-27b,"Japan's capital is Tokyo; Poland's capital is Warsaw; Portugal's capital is Lisbon; Greece's capital is Athens. Only Warsaw begins with W, so the answer is Poland.
Answer: Poland",cdc6a76e-1788557742,"Consider these 4 countries: Japan, Poland, Portugal, Greece.
Exactly one of them has a capital city beginning with the letter W. Which country is it? Answer with just the country name.",4600520
facts_parallel,default,4,cot,99,Poland,Poland,1,-1,0,0,stop,389,360,qwen3.6-27b,"Peru's capital is Lima; Thailand's capital is Bangkok; Portugal's capital is Lisbon; Poland's capital is Warsaw. Only Warsaw begins with W, so the answer is Poland.
Answer: Poland",cdc6a76e-1788557742,"Consider these 4 countries: Peru, Thailand, Portugal, Poland.
Exactly one of them has a capital city beginning with the letter W. Which country is it? Answer with just the country name.",2000749150
facts_parallel,default,4,cot,100,Japan,Japan,1,-1,0,0,stop,481,435,qwen3.6-27b,"Poland's capital is Warsaw; Czechia's capital is Prague; Japan's capital is Tokyo; Cuba's capital is Havana. Only Tokyo begins with the letter T, so the country is Japan.

Answer: Japan",cdc6a76e-1788557742,"Consider these 4 countries: Poland, Czechia, Japan, Cuba.
Exactly one of them has a capital city beginning with the letter T. Which country is it? Answer with just the country name.",2813200417
facts_parallel,default,4,cot,101,Poland,Poland,1,-1,0,0,stop,452,425,qwen3.6-27b,"Ireland's capital is Dublin; Poland's capital is Warsaw; Morocco's capital is Rabat; Indonesia's capital is Jakarta. Only Warsaw begins with the letter W, so the answer is Poland.
Answer: Poland",cdc6a76e-1788557742,"Consider these 4 countries: Ireland, Poland, Morocco, Indonesia.
Exactly one of them has a capital city beginning with the letter W. Which country is it? Answer with just the country name.",3500751031
facts_parallel,default,4,cot,102,Kenya,Kenya,1,-1,0,0,stop,630,586,qwen3.6-27b,"Indonesia's capital is Jakarta; Kenya's capital is Nairobi; Russia's capital is Moscow; Norway's capital is Oslo. Only Nairobi begins with the letter N, so the answer is Kenya.
Answer: Kenya",cdc6a76e-1788557742,"Consider these 4 countries: Indonesia, Kenya, Russia, Norway.
Exactly one of them has a capital city beginning with the letter N. Which country is it? Answer with just the country name.",1235249421
facts_parallel,default,4,cot,103,Czechia,Czechia,1,-1,0,0,stop,868,836,qwen3.6-27b,"Czechia's capital is Prague; Austria's capital is Vienna; Thailand's capital is Bangkok; China's capital is Beijing. Only Prague begins with P, so the answer is Czechia.
Answer: Czechia",cdc6a76e-1788557742,"Consider these 4 countries: Czechia, Austria, Thailand, China.
Exactly one of them has a capital city beginning with the letter P. Which country is it? Answer with just the country name.",1051154843
facts_parallel,default,4,cot,104,Israel,Israel,1,-1,0,0,stop,656,613,qwen3.6-27b,"Kenya's capital is Nairobi; Egypt's capital is Cairo; China's capital is Beijing; Israel's capital is Jerusalem. Only Jerusalem begins with J, so the answer is Israel.
Answer: Israel",cdc6a76e-1788557742,"Consider these 4 countries: Kenya, Egypt, China, Israel.
Exactly one of them has a capital city beginning with the letter J. Which country is it? Answer with just the country name.",2697186360
facts_parallel,default,4,cot,105,Russia,Russia,1,-1,0,0,stop,501,464,qwen3.6-27b,"Denmark's capital is Copenhagen; Russia's capital is Moscow; Egypt's capital is Cairo; Japan's capital is Tokyo. Only Moscow begins with M, so the answer is Russia.
Answer: Russia",cdc6a76e-1788557742,"Consider these 4 countries: Denmark, Russia, Egypt, Japan.
Exactly one of them has a capital city beginning with the letter M. Which country is it? Answer with just the country name.",3620011182
facts_parallel,default,4,cot,106,Russia,Russia,1,-1,0,0,stop,583,540,qwen3.6-27b,"China's capital is Beijing; Thailand's capital is Bangkok; Czechia's capital is Prague; Russia's capital is Moscow. Only Moscow begins with M, so the answer is Russia.
Answer: Russia",cdc6a76e-1788557742,"Consider these 4 countries: China, Thailand, Czechia, Russia.
Exactly one of them has a capital city beginning with the letter M. Which country is it? Answer with just the country name.",1322102036
facts_parallel,default,4,cot,107,Bulgaria,Bulgaria,1,-1,0,0,stop,604,603,qwen3.6-27b,"China's capital is Beijing; Indonesia's capital is Jakarta; Hungary's capital is Budapest; Bulgaria's capital is Sofia. Only Sofia begins with S, so the answer is Bulgaria.
Answer: Bulgaria",cdc6a76e-1788557742,"Consider these 4 countries: China, Indonesia, Hungary, Bulgaria.
Exactly one of them has a capital city beginning with the letter S. Which country is it? Answer with just the country name.",969579906
facts_parallel,default,4,cot,108,Finland,Finland,1,-1,0,0,stop,760,745,qwen3.6-27b,"Sweden's capital is Stockholm; Finland's capital is Helsinki; Morocco's capital is Rabat; Israel's capital is Jerusalem. Only Helsinki begins with the letter H, so the answer is Finland.
Answer: Finland",cdc6a76e-1788557742,"Consider these 4 countries: Sweden, Finland, Morocco, Israel.
Exactly one of them has a capital city beginning with the letter H. Which country is it? Answer with just the country name.",2843050003
facts_parallel,default,4,cot,109,Denmark,Denmark,1,-1,0,0,stop,656,644,qwen3.6-27b,"

Denmark's capital is Copenhagen; Israel's capital is Jerusalem; Morocco's capital is Rabat; Austria's capital is Vienna. Only Copenhagen begins with C, so the answer is Denmark.
Answer: Denmark",cdc6a76e-1788557742,"Consider these 4 countries: Denmark, Israel, Morocco, Austria.
Exactly one of them has a capital city beginning with the letter C. Which country is it? Answer with just the country name.",3732058245
facts_parallel,default,4,cot,110,Japan,Japan,1,-1,0,0,stop,1063,1047,qwen3.6-27b,"Israel's capital is Jerusalem; Finland's capital is Helsinki; Japan's capital is Tokyo; China's capital is Beijing. Only Tokyo begins with the letter T, so the answer is Japan.
Answer: Japan",cdc6a76e-1788557742,"Consider these 4 countries: Israel, Finland, Japan, China.
Exactly one of them has a capital city beginning with the letter T. Which country is it? Answer with just the country name.",3199547744
facts_parallel,default,4,cot,111,Indonesia,Indonesia,1,-1,0,0,stop,719,706,qwen3.6-27b,"Portugal's capital is Lisbon; Poland's capital is Warsaw; Hungary's capital is Budapest; Indonesia's capital is Jakarta. Only Jakarta begins with J, so the answer is Indonesia.
Answer: Indonesia",cdc6a76e-1788557742,"Consider these 4 countries: Portugal, Poland, Hungary, Indonesia.
Exactly one of them has a capital city beginning with the letter J. Which country is it? Answer with just the country name.",3383888374
facts_parallel,default,4,cot,112,Finland,Finland,1,-1,0,0,stop,335,317,qwen3.6-27b,"Greece's capital is Athens; Finland's capital is Helsinki; Hungary's capital is Budapest; Thailand's capital is Bangkok. Only Helsinki begins with H, so the answer is Finland.
Answer: Finland",cdc6a76e-1788557742,"Consider these 4 countries: Greece, Finland, Hungary, Thailand.
Exactly one of them has a capital city beginning with the letter H. Which country is it? Answer with just the country name.",1354455116
facts_parallel,default,4,cot,113,Austria,Austria,1,-1,0,0,stop,814,770,qwen3.6-27b,"Ireland's capital is Dublin; Norway's capital is Oslo; Austria's capital is Vienna; Czechia's capital is Prague. Only Vienna begins with V, so the answer is Austria.
Answer: Austria",cdc6a76e-1788557742,"Consider these 4 countries: Ireland, Norway, Austria, Czechia.
Exactly one of them has a capital city beginning with the letter V. Which country is it? Answer with just the country name.",666659034
facts_parallel,default,4,cot,114,Portugal,Portugal,1,-1,0,0,stop,813,770,qwen3.6-27b,"Portugal's capital is Lisbon; Ireland's capital is Dublin; Norway's capital is Oslo; Kenya's capital is Nairobi. Only Lisbon begins with L, so the answer is Portugal.
Answer: Portugal",cdc6a76e-1788557742,"Consider these 4 countries: Portugal, Ireland, Norway, Kenya.
Exactly one of them has a capital city beginning with the letter L. Which country is it? Answer with just the country name.",3118005625
facts_parallel,default,4,cot,115,Russia,Russia,1,-1,0,0,stop,739,703,qwen3.6-27b,"Russia's capital is Moscow; Peru's capital is Lima; Norway's capital is Oslo; Hungary's capital is Budapest. Only Moscow begins with M, so the answer is Russia.
Answer: Russia",cdc6a76e-1788557742,"Consider these 4 countries: Russia, Peru, Norway, Hungary.
Exactly one of them has a capital city beginning with the letter M. Which country is it? Answer with just the country name.",3470773743
facts_parallel,default,4,cot,116,Cuba,Cuba,1,-1,0,0,stop,770,733,qwen3.6-27b,"Cuba's capital is Havana; Thailand's capital is Bangkok; Indonesia's capital is Jakarta; Czechia's capital is Prague. Only Havana begins with H, so the answer is Cuba.
Answer: Cuba",cdc6a76e-1788557742,"Consider these 4 countries: Cuba, Thailand, Indonesia, Czechia.
Exactly one of them has a capital city beginning with the letter H. Which country is it? Answer with just the country name.",1473682517
facts_parallel,default,4,cot,117,Hungary,Hungary,1,-1,0,0,stop,423,373,qwen3.6-27b,"Hungary's capital is Budapest; Austria's capital is Vienna; Ireland's capital is Dublin; Indonesia's capital is Jakarta. Only Budapest begins with B, so the answer is Hungary.
Answer: Hungary",cdc6a76e-1788557742,"Consider these 4 countries: Hungary, Austria, Ireland, Indonesia.
Exactly one of them has a capital city beginning with the letter B. Which country is it? Answer with just the country name.",550612163
facts_parallel,default,4,cot,118,Poland,Poland,1,-1,0,0,stop,250,205,qwen3.6-27b,"Denmark's capital is Copenhagen; Norway's capital is Oslo; Sweden's capital is Stockholm; Poland's capital is Warsaw. Only Warsaw begins with the letter W, so the answer is Poland.

Answer: Poland",cdc6a76e-1788557742,"Consider these 4 countries: Denmark, Norway, Sweden, Poland.
Exactly one of them has a capital city beginning with the letter W. Which country is it? Answer with just the country name.",2960044370
facts_parallel,default,4,cot,119,Israel,Israel,1,-1,0,0,stop,357,315,qwen3.6-27b,"Bulgaria's capital is Sofia; Germany's capital is Berlin; Ireland's capital is Dublin; Israel's capital is Jerusalem. Only Jerusalem begins with the letter J, so the answer is Israel.
Answer: Israel",cdc6a76e-1788557742,"Consider these 4 countries: Bulgaria, Germany, Ireland, Israel.
Exactly one of them has a capital city beginning with the letter J. Which country is it? Answer with just the country name.",3345580484
facts_parallel,default,8,immediate,0,Cuba,,0,-1,0,0,stop,3,0,qwen3.6-27b,Answer:,cdc6a76e-1788557742,"Consider these 8 countries: Sweden, Austria, China, Cuba, Israel, Ireland, Thailand, Germany.
Exactly one of them has a capital city beginning with the letter H. Which country is it? Answer with just the country name.",966719966
facts_parallel,default,8,immediate,1,Japan,Egypt,0,-1,0,0,stop,4,0,qwen3.6-27b,Answer: Egypt,cdc6a76e-1788557742,"Consider these 8 countries: Egypt, Kenya, Russia, Japan, Germany, Poland, Norway, Bulgaria.
Exactly one of them has a capital city beginning with the letter T. Which country is it? Answer with just the country name.",1318701384
facts_parallel,default,8,immediate,2,Kenya,Kenya,1,-1,0,0,stop,4,0,qwen3.6-27b,Answer: Kenya,cdc6a76e-1788557742,"Consider these 8 countries: Germany, Ireland, Indonesia, Cuba, Portugal, Kenya, Sweden, Russia.
Exactly one of them has a capital city beginning with the letter N. Which country is it? Answer with just the country name.",3616577778
facts_parallel,default,8,immediate,3,Austria,,0,-1,0,0,stop,3,0,qwen3.6-27b,Answer:,cdc6a76e-1788557742,"Consider these 8 countries: Egypt, Portugal, Denmark, Austria, Thailand, Indonesia, Cuba, Russia.
Exactly one of them has a capital city beginning with the letter V. Which country is it? Answer with just the country name.",2694293604
facts_parallel,default,8,immediate,4,Czechia,Portugal,0,-1,0,0,stop,4,0,qwen3.6-27b,Answer: Portugal,cdc6a76e-1788557742,"Consider these 8 countries: Peru, Indonesia, Cuba, Bulgaria, Czechia, Morocco, Portugal, Israel.
Exactly one of them has a capital city beginning with the letter P. Which country is it? Answer with just the country name.",1056128455
facts_parallel,default,8,immediate,5,Norway,Portugal,0,-1,0,0,stop,3,0,qwen3.6-27b,Answer: Portugal,cdc6a76e-1788557742,"Consider these 8 countries: Poland, Czechia, Norway, Thailand, Austria, Germany, Ireland, Portugal.
Exactly one of them has a capital city beginning with the letter O. Which country is it? Answer with just the country name.",1240730961
facts_parallel,default,8,immediate,6,Egypt,Peru,0,-1,0,0,stop,4,0,qwen3.6-27b,Answer: Peru,cdc6a76e-1788557742,"Consider these 8 countries: Bulgaria, Peru, Ireland, Sweden, Russia, Morocco, Greece, Egypt.
Exactly one of them has a capital city beginning with the letter C. Which country is it? Answer with just the country name.",3506265323
facts_parallel,default,8,immediate,7,Ireland,Germany,0,-1,0,0,stop,4,0,qwen3.6-27b,Answer: Germany,cdc6a76e-1788557742,"Consider these 8 countries: Thailand, Germany, Czechia, Japan, Ireland, Israel, Bulgaria, Indonesia.
Exactly one of them has a capital city beginning with the letter D. Which country is it? Answer with just the country name.",2818206845
facts_parallel,default,8,immediate,8,Denmark,China,0,-1,0,0,stop,4,0,qwen3.6-27b,Answer: China,cdc6a76e-1788557742,"Consider these 8 countries: Ireland, Indonesia, Denmark, China, Poland, Israel, Kenya, Japan.
Exactly one of them has a capital city beginning with the letter C. Which country is it? Answer with just the country name.",927298028
facts_parallel,default,8,immediate,9,Norway,,0,-1,0,0,stop,3,0,qwen3.6-27b,Answer:,cdc6a76e-1788557742,"Consider these 8 countries: Poland, Portugal, Finland, Norway, Thailand, China, Egypt, Russia.
Exactly one of them has a capital city beginning with the letter O. Which country is it? Answer with just the country name.",1078083962
facts_parallel,default,8,immediate,10,Kenya,Kenya,1,-1,0,0,stop,4,0,qwen3.6-27b,Answer: Kenya,cdc6a76e-1788557742,"Consider these 8 countries: Cuba, Indonesia, Greece, Egypt, Sweden, Austria, Finland, Kenya.
Exactly one of them has a capital city beginning with the letter N. Which country is it? Answer with just the country name.",2358415178
facts_parallel,default,8,immediate,11,Germany,Austria,0,-1,0,0,stop,4,0,qwen3.6-27b,Answer: Austria,cdc6a76e-1788557742,"Consider these 8 countries: Czechia, Ireland, Kenya, Egypt, Austria, Germany, Norway, Israel.
Exactly one of them has a capital city beginning with the letter B. Which country is it? Answer with just the country name.",4220895196
facts_parallel,default,8,immediate,12,Morocco,Kenya,0,-1,0,0,stop,4,0,qwen3.6-27b,Answer: Kenya,cdc6a76e-1788557742,"Consider these 8 countries: Norway, Japan, Bulgaria, Germany, Kenya, Morocco, Poland, Sweden.
Exactly one of them has a capital city beginning with the letter R. Which country is it? Answer with just the country name.",1654451814
facts_parallel,default,8,immediate,13,Czechia,,0,-1,0,0,stop,3,0,qwen3.6-27b,Answer:,cdc6a76e-1788557742,"Consider these 8 countries: Ireland, Egypt, Finland, Kenya, Israel, Czechia, China, Germany.
Exactly one of them has a capital city beginning with the letter P. Which country is it? Answer with just the country name.",362536688
facts_parallel,default,8,immediate,14,Kenya,Egypt,0,-1,0,0,stop,4,0,qwen3.6-27b,Answer: Egypt,cdc6a76e-1788557742,"Consider these 8 countries: Czechia, Ireland, Cuba, China, Japan, Egypt, Kenya, Morocco.
Exactly one of them has a capital city beginning with the letter N. Which country is it? Answer with just the country name.",2348763987
facts_parallel,default,8,immediate,15,Cuba,,0,-1,0,0,stop,3,0,qwen3.6-27b,Answer:,cdc6a76e-1788557742,"Consider these 8 countries: Morocco, Portugal, Japan, Israel, Cuba, Austria, Greece, Norway.
Exactly one of them has a capital city beginning with the letter H. Which country is it? Answer with just the country name.",4244143045
facts_parallel,default,8,immediate,16,Russia,Egypt,0,-1,0,0,stop,4,0,qwen3.6-27b,Answer: Egypt,cdc6a76e-1788557742,"Consider these 8 countries: Thailand, Israel, Peru, Sweden, Egypt, Russia, Indonesia, Denmark.
Exactly one of them has a capital city beginning with the letter M. Which country is it? Answer with just the country name.",1710303871
facts_parallel,default,8,immediate,17,Greece,Israel,0,-1,0,0,stop,4,0,qwen3.6-27b,Answer: Israel,cdc6a76e-1788557742,"Consider these 8 countries: Germany, Israel, Poland, Cuba, Denmark, Greece, Sweden, Japan.
Exactly one of them has a capital city beginning with the letter A. Which country is it? Answer with just the country name.",318118633
facts_parallel,default,8,immediate,18,Peru,,0,-1,0,0,stop,3,0,qwen3.6-27b,Answer:,cdc6a76e-1788557742,"Consider these 8 countries: Austria, Norway, Peru, Hungary, Poland, Finland, China, Israel.
Exactly one of them has a capital city beginning with the letter L. Which country is it? Answer with just the country name.",2185824120
facts_parallel,default,8,immediate,19,Norway,Portugal,0,-1,0,0,stop,4,0,qwen3.6-27b,Answer: Portugal,cdc6a76e-1788557742,"Consider these 8 countries: Peru, Portugal, Hungary, Denmark, Norway, Russia, Cuba, Poland.
Exactly one of them has a capital city beginning with the letter O. Which country is it? Answer with just the country name.",4115544046
facts_parallel,default,8,immediate,20,Portugal,,0,-1,0,0,stop,3,0,qwen3.6-27b,Answer:,cdc6a76e-1788557742,"Consider these 8 countries: Cuba, Austria, Norway, Israel, Ireland, Denmark, Portugal, Morocco.
Exactly one of them has a capital city beginning with the letter L. Which country is it? Answer with just the country name.",2814368905
facts_parallel,default,8,immediate,21,Thailand,Austria,0,-1,0,0,stop,4,0,qwen3.6-27b,Answer: Austria,cdc6a76e-1788557742,"Consider these 8 countries: Morocco, Finland, Poland, Thailand, Indonesia, Czechia, Sweden, Austria.
Exactly one of them has a capital city beginning with the letter B. Which country is it? Answer with just the country name.",3501779999
facts_parallel,default,8,immediate,22,Bulgaria,Morocco,0,-1,0,0,stop,4,0,qwen3.6-27b,Answer: Morocco,cdc6a76e-1788557742,"Consider these 8 countries: Norway, Egypt, Portugal, Peru, Indonesia, Bulgaria, Morocco, China.
Exactly one of them has a capital city beginning with the letter S. Which country is it? Answer with just the country name.",1236385189
facts_parallel,default,8,immediate,23,Egypt,Peru,0,-1,0,0,stop,4,0,qwen3.6-27b,Answer: Peru,cdc6a76e-1788557742,"Consider these 8 countries: Peru, Poland, Indonesia, Greece, Finland, Egypt, Ireland, Hungary.
Exactly one of them has a capital city beginning with the letter C. Which country is it? Answer with just the country name.",1052151091
facts_parallel,default,8,immediate,24,China,Denmark,0,-1,0,0,stop,4,0,qwen3.6-27b,Answer: Denmark,cdc6a76e-1788557742,"Consider these 8 countries: Russia, Denmark, Peru, Egypt, Czechia, China, Norway, Austria.
Exactly one of them has a capital city beginning with the letter B. Which country is it? Answer with just the country name.",2698123408
facts_parallel,default,8,immediate,25,Ireland,,0,-1,0,0,stop,3,0,qwen3.6-27b,Answer:,cdc6a76e-1788557742,"Consider these 8 countries: Ireland, Finland, Czechia, Cuba, Germany, Greece, Morocco, Austria.
Exactly one of them has a capital city beginning with the letter D. Which country is it? Answer with just the country name.",3621070854
facts_parallel,default,8,immediate,26,Cuba,Ireland,0,-1,0,0,stop,4,0,qwen3.6-27b,Answer: Ireland,cdc6a76e-1788557742,"Consider these 8 countries: Poland, Czechia, Ireland, Norway, Indonesia, Israel, Cuba, Greece.
Exactly one of them has a capital city beginning with the letter H. Which country is it? Answer with just the country name.",1323071932
facts_parallel,default,8,immediate,27,Austria,Russia,0,-1,0,0,stop,3,0,qwen3.6-27b,Answer: Russia,cdc6a76e-1788557742,"Consider these 8 countries: Denmark, Austria, Norway, Finland, Portugal, Russia, Indonesia, Japan.
Exactly one of them has a capital city beginning with the letter V. Which country is it? Answer with just the country name.",970672426
facts_parallel,default,8,immediate,28,Sweden,Sweden,1,-1,0,0,stop,4,0,qwen3.6-27b,Answer: Sweden,cdc6a76e-1788557742,"Consider these 8 countries: Japan, Hungary, Greece, Peru, China, Sweden, Cuba, Germany.
Exactly one of them has a capital city beginning with the letter S. Which country is it? Answer with just the country name.",2841924795
facts_parallel,default,8,immediate,29,Israel,Israel,1,-1,0,0,stop,4,0,qwen3.6-27b,Answer: Israel,cdc6a76e-1788557742,"Consider these 8 countries: Cuba, Poland, Germany, Norway, Kenya, Denmark, Israel, Portugal.
Exactly one of them has a capital city beginning with the letter J. Which country is it? Answer with just the country name.",3731055661
facts_parallel,default,8,immediate,30,Czechia,Peru,0,-1,0,0,stop,4,0,qwen3.6-27b,Answer: Peru,cdc6a76e-1788557742,"Consider these 8 countries: Bulgaria, Norway, Austria, Israel, China, Denmark, Czechia, Peru.
Exactly one of them has a capital city beginning with the letter P. Which country is it? Answer with just the country name.",3198479816
facts_parallel,default,8,immediate,31,Czechia,Portugal,0,-1,0,0,stop,4,0,qwen3.6-27b,Answer: Portugal,cdc6a76e-1788557742,"Consider these 8 countries: Portugal, Bulgaria, Denmark, Austria, Czechia, Indonesia, Morocco, Peru.
Exactly one of them has a capital city beginning with the letter P. Which country is it? Answer with just the country name.",3382959454
facts_parallel,default,8,immediate,32,Greece,Austria,0,-1,0,0,stop,4,0,qwen3.6-27b,Answer: Austria,cdc6a76e-1788557742,"Consider these 8 countries: Austria, Ireland, Egypt, Thailand, Finland, Greece, Israel, Czechia.
Exactly one of them has a capital city beginning with the letter A. Which country is it? Answer with just the country name.",1353354468
facts_parallel,default,8,immediate,33,Ireland,,0,-1,0,0,stop,3,0,qwen3.6-27b,Answer:,cdc6a76e-1788557742,"Consider these 8 countries: Thailand, Ireland, Japan, Cuba, Finland, Israel, China, Indonesia.
Exactly one of them has a capital city beginning with the letter D. Which country is it? Answer with just the country name.",665697394
facts_parallel,default,8,immediate,34,Czechia,Peru,0,-1,0,0,stop,4,0,qwen3.6-27b,Answer: Peru,cdc6a76e-1788557742,"Consider these 8 countries: Greece, Austria, Czechia, Russia, Peru, Sweden, Norway, Bulgaria.
Exactly one of them has a capital city beginning with the letter P. Which country is it? Answer with just the country name.",3116968401
facts_parallel,default,8,immediate,35,Peru,Morocco,0,-1,0,0,stop,4,0,qwen3.6-27b,Answer: Morocco,cdc6a76e-1788557742,"Consider these 8 countries: Ireland, Peru, Egypt, Denmark, Russia, Norway, Morocco, China.
Exactly one of them has a capital city beginning with the letter L. Which country is it? Answer with just the country name.",3469613383
facts_parallel,default,8,immediate,36,Russia,Morocco,0,-1,0,0,stop,4,0,qwen3.6-27b,Answer: Morocco,cdc6a76e-1788557742,"Consider these 8 countries: Thailand, Denmark, Peru, Russia, Morocco, Portugal, Poland, Israel.
Exactly one of them has a capital city beginning with the letter M. Which country is it? Answer with just the country name.",1472678141
facts_parallel,default,8,immediate,37,Egypt,China,0,-1,0,0,stop,4,0,qwen3.6-27b,Answer: China,cdc6a76e-1788557742,"Consider these 8 countries: Russia, Indonesia, China, Sweden, Ireland, Egypt, Poland, Greece.
Exactly one of them has a capital city beginning with the letter C. Which country is it? Answer with just the country name.",549484651
facts_parallel,default,8,immediate,38,Egypt,Bulgaria,0,-1,0,0,stop,4,0,qwen3.6-27b,Answer: Bulgaria,cdc6a76e-1788557742,"Consider these 8 countries: Bulgaria, Germany, Egypt, Greece, Sweden, Poland, Ireland, Norway.
Exactly one of them has a capital city beginning with the letter C. Which country is it? Answer with just the country name.",2961139194
facts_parallel,default,8,immediate,39,Norway,Egypt,0,-1,0,0,stop,4,0,qwen3.6-27b,Answer: Egypt,cdc6a76e-1788557742,"Consider these 8 countries: Indonesia, Egypt, Cuba, Norway, Hungary, Japan, Portugal, Ireland.
Exactly one of them has a capital city beginning with the letter O. Which country is it? Answer with just the country name.",3346552172
facts_parallel,default,8,immediate,40,Morocco,Russia,0,-1,0,0,stop,4,0,qwen3.6-27b,Answer: Russia,cdc6a76e-1788557742,"Consider these 8 countries: Indonesia, Greece, China, Cuba, Denmark, Poland, Morocco, Russia.
Exactly one of them has a capital city beginning with the letter R. Which country is it? Answer with just the country name.",4058348303
facts_parallel,default,8,immediate,41,Russia,Morocco,0,-1,0,0,stop,4,0,qwen3.6-27b,Answer: Morocco,cdc6a76e-1788557742,"Consider these 8 countries: Russia, Portugal, Morocco, Germany, Cuba, Finland, Sweden, Hungary.
Exactly one of them has a capital city beginning with the letter M. Which country is it? Answer with just the country name.",2262977433
facts_parallel,default,8,immediate,42,Austria,Bulgaria,0,-1,0,0,stop,3,0,qwen3.6-27b,Answer: Bulgaria,cdc6a76e-1788557742,"Consider these 8 countries: Norway, Poland, Bulgaria, Morocco, Hungary, Austria, Japan, China.
Exactly one of them has a capital city beginning with the letter V. Which country is it? Answer with just the country name.",535501347
facts_parallel,default,8,immediate,43,Japan,Thailand,0,-1,0,0,stop,4,0,qwen3.6-27b,Answer: Thailand,cdc6a76e-1788557742,"Consider these 8 countries: Cuba, Israel, Denmark, Thailand, Czechia, Bulgaria, Japan, Indonesia.
Exactly one of them has a capital city beginning with the letter T. Which country is it? Answer with just the country name.",1760307893
facts_parallel,default,8,immediate,44,Kenya,Norway,0,-1,0,0,stop,4,0,qwen3.6-27b,Answer: Norway,cdc6a76e-1788557742,"Consider these 8 countries: Israel, Cuba, Kenya, China, Thailand, Norway, Portugal, Russia.
Exactly one of them has a capital city beginning with the letter N. Which country is it? Answer with just the country name.",4136156950
facts_parallel,default,8,immediate,45,Indonesia,Japan,0,-1,0,0,stop,4,0,qwen3.6-27b,Answer: Japan,cdc6a76e-1788557742,"Consider these 8 countries: Greece, Cuba, Norway, Russia, Czechia, Japan, Indonesia, Denmark.
Exactly one of them has a capital city beginning with the letter J. Which country is it? Answer with just the country name.",2173669248
facts_parallel,default,8,immediate,46,Russia,Bulgaria,0,-1,0,0,stop,4,0,qwen3.6-27b,Answer: Bulgaria,cdc6a76e-1788557742,"Consider these 8 countries: Bulgaria, Denmark, Czechia, Peru, Russia, China, Thailand, Israel.
Exactly one of them has a capital city beginning with the letter M. Which country is it? Answer with just the country name.",411491898
facts_parallel,default,8,immediate,47,Portugal,Portugal,1,-1,0,0,stop,4,0,qwen3.6-27b,Answer: Portugal,cdc6a76e-1788557742,"Consider these 8 countries: Egypt, Portugal, Japan, Poland, Ireland, Norway, Czechia, Finland.
Exactly one of them has a capital city beginning with the letter L. Which country is it? Answer with just the country name.",1870786220
facts_parallel,default,8,immediate,48,Indonesia,Indonesia,1,-1,0,0,stop,4,0,qwen3.6-27b,Answer: Indonesia,cdc6a76e-1788557742,"Consider these 8 countries: Indonesia, Ireland, Czechia, China, Morocco, Finland, Greece, Bulgaria.
Exactly one of them has a capital city beginning with the letter J. Which country is it? Answer with just the country name.",4282315581
facts_parallel,default,8,immediate,49,Thailand,Bulgaria,0,-1,0,0,stop,3,0,qwen3.6-27b,Answer: Bulgaria,cdc6a76e-1788557742,"Consider these 8 countries: Portugal, Morocco, Kenya, Ireland, Thailand, Denmark, Bulgaria, Egypt.
Exactly one of them has a capital city beginning with the letter B. Which country is it? Answer with just the country name.",2285487019
facts_parallel,default,8,immediate,50,Russia,Germany,0,-1,0,0,stop,4,0,qwen3.6-27b,Answer: Germany,cdc6a76e-1788557742,"Consider these 8 countries: Russia, Israel, Germany, Cuba, China, Ireland, Japan, Thailand.
Exactly one of them has a capital city beginning with the letter M. Which country is it? Answer with just the country name.",3908979278
facts_parallel,default,8,immediate,51,Greece,Kenya,0,-1,0,0,stop,4,0,qwen3.6-27b,Answer: Kenya,cdc6a76e-1788557742,"Consider these 8 countries: Cuba, Japan, Kenya, Indonesia, Germany, Greece, Thailand, China.
Exactly one of them has a capital city beginning with the letter A. Which country is it? Answer with just the country name.",2683927256
facts_parallel,default,8,immediate,52,Kenya,Kenya,1,-1,0,0,stop,4,0,qwen3.6-27b,Answer: Kenya,cdc6a76e-1788557742,"Consider these 8 countries: Greece, Austria, Kenya, Japan, Germany, Ireland, Poland, Bulgaria.
Exactly one of them has a capital city beginning with the letter N. Which country is it? Answer with just the country name.",116403042
facts_parallel,default,8,immediate,53,Indonesia,Japan,0,-1,0,0,stop,4,0,qwen3.6-27b,Answer: Japan,cdc6a76e-1788557742,"Consider these 8 countries: Indonesia, Poland, Portugal, Czechia, China, Japan, Bulgaria, Germany.
Exactly one of them has a capital city beginning with the letter J. Which country is it? Answer with just the country name.",1912019956
facts_parallel,default,8,immediate,54,Peru,,0,-1,0,0,stop,3,0,qwen3.6-27b,Answer:,cdc6a76e-1788557742,"Consider these 8 countries: Japan, Peru, Cuba, Greece, Egypt, Morocco, Norway, Germany.
Exactly one of them has a capital city beginning with the letter L. Which country is it? Answer with just the country name.",4019424855
facts_parallel,default,8,immediate,55,Austria,Austria,1,-1,0,0,stop,4,0,qwen3.6-27b,Answer: Austria,cdc6a76e-1788557742,"Consider these 8 countries: Morocco, Israel, Austria, Peru, Norway, Hungary, Finland, Japan.
Exactly one of them has a capital city beginning with the letter V. Which country is it? Answer with just the country name.",2559884993
facts_parallel,default,8,immediate,56,Indonesia,Indonesia,1,-1,0,0,stop,4,0,qwen3.6-27b,Answer: Indonesia,cdc6a76e-1788557742,"Consider these 8 countries: Sweden, Indonesia, Austria, Morocco, Czechia, China, Norway, Hungary.
Exactly one of them has a capital city beginning with the letter J. Which country is it? Answer with just the country name.",27127675
facts_parallel,default,8,immediate,57,Ireland,Denmark,0,-1,0,0,stop,4,0,qwen3.6-27b,Answer: Denmark,cdc6a76e-1788557742,"Consider these 8 countries: Morocco, Denmark, Ireland, Sweden, Germany, Norway, Hungary, Bulgaria.
Exactly one of them has a capital city beginning with the letter D. Which country is it? Answer with just the country name.",1989861357
facts_parallel,default,8,immediate,58,Morocco,Norway,0,-1,0,0,stop,4,0,qwen3.6-27b,Answer: Norway,cdc6a76e-1788557742,"Consider these 8 countries: Austria, Japan, Norway, Bulgaria, Morocco, China, Hungary, Czechia.
Exactly one of them has a capital city beginning with the letter R. Which country is it? Answer with just the country name.",3861234300
facts_parallel,default,8,immediate,59,Norway,Portugal,0,-1,0,0,stop,4,0,qwen3.6-27b,Answer: Portugal,cdc6a76e-1788557742,"Consider these 8 countries: Hungary, Indonesia, Thailand, Poland, Peru, Norway, Greece, Portugal.
Exactly one of them has a capital city beginning with the letter O. Which country is it? Answer with just the country name.",2434986730
facts_parallel,default,8,immediate,60,Finland,Hungary,0,-1,0,0,stop,4,0,qwen3.6-27b,Answer: Hungary,cdc6a76e-1788557742,"Consider these 8 countries: Finland, Russia, Israel, Kenya, Norway, Hungary, China, Denmark.
Exactly one of them has a capital city beginning with the letter H. Which country is it? Answer with just the country name.",3285391757
facts_parallel,default,8,immediate,61,Denmark,China,0,-1,0,0,stop,4,0,qwen3.6-27b,Answer: China,cdc6a76e-1788557742,"Consider these 8 countries: Hungary, Denmark, Norway, China, Portugal, Ireland, Bulgaria, Russia.
Exactly one of them has a capital city beginning with the letter C. Which country is it? Answer with just the country name.",3033803035
facts_parallel,default,8,immediate,62,Peru,Finland,0,-1,0,0,stop,4,0,qwen3.6-27b,Answer: Finland,cdc6a76e-1788557742,"Consider these 8 countries: Denmark, Finland, Russia, Indonesia, Sweden, Poland, Ireland, Peru.
Exactly one of them has a capital city beginning with the letter L. Which country is it? Answer with just the country name.",769489057
facts_parallel,default,8,immediate,63,Thailand,Portugal,0,-1,0,0,stop,4,0,qwen3.6-27b,Answer: Portugal,cdc6a76e-1788557742,"Consider these 8 countries: Morocco, Peru, Portugal, Greece, Poland, Ireland, Finland, Thailand.
Exactly one of them has a capital city beginning with the letter B. Which country is it? Answer with just the country name.",1524254775
facts_parallel,default,8,immediate,64,Bulgaria,Thailand,0,-1,0,0,stop,4,0,qwen3.6-27b,Answer: Thailand,cdc6a76e-1788557742,"Consider these 8 countries: Germany, Egypt, Morocco, Poland, Ireland, Thailand, Bulgaria, China.
Exactly one of them has a capital city beginning with the letter S. Which country is it? Answer with just the country name.",3300842900
facts_parallel,default,8,immediate,65,Kenya,Kenya,1,-1,0,0,stop,4,0,qwen3.6-27b,Answer: Kenya,cdc6a76e-1788557742,"Consider these 8 countries: Germany, China, Sweden, Russia, Egypt, Israel, Kenya, Finland.
Exactly one of them has a capital city beginning with the letter N. Which country is it? Answer with just the country name.",3015306498
facts_parallel,default,8,immediate,66,Norway,Austria,0,-1,0,0,stop,4,0,qwen3.6-27b,Answer: Austria,cdc6a76e-1788557742,"Consider these 8 countries: Germany, Ireland, Indonesia, Austria, Hungary, Norway, Kenya, Peru.
Exactly one of them has a capital city beginning with the letter O. Which country is it? Answer with just the country name.",716225720
facts_parallel,default,8,immediate,67,Israel,Israel,1,-1,0,0,stop,4,0,qwen3.6-27b,Answer: Israel,cdc6a76e-1788557742,"Consider these 8 countries: Greece, Sweden, Norway, Ireland, Egypt, Russia, Denmark, Israel.
Exactly one of them has a capital city beginning with the letter J. Which country is it? Answer with just the country name.",1572310062
facts_parallel,default,8,immediate,68,Indonesia,Indonesia,1,-1,0,0,stop,4,0,qwen3.6-27b,Answer: Indonesia,cdc6a76e-1788557742,"Consider these 8 countries: Indonesia, Thailand, Germany, Cuba, Norway, China, Ireland, Austria.
Exactly one of them has a capital city beginning with the letter J. Which country is it? Answer with just the country name.",3439890879
facts_parallel,default,8,immediate,69,Austria,Bulgaria,0,-1,0,0,stop,3,0,qwen3.6-27b,Answer: Bulgaria,cdc6a76e-1788557742,"Consider these 8 countries: Bulgaria, Japan, Hungary, Austria, Cuba, Portugal, Denmark, Egypt.
Exactly one of them has a capital city beginning with the letter V. Which country is it? Answer with just the country name.",3121586473
facts_parallel,default,8,immediate,70,Morocco,Egypt,0,-1,0,0,stop,4,0,qwen3.6-27b,Answer: Egypt,cdc6a76e-1788557742,"Consider these 8 countries: Egypt, Czechia, Finland, China, Cuba, Morocco, Bulgaria, Hungary.
Exactly one of them has a capital city beginning with the letter R. Which country is it? Answer with just the country name.",3670550732
facts_parallel,default,8,immediate,71,Cuba,Hungary,0,-1,0,0,stop,4,0,qwen3.6-27b,Answer: Hungary,cdc6a76e-1788557742,"Consider these 8 countries: Czechia, Cuba, Russia, Austria, Bulgaria, Peru, Israel, Sweden.
Exactly one of them has a capital city beginning with the letter H. Which country is it? Answer with just the country name.",2916030554
facts_parallel,default,8,immediate,72,Denmark,Czechia,0,-1,0,0,stop,5,0,qwen3.6-27b,Answer: Czechia,cdc6a76e-1788557742,"Consider these 8 countries: Peru, Denmark, Germany, Czechia, Japan, Austria, Greece, Finland.
Exactly one of them has a capital city beginning with the letter C. Which country is it? Answer with just the country name.",885410272
facts_parallel,default,8,immediate,73,Norway,,0,-1,0,0,stop,2,0,qwen3.6-27b,Answer:,cdc6a76e-1788557742,"Consider these 8 countries: Sweden, Ireland, Russia, Austria, Denmark, Thailand, Norway, Czechia.
Exactly one of them has a capital city beginning with the letter O. Which country is it? Answer with just the country name.",1136753014
facts_parallel,default,8,immediate,74,Peru,Poland,0,-1,0,0,stop,4,0,qwen3.6-27b,Answer: Poland,cdc6a76e-1788557742,"Consider these 8 countries: China, Poland, Peru, Sweden, Israel, Germany, Czechia, Hungary.
Exactly one of them has a capital city beginning with the letter L. Which country is it? Answer with just the country name.",3718638805
facts_parallel,default,8,immediate,75,Bulgaria,,0,-1,0,0,stop,3,0,qwen3.6-27b,Answer:,cdc6a76e-1788557742,"Consider these 8 countries: Germany, Russia, Greece, Morocco, Israel, Bulgaria, Kenya, Egypt.
Exactly one of them has a capital city beginning with the letter S. Which country is it? Answer with just the country name.",2862799939
facts_parallel,default,8,immediate,76,Israel,,0,-1,0,0,stop,3,0,qwen3.6-27b,Answer:,cdc6a76e-1788557742,"Consider these 8 countries: Cuba, Greece, Morocco, Peru, Kenya, Israel, Portugal, Germany.
Exactly one of them has a capital city beginning with the letter J. Which country is it? Answer with just the country name.",866881017
facts_parallel,default,8,immediate,77,Peru,,0,-1,0,0,stop,3,0,qwen3.6-27b,Answer:,cdc6a76e-1788557742,"Consider these 8 countries: Greece, Denmark, Egypt, Peru, Poland, Russia, Austria, Ireland.
Exactly one of them has a capital city beginning with the letter L. Which country is it? Answer with just the country name.",1152171375
facts_parallel,default,8,immediate,78,Czechia,Greece,0,-1,0,0,stop,4,0,qwen3.6-27b,Answer: Greece,cdc6a76e-1788557742,"Consider these 8 countries: Indonesia, Czechia, Egypt, Denmark, China, Ireland, Greece, Austria.
Exactly one of them has a capital city beginning with the letter P. Which country is it? Answer with just the country name.",3558056190
facts_parallel,default,8,immediate,79,Kenya,Kenya,1,-1,0,0,stop,4,0,qwen3.6-27b,Answer: Kenya,cdc6a76e-1788557742,"Consider these 8 countries: Japan, Kenya, Portugal, Finland, Indonesia, Egypt, Hungary, Austria.
Exactly one of them has a capital city beginning with the letter N. Which country is it? Answer with just the country name.",2736033896
facts_parallel,default,8,immediate,80,Morocco,Morocco,1,-1,0,0,stop,4,0,qwen3.6-27b,Answer: Morocco,cdc6a76e-1788557742,"Consider these 8 countries: Morocco, Norway, Thailand, Finland, Poland, Hungary, Indonesia, Portugal.
Exactly one of them has a capital city beginning with the letter R. Which country is it? Answer with just the country name.",1565537283
facts_parallel,default,8,immediate,81,Bulgaria,Portugal,0,-1,0,0,stop,4,0,qwen3.6-27b,Answer: Portugal,cdc6a76e-1788557742,"Consider these 8 countries: Bulgaria, Peru, Japan, Finland, Russia, Hungary, Cuba, Portugal.
Exactly one of them has a capital city beginning with the letter S. Which country is it? Answer with just the country name.",710345877
facts_parallel,default,8,immediate,82,Greece,Kenya,0,-1,0,0,stop,4,0,qwen3.6-27b,Answer: Kenya,cdc6a76e-1788557742,"Consider these 8 countries: Greece, Japan, China, Israel, Thailand, Germany, Morocco, Kenya.
Exactly one of them has a capital city beginning with the letter A. Which country is it? Answer with just the country name.",3009303855
facts_parallel,default,8,immediate,83,Norway,Norway,1,-1,0,0,stop,4,0,qwen3.6-27b,Answer: Norway,cdc6a76e-1788557742,"Consider these 8 countries: Ireland, Cuba, Russia, Indonesia, Israel, Norway, Denmark, Poland.
Exactly one of them has a capital city beginning with the letter O. Which country is it? Answer with just the country name.",3294193081
facts_parallel,default,8,immediate,84,Czechia,Indonesia,0,-1,0,0,stop,4,0,qwen3.6-27b,Answer: Indonesia,cdc6a76e-1788557742,"Consider these 8 countries: Austria, Finland, Israel, Czechia, Indonesia, Hungary, Bulgaria, Denmark.
Exactly one of them has a capital city beginning with the letter P. Which country is it? Answer with just the country name.",1514008602
facts_parallel,default,8,immediate,85,Peru,Peru,1,-1,0,0,stop,4,0,qwen3.6-27b,Answer: Peru,cdc6a76e-1788557742,"Consider these 8 countries: Israel, Denmark, Czechia, Norway, Peru, Poland, Indonesia, Ireland.
Exactly one of them has a capital city beginning with the letter L. Which country is it? Answer with just the country name.",758825100
facts_parallel,default,8,immediate,86,Sweden,Sweden,1,-1,0,0,stop,4,0,qwen3.6-27b,Answer: Sweden,cdc6a76e-1788557742,"Consider these 8 countries: Japan, Hungary, Greece, Sweden, Germany, Denmark, Morocco, Peru.
Exactly one of them has a capital city beginning with the letter S. Which country is it? Answer with just the country name.",3023278390
facts_parallel,default,8,immediate,87,Russia,,0,-1,0,0,stop,3,0,qwen3.6-27b,Answer:,cdc6a76e-1788557742,"Consider these 8 countries: Norway, Russia, Ireland, Peru, Kenya, Portugal, Bulgaria, China.
Exactly one of them has a capital city beginning with the letter M. Which country is it? Answer with just the country name.",3275006368
facts_parallel,default,8,immediate,88,Austria,Bulgaria,0,-1,0,0,stop,4,0,qwen3.6-27b,Answer: Bulgaria,cdc6a76e-1788557742,"Consider these 8 countries: Egypt, Ireland, Czechia, Japan, Bulgaria, Austria, Russia, Denmark.
Exactly one of them has a capital city beginning with the letter V. Which country is it? Answer with just the country name.",1401666609
facts_parallel,default,8,immediate,89,Finland,Hungary,0,-1,0,0,stop,4,0,qwen3.6-27b,Answer: Hungary,cdc6a76e-1788557742,"Consider these 8 countries: Bulgaria, Portugal, Denmark, Finland, Hungary, Sweden, Indonesia, Peru.
Exactly one of them has a capital city beginning with the letter H. Which country is it? Answer with just the country name.",613190823
facts_parallel,default,8,immediate,90,Bulgaria,Austria,0,-1,0,0,stop,3,0,qwen3.6-27b,Answer: Austria,cdc6a76e-1788557742,"Consider these 8 countries: Bulgaria, Cuba, Austria, Finland, Ireland, China, Germany, Denmark.
Exactly one of them has a capital city beginning with the letter S. Which country is it? Answer with just the country name.",1145767234
facts_parallel,default,8,immediate,91,Norway,Peru,0,-1,0,0,stop,4,0,qwen3.6-27b,Answer: Peru,cdc6a76e-1788557742,"Consider these 8 countries: Czechia, Egypt, Peru, Poland, Thailand, Norway, China, Denmark.
Exactly one of them has a capital city beginning with the letter O. Which country is it? Answer with just the country name.",860632532
facts_parallel,default,8,immediate,92,Greece,Egypt,0,-1,0,0,stop,4,0,qwen3.6-27b,Answer: Egypt,cdc6a76e-1788557742,"Consider these 8 countries: Japan, Sweden, Greece, Egypt, Indonesia, Finland, Portugal, Thailand.
Exactly one of them has a capital city beginning with the letter A. Which country is it? Answer with just the country name.",2856674414
facts_parallel,default,8,immediate,93,Germany,Bulgaria,0,-1,0,0,stop,4,0,qwen3.6-27b,Answer: Bulgaria,cdc6a76e-1788557742,"Consider these 8 countries: Germany, Kenya, Greece, Denmark, Poland, Japan, Sweden, Bulgaria.
Exactly one of them has a capital city beginning with the letter B. Which country is it? Answer with just the country name.",3712111864
facts_parallel,default,8,immediate,94,Cuba,,0,-1,0,0,stop,3,0,qwen3.6-27b,Answer:,cdc6a76e-1788557742,"Consider these 8 countries: China, Kenya, Bulgaria, Morocco, Greece, Peru, Cuba, Sweden.
Exactly one of them has a capital city beginning with the letter H. Which country is it? Answer with just the country name.",1126613339
facts_parallel,default,8,immediate,95,Austria,,0,-1,0,0,stop,3,0,qwen3.6-27b,Answer:,cdc6a76e-1788557742,"Consider these 8 countries: Japan, Poland, Austria, Israel, Kenya, Denmark, Hungary, Thailand.
Exactly one of them has a capital city beginning with the letter V. Which country is it? Answer with just the country name.",874639821
facts_parallel,default,8,immediate,96,Norway,Norway,1,-1,0,0,stop,4,0,qwen3.6-27b,Answer: Norway,cdc6a76e-1788557742,"Consider these 8 countries: Portugal, Hungary, Norway, Israel, Austria, Peru, Thailand, Germany.
Exactly one of them has a capital city beginning with the letter O. Which country is it? Answer with just the country name.",2905120887
facts_parallel,default,8,immediate,97,Austria,,0,-1,0,0,stop,3,0,qwen3.6-27b,Answer:,cdc6a76e-1788557742,"Consider these 8 countries: Germany, Cuba, Hungary, Russia, Bulgaria, Austria, Egypt, Morocco.
Exactly one of them has a capital city beginning with the letter V. Which country is it? Answer with just the country name.",3660550369
facts_parallel,default,8,immediate,98,Indonesia,Indonesia,1,-1,0,0,stop,4,0,qwen3.6-27b,Answer: Indonesia,cdc6a76e-1788557742,"Consider these 8 countries: Czechia, Austria, Ireland, Poland, Finland, Indonesia, Greece, Morocco.
Exactly one of them has a capital city beginning with the letter J. Which country is it? Answer with just the country name.",1250987376
facts_parallel,default,8,immediate,99,Indonesia,Indonesia,1,-1,0,0,stop,4,0,qwen3.6-27b,Answer: Indonesia,cdc6a76e-1788557742,"Consider these 8 countries: Russia, Denmark, Indonesia, Cuba, Norway, China, Japan, Kenya.
Exactly one of them has a capital city beginning with the letter J. Which country is it? Answer with just the country name.",1033354726
facts_parallel,default,8,immediate,100,Portugal,Portugal,1,-1,0,0,stop,4,0,qwen3.6-27b,Answer: Portugal,cdc6a76e-1788557742,"Consider these 8 countries: Thailand, Portugal, Germany, Finland, China, Morocco, Ireland, Czechia.
Exactly one of them has a capital city beginning with the letter L. Which country is it? Answer with just the country name.",1650386208
facts_parallel,default,8,immediate,101,Kenya,Kenya,1,-1,0,0,stop,4,0,qwen3.6-27b,Answer: Kenya,cdc6a76e-1788557742,"Consider these 8 countries: Russia, Bulgaria, China, Japan, Israel, Finland, Thailand, Kenya.
Exactly one of them has a capital city beginning with the letter N. Which country is it? Answer with just the country name.",358208950
facts_parallel,default,8,immediate,102,Japan,Thailand,0,-1,0,0,stop,3,0,qwen3.6-27b,Answer: Thailand,cdc6a76e-1788557742,"Consider these 8 countries: Bulgaria, Morocco, Poland, Cuba, Hungary, Thailand, Japan, China.
Exactly one of them has a capital city beginning with the letter T. Which country is it? Answer with just the country name.",2354086924
facts_parallel,default,8,immediate,103,Egypt,Cuba,0,-1,0,0,stop,4,0,qwen3.6-27b,Answer: Cuba,cdc6a76e-1788557742,"Consider these 8 countries: Greece, Ireland, Cuba, Egypt, Peru, Bulgaria, Israel, Hungary.
Exactly one of them has a capital city beginning with the letter C. Which country is it? Answer with just the country name.",4216829082
facts_parallel,default,8,immediate,104,Indonesia,Japan,0,-1,0,0,stop,4,0,qwen3.6-27b,Answer: Japan,cdc6a76e-1788557742,"Consider these 8 countries: Germany, Indonesia, Egypt, Bulgaria, Thailand, Japan, Norway, China.
Exactly one of them has a capital city beginning with the letter J. Which country is it? Answer with just the country name.",1697849657
facts_parallel,default,8,immediate,105,Poland,Germany,0,-1,0,0,stop,4,0,qwen3.6-27b,Answer: Germany,cdc6a76e-1788557742,"Consider these 8 countries: Peru, Austria, Kenya, Japan, Germany, Poland, Egypt, Cuba.
Exactly one of them has a capital city beginning with the letter W. Which country is it? Answer with just the country name.",305402287
facts_parallel,default,8,immediate,106,Cuba,Indonesia,0,-1,0,0,stop,4,0,qwen3.6-27b,Answer: Indonesia,cdc6a76e-1788557742,"Consider these 8 countries: Egypt, Cuba, Austria, Russia, Indonesia, Bulgaria, Israel, Kenya.
Exactly one of them has a capital city beginning with the letter H. Which country is it? Answer with just the country name.",2336047125
facts_parallel,default,8,immediate,107,Germany,Egypt,0,-1,0,0,stop,4,0,qwen3.6-27b,Answer: Egypt,cdc6a76e-1788557742,"Consider these 8 countries: Poland, Indonesia, Russia, Germany, Egypt, Portugal, Japan, Israel.
Exactly one of them has a capital city beginning with the letter B. Which country is it? Answer with just the country name.",4231688323
facts_parallel,default,8,immediate,108,Poland,Poland,1,-1,0,0,stop,4,0,qwen3.6-27b,Answer: Poland,cdc6a76e-1788557742,"Consider these 8 countries: Russia, Germany, Poland, Japan, Cuba, Ireland, Czechia, Hungary.
Exactly one of them has a capital city beginning with the letter W. Which country is it? Answer with just the country name.",1820683538
facts_parallel,default,8,immediate,109,Austria,Austria,1,-1,0,0,stop,4,0,qwen3.6-27b,Answer: Austria,cdc6a76e-1788557742,"Consider these 8 countries: Sweden, Austria, Portugal, Greece, Hungary, Russia, Egypt, Thailand.
Exactly one of them has a capital city beginning with the letter V. Which country is it? Answer with just the country name.",461528452
facts_parallel,default,8,immediate,110,Norway,Norway,1,-1,0,0,stop,4,0,qwen3.6-27b,Answer: Norway,cdc6a76e-1788557742,"Consider these 8 countries: Denmark, Hungary, Norway, Kenya, Czechia, Portugal, Germany, Bulgaria.
Exactly one of them has a capital city beginning with the letter O. Which country is it? Answer with just the country name.",2068173921
facts_parallel,default,8,immediate,111,Ireland,Denmark,0,-1,0,0,stop,4,0,qwen3.6-27b,Answer: Denmark,cdc6a76e-1788557742,"Consider these 8 countries: Finland, Hungary, Ireland, Cuba, Kenya, Russia, Thailand, Denmark.
Exactly one of them has a capital city beginning with the letter D. Which country is it? Answer with just the country name.",205710583
facts_parallel,default,8,immediate,112,Czechia,Portugal,0,-1,0,0,stop,3,0,qwen3.6-27b,Answer: Portugal,cdc6a76e-1788557742,"Consider these 8 countries: Russia, Peru, Austria, Israel, Egypt, Portugal, Germany, Czechia.
Exactly one of them has a capital city beginning with the letter P. Which country is it? Answer with just the country name.",2504766797
facts_parallel,default,8,immediate,113,Kenya,Kenya,1,-1,0,0,stop,4,0,qwen3.6-27b,Answer: Kenya,cdc6a76e-1788557742,"Consider these 8 countries: Poland, Egypt, Sweden, Morocco, Peru, Greece, Kenya, Czechia.
Exactly one of them has a capital city beginning with the letter N. Which country is it? Answer with just the country name.",3796665819
facts_parallel,default,8,immediate,114,Portugal,Portugal,1,-1,0,0,stop,4,0,qwen3.6-27b,Answer: Portugal,cdc6a76e-1788557742,"Consider these 8 countries: Norway, Portugal, Greece, China, Japan, Poland, Czechia, Thailand.
Exactly one of them has a capital city beginning with the letter L. Which country is it? Answer with just the country name.",2083000440
facts_parallel,default,8,immediate,115,Cuba,Bulgaria,0,-1,0,0,stop,4,0,qwen3.6-27b,Answer: Bulgaria,cdc6a76e-1788557742,"Consider these 8 countries: Bulgaria, China, Israel, Sweden, Morocco, Russia, Greece, Cuba.
Exactly one of them has a capital city beginning with the letter H. Which country is it? Answer with just the country name.",187637998
facts_parallel,default,8,immediate,116,Ireland,Morocco,0,-1,0,0,stop,4,0,qwen3.6-27b,Answer: Morocco,cdc6a76e-1788557742,"Consider these 8 countries: Ireland, Norway, Peru, Thailand, Russia, Morocco, Japan, Greece.
Exactly one of them has a capital city beginning with the letter D. Which country is it? Answer with just the country name.",2451992916
facts_parallel,default,8,immediate,117,Poland,,0,-1,0,0,stop,2,0,qwen3.6-27b,Answer:,cdc6a76e-1788557742,"Consider these 8 countries: Thailand, Indonesia, Japan, Poland, Norway, Germany, Hungary, Morocco.
Exactly one of them has a capital city beginning with the letter W. Which country is it? Answer with just the country name.",3844161986
facts_parallel,default,8,immediate,118,Morocco,Portugal,0,-1,0,0,stop,4,0,qwen3.6-27b,Answer: Portugal,cdc6a76e-1788557742,"Consider these 8 countries: Peru, Norway, Hungary, Indonesia, Greece, China, Morocco, Portugal.
Exactly one of them has a capital city beginning with the letter R. Which country is it? Answer with just the country name.",1973312595
facts_parallel,default,8,immediate,119,Egypt,Portugal,0,-1,0,0,stop,3,0,qwen3.6-27b,Answer: Portugal,cdc6a76e-1788557742,"Consider these 8 countries: China, Egypt, Portugal, Ireland, Peru, Norway, Morocco, Germany.
Exactly one of them has a capital city beginning with the letter C. Which country is it? Answer with just the country name.",43609285
facts_parallel,default,8,cot,0,Cuba,Cuba,1,-1,0,0,stop,715,647,qwen3.6-27b,"Sweden's capital is Stockholm; Austria's capital is Vienna; China's capital is Beijing; Cuba's capital is Havana; Israel's capital is Jerusalem; Ireland's capital is Dublin; Thailand's capital is Bangkok; Germany's capital is Berlin. Only Havana begins with the letter H, so the answer is Cuba.
Answer: Cuba",cdc6a76e-1788557742,"Consider these 8 countries: Sweden, Austria, China, Cuba, Israel, Ireland, Thailand, Germany.
Exactly one of them has a capital city beginning with the letter H. Which country is it? Answer with just the country name.",966719966
facts_parallel,default,8,cot,1,Japan,Japan,1,-1,0,0,stop,806,738,qwen3.6-27b,"Egypt's capital is Cairo; Kenya's capital is Nairobi; Russia's capital is Moscow; Japan's capital is Tokyo; Germany's capital is Berlin; Poland's capital is Warsaw; Norway's capital is Oslo; Bulgaria's capital is Sofia. Only Tokyo begins with the letter T, so the country is Japan.

Answer: Japan",cdc6a76e-1788557742,"Consider these 8 countries: Egypt, Kenya, Russia, Japan, Germany, Poland, Norway, Bulgaria.
Exactly one of them has a capital city beginning with the letter T. Which country is it? Answer with just the country name.",1318701384
facts_parallel,default,8,cot,2,Kenya,Kenya,1,-1,0,0,stop,845,779,qwen3.6-27b,"Germany's capital is Berlin; Ireland's capital is Dublin; Indonesia's capital is Jakarta; Cuba's capital is Havana; Portugal's capital is Lisbon; Kenya's capital is Nairobi; Sweden's capital is Stockholm; Russia's capital is Moscow. Only Nairobi begins with N, so the answer is Kenya.
Answer: Kenya",cdc6a76e-1788557742,"Consider these 8 countries: Germany, Ireland, Indonesia, Cuba, Portugal, Kenya, Sweden, Russia.
Exactly one of them has a capital city beginning with the letter N. Which country is it? Answer with just the country name.",3616577778
facts_parallel,default,8,cot,3,Austria,Austria,1,-1,0,0,stop,821,753,qwen3.6-27b,"Egypt's capital is Cairo; Portugal's capital is Lisbon; Denmark's capital is Copenhagen; Austria's capital is Vienna; Thailand's capital is Bangkok; Indonesia's capital is Jakarta; Cuba's capital is Havana; Russia's capital is Moscow. Only Vienna begins with the letter V, so the answer is Austria.
Answer: Austria",cdc6a76e-1788557742,"Consider these 8 countries: Egypt, Portugal, Denmark, Austria, Thailand, Indonesia, Cuba, Russia.
Exactly one of them has a capital city beginning with the letter V. Which country is it? Answer with just the country name.",2694293604
facts_parallel,default,8,cot,4,Czechia,Czechia,1,-1,0,0,stop,1192,1117,qwen3.6-27b,"Peru's capital is Lima; Indonesia's capital is Jakarta; Cuba's capital is Havana; Bulgaria's capital is Sofia; Czechia's capital is Prague; Morocco's capital is Rabat; Portugal's capital is Lisbon; Israel's capital is Jerusalem. Only Prague begins with the letter P, so the country is Czechia.

Answer: Czechia",cdc6a76e-1788557742,"Consider these 8 countries: Peru, Indonesia, Cuba, Bulgaria, Czechia, Morocco, Portugal, Israel.
Exactly one of them has a capital city beginning with the letter P. Which country is it? Answer with just the country name.",1056128455
facts_parallel,default,8,cot,5,Norway,Norway,1,-1,0,0,stop,908,840,qwen3.6-27b,"Poland's capital is Warsaw; Czechia's capital is Prague; Norway's capital is Oslo; Thailand's capital is Bangkok; Austria's capital is Vienna; Germany's capital is Berlin; Ireland's capital is Dublin; Portugal's capital is Lisbon. Only Oslo begins with O, so the answer is Norway.
Answer: Norway",cdc6a76e-1788557742,"Consider these 8 countries: Poland, Czechia, Norway, Thailand, Austria, Germany, Ireland, Portugal.
Exactly one of them has a capital city beginning with the letter O. Which country is it? Answer with just the country name.",1240730961
facts_parallel,default,8,cot,6,Egypt,Egypt,1,-1,0,0,stop,1121,1052,qwen3.6-27b,"Bulgaria's capital is Sofia; Peru's capital is Lima; Ireland's capital is Dublin; Sweden's capital is Stockholm; Russia's capital is Moscow; Morocco's capital is Rabat; Greece's capital is Athens; Egypt's capital is Cairo. Only Cairo begins with C, so the answer is Egypt.
Answer: Egypt",cdc6a76e-1788557742,"Consider these 8 countries: Bulgaria, Peru, Ireland, Sweden, Russia, Morocco, Greece, Egypt.
Exactly one of them has a capital city beginning with the letter C. Which country is it? Answer with just the country name.",3506265323
facts_parallel,default,8,cot,7,Ireland,Ireland,1,-1,0,0,stop,695,644,qwen3.6-27b,"Thailand's capital is Bangkok; Germany's capital is Berlin; Czechia's capital is Prague; Japan's capital is Tokyo; Ireland's capital is Dublin; Israel's capital is Jerusalem; Bulgaria's capital is Sofia; Indonesia's capital is Jakarta. Only Dublin begins with the letter D, so the answer is Ireland.
Answer: Ireland",cdc6a76e-1788557742,"Consider these 8 countries: Thailand, Germany, Czechia, Japan, Ireland, Israel, Bulgaria, Indonesia.
Exactly one of them has a capital city beginning with the letter D. Which country is it? Answer with just the country name.",2818206845
facts_parallel,default,8,cot,8,Denmark,Denmark,1,-1,0,0,stop,804,748,qwen3.6-27b,"Ireland's capital is Dublin; Indonesia's capital is Jakarta; Denmark's capital is Copenhagen; China's capital is Beijing; Poland's capital is Warsaw; Israel's capital is Jerusalem; Kenya's capital is Nairobi; Japan's capital is Tokyo. Only Copenhagen begins with C, so the answer is Denmark.
Answer: Denmark",cdc6a76e-1788557742,"Consider these 8 countries: Ireland, Indonesia, Denmark, China, Poland, Israel, Kenya, Japan.
Exactly one of them has a capital city beginning with the letter C. Which country is it? Answer with just the country name.",927298028
facts_parallel,default,8,cot,9,Norway,Norway,1,-1,0,0,stop,843,774,qwen3.6-27b,"Poland's capital is Warsaw; Portugal's capital is Lisbon; Finland's capital is Helsinki; Norway's capital is Oslo; Thailand's capital is Bangkok; China's capital is Beijing; Egypt's capital is Cairo; Russia's capital is Moscow. Only Oslo begins with the letter O, so the country is Norway.

Answer: Norway",cdc6a76e-1788557742,"Consider these 8 countries: Poland, Portugal, Finland, Norway, Thailand, China, Egypt, Russia.
Exactly one of them has a capital city beginning with the letter O. Which country is it? Answer with just the country name.",1078083962
facts_parallel,default,8,cot,10,Kenya,Kenya,1,-1,0,0,stop,708,650,qwen3.6-27b,"Cuba's capital is Havana; Indonesia's capital is Jakarta; Greece's capital is Athens; Egypt's capital is Cairo; Sweden's capital is Stockholm; Austria's capital is Vienna; Finland's capital is Helsinki; Kenya's capital is Nairobi. Only Nairobi begins with the letter N, so the answer is Kenya.
Answer: Kenya",cdc6a76e-1788557742,"Consider these 8 countries: Cuba, Indonesia, Greece, Egypt, Sweden, Austria, Finland, Kenya.
Exactly one of them has a capital city beginning with the letter N. Which country is it? Answer with just the country name.",2358415178
facts_parallel,default,8,cot,11,Germany,Germany,1,-1,0,0,stop,721,663,qwen3.6-27b,"Czechia's capital is Prague; Ireland's capital is Dublin; Kenya's capital is Nairobi; Egypt's capital is Cairo; Austria's capital is Vienna; Germany's capital is Berlin; Norway's capital is Oslo; Israel's capital is Jerusalem. Only Berlin begins with the letter B, so the answer is Germany.
Answer: Germany",cdc6a76e-1788557742,"Consider these 8 countries: Czechia, Ireland, Kenya, Egypt, Austria, Germany, Norway, Israel.
Exactly one of them has a capital city beginning with the letter B. Which country is it? Answer with just the country name.",4220895196
facts_parallel,default,8,cot,12,Morocco,Morocco,1,-1,0,0,stop,708,639,qwen3.6-27b,"Norway's capital is Oslo; Japan's capital is Tokyo; Bulgaria's capital is Sofia; Germany's capital is Berlin; Kenya's capital is Nairobi; Morocco's capital is Rabat; Poland's capital is Warsaw; Sweden's capital is Stockholm. Only Rabat begins with R, so the answer is Morocco.
Answer: Morocco",cdc6a76e-1788557742,"Consider these 8 countries: Norway, Japan, Bulgaria, Germany, Kenya, Morocco, Poland, Sweden.
Exactly one of them has a capital city beginning with the letter R. Which country is it? Answer with just the country name.",1654451814
facts_parallel,default,8,cot,13,Czechia,Czechia,1,-1,0,0,stop,1113,1073,qwen3.6-27b,"Ireland's capital is Dublin; Egypt's capital is Cairo; Finland's capital is Helsinki; Kenya's capital is Nairobi; Israel's capital is Jerusalem; Czechia's capital is Prague; China's capital is Beijing; Germany's capital is Berlin. Only Prague begins with the letter P, so the country is Czechia.
Answer: Czechia",cdc6a76e-1788557742,"Consider these 8 countries: Ireland, Egypt, Finland, Kenya, Israel, Czechia, China, Germany.
Exactly one of them has a capital city beginning with the letter P. Which country is it? Answer with just the country name.",362536688
facts_parallel,default,8,cot,14,Kenya,Kenya,1,-1,0,0,stop,768,699,qwen3.6-27b,"Czechia's capital is Prague; Ireland's capital is Dublin; Cuba's capital is Havana; China's capital is Beijing; Japan's capital is Tokyo; Egypt's capital is Cairo; Kenya's capital is Nairobi; Morocco's capital is Rabat. Only Nairobi begins with N, so the answer is Kenya.
Answer: Kenya",cdc6a76e-1788557742,"Consider these 8 countries: Czechia, Ireland, Cuba, China, Japan, Egypt, Kenya, Morocco.
Exactly one of them has a capital city beginning with the letter N. Which country is it? Answer with just the country name.",2348763987
facts_parallel,default,8,cot,15,Cuba,Cuba,1,-1,0,0,stop,882,815,qwen3.6-27b,"Morocco's capital is Rabat; Portugal's capital is Lisbon; Japan's capital is Tokyo; Israel's capital is Jerusalem; Cuba's capital is Havana; Austria's capital is Vienna; Greece's capital is Athens; Norway's capital is Oslo. Only Havana begins with H, so the answer is Cuba.
Answer: Cuba",cdc6a76e-1788557742,"Consider these 8 countries: Morocco, Portugal, Japan, Israel, Cuba, Austria, Greece, Norway.
Exactly one of them has a capital city beginning with the letter H. Which country is it? Answer with just the country name.",4244143045
facts_parallel,default,8,cot,16,Russia,Russia,1,-1,0,0,stop,919,877,qwen3.6-27b,"Thailand's capital is Bangkok; Israel's capital is Jerusalem; Peru's capital is Lima; Sweden's capital is Stockholm; Egypt's capital is Cairo; Russia's capital is Moscow; Indonesia's capital is Jakarta; Denmark's capital is Copenhagen. Only Moscow begins with the letter M, so the answer is Russia.
Answer: Russia",cdc6a76e-1788557742,"Consider these 8 countries: Thailand, Israel, Peru, Sweden, Egypt, Russia, Indonesia, Denmark.
Exactly one of them has a capital city beginning with the letter M. Which country is it? Answer with just the country name.",1710303871
facts_parallel,default,8,cot,17,Greece,Greece,1,-1,0,0,stop,668,604,qwen3.6-27b,"Germany's capital is Berlin; Israel's capital is Jerusalem; Poland's capital is Warsaw; Cuba's capital is Havana; Denmark's capital is Copenhagen; Greece's capital is Athens; Sweden's capital is Stockholm; Japan's capital is Tokyo. Only Athens begins with A, so the answer is Greece.
Answer: Greece",cdc6a76e-1788557742,"Consider these 8 countries: Germany, Israel, Poland, Cuba, Denmark, Greece, Sweden, Japan.
Exactly one of them has a capital city beginning with the letter A. Which country is it? Answer with just the country name.",318118633
facts_parallel,default,8,cot,18,Peru,Peru,1,-1,0,0,stop,886,816,qwen3.6-27b,"Austria's capital is Vienna; Norway's capital is Oslo; Peru's capital is Lima; Hungary's capital is Budapest; Poland's capital is Warsaw; Finland's capital is Helsinki; China's capital is Beijing; Israel's capital is Jerusalem. Only Lima begins with L, so the answer is Peru.
Answer: Peru",cdc6a76e-1788557742,"Consider these 8 countries: Austria, Norway, Peru, Hungary, Poland, Finland, China, Israel.
Exactly one of them has a capital city beginning with the letter L. Which country is it? Answer with just the country name.",2185824120
facts_parallel,default,8,cot,19,Norway,Norway,1,-1,0,0,stop,896,829,qwen3.6-27b,"Peru's capital is Lima; Portugal's capital is Lisbon; Hungary's capital is Budapest; Denmark's capital is Copenhagen; Norway's capital is Oslo; Russia's capital is Moscow; Cuba's capital is Havana; Poland's capital is Warsaw. Only Oslo begins with O, so the answer is Norway.
Answer: Norway",cdc6a76e-1788557742,"Consider these 8 countries: Peru, Portugal, Hungary, Denmark, Norway, Russia, Cuba, Poland.
Exactly one of them has a capital city beginning with the letter O. Which country is it? Answer with just the country name.",4115544046
facts_parallel,default,8,cot,20,Portugal,Portugal,1,-1,0,0,stop,902,860,qwen3.6-27b,"Cuba's capital is Havana; Austria's capital is Vienna; Norway's capital is Oslo; Israel's capital is Jerusalem; Ireland's capital is Dublin; Denmark's capital is Copenhagen; Portugal's capital is Lisbon; Morocco's capital is Rabat. Only Lisbon begins with L, so the answer is Portugal.
Answer: Portugal",cdc6a76e-1788557742,"Consider these 8 countries: Cuba, Austria, Norway, Israel, Ireland, Denmark, Portugal, Morocco.
Exactly one of them has a capital city beginning with the letter L. Which country is it? Answer with just the country name.",2814368905
facts_parallel,default,8,cot,21,Thailand,Thailand,1,-1,0,0,stop,897,860,qwen3.6-27b,"Morocco's capital is Rabat; Finland's capital is Helsinki; Poland's capital is Warsaw; Thailand's capital is Bangkok; Indonesia's capital is Jakarta; Czechia's capital is Prague; Sweden's capital is Stockholm; Austria's capital is Vienna. Only Bangkok begins with B, so the answer is Thailand.
Answer: Thailand",cdc6a76e-1788557742,"Consider these 8 countries: Morocco, Finland, Poland, Thailand, Indonesia, Czechia, Sweden, Austria.
Exactly one of them has a capital city beginning with the letter B. Which country is it? Answer with just the country name.",3501779999
facts_parallel,default,8,cot,22,Bulgaria,Bulgaria,1,-1,0,0,stop,897,826,qwen3.6-27b,"Norway's capital is Oslo; Egypt's capital is Cairo; Portugal's capital is Lisbon; Peru's capital is Lima; Indonesia's capital is Jakarta; Bulgaria's capital is Sofia; Morocco's capital is Rabat; China's capital is Beijing. Only Sofia begins with S, so the answer is Bulgaria.
Answer: Bulgaria",cdc6a76e-1788557742,"Consider these 8 countries: Norway, Egypt, Portugal, Peru, Indonesia, Bulgaria, Morocco, China.
Exactly one of them has a capital city beginning with the letter S. Which country is it? Answer with just the country name.",1236385189
facts_parallel,default,8,cot,23,Egypt,Egypt,1,-1,0,0,stop,778,709,qwen3.6-27b,"Peru's capital is Lima; Poland's capital is Warsaw; Indonesia's capital is Jakarta; Greece's capital is Athens; Finland's capital is Helsinki; Egypt's capital is Cairo; Ireland's capital is Dublin; Hungary's capital is Budapest. Only Cairo begins with the letter C, so the answer is Egypt.
Answer: Egypt",cdc6a76e-1788557742,"Consider these 8 countries: Peru, Poland, Indonesia, Greece, Finland, Egypt, Ireland, Hungary.
Exactly one of them has a capital city beginning with the letter C. Which country is it? Answer with just the country name.",1052151091
facts_parallel,default,8,cot,24,China,China,1,-1,0,0,stop,1470,1400,qwen3.6-27b,"Russia's capital is Moscow; Denmark's capital is Copenhagen; Peru's capital is Lima; Egypt's capital is Cairo; Czechia's capital is Prague; China's capital is Beijing; Norway's capital is Oslo; Austria's capital is Vienna. Only Beijing begins with B, so the answer is China.
Answer: China",cdc6a76e-1788557742,"Consider these 8 countries: Russia, Denmark, Peru, Egypt, Czechia, China, Norway, Austria.
Exactly one of them has a capital city beginning with the letter B. Which country is it? Answer with just the country name.",2698123408
facts_parallel,default,8,cot,25,Ireland,Ireland,1,-1,0,0,stop,828,753,qwen3.6-27b,"Ireland's capital is Dublin; Finland's capital is Helsinki; Czechia's capital is Prague; Cuba's capital is Havana; Germany's capital is Berlin; Greece's capital is Athens; Morocco's capital is Rabat; Austria's capital is Vienna. Only Dublin begins with D, so the answer is Ireland.
Answer: Ireland",cdc6a76e-1788557742,"Consider these 8 countries: Ireland, Finland, Czechia, Cuba, Germany, Greece, Morocco, Austria.
Exactly one of them has a capital city beginning with the letter D. Which country is it? Answer with just the country name.",3621070854
facts_parallel,default,8,cot,26,Cuba,Cuba,1,-1,0,0,stop,863,792,qwen3.6-27b,"Poland's capital is Warsaw; Czechia's capital is Prague; Ireland's capital is Dublin; Norway's capital is Oslo; Indonesia's capital is Jakarta; Israel's capital is Jerusalem; Cuba's capital is Havana; Greece's capital is Athens. Only Havana begins with H, so the answer is Cuba.
Answer: Cuba",cdc6a76e-1788557742,"Consider these 8 countries: Poland, Czechia, Ireland, Norway, Indonesia, Israel, Cuba, Greece.
Exactly one of them has a capital city beginning with the letter H. Which country is it? Answer with just the country name.",1323071932
facts_parallel,default,8,cot,27,Austria,Austria,1,-1,0,0,stop,820,753,qwen3.6-27b,"Denmark's capital is Copenhagen; Austria's capital is Vienna; Norway's capital is Oslo; Finland's capital is Helsinki; Portugal's capital is Lisbon; Russia's capital is Moscow; Indonesia's capital is Jakarta; Japan's capital is Tokyo. Only Vienna begins with V, so the answer is Austria.
Answer: Austria",cdc6a76e-1788557742,"Consider these 8 countries: Denmark, Austria, Norway, Finland, Portugal, Russia, Indonesia, Japan.
Exactly one of them has a capital city beginning with the letter V. Which country is it? Answer with just the country name.",970672426
facts_parallel,default,8,cot,28,Sweden,Sweden,1,-1,0,0,stop,893,827,qwen3.6-27b,"Japan's capital is Tokyo; Hungary's capital is Budapest; Greece's capital is Athens; Peru's capital is Lima; China's capital is Beijing; Sweden's capital is Stockholm; Cuba's capital is Havana; Germany's capital is Berlin. Only Stockholm begins with S, so the answer is Sweden.
Answer: Sweden",cdc6a76e-1788557742,"Consider these 8 countries: Japan, Hungary, Greece, Peru, China, Sweden, Cuba, Germany.
Exactly one of them has a capital city beginning with the letter S. Which country is it? Answer with just the country name.",2841924795
facts_parallel,default,8,cot,29,Israel,Israel,1,-1,0,0,stop,905,857,qwen3.6-27b,"

Cuba's capital is Havana; Poland's capital is Warsaw; Germany's capital is Berlin; Norway's capital is Oslo; Kenya's capital is Nairobi; Denmark's capital is Copenhagen; Israel's capital is Jerusalem; Portugal's capital is Lisbon. Only Jerusalem begins with the letter J, so the country is Israel.

Answer: Israel",cdc6a76e-1788557742,"Consider these 8 countries: Cuba, Poland, Germany, Norway, Kenya, Denmark, Israel, Portugal.
Exactly one of them has a capital city beginning with the letter J. Which country is it? Answer with just the country name.",3731055661
facts_parallel,default,8,cot,30,Czechia,Czechia,1,-1,0,0,stop,1058,1003,qwen3.6-27b,"

Bulgaria's capital is Sofia; Norway's capital is Oslo; Austria's capital is Vienna; Israel's capital is Jerusalem; China's capital is Beijing; Denmark's capital is Copenhagen; Czechia's capital is Prague; Peru's capital is Lima. Only Prague begins with the letter P, so the answer is Czechia.
Answer: Czechia",cdc6a76e-1788557742,"Consider these 8 countries: Bulgaria, Norway, Austria, Israel, China, Denmark, Czechia, Peru.
Exactly one of them has a capital city beginning with the letter P. Which country is it? Answer with just the country name.",3198479816
facts_parallel,default,8,cot,31,Czechia,Czechia,1,-1,0,0,stop,1132,1022,qwen3.6-27b,"Portugal's capital is Lisbon; Bulgaria's capital is Sofia; Denmark's capital is Copenhagen; Austria's capital is Vienna; Czechia's capital is Prague; Indonesia's capital is Jakarta; Morocco's capital is Rabat; Peru's capital is Lima. Only Prague begins with P, so the answer is Czechia.
Answer: Czechia",cdc6a76e-1788557742,"Consider these 8 countries: Portugal, Bulgaria, Denmark, Austria, Czechia, Indonesia, Morocco, Peru.
Exactly one of them has a capital city beginning with the letter P. Which country is it? Answer with just the country name.",3382959454
facts_parallel,default,8,cot,32,Greece,Greece,1,-1,0,0,stop,765,697,qwen3.6-27b,"Austria's capital is Vienna; Ireland's capital is Dublin; Egypt's capital is Cairo; Thailand's capital is Bangkok; Finland's capital is Helsinki; Greece's capital is Athens; Israel's capital is Jerusalem; Czechia's capital is Prague. Only Athens begins with A, so the answer is Greece.
Answer: Greece",cdc6a76e-1788557742,"Consider these 8 countries: Austria, Ireland, Egypt, Thailand, Finland, Greece, Israel, Czechia.
Exactly one of them has a capital city beginning with the letter A. Which country is it? Answer with just the country name.",1353354468
facts_parallel,default,8,cot,33,Ireland,Ireland,1,-1,0,0,stop,913,843,qwen3.6-27b,"Thailand's capital is Bangkok; Ireland's capital is Dublin; Japan's capital is Tokyo; Cuba's capital is Havana; Finland's capital is Helsinki; Israel's capital is Jerusalem; China's capital is Beijing; Indonesia's capital is Jakarta. Only Dublin begins with D, so the answer is Ireland.
Answer: Ireland",cdc6a76e-1788557742,"Consider these 8 countries: Thailand, Ireland, Japan, Cuba, Finland, Israel, China, Indonesia.
Exactly one of them has a capital city beginning with the letter D. Which country is it? Answer with just the country name.",665697394
facts_parallel,default,8,cot,34,Czechia,Czechia,1,-1,0,0,stop,1111,1025,qwen3.6-27b,"Czechia's capital is Prague; Greece's capital is Athens; Austria's capital is Vienna; Russia's capital is Moscow; Peru's capital is Lima; Sweden's capital is Stockholm; Norway's capital is Oslo; Bulgaria's capital is Sofia. Only Prague begins with P, so the answer is Czechia.
Answer: Czechia",cdc6a76e-1788557742,"Consider these 8 countries: Greece, Austria, Czechia, Russia, Peru, Sweden, Norway, Bulgaria.
Exactly one of them has a capital city beginning with the letter P. Which country is it? Answer with just the country name.",3116968401
facts_parallel,default,8,cot,35,Peru,Peru,1,-1,0,0,stop,709,645,qwen3.6-27b,"Ireland's capital is Dublin; Peru's capital is Lima; Egypt's capital is Cairo; Denmark's capital is Copenhagen; Russia's capital is Moscow; Norway's capital is Oslo; Morocco's capital is Rabat; China's capital is Beijing. Only Lima begins with L, so the answer is Peru.
Answer: Peru",cdc6a76e-1788557742,"Consider these 8 countries: Ireland, Peru, Egypt, Denmark, Russia, Norway, Morocco, China.
Exactly one of them has a capital city beginning with the letter L. Which country is it? Answer with just the country name.",3469613383
facts_parallel,default,8,cot,36,Russia,Russia,1,-1,0,0,stop,838,771,qwen3.6-27b,"Thailand's capital is Bangkok; Denmark's capital is Copenhagen; Peru's capital is Lima; Russia's capital is Moscow; Morocco's capital is Rabat; Portugal's capital is Lisbon; Poland's capital is Warsaw; Israel's capital is Jerusalem. Only Moscow begins with the letter M, so the answer is Russia.

Answer: Russia",cdc6a76e-1788557742,"Consider these 8 countries: Thailand, Denmark, Peru, Russia, Morocco, Portugal, Poland, Israel.
Exactly one of them has a capital city beginning with the letter M. Which country is it? Answer with just the country name.",1472678141
facts_parallel,default,8,cot,37,Egypt,Egypt,1,-1,0,0,stop,785,719,qwen3.6-27b,"Russia's capital is Moscow; Indonesia's capital is Jakarta; China's capital is Beijing; Sweden's capital is Stockholm; Ireland's capital is Dublin; Egypt's capital is Cairo; Poland's capital is Warsaw; Greece's capital is Athens. Only Cairo begins with C, so the answer is Egypt.
Answer: Egypt",cdc6a76e-1788557742,"Consider these 8 countries: Russia, Indonesia, China, Sweden, Ireland, Egypt, Poland, Greece.
Exactly one of them has a capital city beginning with the letter C. Which country is it? Answer with just the country name.",549484651
facts_parallel,default,8,cot,38,Egypt,Egypt,1,-1,0,0,stop,677,580,qwen3.6-27b,"

Bulgaria's capital is Sofia; Germany's capital is Berlin; Egypt's capital is Cairo; Greece's capital is Athens; Sweden's capital is Stockholm; Poland's capital is Warsaw; Ireland's capital is Dublin; Norway's capital is Oslo. Only Cairo begins with the letter C, so the answer is Egypt.
Answer: Egypt",cdc6a76e-1788557742,"Consider these 8 countries: Bulgaria, Germany, Egypt, Greece, Sweden, Poland, Ireland, Norway.
Exactly one of them has a capital city beginning with the letter C. Which country is it? Answer with just the country name.",2961139194
facts_parallel,default,8,cot,39,Norway,Norway,1,-1,0,0,stop,912,846,qwen3.6-27b,"Indonesia's capital is Jakarta; Egypt's capital is Cairo; Cuba's capital is Havana; Norway's capital is Oslo; Hungary's capital is Budapest; Japan's capital is Tokyo; Portugal's capital is Lisbon; Ireland's capital is Dublin. Only Oslo begins with O, so the answer is Norway.
Answer: Norway",cdc6a76e-1788557742,"Consider these 8 countries: Indonesia, Egypt, Cuba, Norway, Hungary, Japan, Portugal, Ireland.
Exactly one of them has a capital city beginning with the letter O. Which country is it? Answer with just the country name.",3346552172
facts_parallel,default,8,cot,40,Morocco,Morocco,1,-1,0,0,stop,1039,985,qwen3.6-27b,"Indonesia's capital is Jakarta; Greece's capital is Athens; China's capital is Beijing; Cuba's capital is Havana; Denmark's capital is Copenhagen; Poland's capital is Warsaw; Morocco's capital is Rabat; Russia's capital is Moscow. Only Rabat begins with R, so the answer is Morocco.
Answer: Morocco",cdc6a76e-1788557742,"Consider these 8 countries: Indonesia, Greece, China, Cuba, Denmark, Poland, Morocco, Russia.
Exactly one of them has a capital city beginning with the letter R. Which country is it? Answer with just the country name.",4058348303
facts_parallel,default,8,cot,41,Russia,Russia,1,-1,0,0,stop,589,522,qwen3.6-27b,"Russia's capital is Moscow; Portugal's capital is Lisbon; Morocco's capital is Rabat; Germany's capital is Berlin; Cuba's capital is Havana; Finland's capital is Helsinki; Sweden's capital is Stockholm; Hungary's capital is Budapest. Only Moscow begins with M, so the answer is Russia.
Answer: Russia",cdc6a76e-1788557742,"Consider these 8 countries: Russia, Portugal, Morocco, Germany, Cuba, Finland, Sweden, Hungary.
Exactly one of them has a capital city beginning with the letter M. Which country is it? Answer with just the country name.",2262977433
facts_parallel,default,8,cot,42,Austria,Austria,1,-1,0,0,stop,795,727,qwen3.6-27b,"Norway's capital is Oslo; Poland's capital is Warsaw; Bulgaria's capital is Sofia; Morocco's capital is Rabat; Hungary's capital is Budapest; Austria's capital is Vienna; Japan's capital is Tokyo; China's capital is Beijing. Only Vienna begins with V, so the answer is Austria.
Answer: Austria",cdc6a76e-1788557742,"Consider these 8 countries: Norway, Poland, Bulgaria, Morocco, Hungary, Austria, Japan, China.
Exactly one of them has a capital city beginning with the letter V. Which country is it? Answer with just the country name.",535501347
facts_parallel,default,8,cot,43,Japan,Japan,1,-1,0,0,stop,946,907,qwen3.6-27b,"Cuba's capital is Havana; Israel's capital is Jerusalem; Denmark's capital is Copenhagen; Thailand's capital is Bangkok; Czechia's capital is Prague; Bulgaria's capital is Sofia; Japan's capital is Tokyo; Indonesia's capital is Jakarta. Only Tokyo begins with T, so the answer is Japan.
Answer: Japan",cdc6a76e-1788557742,"Consider these 8 countries: Cuba, Israel, Denmark, Thailand, Czechia, Bulgaria, Japan, Indonesia.
Exactly one of them has a capital city beginning with the letter T. Which country is it? Answer with just the country name.",1760307893
facts_parallel,default,8,cot,44,Kenya,Kenya,1,-1,0,0,stop,857,795,qwen3.6-27b,"Israel's capital is Jerusalem; Cuba's capital is Havana; Kenya's capital is Nairobi; China's capital is Beijing; Thailand's capital is Bangkok; Norway's capital is Oslo; Portugal's capital is Lisbon; Russia's capital is Moscow. Only Nairobi begins with N, so the answer is Kenya.
Answer: Kenya",cdc6a76e-1788557742,"Consider these 8 countries: Israel, Cuba, Kenya, China, Thailand, Norway, Portugal, Russia.
Exactly one of them has a capital city beginning with the letter N. Which country is it? Answer with just the country name.",4136156950
facts_parallel,default,8,cot,45,Indonesia,Indonesia,1,-1,0,0,stop,914,860,qwen3.6-27b,"Greece's capital is Athens; Cuba's capital is Havana; Norway's capital is Oslo; Russia's capital is Moscow; Czechia's capital is Prague; Japan's capital is Tokyo; Indonesia's capital is Jakarta; Denmark's capital is Copenhagen. Only Jakarta begins with the letter J, so the answer is Indonesia.
Answer: Indonesia",cdc6a76e-1788557742,"Consider these 8 countries: Greece, Cuba, Norway, Russia, Czechia, Japan, Indonesia, Denmark.
Exactly one of them has a capital city beginning with the letter J. Which country is it? Answer with just the country name.",2173669248
facts_parallel,default,8,cot,46,Russia,Russia,1,-1,0,0,stop,719,647,qwen3.6-27b,"Bulgaria's capital is Sofia; Denmark's capital is Copenhagen; Czechia's capital is Prague; Peru's capital is Lima; Russia's capital is Moscow; China's capital is Beijing; Thailand's capital is Bangkok; Israel's capital is Jerusalem. Only Moscow begins with M, so the answer is Russia.
Answer: Russia",cdc6a76e-1788557742,"Consider these 8 countries: Bulgaria, Denmark, Czechia, Peru, Russia, China, Thailand, Israel.
Exactly one of them has a capital city beginning with the letter M. Which country is it? Answer with just the country name.",411491898
facts_parallel,default,8,cot,47,Portugal,Portugal,1,-1,0,0,stop,1026,980,qwen3.6-27b,"Egypt's capital is Cairo; Portugal's capital is Lisbon; Japan's capital is Tokyo; Poland's capital is Warsaw; Ireland's capital is Dublin; Norway's capital is Oslo; Czechia's capital is Prague; Finland's capital is Helsinki. Only Lisbon begins with L, so the answer is Portugal.
Answer: Portugal",cdc6a76e-1788557742,"Consider these 8 countries: Egypt, Portugal, Japan, Poland, Ireland, Norway, Czechia, Finland.
Exactly one of them has a capital city beginning with the letter L. Which country is it? Answer with just the country name.",1870786220
facts_parallel,default,8,cot,48,Indonesia,Indonesia,1,-1,0,0,stop,1022,954,qwen3.6-27b,"Indonesia's capital is Jakarta; Ireland's capital is Dublin; Czechia's capital is Prague; China's capital is Beijing; Morocco's capital is Rabat; Finland's capital is Helsinki; Greece's capital is Athens; Bulgaria's capital is Sofia. Only Jakarta begins with J, so the answer is Indonesia.
Answer: Indonesia",cdc6a76e-1788557742,"Consider these 8 countries: Indonesia, Ireland, Czechia, China, Morocco, Finland, Greece, Bulgaria.
Exactly one of them has a capital city beginning with the letter J. Which country is it? Answer with just the country name.",4282315581
facts_parallel,default,8,cot,49,Thailand,Thailand,1,-1,0,0,stop,827,772,qwen3.6-27b,"

Portugal's capital is Lisbon; Morocco's capital is Rabat; Kenya's capital is Nairobi; Ireland's capital is Dublin; Thailand's capital is Bangkok; Denmark's capital is Copenhagen; Bulgaria's capital is Sofia; Egypt's capital is Cairo. Only Bangkok begins with the letter B, so the answer is Thailand.
Answer: Thailand",cdc6a76e-1788557742,"Consider these 8 countries: Portugal, Morocco, Kenya, Ireland, Thailand, Denmark, Bulgaria, Egypt.
Exactly one of them has a capital city beginning with the letter B. Which country is it? Answer with just the country name.",2285487019
facts_parallel,default,8,cot,50,Russia,Russia,1,-1,0,0,stop,512,444,qwen3.6-27b,"Russia's capital is Moscow; Israel's capital is Jerusalem; Germany's capital is Berlin; Cuba's capital is Havana; China's capital is Beijing; Ireland's capital is Dublin; Japan's capital is Tokyo; Thailand's capital is Bangkok. Only Moscow begins with the letter M, so the answer is Russia.

Answer: Russia",cdc6a76e-1788557742,"Consider these 8 countries: Russia, Israel, Germany, Cuba, China, Ireland, Japan, Thailand.
Exactly one of them has a capital city beginning with the letter M. Which country is it? Answer with just the country name.",3908979278
facts_parallel,default,8,cot,51,Greece,Greece,1,-1,0,0,stop,812,800,qwen3.6-27b,Answer: Greece,cdc6a76e-1788557742,"Consider these 8 countries: Cuba, Japan, Kenya, Indonesia, Germany, Greece, Thailand, China.
Exactly one of them has a capital city beginning with the letter A. Which country is it? Answer with just the country name.",2683927256
facts_parallel,default,8,cot,52,Kenya,Kenya,1,-1,0,0,stop,816,749,qwen3.6-27b,"Greece's capital is Athens; Austria's capital is Vienna; Kenya's capital is Nairobi; Japan's capital is Tokyo; Germany's capital is Berlin; Ireland's capital is Dublin; Poland's capital is Warsaw; Bulgaria's capital is Sofia. Only Nairobi begins with N, so the answer is Kenya.
Answer: Kenya",cdc6a76e-1788557742,"Consider these 8 countries: Greece, Austria, Kenya, Japan, Germany, Ireland, Poland, Bulgaria.
Exactly one of them has a capital city beginning with the letter N. Which country is it? Answer with just the country name.",116403042
facts_parallel,default,8,cot,53,Indonesia,Indonesia,1,-1,0,0,stop,874,820,qwen3.6-27b,"Indonesia's capital is Jakarta; Poland's capital is Warsaw; Portugal's capital is Lisbon; Czechia's capital is Prague; China's capital is Beijing; Japan's capital is Tokyo; Bulgaria's capital is Sofia; Germany's capital is Berlin. Only Jakarta begins with the letter J, so the answer is Indonesia.

Answer: Indonesia",cdc6a76e-1788557742,"Consider these 8 countries: Indonesia, Poland, Portugal, Czechia, China, Japan, Bulgaria, Germany.
Exactly one of them has a capital city beginning with the letter J. Which country is it? Answer with just the country name.",1912019956
facts_parallel,default,8,cot,54,Peru,Peru,1,-1,0,0,stop,542,475,qwen3.6-27b,"Japan's capital is Tokyo; Peru's capital is Lima; Cuba's capital is Havana; Greece's capital is Athens; Egypt's capital is Cairo; Morocco's capital is Rabat; Norway's capital is Oslo; Germany's capital is Berlin. Only Lima begins with L, so the answer is Peru.
Answer: Peru",cdc6a76e-1788557742,"Consider these 8 countries: Japan, Peru, Cuba, Greece, Egypt, Morocco, Norway, Germany.
Exactly one of them has a capital city beginning with the letter L. Which country is it? Answer with just the country name.",4019424855
facts_parallel,default,8,cot,55,Austria,Austria,1,-1,0,0,stop,1008,938,qwen3.6-27b,"Morocco's capital is Rabat; Israel's capital is Jerusalem; Austria's capital is Vienna; Peru's capital is Lima; Norway's capital is Oslo; Hungary's capital is Budapest; Finland's capital is Helsinki; Japan's capital is Tokyo. Only Vienna begins with the letter V, so the answer is Austria.

Answer: Austria",cdc6a76e-1788557742,"Consider these 8 countries: Morocco, Israel, Austria, Peru, Norway, Hungary, Finland, Japan.
Exactly one of them has a capital city beginning with the letter V. Which country is it? Answer with just the country name.",2559884993
facts_parallel,default,8,cot,56,Indonesia,Indonesia,1,-1,0,0,stop,1277,1275,qwen3.6-27b,"Sweden's capital is Stockholm; Indonesia's capital is Jakarta; Austria's capital is Vienna; Morocco's capital is Rabat; Czechia's capital is Prague; China's capital is Beijing; Norway's capital is Oslo; Hungary's capital is Budapest. Only Jakarta begins with J, so the answer is Indonesia.
Answer: Indonesia",cdc6a76e-1788557742,"Consider these 8 countries: Sweden, Indonesia, Austria, Morocco, Czechia, China, Norway, Hungary.
Exactly one of them has a capital city beginning with the letter J. Which country is it? Answer with just the country name.",27127675
facts_parallel,default,8,cot,57,Ireland,Ireland,1,-1,0,0,stop,922,867,qwen3.6-27b,"Morocco's capital is Rabat; Denmark's capital is Copenhagen; Ireland's capital is Dublin; Sweden's capital is Stockholm; Germany's capital is Berlin; Norway's capital is Oslo; Hungary's capital is Budapest; Bulgaria's capital is Sofia. Only Dublin begins with the letter D, so the answer is Ireland.

Answer: Ireland",cdc6a76e-1788557742,"Consider these 8 countries: Morocco, Denmark, Ireland, Sweden, Germany, Norway, Hungary, Bulgaria.
Exactly one of them has a capital city beginning with the letter D. Which country is it? Answer with just the country name.",1989861357
facts_parallel,default,8,cot,58,Morocco,Morocco,1,-1,0,0,stop,787,707,qwen3.6-27b,"Austria's capital is Vienna; Japan's capital is Tokyo; Norway's capital is Oslo; Bulgaria's capital is Sofia; Morocco's capital is Rabat; China's capital is Beijing; Hungary's capital is Budapest; Czechia's capital is Prague. Only Rabat begins with R, so the answer is Morocco.
Answer: Morocco",cdc6a76e-1788557742,"Consider these 8 countries: Austria, Japan, Norway, Bulgaria, Morocco, China, Hungary, Czechia.
Exactly one of them has a capital city beginning with the letter R. Which country is it? Answer with just the country name.",3861234300
facts_parallel,default,8,cot,59,Norway,Norway,1,-1,0,0,stop,965,893,qwen3.6-27b,"Hungary's capital is Budapest; Indonesia's capital is Jakarta; Thailand's capital is Bangkok; Poland's capital is Warsaw; Peru's capital is Lima; Norway's capital is Oslo; Greece's capital is Athens; Portugal's capital is Lisbon. Only Oslo begins with the letter O, so the answer is Norway.
Answer: Norway",cdc6a76e-1788557742,"Consider these 8 countries: Hungary, Indonesia, Thailand, Poland, Peru, Norway, Greece, Portugal.
Exactly one of them has a capital city beginning with the letter O. Which country is it? Answer with just the country name.",2434986730
facts_parallel,default,8,cot,60,Finland,Finland,1,-1,0,0,stop,803,736,qwen3.6-27b,"Finland's capital is Helsinki; Russia's capital is Moscow; Israel's capital is Jerusalem; Kenya's capital is Nairobi; Norway's capital is Oslo; Hungary's capital is Budapest; China's capital is Beijing; Denmark's capital is Copenhagen. Only Helsinki begins with H, so the answer is Finland.
Answer: Finland",cdc6a76e-1788557742,"Consider these 8 countries: Finland, Russia, Israel, Kenya, Norway, Hungary, China, Denmark.
Exactly one of them has a capital city beginning with the letter H. Which country is it? Answer with just the country name.",3285391757
facts_parallel,default,8,cot,61,Denmark,Denmark,1,-1,0,0,stop,810,743,qwen3.6-27b,"Hungary's capital is Budapest; Denmark's capital is Copenhagen; Norway's capital is Oslo; China's capital is Beijing; Portugal's capital is Lisbon; Ireland's capital is Dublin; Bulgaria's capital is Sofia; Russia's capital is Moscow. Only Copenhagen begins with C, so the answer is Denmark.
Answer: Denmark",cdc6a76e-1788557742,"Consider these 8 countries: Hungary, Denmark, Norway, China, Portugal, Ireland, Bulgaria, Russia.
Exactly one of them has a capital city beginning with the letter C. Which country is it? Answer with just the country name.",3033803035
facts_parallel,default,8,cot,62,Peru,Peru,1,-1,0,0,stop,764,694,qwen3.6-27b,"Denmark's capital is Copenhagen; Finland's capital is Helsinki; Russia's capital is Moscow; Indonesia's capital is Jakarta; Sweden's capital is Stockholm; Poland's capital is Warsaw; Ireland's capital is Dublin; Peru's capital is Lima. Only Lima begins with L, so the answer is Peru.
Answer: Peru",cdc6a76e-1788557742,"Consider these 8 countries: Denmark, Finland, Russia, Indonesia, Sweden, Poland, Ireland, Peru.
Exactly one of them has a capital city beginning with the letter L. Which country is it? Answer with just the country name.",769489057
facts_parallel,default,8,cot,63,Thailand,Thailand,1,-1,0,0,stop,900,832,qwen3.6-27b,"Morocco's capital is Rabat; Peru's capital is Lima; Portugal's capital is Lisbon; Greece's capital is Athens; Poland's capital is Warsaw; Ireland's capital is Dublin; Finland's capital is Helsinki; Thailand's capital is Bangkok. Only Bangkok begins with B, so the answer is Thailand.
Answer: Thailand",cdc6a76e-1788557742,"Consider these 8 countries: Morocco, Peru, Portugal, Greece, Poland, Ireland, Finland, Thailand.
Exactly one of them has a capital city beginning with the letter B. Which country is it? Answer with just the country name.",1524254775
facts_parallel,default,8,cot,64,Bulgaria,Bulgaria,1,-1,0,0,stop,757,679,qwen3.6-27b,"Germany's capital is Berlin; Egypt's capital is Cairo; Morocco's capital is Rabat; Poland's capital is Warsaw; Ireland's capital is Dublin; Thailand's capital is Bangkok; Bulgaria's capital is Sofia; China's capital is Beijing. Only Sofia begins with S, so the answer is Bulgaria.
Answer: Bulgaria",cdc6a76e-1788557742,"Consider these 8 countries: Germany, Egypt, Morocco, Poland, Ireland, Thailand, Bulgaria, China.
Exactly one of them has a capital city beginning with the letter S. Which country is it? Answer with just the country name.",3300842900
facts_parallel,default,8,cot,65,Kenya,Kenya,1,-1,0,0,stop,703,637,qwen3.6-27b,"Germany's capital is Berlin; China's capital is Beijing; Sweden's capital is Stockholm; Russia's capital is Moscow; Egypt's capital is Cairo; Israel's capital is Jerusalem; Kenya's capital is Nairobi; Finland's capital is Helsinki. Only Nairobi begins with N, so the answer is Kenya.
Answer: Kenya",cdc6a76e-1788557742,"Consider these 8 countries: Germany, China, Sweden, Russia, Egypt, Israel, Kenya, Finland.
Exactly one of them has a capital city beginning with the letter N. Which country is it? Answer with just the country name.",3015306498
facts_parallel,default,8,cot,66,Norway,Norway,1,-1,0,0,stop,1068,1032,qwen3.6-27b,"

Germany's capital is Berlin; Ireland's capital is Dublin; Indonesia's capital is Jakarta; Austria's capital is Vienna; Hungary's capital is Budapest; Norway's capital is Oslo; Kenya's capital is Nairobi; Peru's capital is Lima. Only Oslo begins with O, so the answer is Norway.
Answer: Norway",cdc6a76e-1788557742,"Consider these 8 countries: Germany, Ireland, Indonesia, Austria, Hungary, Norway, Kenya, Peru.
Exactly one of them has a capital city beginning with the letter O. Which country is it? Answer with just the country name.",716225720
facts_parallel,default,8,cot,67,Israel,Israel,1,-1,0,0,stop,782,715,qwen3.6-27b,"Greece's capital is Athens; Sweden's capital is Stockholm; Norway's capital is Oslo; Ireland's capital is Dublin; Egypt's capital is Cairo; Russia's capital is Moscow; Denmark's capital is Copenhagen; Israel's capital is Jerusalem. Only Jerusalem begins with J, so the answer is Israel.
Answer: Israel",cdc6a76e-1788557742,"Consider these 8 countries: Greece, Sweden, Norway, Ireland, Egypt, Russia, Denmark, Israel.
Exactly one of them has a capital city beginning with the letter J. Which country is it? Answer with just the country name.",1572310062
facts_parallel,default,8,cot,68,Indonesia,Indonesia,1,-1,0,0,stop,1001,965,qwen3.6-27b,"Indonesia's capital is Jakarta; Thailand's capital is Bangkok; Germany's capital is Berlin; Cuba's capital is Havana; Norway's capital is Oslo; China's capital is Beijing; Ireland's capital is Dublin; Austria's capital is Vienna. Only Jakarta begins with J, so the answer is Indonesia.
Answer: Indonesia",cdc6a76e-1788557742,"Consider these 8 countries: Indonesia, Thailand, Germany, Cuba, Norway, China, Ireland, Austria.
Exactly one of them has a capital city beginning with the letter J. Which country is it? Answer with just the country name.",3439890879
facts_parallel,default,8,cot,69,Austria,Austria,1,-1,0,0,stop,917,849,qwen3.6-27b,"Bulgaria's capital is Sofia; Japan's capital is Tokyo; Hungary's capital is Budapest; Austria's capital is Vienna; Cuba's capital is Havana; Portugal's capital is Lisbon; Denmark's capital is Copenhagen; Egypt's capital is Cairo. Only Vienna begins with V, so the answer is Austria.
Answer: Austria",cdc6a76e-1788557742,"Consider these 8 countries: Bulgaria, Japan, Hungary, Austria, Cuba, Portugal, Denmark, Egypt.
Exactly one of them has a capital city beginning with the letter V. Which country is it? Answer with just the country name.",3121586473
facts_parallel,default,8,cot,70,Morocco,Morocco,1,-1,0,0,stop,880,809,qwen3.6-27b,"Egypt's capital is Cairo; Czechia's capital is Prague; Finland's capital is Helsinki; China's capital is Beijing; Cuba's capital is Havana; Morocco's capital is Rabat; Bulgaria's capital is Sofia; Hungary's capital is Budapest. Only Rabat begins with the letter R, so the answer is Morocco.
Answer: Morocco",cdc6a76e-1788557742,"Consider these 8 countries: Egypt, Czechia, Finland, China, Cuba, Morocco, Bulgaria, Hungary.
Exactly one of them has a capital city beginning with the letter R. Which country is it? Answer with just the country name.",3670550732
facts_parallel,default,8,cot,71,Cuba,Cuba,1,-1,0,0,stop,1151,1081,qwen3.6-27b,"Czechia's capital is Prague; Cuba's capital is Havana; Russia's capital is Moscow; Austria's capital is Vienna; Bulgaria's capital is Sofia; Peru's capital is Lima; Israel's capital is Jerusalem; Sweden's capital is Stockholm. Only Havana begins with the letter H, so the country is Cuba.

Answer: Cuba",cdc6a76e-1788557742,"Consider these 8 countries: Czechia, Cuba, Russia, Austria, Bulgaria, Peru, Israel, Sweden.
Exactly one of them has a capital city beginning with the letter H. Which country is it? Answer with just the country name.",2916030554
facts_parallel,default,8,cot,72,Denmark,Denmark,1,-1,0,0,stop,820,741,qwen3.6-27b,"Peru's capital is Lima; Denmark's capital is Copenhagen; Germany's capital is Berlin; Czechia's capital is Prague; Japan's capital is Tokyo; Austria's capital is Vienna; Greece's capital is Athens; Finland's capital is Helsinki. Only Copenhagen begins with C, so the answer is Denmark.
Answer: Denmark",cdc6a76e-1788557742,"Consider these 8 countries: Peru, Denmark, Germany, Czechia, Japan, Austria, Greece, Finland.
Exactly one of them has a capital city beginning with the letter C. Which country is it? Answer with just the country name.",885410272
facts_parallel,default,8,cot,73,Norway,Norway,1,-1,0,0,stop,693,626,qwen3.6-27b,"Sweden's capital is Stockholm; Ireland's capital is Dublin; Russia's capital is Moscow; Austria's capital is Vienna; Denmark's capital is Copenhagen; Thailand's capital is Bangkok; Norway's capital is Oslo; Czechia's capital is Prague. Only Oslo begins with O, so the answer is Norway.
Answer: Norway",cdc6a76e-1788557742,"Consider these 8 countries: Sweden, Ireland, Russia, Austria, Denmark, Thailand, Norway, Czechia.
Exactly one of them has a capital city beginning with the letter O. Which country is it? Answer with just the country name.",1136753014
facts_parallel,default,8,cot,74,Peru,Peru,1,-1,0,0,stop,354,268,qwen3.6-27b,"China's capital is Beijing; Poland's capital is Warsaw; Peru's capital is Lima; Sweden's capital is Stockholm; Israel's capital is Jerusalem; Germany's capital is Berlin; Czechia's capital is Prague; Hungary's capital is Budapest. Only Lima begins with L, so the answer is Peru.
Answer: Peru",cdc6a76e-1788557742,"Consider these 8 countries: China, Poland, Peru, Sweden, Israel, Germany, Czechia, Hungary.
Exactly one of them has a capital city beginning with the letter L. Which country is it? Answer with just the country name.",3718638805
facts_parallel,default,8,cot,75,Bulgaria,Bulgaria,1,-1,0,0,stop,1225,1158,qwen3.6-27b,"Germany's capital is Berlin; Russia's capital is Moscow; Greece's capital is Athens; Morocco's capital is Rabat; Israel's capital is Jerusalem; Bulgaria's capital is Sofia; Kenya's capital is Nairobi; Egypt's capital is Cairo. Only Sofia begins with S, so the answer is Bulgaria.
Answer: Bulgaria",cdc6a76e-1788557742,"Consider these 8 countries: Germany, Russia, Greece, Morocco, Israel, Bulgaria, Kenya, Egypt.
Exactly one of them has a capital city beginning with the letter S. Which country is it? Answer with just the country name.",2862799939
facts_parallel,default,8,cot,76,Israel,Israel,1,-1,0,0,stop,520,454,qwen3.6-27b,"Cuba's capital is Havana; Greece's capital is Athens; Morocco's capital is Rabat; Peru's capital is Lima; Kenya's capital is Nairobi; Israel's capital is Jerusalem; Portugal's capital is Lisbon; Germany's capital is Berlin. Only Jerusalem begins with the letter J, so the country is Israel.

Answer: Israel",cdc6a76e-1788557742,"Consider these 8 countries: Cuba, Greece, Morocco, Peru, Kenya, Israel, Portugal, Germany.
Exactly one of them has a capital city beginning with the letter J. Which country is it? Answer with just the country name.",866881017
facts_parallel,default,8,cot,77,Peru,Peru,1,-1,0,0,stop,465,396,qwen3.6-27b,"Greece's capital is Athens; Denmark's capital is Copenhagen; Egypt's capital is Cairo; Peru's capital is Lima; Poland's capital is Warsaw; Russia's capital is Moscow; Austria's capital is Vienna; Ireland's capital is Dublin. Only Lima begins with the letter L, so the country is Peru.

Answer: Peru",cdc6a76e-1788557742,"Consider these 8 countries: Greece, Denmark, Egypt, Peru, Poland, Russia, Austria, Ireland.
Exactly one of them has a capital city beginning with the letter L. Which country is it? Answer with just the country name.",1152171375
facts_parallel,default,8,cot,78,Czechia,Czechia,1,-1,0,0,stop,546,477,qwen3.6-27b,"Indonesia's capital is Jakarta; Czechia's capital is Prague; Egypt's capital is Cairo; Denmark's capital is Copenhagen; China's capital is Beijing; Ireland's capital is Dublin; Greece's capital is Athens; Austria's capital is Vienna. Only Prague begins with P, so the answer is Czechia.
Answer: Czechia",cdc6a76e-1788557742,"Consider these 8 countries: Indonesia, Czechia, Egypt, Denmark, China, Ireland, Greece, Austria.
Exactly one of them has a capital city beginning with the letter P. Which country is it? Answer with just the country name.",3558056190
facts_parallel,default,8,cot,79,Kenya,Kenya,1,-1,0,0,stop,434,356,qwen3.6-27b,"Japan's capital is Tokyo; Kenya's capital is Nairobi; Portugal's capital is Lisbon; Finland's capital is Helsinki; Indonesia's capital is Jakarta; Egypt's capital is Cairo; Hungary's capital is Budapest; Austria's capital is Vienna. Only Nairobi begins with N, so the answer is Kenya.
Answer: Kenya",cdc6a76e-1788557742,"Consider these 8 countries: Japan, Kenya, Portugal, Finland, Indonesia, Egypt, Hungary, Austria.
Exactly one of them has a capital city beginning with the letter N. Which country is it? Answer with just the country name.",2736033896
facts_parallel,default,8,cot,80,Morocco,Morocco,1,-1,0,0,stop,728,661,qwen3.6-27b,"Morocco's capital is Rabat; Norway's capital is Oslo; Thailand's capital is Bangkok; Finland's capital is Helsinki; Poland's capital is Warsaw; Hungary's capital is Budapest; Indonesia's capital is Jakarta; Portugal's capital is Lisbon. Only Rabat begins with R, so the answer is Morocco.
Answer: Morocco",cdc6a76e-1788557742,"Consider these 8 countries: Morocco, Norway, Thailand, Finland, Poland, Hungary, Indonesia, Portugal.
Exactly one of them has a capital city beginning with the letter R. Which country is it? Answer with just the country name.",1565537283
facts_parallel,default,8,cot,81,Bulgaria,Bulgaria,1,-1,0,0,stop,720,631,qwen3.6-27b,"Bulgaria's capital is Sofia; Peru's capital is Lima; Japan's capital is Tokyo; Finland's capital is Helsinki; Russia's capital is Moscow; Hungary's capital is Budapest; Cuba's capital is Havana; Portugal's capital is Lisbon. Only Sofia begins with S, so the answer is Bulgaria.
Answer: Bulgaria",cdc6a76e-1788557742,"Consider these 8 countries: Bulgaria, Peru, Japan, Finland, Russia, Hungary, Cuba, Portugal.
Exactly one of them has a capital city beginning with the letter S. Which country is it? Answer with just the country name.",710345877
facts_parallel,default,8,cot,82,Greece,Greece,1,-1,0,0,stop,1151,1083,qwen3.6-27b,"Greece's capital is Athens; Japan's capital is Tokyo; China's capital is Beijing; Israel's capital is Jerusalem; Thailand's capital is Bangkok; Germany's capital is Berlin; Morocco's capital is Rabat; Kenya's capital is Nairobi. Only Athens begins with A, so the answer is Greece.
Answer: Greece",cdc6a76e-1788557742,"Consider these 8 countries: Greece, Japan, China, Israel, Thailand, Germany, Morocco, Kenya.
Exactly one of them has a capital city beginning with the letter A. Which country is it? Answer with just the country name.",3009303855
facts_parallel,default,8,cot,83,Norway,Norway,1,-1,0,0,stop,333,264,qwen3.6-27b,"Ireland's capital is Dublin; Cuba's capital is Havana; Russia's capital is Moscow; Indonesia's capital is Jakarta; Israel's capital is Jerusalem; Norway's capital is Oslo; Denmark's capital is Copenhagen; Poland's capital is Warsaw. Only Oslo begins with the letter O, so the answer is Norway.

Answer: Norway",cdc6a76e-1788557742,"Consider these 8 countries: Ireland, Cuba, Russia, Indonesia, Israel, Norway, Denmark, Poland.
Exactly one of them has a capital city beginning with the letter O. Which country is it? Answer with just the country name.",3294193081
facts_parallel,default,8,cot,84,Czechia,Czechia,1,-1,0,0,stop,807,731,qwen3.6-27b,"Austria's capital is Vienna; Finland's capital is Helsinki; Israel's capital is Jerusalem; Czechia's capital is Prague; Indonesia's capital is Jakarta; Hungary's capital is Budapest; Bulgaria's capital is Sofia; Denmark's capital is Copenhagen. Only Prague begins with the letter P, so the answer is Czechia.
Answer: Czechia",cdc6a76e-1788557742,"Consider these 8 countries: Austria, Finland, Israel, Czechia, Indonesia, Hungary, Bulgaria, Denmark.
Exactly one of them has a capital city beginning with the letter P. Which country is it? Answer with just the country name.",1514008602
facts_parallel,default,8,cot,85,Peru,Peru,1,-1,0,0,stop,979,910,qwen3.6-27b,"Israel's capital is Jerusalem; Denmark's capital is Copenhagen; Czechia's capital is Prague; Norway's capital is Oslo; Peru's capital is Lima; Poland's capital is Warsaw; Indonesia's capital is Jakarta; Ireland's capital is Dublin. Only Lima begins with the letter L, so the answer is Peru.

Answer: Peru",cdc6a76e-1788557742,"Consider these 8 countries: Israel, Denmark, Czechia, Norway, Peru, Poland, Indonesia, Ireland.
Exactly one of them has a capital city beginning with the letter L. Which country is it? Answer with just the country name.",758825100
facts_parallel,default,8,cot,86,Sweden,Sweden,1,-1,0,0,stop,779,709,qwen3.6-27b,"Japan's capital is Tokyo; Hungary's capital is Budapest; Greece's capital is Athens; Sweden's capital is Stockholm; Germany's capital is Berlin; Denmark's capital is Copenhagen; Morocco's capital is Rabat; Peru's capital is Lima. Only Stockholm begins with S, so the answer is Sweden.
Answer: Sweden",cdc6a76e-1788557742,"Consider these 8 countries: Japan, Hungary, Greece, Sweden, Germany, Denmark, Morocco, Peru.
Exactly one of them has a capital city beginning with the letter S. Which country is it? Answer with just the country name.",3023278390
facts_parallel,default,8,cot,87,Russia,Russia,1,-1,0,0,stop,1196,1141,qwen3.6-27b,"Norway's capital is Oslo; Russia's capital is Moscow; Ireland's capital is Dublin; Peru's capital is Lima; Kenya's capital is Nairobi; Portugal's capital is Lisbon; Bulgaria's capital is Sofia; China's capital is Beijing. Only Moscow begins with M, so the answer is Russia.
Answer: Russia",cdc6a76e-1788557742,"Consider these 8 countries: Norway, Russia, Ireland, Peru, Kenya, Portugal, Bulgaria, China.
Exactly one of them has a capital city beginning with the letter M. Which country is it? Answer with just the country name.",3275006368
facts_parallel,default,8,cot,88,Austria,Austria,1,-1,0,0,stop,1122,1055,qwen3.6-27b,"Egypt's capital is Cairo; Ireland's capital is Dublin; Czechia's capital is Prague; Japan's capital is Tokyo; Bulgaria's capital is Sofia; Austria's capital is Vienna; Russia's capital is Moscow; Denmark's capital is Copenhagen. Only Vienna begins with V, so the answer is Austria.
Answer: Austria",cdc6a76e-1788557742,"Consider these 8 countries: Egypt, Ireland, Czechia, Japan, Bulgaria, Austria, Russia, Denmark.
Exactly one of them has a capital city beginning with the letter V. Which country is it? Answer with just the country name.",1401666609
facts_parallel,default,8,cot,89,Finland,Finland,1,-1,0,0,stop,600,525,qwen3.6-27b,"Bulgaria's capital is Sofia; Portugal's capital is Lisbon; Denmark's capital is Copenhagen; Finland's capital is Helsinki; Hungary's capital is Budapest; Sweden's capital is Stockholm; Indonesia's capital is Jakarta; Peru's capital is Lima. Only Helsinki begins with H, so the answer is Finland.
Answer: Finland",cdc6a76e-1788557742,"Consider these 8 countries: Bulgaria, Portugal, Denmark, Finland, Hungary, Sweden, Indonesia, Peru.
Exactly one of them has a capital city beginning with the letter H. Which country is it? Answer with just the country name.",613190823
facts_parallel,default,8,cot,90,Bulgaria,Bulgaria,1,-1,0,0,stop,1035,998,qwen3.6-27b,"Bulgaria's capital is Sofia; Cuba's capital is Havana; Austria's capital is Vienna; Finland's capital is Helsinki; Ireland's capital is Dublin; China's capital is Beijing; Germany's capital is Berlin; Denmark's capital is Copenhagen. Only Sofia begins with S, so the answer is Bulgaria.
Answer: Bulgaria",cdc6a76e-1788557742,"Consider these 8 countries: Bulgaria, Cuba, Austria, Finland, Ireland, China, Germany, Denmark.
Exactly one of them has a capital city beginning with the letter S. Which country is it? Answer with just the country name.",1145767234
facts_parallel,default,8,cot,91,Norway,Norway,1,-1,0,0,stop,581,511,qwen3.6-27b,"Czechia's capital is Prague; Egypt's capital is Cairo; Peru's capital is Lima; Poland's capital is Warsaw; Thailand's capital is Bangkok; Norway's capital is Oslo; China's capital is Beijing; Denmark's capital is Copenhagen. Only Oslo begins with the letter O, so the answer is Norway.
Answer: Norway",cdc6a76e-1788557742,"Consider these 8 countries: Czechia, Egypt, Peru, Poland, Thailand, Norway, China, Denmark.
Exactly one of them has a capital city beginning with the letter O. Which country is it? Answer with just the country name.",860632532
facts_parallel,default,8,cot,92,Greece,Greece,1,-1,0,0,stop,713,624,qwen3.6-27b,"Japan's capital is Tokyo; Sweden's capital is Stockholm; Greece's capital is Athens; Egypt's capital is Cairo; Indonesia's capital is Jakarta; Finland's capital is Helsinki; Portugal's capital is Lisbon; Thailand's capital is Bangkok. Only Athens begins with A, so the answer is Greece.
Answer: Greece",cdc6a76e-1788557742,"Consider these 8 countries: Japan, Sweden, Greece, Egypt, Indonesia, Finland, Portugal, Thailand.
Exactly one of them has a capital city beginning with the letter A. Which country is it? Answer with just the country name.",2856674414
facts_parallel,default,8,cot,93,Germany,Germany,1,-1,0,0,stop,814,748,qwen3.6-27b,"Germany's capital is Berlin; Kenya's capital is Nairobi; Greece's capital is Athens; Denmark's capital is Copenhagen; Poland's capital is Warsaw; Japan's capital is Tokyo; Sweden's capital is Stockholm; Bulgaria's capital is Sofia. Only Berlin begins with B, so the answer is Germany.
Answer: Germany",cdc6a76e-1788557742,"Consider these 8 countries: Germany, Kenya, Greece, Denmark, Poland, Japan, Sweden, Bulgaria.
Exactly one of them has a capital city beginning with the letter B. Which country is it? Answer with just the country name.",3712111864
facts_parallel,default,8,cot,94,Cuba,Cuba,1,-1,0,0,stop,974,902,qwen3.6-27b,"China's capital is Beijing; Kenya's capital is Nairobi; Bulgaria's capital is Sofia; Morocco's capital is Rabat; Greece's capital is Athens; Peru's capital is Lima; Cuba's capital is Havana; Sweden's capital is Stockholm. Only Havana begins with H, so the answer is Cuba.
Answer: Cuba",cdc6a76e-1788557742,"Consider these 8 countries: China, Kenya, Bulgaria, Morocco, Greece, Peru, Cuba, Sweden.
Exactly one of them has a capital city beginning with the letter H. Which country is it? Answer with just the country name.",1126613339
facts_parallel,default,8,cot,95,Austria,Austria,1,-1,0,0,stop,953,884,qwen3.6-27b,"Japan's capital is Tokyo; Poland's capital is Warsaw; Austria's capital is Vienna; Israel's capital is Jerusalem; Kenya's capital is Nairobi; Denmark's capital is Copenhagen; Hungary's capital is Budapest; Thailand's capital is Bangkok. Only Vienna begins with V, so the answer is Austria.
Answer: Austria",cdc6a76e-1788557742,"Consider these 8 countries: Japan, Poland, Austria, Israel, Kenya, Denmark, Hungary, Thailand.
Exactly one of them has a capital city beginning with the letter V. Which country is it? Answer with just the country name.",874639821
facts_parallel,default,8,cot,96,Norway,Norway,1,-1,0,0,stop,964,915,qwen3.6-27b,"Portugal's capital is Lisbon; Hungary's capital is Budapest; Norway's capital is Oslo; Israel's capital is Jerusalem; Austria's capital is Vienna; Peru's capital is Lima; Thailand's capital is Bangkok; Germany's capital is Berlin. Only Oslo begins with O, so the answer is Norway.
Answer: Norway",cdc6a76e-1788557742,"Consider these 8 countries: Portugal, Hungary, Norway, Israel, Austria, Peru, Thailand, Germany.
Exactly one of them has a capital city beginning with the letter O. Which country is it? Answer with just the country name.",2905120887
facts_parallel,default,8,cot,97,Austria,Austria,1,-1,0,0,stop,993,926,qwen3.6-27b,"Germany's capital is Berlin; Cuba's capital is Havana; Hungary's capital is Budapest; Russia's capital is Moscow; Bulgaria's capital is Sofia; Austria's capital is Vienna; Egypt's capital is Cairo; Morocco's capital is Rabat. Only Vienna begins with V, so the answer is Austria.
Answer: Austria",cdc6a76e-1788557742,"Consider these 8 countries: Germany, Cuba, Hungary, Russia, Bulgaria, Austria, Egypt, Morocco.
Exactly one of them has a capital city beginning with the letter V. Which country is it? Answer with just the country name.",3660550369
facts_parallel,default,8,cot,98,Indonesia,Indonesia,1,-1,0,0,stop,1005,936,qwen3.6-27b,"Czechia's capital is Prague; Austria's capital is Vienna; Ireland's capital is Dublin; Poland's capital is Warsaw; Finland's capital is Helsinki; Indonesia's capital is Jakarta; Greece's capital is Athens; Morocco's capital is Rabat. Only Jakarta begins with J, so the answer is Indonesia.
Answer: Indonesia",cdc6a76e-1788557742,"Consider these 8 countries: Czechia, Austria, Ireland, Poland, Finland, Indonesia, Greece, Morocco.
Exactly one of them has a capital city beginning with the letter J. Which country is it? Answer with just the country name.",1250987376
facts_parallel,default,8,cot,99,Indonesia,Indonesia,1,-1,0,0,stop,604,541,qwen3.6-27b,"Russia's capital is Moscow; Denmark's capital is Copenhagen; Indonesia's capital is Jakarta; Cuba's capital is Havana; Norway's capital is Oslo; China's capital is Beijing; Japan's capital is Tokyo; Kenya's capital is Nairobi. Only Jakarta begins with J, so the answer is Indonesia.
Answer: Indonesia",cdc6a76e-1788557742,"Consider these 8 countries: Russia, Denmark, Indonesia, Cuba, Norway, China, Japan, Kenya.
Exactly one of them has a capital city beginning with the letter J. Which country is it? Answer with just the country name.",1033354726
facts_parallel,default,8,cot,100,Portugal,Portugal,1,-1,0,0,stop,763,689,qwen3.6-27b,"Thailand's capital is Bangkok; Portugal's capital is Lisbon; Germany's capital is Berlin; Finland's capital is Helsinki; China's capital is Beijing; Morocco's capital is Rabat; Ireland's capital is Dublin; Czechia's capital is Prague. Only Lisbon begins with the letter L, so the answer is Portugal.
Answer: Portugal",cdc6a76e-1788557742,"Consider these 8 countries: Thailand, Portugal, Germany, Finland, China, Morocco, Ireland, Czechia.
Exactly one of them has a capital city beginning with the letter L. Which country is it? Answer with just the country name.",1650386208
facts_parallel,default,8,cot,101,Kenya,Kenya,1,-1,0,0,stop,880,811,qwen3.6-27b,"Russia's capital is Moscow; Bulgaria's capital is Sofia; China's capital is Beijing; Japan's capital is Tokyo; Israel's capital is Jerusalem; Finland's capital is Helsinki; Thailand's capital is Bangkok; Kenya's capital is Nairobi. Only Nairobi begins with the letter N, so the answer is Kenya.

Answer: Kenya",cdc6a76e-1788557742,"Consider these 8 countries: Russia, Bulgaria, China, Japan, Israel, Finland, Thailand, Kenya.
Exactly one of them has a capital city beginning with the letter N. Which country is it? Answer with just the country name.",358208950
facts_parallel,default,8,cot,102,Japan,Japan,1,-1,0,0,stop,771,698,qwen3.6-27b,"Bulgaria's capital is Sofia; Morocco's capital is Rabat; Poland's capital is Warsaw; Cuba's capital is Havana; Hungary's capital is Budapest; Thailand's capital is Bangkok; Japan's capital is Tokyo; China's capital is Beijing. Only Tokyo begins with the letter T, so the answer is Japan.
Answer: Japan",cdc6a76e-1788557742,"Consider these 8 countries: Bulgaria, Morocco, Poland, Cuba, Hungary, Thailand, Japan, China.
Exactly one of them has a capital city beginning with the letter T. Which country is it? Answer with just the country name.",2354086924
facts_parallel,default,8,cot,103,Egypt,Egypt,1,-1,0,0,stop,1015,943,qwen3.6-27b,"Greece's capital is Athens; Ireland's capital is Dublin; Cuba's capital is Havana; Egypt's capital is Cairo; Peru's capital is Lima; Bulgaria's capital is Sofia; Israel's capital is Jerusalem; Hungary's capital is Budapest. Only Cairo begins with the letter C, so the country is Egypt.

Answer: Egypt",cdc6a76e-1788557742,"Consider these 8 countries: Greece, Ireland, Cuba, Egypt, Peru, Bulgaria, Israel, Hungary.
Exactly one of them has a capital city beginning with the letter C. Which country is it? Answer with just the country name.",4216829082
facts_parallel,default,8,cot,104,Indonesia,Indonesia,1,-1,0,0,stop,964,923,qwen3.6-27b,"Germany's capital is Berlin; Indonesia's capital is Jakarta; Egypt's capital is Cairo; Bulgaria's capital is Sofia; Thailand's capital is Bangkok; Japan's capital is Tokyo; Norway's capital is Oslo; China's capital is Beijing. Only Jakarta begins with J, so the answer is Indonesia.
Answer: Indonesia",cdc6a76e-1788557742,"Consider these 8 countries: Germany, Indonesia, Egypt, Bulgaria, Thailand, Japan, Norway, China.
Exactly one of them has a capital city beginning with the letter J. Which country is it? Answer with just the country name.",1697849657
facts_parallel,default,8,cot,105,Poland,Poland,1,-1,0,0,stop,562,495,qwen3.6-27b,"Peru's capital is Lima; Austria's capital is Vienna; Kenya's capital is Nairobi; Japan's capital is Tokyo; Germany's capital is Berlin; Poland's capital is Warsaw; Egypt's capital is Cairo; Cuba's capital is Havana. Only Warsaw begins with W, so the answer is Poland.
Answer: Poland",cdc6a76e-1788557742,"Consider these 8 countries: Peru, Austria, Kenya, Japan, Germany, Poland, Egypt, Cuba.
Exactly one of them has a capital city beginning with the letter W. Which country is it? Answer with just the country name.",305402287
facts_parallel,default,8,cot,106,Cuba,Cuba,1,-1,0,0,stop,1104,1038,qwen3.6-27b,"Egypt's capital is Cairo; Cuba's capital is Havana; Austria's capital is Vienna; Russia's capital is Moscow; Indonesia's capital is Jakarta; Bulgaria's capital is Sofia; Israel's capital is Jerusalem; Kenya's capital is Nairobi. Only Havana begins with H, so the answer is Cuba.
Answer: Cuba",cdc6a76e-1788557742,"Consider these 8 countries: Egypt, Cuba, Austria, Russia, Indonesia, Bulgaria, Israel, Kenya.
Exactly one of them has a capital city beginning with the letter H. Which country is it? Answer with just the country name.",2336047125
facts_parallel,default,8,cot,107,Germany,Germany,1,-1,0,0,stop,921,856,qwen3.6-27b,"Poland's capital is Warsaw; Indonesia's capital is Jakarta; Russia's capital is Moscow; Germany's capital is Berlin; Egypt's capital is Cairo; Portugal's capital is Lisbon; Japan's capital is Tokyo; Israel's capital is Jerusalem. Only Berlin begins with the letter B, so the answer is Germany.
Answer: Germany",cdc6a76e-1788557742,"Consider these 8 countries: Poland, Indonesia, Russia, Germany, Egypt, Portugal, Japan, Israel.
Exactly one of them has a capital city beginning with the letter B. Which country is it? Answer with just the country name.",4231688323
facts_parallel,default,8,cot,108,Poland,Poland,1,-1,0,0,stop,779,711,qwen3.6-27b,"Russia's capital is Moscow; Germany's capital is Berlin; Poland's capital is Warsaw; Japan's capital is Tokyo; Cuba's capital is Havana; Ireland's capital is Dublin; Czechia's capital is Prague; Hungary's capital is Budapest. Only Warsaw begins with W, so the answer is Poland.
Answer: Poland",cdc6a76e-1788557742,"Consider these 8 countries: Russia, Germany, Poland, Japan, Cuba, Ireland, Czechia, Hungary.
Exactly one of them has a capital city beginning with the letter W. Which country is it? Answer with just the country name.",1820683538
facts_parallel,default,8,cot,109,Austria,Austria,1,-1,0,0,stop,699,633,qwen3.6-27b,"Sweden's capital is Stockholm; Austria's capital is Vienna; Portugal's capital is Lisbon; Greece's capital is Athens; Hungary's capital is Budapest; Russia's capital is Moscow; Egypt's capital is Cairo; Thailand's capital is Bangkok. Only Vienna begins with V, so the answer is Austria.
Answer: Austria",cdc6a76e-1788557742,"Consider these 8 countries: Sweden, Austria, Portugal, Greece, Hungary, Russia, Egypt, Thailand.
Exactly one of them has a capital city beginning with the letter V. Which country is it? Answer with just the country name.",461528452
facts_parallel,default,8,cot,110,Norway,Norway,1,-1,0,0,stop,764,696,qwen3.6-27b,"Denmark's capital is Copenhagen; Hungary's capital is Budapest; Norway's capital is Oslo; Kenya's capital is Nairobi; Czechia's capital is Prague; Portugal's capital is Lisbon; Germany's capital is Berlin; Bulgaria's capital is Sofia. Only Oslo begins with O, so the answer is Norway.
Answer: Norway",cdc6a76e-1788557742,"Consider these 8 countries: Denmark, Hungary, Norway, Kenya, Czechia, Portugal, Germany, Bulgaria.
Exactly one of them has a capital city beginning with the letter O. Which country is it? Answer with just the country name.",2068173921
facts_parallel,default,8,cot,111,Ireland,Ireland,1,-1,0,0,stop,817,750,qwen3.6-27b,"Finland's capital is Helsinki; Hungary's capital is Budapest; Ireland's capital is Dublin; Cuba's capital is Havana; Kenya's capital is Nairobi; Russia's capital is Moscow; Thailand's capital is Bangkok; Denmark's capital is Copenhagen. Only Dublin begins with D, so the answer is Ireland.
Answer: Ireland",cdc6a76e-1788557742,"Consider these 8 countries: Finland, Hungary, Ireland, Cuba, Kenya, Russia, Thailand, Denmark.
Exactly one of them has a capital city beginning with the letter D. Which country is it? Answer with just the country name.",205710583
facts_parallel,default,8,cot,112,Czechia,Czechia,1,-1,0,0,stop,878,806,qwen3.6-27b,"Russia's capital is Moscow; Peru's capital is Lima; Austria's capital is Vienna; Israel's capital is Jerusalem; Egypt's capital is Cairo; Portugal's capital is Lisbon; Germany's capital is Berlin; Czechia's capital is Prague. Only Prague begins with the letter P, so the answer is Czechia.

Answer: Czechia",cdc6a76e-1788557742,"Consider these 8 countries: Russia, Peru, Austria, Israel, Egypt, Portugal, Germany, Czechia.
Exactly one of them has a capital city beginning with the letter P. Which country is it? Answer with just the country name.",2504766797
facts_parallel,default,8,cot,113,Kenya,Kenya,1,-1,0,0,stop,440,339,qwen3.6-27b,"

Poland's capital is Warsaw; Egypt's capital is Cairo; Sweden's capital is Stockholm; Morocco's capital is Rabat; Peru's capital is Lima; Greece's capital is Athens; Kenya's capital is Nairobi; Czechia's capital is Prague. Only Nairobi begins with N, so the answer is Kenya.
Answer: Kenya",cdc6a76e-1788557742,"Consider these 8 countries: Poland, Egypt, Sweden, Morocco, Peru, Greece, Kenya, Czechia.
Exactly one of them has a capital city beginning with the letter N. Which country is it? Answer with just the country name.",3796665819
facts_parallel,default,8,cot,114,Portugal,Portugal,1,-1,0,0,stop,951,893,qwen3.6-27b,"Norway's capital is Oslo; Portugal's capital is Lisbon; Greece's capital is Athens; China's capital is Beijing; Japan's capital is Tokyo; Poland's capital is Warsaw; Czechia's capital is Prague; Thailand's capital is Bangkok. Only Lisbon begins with the letter L, so the answer is Portugal.
Answer: Portugal",cdc6a76e-1788557742,"Consider these 8 countries: Norway, Portugal, Greece, China, Japan, Poland, Czechia, Thailand.
Exactly one of them has a capital city beginning with the letter L. Which country is it? Answer with just the country name.",2083000440
facts_parallel,default,8,cot,115,Cuba,Cuba,1,-1,0,0,stop,965,899,qwen3.6-27b,"Bulgaria's capital is Sofia; China's capital is Beijing; Israel's capital is Jerusalem; Sweden's capital is Stockholm; Morocco's capital is Rabat; Russia's capital is Moscow; Greece's capital is Athens; Cuba's capital is Havana. Only Havana begins with H, so the answer is Cuba.
Answer: Cuba",cdc6a76e-1788557742,"Consider these 8 countries: Bulgaria, China, Israel, Sweden, Morocco, Russia, Greece, Cuba.
Exactly one of them has a capital city beginning with the letter H. Which country is it? Answer with just the country name.",187637998
facts_parallel,default,8,cot,116,Ireland,Ireland,1,-1,0,0,stop,846,771,qwen3.6-27b,"Ireland's capital is Dublin; Norway's capital is Oslo; Peru's capital is Lima; Thailand's capital is Bangkok; Russia's capital is Moscow; Morocco's capital is Rabat; Japan's capital is Tokyo; Greece's capital is Athens. Only Dublin begins with D, so the answer is Ireland.
Answer: Ireland",cdc6a76e-1788557742,"Consider these 8 countries: Ireland, Norway, Peru, Thailand, Russia, Morocco, Japan, Greece.
Exactly one of them has a capital city beginning with the letter D. Which country is it? Answer with just the country name.",2451992916
facts_parallel,default,8,cot,117,Poland,Poland,1,-1,0,0,stop,860,787,qwen3.6-27b,"Thailand's capital is Bangkok; Indonesia's capital is Jakarta; Japan's capital is Tokyo; Poland's capital is Warsaw; Norway's capital is Oslo; Germany's capital is Berlin; Hungary's capital is Budapest; Morocco's capital is Rabat. Only Warsaw begins with the letter W, so the answer is Poland.
Answer: Poland",cdc6a76e-1788557742,"Consider these 8 countries: Thailand, Indonesia, Japan, Poland, Norway, Germany, Hungary, Morocco.
Exactly one of them has a capital city beginning with the letter W. Which country is it? Answer with just the country name.",3844161986
facts_parallel,default,8,cot,118,Morocco,Morocco,1,-1,0,0,stop,845,774,qwen3.6-27b,"Peru's capital is Lima; Norway's capital is Oslo; Hungary's capital is Budapest; Indonesia's capital is Jakarta; Greece's capital is Athens; China's capital is Beijing; Morocco's capital is Rabat; Portugal's capital is Lisbon. Only Rabat begins with the letter R, so the country is Morocco.

Answer: Morocco",cdc6a76e-1788557742,"Consider these 8 countries: Peru, Norway, Hungary, Indonesia, Greece, China, Morocco, Portugal.
Exactly one of them has a capital city beginning with the letter R. Which country is it? Answer with just the country name.",1973312595
facts_parallel,default,8,cot,119,Egypt,Egypt,1,-1,0,0,stop,1222,1155,qwen3.6-27b,"China's capital is Beijing; Egypt's capital is Cairo; Portugal's capital is Lisbon; Ireland's capital is Dublin; Peru's capital is Lima; Norway's capital is Oslo; Morocco's capital is Rabat; Germany's capital is Berlin. Only Cairo begins with C, so the answer is Egypt.
Answer: Egypt",cdc6a76e-1788557742,"Consider these 8 countries: China, Egypt, Portugal, Ireland, Peru, Norway, Morocco, Germany.
Exactly one of them has a capital city beginning with the letter C. Which country is it? Answer with just the country name.",43609285
facts_parallel,default,16,immediate,0,Kenya,Kenya,1,-1,0,0,stop,4,0,qwen3.6-27b,Answer: Kenya,cdc6a76e-1788557742,"Consider these 16 countries: Ireland, Japan, Egypt, Cuba, Peru, Denmark, Finland, Poland, Portugal, Morocco, Israel, China, Thailand, Russia, Kenya, Sweden.
Exactly one of them has a capital city beginning with the letter N. Which country is it? Answer with just the country name.",3376478622
facts_parallel,default,16,immediate,1,Japan,Thailand,0,-1,0,0,stop,4,0,qwen3.6-27b,Answer: Thailand,cdc6a76e-1788557742,"Consider these 16 countries: Thailand, Austria, Japan, Portugal, Peru, Sweden, Germany, Cuba, Egypt, Ireland, Norway, Hungary, Russia, Greece, Kenya, Poland.
Exactly one of them has a capital city beginning with the letter T. Which country is it? Answer with just the country name.",3192375560
facts_parallel,default,16,immediate,2,Ireland,Morocco,0,-1,0,0,stop,4,0,qwen3.6-27b,Answer: Morocco,cdc6a76e-1788557742,"Consider these 16 countries: Cuba, Israel, Indonesia, Hungary, Japan, Egypt, Portugal, Ireland, Russia, Poland, Sweden, Peru, China, Greece, Thailand, Morocco.
Exactly one of them has a capital city beginning with the letter D. Which country is it? Answer with just the country name.",659462322
facts_parallel,default,16,immediate,3,Czechia,Poland,0,-1,0,0,stop,4,0,qwen3.6-27b,Answer: Poland,cdc6a76e-1788557742,"Consider these 16 countries: Poland, Kenya, Thailand, Russia, Indonesia, Egypt, Germany, Austria, Norway, Cuba, China, Greece, Sweden, Japan, Finland, Czechia.
Exactly one of them has a capital city beginning with the letter P. Which country is it? Answer with just the country name.",1347004452
facts_parallel,default,16,immediate,4,Greece,,0,-1,0,0,stop,3,0,qwen3.6-27b,Answer:,cdc6a76e-1788557742,"Consider these 16 countries: Sweden, Egypt, Greece, Cuba, Kenya, Ireland, Denmark, Japan, Finland, Austria, Portugal, Czechia, Poland, Israel, Thailand, Morocco.
Exactly one of them has a capital city beginning with the letter A. Which country is it? Answer with just the country name.",3459071367
facts_parallel,default,16,immediate,5,Norway,Portugal,0,-1,0,0,stop,4,0,qwen3.6-27b,Answer: Portugal,cdc6a76e-1788557742,"Consider these 16 countries: Thailand, Norway, Bulgaria, Ireland, Cuba, Portugal, Indonesia, Denmark, Sweden, Peru, Finland, Germany, Greece, Hungary, Austria, Israel.
Exactly one of them has a capital city beginning with the letter O. Which country is it? Answer with just the country name.",3106540817
facts_parallel,default,16,immediate,6,Czechia,Portugal,0,-1,0,0,stop,4,0,qwen3.6-27b,Answer: Portugal,cdc6a76e-1788557742,"Consider these 16 countries: Egypt, Norway, Portugal, Israel, Morocco, Hungary, Bulgaria, Czechia, Cuba, Germany, Finland, Denmark, Thailand, Poland, Peru, Kenya.
Exactly one of them has a capital city beginning with the letter P. Which country is it? Answer with just the country name.",539188395
facts_parallel,default,16,immediate,7,Japan,Thailand,0,-1,0,0,stop,4,0,qwen3.6-27b,Answer: Thailand,cdc6a76e-1788557742,"Consider these 16 countries: Cuba, Czechia, Hungary, Greece, Japan, China, Germany, Russia, Denmark, Indonesia, Morocco, Thailand, Portugal, Sweden, Bulgaria, Israel.
Exactly one of them has a capital city beginning with the letter T. Which country is it? Answer with just the country name.",1462004797
facts_parallel,default,16,immediate,8,Austria,Egypt,0,-1,0,0,stop,4,0,qwen3.6-27b,Answer: Egypt,cdc6a76e-1788557742,"Consider these 16 countries: Egypt, Denmark, Hungary, Japan, Israel, Austria, Portugal, Sweden, Thailand, Kenya, Cuba, Norway, Finland, China, Czechia, Poland.
Exactly one of them has a capital city beginning with the letter V. Which country is it? Answer with just the country name.",3348853164
facts_parallel,default,16,immediate,9,Ireland,Denmark,0,-1,0,0,stop,4,0,qwen3.6-27b,Answer: Denmark,cdc6a76e-1788557742,"Consider these 16 countries: Greece, Israel, Norway, Japan, Bulgaria, Finland, Czechia, Thailand, Indonesia, Ireland, Russia, China, Cuba, Portugal, Denmark, Hungary.
Exactly one of them has a capital city beginning with the letter D. Which country is it? Answer with just the country name.",2963030330
facts_parallel,default,16,immediate,10,Russia,Morocco,0,-1,0,0,stop,3,0,qwen3.6-27b,Answer: Morocco,cdc6a76e-1788557742,"Consider these 16 countries: Morocco, Indonesia, Denmark, Cuba, Kenya, Israel, Egypt, Portugal, Japan, Finland, Norway, Bulgaria, China, Sweden, Russia, Austria.
Exactly one of them has a capital city beginning with the letter M. Which country is it? Answer with just the country name.",4206760154
facts_parallel,default,16,immediate,11,Greece,Austria,0,-1,0,0,stop,4,0,qwen3.6-27b,Answer: Austria,cdc6a76e-1788557742,"Consider these 16 countries: China, Austria, Ireland, Czechia, Poland, Morocco, Denmark, Russia, Greece, Thailand, Bulgaria, Norway, Germany, Japan, Cuba, Kenya.
Exactly one of them has a capital city beginning with the letter A. Which country is it? Answer with just the country name.",2377719884
facts_parallel,default,16,immediate,12,Russia,Russia,1,-1,0,0,stop,4,0,qwen3.6-27b,Answer: Russia,cdc6a76e-1788557742,"Consider these 16 countries: Portugal, Norway, Germany, Czechia, Israel, Ireland, Greece, Thailand, Indonesia, Russia, Cuba, Hungary, Finland, Egypt, Peru, Japan.
Exactly one of them has a capital city beginning with the letter M. Which country is it? Answer with just the country name.",347107830
facts_parallel,default,16,immediate,13,Morocco,Peru,0,-1,0,0,stop,4,0,qwen3.6-27b,Answer: Peru,cdc6a76e-1788557742,"Consider these 16 countries: Peru, Czechia, Poland, Sweden, Egypt, Israel, Greece, Finland, Hungary, Morocco, Bulgaria, China, Denmark, Austria, Cuba, Indonesia.
Exactly one of them has a capital city beginning with the letter R. Which country is it? Answer with just the country name.",1672954208
facts_parallel,default,16,immediate,14,Peru,Poland,0,-1,0,0,stop,4,0,qwen3.6-27b,Answer: Poland,cdc6a76e-1788557742,"Consider these 16 countries: Israel, Thailand, Morocco, Bulgaria, Poland, Russia, Czechia, Indonesia, Sweden, Greece, Cuba, Denmark, Norway, Germany, Peru, Japan.
Exactly one of them has a capital city beginning with the letter L. Which country is it? Answer with just the country name.",4258518211
facts_parallel,default,16,immediate,15,Denmark,Portugal,0,-1,0,0,stop,4,0,qwen3.6-27b,Answer: Portugal,cdc6a76e-1788557742,"Consider these 16 countries: Hungary, Bulgaria, Indonesia, Poland, Japan, Denmark, Morocco, Portugal, Peru, Austria, Thailand, Greece, Ireland, Kenya, Israel, Czechia.
Exactly one of them has a capital city beginning with the letter C. Which country is it? Answer with just the country name.",2329207893
facts_parallel,default,16,immediate,16,Sweden,Sweden,1,-1,0,0,stop,4,0,qwen3.6-27b,Answer: Sweden,cdc6a76e-1788557742,"Consider these 16 countries: Czechia, Indonesia, Morocco, Thailand, Sweden, Hungary, Japan, Israel, Greece, Germany, Cuba, Portugal, Finland, Egypt, Peru, Poland.
Exactly one of them has a capital city beginning with the letter S. Which country is it? Answer with just the country name.",333297135
facts_parallel,default,16,immediate,17,Austria,Portugal,0,-1,0,0,stop,4,0,qwen3.6-27b,Answer: Portugal,cdc6a76e-1788557742,"Consider these 16 countries: Thailand, Hungary, Israel, Denmark, Kenya, Austria, Norway, Peru, Russia, Ireland, Czechia, Cuba, Egypt, Morocco, Germany, Portugal.
Exactly one of them has a capital city beginning with the letter V. Which country is it? Answer with just the country name.",1692042617
facts_parallel,default,16,immediate,18,Poland,,0,-1,0,0,stop,3,0,qwen3.6-27b,Answer:,cdc6a76e-1788557742,"Consider these 16 countries: Hungary, Thailand, Egypt, Israel, Kenya, Germany, Portugal, Russia, Poland, Peru, Ireland, China, Cuba, Norway, Greece, Indonesia.
Exactly one of them has a capital city beginning with the letter W. Which country is it? Answer with just the country name.",4100298984
facts_parallel,default,16,immediate,19,Indonesia,Indonesia,1,-1,0,0,stop,4,0,qwen3.6-27b,Answer: Indonesia,cdc6a76e-1788557742,"Consider these 16 countries: Denmark, Hungary, Japan, Indonesia, Cuba, Portugal, Ireland, Austria, Sweden, Germany, Bulgaria, Norway, Morocco, Peru, China, Czechia.
Exactly one of them has a capital city beginning with the letter J. Which country is it? Answer with just the country name.",2204280958
facts_parallel,default,16,immediate,20,Japan,Japan,1,-1,0,0,stop,4,0,qwen3.6-27b,Answer: Japan,cdc6a76e-1788557742,"Consider these 16 countries: Japan, Indonesia, Germany, Poland, Peru, Norway, Portugal, Morocco, Bulgaria, Egypt, Greece, Denmark, Kenya, Cuba, Sweden, China.
Exactly one of them has a capital city beginning with the letter T. Which country is it? Answer with just the country name.",3516089113
facts_parallel,default,16,immediate,21,Bulgaria,Kenya,0,-1,0,0,stop,4,0,qwen3.6-27b,Answer: Kenya,cdc6a76e-1788557742,"Consider these 16 countries: Kenya, Denmark, Hungary, Austria, Czechia, China, Thailand, Bulgaria, Portugal, Indonesia, Japan, Norway, Egypt, Finland, Russia, Israel.
Exactly one of them has a capital city beginning with the letter S. Which country is it? Answer with just the country name.",2794746767
facts_parallel,default,16,immediate,22,Greece,,0,-1,0,0,stop,3,0,qwen3.6-27b,Answer:,cdc6a76e-1788557742,"Consider these 16 countries: Thailand, Hungary, Peru, Russia, Greece, Morocco, Germany, Egypt, Czechia, Japan, Ireland, Bulgaria, Finland, Sweden, Cuba, Norway.
Exactly one of them has a capital city beginning with the letter A. Which country is it? Answer with just the country name.",1067262517
facts_parallel,default,16,immediate,23,Bulgaria,Poland,0,-1,0,0,stop,4,0,qwen3.6-27b,Answer: Poland,cdc6a76e-1788557742,"Consider these 16 countries: Poland, Ireland, Japan, Israel, China, Austria, Greece, Thailand, Kenya, Indonesia, Hungary, Germany, Bulgaria, Denmark, Morocco, Peru.
Exactly one of them has a capital city beginning with the letter S. Which country is it? Answer with just the country name.",1218056867
facts_parallel,default,16,immediate,24,Morocco,Russia,0,-1,0,0,stop,4,0,qwen3.6-27b,Answer: Russia,cdc6a76e-1788557742,"Consider these 16 countries: Greece, Sweden, Ireland, Denmark, China, Poland, Israel, Austria, Russia, Indonesia, Morocco, Kenya, Portugal, Germany, Finland, Czechia.
Exactly one of them has a capital city beginning with the letter R. Which country is it? Answer with just the country name.",3607004928
facts_parallel,default,16,immediate,25,Kenya,Norway,0,-1,0,0,stop,4,0,qwen3.6-27b,Answer: Norway,cdc6a76e-1788557742,"Consider these 16 countries: Norway, Israel, Denmark, Sweden, Peru, Germany, Japan, Morocco, Austria, Indonesia, Ireland, Egypt, Portugal, Czechia, Kenya, Thailand.
Exactly one of them has a capital city beginning with the letter N. Which country is it? Answer with just the country name.",2717497238
facts_parallel,default,16,immediate,26,Kenya,Norway,0,-1,0,0,stop,4,0,qwen3.6-27b,Answer: Norway,cdc6a76e-1788557742,"Consider these 16 countries: Denmark, Portugal, Norway, Finland, Bulgaria, Cuba, Japan, Greece, Sweden, Czechia, Peru, Russia, Germany, Indonesia, Kenya, Egypt.
Exactly one of them has a capital city beginning with the letter N. Which country is it? Answer with just the country name.",955311660
facts_parallel,default,16,immediate,27,Japan,Thailand,0,-1,0,0,stop,4,0,qwen3.6-27b,Answer: Thailand,cdc6a76e-1788557742,"Consider these 16 countries: Sweden, Bulgaria, Egypt, Greece, Japan, Denmark, Norway, Indonesia, Germany, Ireland, Peru, Morocco, Thailand, Portugal, Russia, Israel.
Exactly one of them has a capital city beginning with the letter T. Which country is it? Answer with just the country name.",1341642426
facts_parallel,default,16,immediate,28,Morocco,Bulgaria,0,-1,0,0,stop,4,0,qwen3.6-27b,Answer: Bulgaria,cdc6a76e-1788557742,"Consider these 16 countries: Bulgaria, Finland, Thailand, Czechia, Ireland, Morocco, Poland, Hungary, Japan, Norway, Egypt, Sweden, China, Germany, Peru, Cuba.
Exactly one of them has a capital city beginning with the letter R. Which country is it? Answer with just the country name.",3746089771
facts_parallel,default,16,immediate,29,Czechia,Peru,0,-1,0,0,stop,4,0,qwen3.6-27b,Answer: Peru,cdc6a76e-1788557742,"Consider these 16 countries: Sweden, China, Hungary, Czechia, Russia, Kenya, Finland, Denmark, Cuba, Peru, Portugal, Israel, Morocco, Ireland, Japan, Poland.
Exactly one of them has a capital city beginning with the letter P. Which country is it? Answer with just the country name.",2823814077
facts_parallel,default,16,immediate,30,Poland,Austria,0,-1,0,0,stop,4,0,qwen3.6-27b,Answer: Austria,cdc6a76e-1788557742,"Consider these 16 countries: Austria, Bulgaria, Finland, Sweden, Thailand, Israel, Greece, Poland, Hungary, Kenya, Egypt, Ireland, Norway, Peru, Czechia, Cuba.
Exactly one of them has a capital city beginning with the letter W. Which country is it? Answer with just the country name.",3364385368
facts_parallel,default,16,immediate,31,Poland,,0,-1,0,0,stop,3,0,qwen3.6-27b,Answer:,cdc6a76e-1788557742,"Consider these 16 countries: Norway, Finland, China, Egypt, Russia, Poland, Israel, Indonesia, Hungary, Thailand, Morocco, Germany, Ireland, Czechia, Sweden, Greece.
Exactly one of them has a capital city beginning with the letter W. Which country is it? Answer with just the country name.",3213837006
facts_parallel,default,16,immediate,32,Russia,Morocco,0,-1,0,0,stop,4,0,qwen3.6-27b,Answer: Morocco,cdc6a76e-1788557742,"Consider these 16 countries: Czechia, Cuba, Japan, Poland, China, Norway, Russia, Finland, Hungary, Morocco, Greece, Egypt, Austria, Germany, Portugal, Denmark.
Exactly one of them has a capital city beginning with the letter M. Which country is it? Answer with just the country name.",646321012
facts_parallel,default,16,immediate,33,Poland,Poland,1,-1,0,0,stop,4,0,qwen3.6-27b,Answer: Poland,cdc6a76e-1788557742,"Consider these 16 countries: Kenya, Peru, Poland, Israel, Cuba, Sweden, Norway, Germany, Indonesia, Portugal, China, Egypt, Japan, Hungary, Russia, Thailand.
Exactly one of them has a capital city beginning with the letter W. Which country is it? Answer with just the country name.",1367417826
facts_parallel,default,16,immediate,34,Norway,Morocco,0,-1,0,0,stop,4,0,qwen3.6-27b,Answer: Morocco,cdc6a76e-1788557742,"Consider these 16 countries: Peru, Thailand, Czechia, Finland, Germany, Portugal, Morocco, Greece, Israel, Norway, Hungary, Japan, China, Denmark, Egypt, Sweden.
Exactly one of them has a capital city beginning with the letter O. Which country is it? Answer with just the country name.",3487938113
facts_parallel,default,16,immediate,35,Greece,Kenya,0,-1,0,0,stop,4,0,qwen3.6-27b,Answer: Kenya,cdc6a76e-1788557742,"Consider these 16 countries: Kenya, Czechia, Cuba, Indonesia, Norway, Sweden, Germany, Finland, Bulgaria, Poland, Thailand, Portugal, Hungary, Denmark, Greece, Japan.
Exactly one of them has a capital city beginning with the letter A. Which country is it? Answer with just the country name.",3101853399
facts_parallel,default,16,immediate,36,Kenya,Norway,0,-1,0,0,stop,4,0,qwen3.6-27b,Answer: Norway,cdc6a76e-1788557742,"Consider these 16 countries: Kenya, Portugal, Israel, Poland, Cuba, Indonesia, Greece, China, Morocco, Bulgaria, Ireland, Russia, Hungary, Japan, Norway, Thailand.
Exactly one of them has a capital city beginning with the letter N. Which country is it? Answer with just the country name.",569104237
facts_parallel,default,16,immediate,37,Austria,Indonesia,0,-1,0,0,stop,4,0,qwen3.6-27b,Answer: Indonesia,cdc6a76e-1788557742,"Consider these 16 countries: Denmark, Sweden, Peru, Indonesia, Greece, Germany, Ireland, China, Portugal, Finland, Austria, Norway, Israel, Japan, Thailand, Morocco.
Exactly one of them has a capital city beginning with the letter V. Which country is it? Answer with just the country name.",1458366459
facts_parallel,default,16,immediate,38,Russia,Morocco,0,-1,0,0,stop,4,0,qwen3.6-27b,Answer: Morocco,cdc6a76e-1788557742,"Consider these 16 countries: China, Indonesia, Israel, Morocco, Cuba, Sweden, Kenya, Hungary, Japan, Finland, Greece, Portugal, Norway, Thailand, Poland, Russia.
Exactly one of them has a capital city beginning with the letter M. Which country is it? Answer with just the country name.",3327392362
facts_parallel,default,16,immediate,39,Sweden,Sweden,1,-1,0,0,stop,4,0,qwen3.6-27b,Answer: Sweden,cdc6a76e-1788557742,"Consider these 16 countries: Finland, Kenya, Norway, China, Denmark, Israel, Czechia, Hungary, Cuba, Sweden, Poland, Indonesia, Morocco, Egypt, Peru, Portugal.
Exactly one of them has a capital city beginning with the letter S. Which country is it? Answer with just the country name.",2975124220
facts_parallel,default,16,immediate,40,Ireland,Denmark,0,-1,0,0,stop,4,0,qwen3.6-27b,Answer: Denmark,cdc6a76e-1788557742,"Consider these 16 countries: Ireland, Czechia, Cuba, Sweden, Germany, Morocco, China, Greece, Indonesia, Israel, Egypt, Poland, Thailand, Hungary, Russia, Denmark.
Exactly one of them has a capital city beginning with the letter D. Which country is it? Answer with just the country name.",2278155423
facts_parallel,default,16,immediate,41,Portugal,Kenya,0,-1,0,0,stop,4,0,qwen3.6-27b,Answer: Kenya,cdc6a76e-1788557742,"Consider these 16 countries: Kenya, Poland, Czechia, Morocco, Norway, Portugal, Egypt, Ireland, Hungary, Indonesia, China, Russia, Finland, Japan, Israel, Austria.
Exactly one of them has a capital city beginning with the letter L. Which country is it? Answer with just the country name.",4040086537
facts_parallel,default,16,immediate,42,Israel,Japan,0,-1,0,0,stop,4,0,qwen3.6-27b,Answer: Japan,cdc6a76e-1788557742,"Consider these 16 countries: Cuba, China, Germany, Bulgaria, Hungary, Finland, Portugal, Norway, Egypt, Kenya, Greece, Israel, Austria, Sweden, Ireland, Czechia.
Exactly one of them has a capital city beginning with the letter J. Which country is it? Answer with just the country name.",1774683571
facts_parallel,default,16,immediate,43,Kenya,Bulgaria,0,-1,0,0,stop,4,0,qwen3.6-27b,Answer: Bulgaria,cdc6a76e-1788557742,"Consider these 16 countries: Bulgaria, Sweden, Czechia, Cuba, Egypt, Kenya, Ireland, Finland, Denmark, Israel, Morocco, Greece, Portugal, Poland, Hungary, Russia.
Exactly one of them has a capital city beginning with the letter N. Which country is it? Answer with just the country name.",515945765
facts_parallel,default,16,immediate,44,Japan,Thailand,0,-1,0,0,stop,4,0,qwen3.6-27b,Answer: Thailand,cdc6a76e-1788557742,"Consider these 16 countries: Denmark, Norway, Ireland, Thailand, Germany, Sweden, Poland, Japan, Peru, Austria, Hungary, Kenya, Finland, Cuba, Egypt, Bulgaria.
Exactly one of them has a capital city beginning with the letter T. Which country is it? Answer with just the country name.",2158239878
facts_parallel,default,16,immediate,45,Greece,Austria,0,-1,0,0,stop,4,0,qwen3.6-27b,Answer: Austria,cdc6a76e-1788557742,"Consider these 16 countries: Indonesia, Cuba, Germany, China, Greece, Denmark, Austria, Norway, Kenya, Thailand, Sweden, Czechia, Portugal, Russia, Israel, Hungary.
Exactly one of them has a capital city beginning with the letter A. Which country is it? Answer with just the country name.",4154658832
facts_parallel,default,16,immediate,46,Greece,Austria,0,-1,0,0,stop,4,0,qwen3.6-27b,Answer: Austria,cdc6a76e-1788557742,"Consider these 16 countries: Greece, Norway, Ireland, Czechia, Sweden, Peru, Indonesia, Bulgaria, Poland, Austria, Israel, Kenya, Morocco, Cuba, China, Germany.
Exactly one of them has a capital city beginning with the letter A. Which country is it? Answer with just the country name.",1856651690
facts_parallel,default,16,immediate,47,Norway,Kenya,0,-1,0,0,stop,4,0,qwen3.6-27b,Answer: Kenya,cdc6a76e-1788557742,"Consider these 16 countries: Kenya, Germany, Norway, Russia, Israel, Sweden, Austria, Ireland, Bulgaria, Indonesia, Czechia, Thailand, Peru, Poland, Japan, Egypt.
Exactly one of them has a capital city beginning with the letter O. Which country is it? Answer with just the country name.",430797116
facts_parallel,default,16,immediate,48,Morocco,Russia,0,-1,0,0,stop,4,0,qwen3.6-27b,Answer: Russia,cdc6a76e-1788557742,"Consider these 16 countries: Portugal, Russia, Morocco, Poland, Cuba, Ireland, Germany, Peru, Austria, Egypt, Norway, Hungary, Sweden, Finland, Czechia, Denmark.
Exactly one of them has a capital city beginning with the letter R. Which country is it? Answer with just the country name.",2299686061
facts_parallel,default,16,immediate,49,Norway,Kenya,0,-1,0,0,stop,3,0,qwen3.6-27b,Answer: Kenya,cdc6a76e-1788557742,"Consider these 16 countries: Germany, Sweden, Kenya, Greece, Peru, China, Finland, Cuba, Denmark, Bulgaria, Poland, Ireland, Norway, Indonesia, Hungary, Israel.
Exactly one of them has a capital city beginning with the letter O. Which country is it? Answer with just the country name.",4262812731
facts_parallel,default,16,immediate,50,Sweden,Sweden,1,-1,0,0,stop,4,0,qwen3.6-27b,Answer: Sweden,cdc6a76e-1788557742,"Consider these 16 countries: Poland, Finland, Thailand, Portugal, Denmark, Kenya, Cuba, Czechia, Ireland, Israel, Norway, Indonesia, Egypt, Sweden, Greece, China.
Exactly one of them has a capital city beginning with the letter S. Which country is it? Answer with just the country name.",2664617438
facts_parallel,default,16,immediate,51,Greece,Austria,0,-1,0,0,stop,4,0,qwen3.6-27b,Answer: Austria,cdc6a76e-1788557742,"Consider these 16 countries: Kenya, China, Portugal, Czechia, Denmark, Germany, Bulgaria, Greece, Egypt, Morocco, Indonesia, Finland, Cuba, Israel, Austria, Norway.
Exactly one of them has a capital city beginning with the letter A. Which country is it? Answer with just the country name.",3923109192
facts_parallel,default,16,immediate,52,Russia,Egypt,0,-1,0,0,stop,4,0,qwen3.6-27b,Answer: Egypt,cdc6a76e-1788557742,"Consider these 16 countries: Egypt, Peru, Czechia, Portugal, Finland, Poland, Japan, Bulgaria, Norway, Germany, Austria, Russia, Morocco, Denmark, Kenya, Cuba.
Exactly one of them has a capital city beginning with the letter M. Which country is it? Answer with just the country name.",1893512434
facts_parallel,default,16,immediate,53,Germany,Bulgaria,0,-1,0,0,stop,4,0,qwen3.6-27b,Answer: Bulgaria,cdc6a76e-1788557742,"Consider these 16 countries: Portugal, Austria, Indonesia, Germany, Norway, Peru, Denmark, Egypt, Ireland, Israel, Poland, Morocco, Czechia, Russia, Kenya, Bulgaria.
Exactly one of them has a capital city beginning with the letter B. Which country is it? Answer with just the country name.",131826788
facts_parallel,default,16,immediate,54,Poland,Indonesia,0,-1,0,0,stop,4,0,qwen3.6-27b,Answer: Indonesia,cdc6a76e-1788557742,"Consider these 16 countries: Czechia, Denmark, Bulgaria, Thailand, Ireland, Greece, Japan, Austria, Indonesia, Poland, Sweden, Israel, Germany, Portugal, Norway, China.
Exactly one of them has a capital city beginning with the letter W. Which country is it? Answer with just the country name.",2579435975
facts_parallel,default,16,immediate,55,Greece,Austria,0,-1,0,0,stop,4,0,qwen3.6-27b,Answer: Austria,cdc6a76e-1788557742,"Consider these 16 countries: Finland, Peru, Denmark, Egypt, Cuba, Germany, China, Bulgaria, Norway, Morocco, Sweden, Czechia, Ireland, Kenya, Greece, Austria.
Exactly one of them has a capital city beginning with the letter A. Which country is it? Answer with just the country name.",4005044561
facts_parallel,default,16,immediate,56,Ireland,Denmark,0,-1,0,0,stop,4,0,qwen3.6-27b,Answer: Denmark,cdc6a76e-1788557742,"Consider these 16 countries: Russia, Denmark, Czechia, Ireland, Germany, Cuba, Morocco, Greece, Hungary, Austria, Bulgaria, Egypt, Peru, Thailand, Norway, Portugal.
Exactly one of them has a capital city beginning with the letter D. Which country is it? Answer with just the country name.",2008117483
facts_parallel,default,16,immediate,57,Japan,Thailand,0,-1,0,0,stop,4,0,qwen3.6-27b,Answer: Thailand,cdc6a76e-1788557742,"Consider these 16 countries: Thailand, Bulgaria, Morocco, Indonesia, Hungary, Germany, Japan, Portugal, Sweden, Cuba, Poland, Russia, Peru, Egypt, Ireland, Greece.
Exactly one of them has a capital city beginning with the letter T. Which country is it? Answer with just the country name.",11944061
facts_parallel,default,16,immediate,58,Norway,Portugal,0,-1,0,0,stop,4,0,qwen3.6-27b,Answer: Portugal,cdc6a76e-1788557742,"Consider these 16 countries: Bulgaria, Russia, Israel, Indonesia, Peru, Norway, China, Thailand, Austria, Czechia, Greece, Kenya, Portugal, Finland, Denmark, Cuba.
Exactly one of them has a capital city beginning with the letter O. Which country is it? Answer with just the country name.",2416532972
facts_parallel,default,16,immediate,59,Egypt,Austria,0,-1,0,0,stop,4,0,qwen3.6-27b,Answer: Austria,cdc6a76e-1788557742,"Consider these 16 countries: Sweden, Indonesia, Japan, Greece, Ireland, Hungary, Germany, China, Austria, Egypt, Norway, Kenya, Russia, Morocco, Czechia, Peru.
Exactly one of them has a capital city beginning with the letter C. Which country is it? Answer with just the country name.",3876482426
facts_parallel,default,16,immediate,60,Japan,Thailand,0,-1,0,0,stop,4,0,qwen3.6-27b,Answer: Thailand,cdc6a76e-1788557742,"Consider these 16 countries: Egypt, Ireland, Thailand, Sweden, Kenya, Germany, Portugal, Peru, Morocco, China, Russia, Israel, Poland, Japan, Indonesia, Hungary.
Exactly one of them has a capital city beginning with the letter T. Which country is it? Answer with just the country name.",3053422109
facts_parallel,default,16,immediate,61,Cuba,Thailand,0,-1,0,0,stop,4,0,qwen3.6-27b,Answer: Thailand,cdc6a76e-1788557742,"Consider these 16 countries: Russia, Thailand, Cuba, Sweden, Bulgaria, Japan, Indonesia, Austria, Germany, Kenya, Morocco, Israel, Norway, China, Portugal, Denmark.
Exactly one of them has a capital city beginning with the letter H. Which country is it? Answer with just the country name.",3271079563
facts_parallel,default,16,immediate,62,Israel,Japan,0,-1,0,0,stop,4,0,qwen3.6-27b,Answer: Japan,cdc6a76e-1788557742,"Consider these 16 countries: Austria, Peru, Sweden, Kenya, Czechia, Israel, Poland, Germany, Cuba, Russia, Portugal, Bulgaria, Norway, Egypt, Ireland, Japan.
Exactly one of them has a capital city beginning with the letter J. Which country is it? Answer with just the country name.",1542580017
facts_parallel,default,16,immediate,63,Czechia,Portugal,0,-1,0,0,stop,4,0,qwen3.6-27b,Answer: Portugal,cdc6a76e-1788557742,"Consider these 16 countries: Cuba, Japan, Norway, Czechia, Sweden, Thailand, Germany, Russia, Israel, Finland, Egypt, Indonesia, Portugal, Bulgaria, Kenya, Morocco.
Exactly one of them has a capital city beginning with the letter P. Which country is it? Answer with just the country name.",754374567
facts_parallel,default,16,immediate,64,Israel,Japan,0,-1,0,0,stop,4,0,qwen3.6-27b,Answer: Japan,cdc6a76e-1788557742,"Consider these 16 countries: Egypt, Portugal, Germany, Peru, Bulgaria, Thailand, Russia, Kenya, Norway, Japan, Cuba, Austria, Israel, Sweden, Morocco, Denmark.
Exactly one of them has a capital city beginning with the letter J. Which country is it? Answer with just the country name.",2995929604
facts_parallel,default,16,immediate,65,Bulgaria,Germany,0,-1,0,0,stop,3,0,qwen3.6-27b,Answer: Germany,cdc6a76e-1788557742,"Consider these 16 countries: Germany, China, Peru, Denmark, Cuba, Poland, Ireland, Portugal, Kenya, Norway, Bulgaria, Russia, Greece, Egypt, Finland, Czechia.
Exactly one of them has a capital city beginning with the letter S. Which country is it? Answer with just the country name.",3314905746
facts_parallel,default,16,immediate,66,Cuba,Hungary,0,-1,0,0,stop,4,0,qwen3.6-27b,Answer: Hungary,cdc6a76e-1788557742,"Consider these 16 countries: Bulgaria, Thailand, Hungary, Poland, Ireland, China, Cuba, Morocco, Sweden, Peru, Egypt, Indonesia, Denmark, Israel, Japan, Kenya.
Exactly one of them has a capital city beginning with the letter H. Which country is it? Answer with just the country name.",1553736488
facts_parallel,default,16,immediate,67,Norway,Portugal,0,-1,0,0,stop,4,0,qwen3.6-27b,Answer: Portugal,cdc6a76e-1788557742,"Consider these 16 countries: Cuba, Morocco, Japan, Peru, Poland, Austria, Indonesia, Egypt, Finland, Norway, Germany, Sweden, Russia, Denmark, Ireland, Portugal.
Exactly one of them has a capital city beginning with the letter O. Which country is it? Answer with just the country name.",731583422
facts_parallel,default,16,immediate,68,Bulgaria,Portugal,0,-1,0,0,stop,4,0,qwen3.6-27b,Answer: Portugal,cdc6a76e-1788557742,"Consider these 16 countries: Czechia, Portugal, Germany, Japan, Finland, China, Ireland, Poland, Hungary, Russia, Austria, Egypt, Morocco, Bulgaria, Israel, Denmark.
Exactly one of them has a capital city beginning with the letter S. Which country is it? Answer with just the country name.",3139702319
facts_parallel,default,16,immediate,69,Austria,,0,-1,0,0,stop,3,0,qwen3.6-27b,Answer:,cdc6a76e-1788557742,"Consider these 16 countries: Ireland, Austria, Bulgaria, Czechia, Sweden, Denmark, Finland, China, Peru, Poland, Germany, Russia, Japan, Hungary, Norway, Greece.
Exactly one of them has a capital city beginning with the letter V. Which country is it? Answer with just the country name.",3424861881
facts_parallel,default,16,immediate,70,Japan,Egypt,0,-1,0,0,stop,4,0,qwen3.6-27b,Answer: Egypt,cdc6a76e-1788557742,"Consider these 16 countries: China, Cuba, Japan, Czechia, Austria, Norway, Sweden, Peru, Egypt, Poland, Greece, Indonesia, Kenya, Portugal, Israel, Ireland.
Exactly one of them has a capital city beginning with the letter T. Which country is it? Answer with just the country name.",2900670300
facts_parallel,default,16,immediate,71,Egypt,,0,-1,0,0,stop,3,0,qwen3.6-27b,Answer:,cdc6a76e-1788557742,"Consider these 16 countries: Greece, Germany, Portugal, China, Ireland, Hungary, Russia, Peru, Cuba, Norway, Kenya, Sweden, Finland, Austria, Poland, Egypt.
Exactly one of them has a capital city beginning with the letter C. Which country is it? Answer with just the country name.",3689121738
facts_parallel,default,16,immediate,72,Japan,Egypt,0,-1,0,0,stop,4,0,qwen3.6-27b,Answer: Egypt,cdc6a76e-1788557742,"Consider these 16 countries: Israel, Czechia, Morocco, Finland, Norway, Bulgaria, Sweden, Kenya, Indonesia, Japan, Denmark, Egypt, Russia, Portugal, Greece, Austria.
Exactly one of them has a capital city beginning with the letter T. Which country is it? Answer with just the country name.",1122686576
facts_parallel,default,16,immediate,73,Greece,Austria,0,-1,0,0,stop,4,0,qwen3.6-27b,Answer: Austria,cdc6a76e-1788557742,"Consider these 16 countries: Finland, Greece, Kenya, Indonesia, Portugal, Sweden, Bulgaria, Germany, Russia, Poland, Norway, Denmark, China, Czechia, Egypt, Austria.
Exactly one of them has a capital city beginning with the letter A. Which country is it? Answer with just the country name.",904783590
facts_parallel,default,16,immediate,74,Poland,Poland,1,-1,0,0,stop,4,0,qwen3.6-27b,Answer: Poland,cdc6a76e-1788557742,"Consider these 16 countries: Poland, Russia, Indonesia, Japan, Sweden, Finland, Norway, Peru, Kenya, Egypt, Denmark, Ireland, Hungary, Bulgaria, Portugal, Czechia.
Exactly one of them has a capital city beginning with the letter W. Which country is it? Answer with just the country name.",2877911877
facts_parallel,default,16,immediate,75,Indonesia,Japan,0,-1,0,0,stop,4,0,qwen3.6-27b,Answer: Japan,cdc6a76e-1788557742,"Consider these 16 countries: Bulgaria, Japan, Indonesia, Poland, Norway, Thailand, China, Germany, Greece, Cuba, Sweden, Hungary, Peru, Russia, Morocco, Denmark.
Exactly one of them has a capital city beginning with the letter J. Which country is it? Answer with just the country name.",3700310995
facts_parallel,default,16,immediate,76,Denmark,China,0,-1,0,0,stop,4,0,qwen3.6-27b,Answer: China,cdc6a76e-1788557742,"Consider these 16 countries: China, Czechia, Thailand, Hungary, Norway, Austria, Ireland, Indonesia, Bulgaria, Denmark, Greece, Sweden, Cuba, Russia, Portugal, Kenya.
Exactly one of them has a capital city beginning with the letter C. Which country is it? Answer with just the country name.",1166479977
facts_parallel,default,16,immediate,77,Kenya,Norway,0,-1,0,0,stop,4,0,qwen3.6-27b,Answer: Norway,cdc6a76e-1788557742,"Consider these 16 countries: Cuba, Egypt, China, Austria, Czechia, Thailand, Kenya, Norway, Greece, Peru, Hungary, Poland, Japan, Sweden, Israel, Bulgaria.
Exactly one of them has a capital city beginning with the letter N. Which country is it? Answer with just the country name.",847258367
facts_parallel,default,16,immediate,78,Russia,Morocco,0,-1,0,0,stop,4,0,qwen3.6-27b,Answer: Morocco,cdc6a76e-1788557742,"Consider these 16 countries: Germany, Denmark, Czechia, Israel, Kenya, Indonesia, Russia, Portugal, Finland, Ireland, Thailand, Egypt, Cuba, Sweden, Morocco, Norway.
Exactly one of them has a capital city beginning with the letter M. Which country is it? Answer with just the country name.",2722053998
facts_parallel,default,16,immediate,79,Egypt,Portugal,0,-1,0,0,stop,4,0,qwen3.6-27b,Answer: Portugal,cdc6a76e-1788557742,"Consider these 16 countries: Thailand, Israel, Portugal, Hungary, China, Morocco, Poland, Japan, Cuba, Kenya, Sweden, Russia, Indonesia, Austria, Egypt, Greece.
Exactly one of them has a capital city beginning with the letter C. Which country is it? Answer with just the country name.",3577221112
facts_parallel,default,16,immediate,80,Austria,Portugal,0,-1,0,0,stop,4,0,qwen3.6-27b,Answer: Portugal,cdc6a76e-1788557742,"Consider these 16 countries: Peru, Norway, Bulgaria, Denmark, Ireland, Cuba, China, Portugal, Morocco, Israel, Hungary, Finland, Austria, Thailand, Kenya, Germany.
Exactly one of them has a capital city beginning with the letter V. Which country is it? Answer with just the country name.",729590675
facts_parallel,default,16,immediate,81,Egypt,Cuba,0,-1,0,0,stop,4,0,qwen3.6-27b,Answer: Cuba,cdc6a76e-1788557742,"Consider these 16 countries: Czechia, Bulgaria, Peru, Israel, Poland, Finland, Hungary, Thailand, Greece, Cuba, Egypt, Germany, Japan, Ireland, Indonesia, Kenya.
Exactly one of them has a capital city beginning with the letter C. Which country is it? Answer with just the country name.",1551604485
facts_parallel,default,16,immediate,82,Denmark,China,0,-1,0,0,stop,4,0,qwen3.6-27b,Answer: China,cdc6a76e-1788557742,"Consider these 16 countries: China, Thailand, Kenya, Norway, Portugal, Russia, Indonesia, Cuba, Czechia, Greece, Peru, Bulgaria, Japan, Israel, Finland, Denmark.
Exactly one of them has a capital city beginning with the letter C. Which country is it? Answer with just the country name.",3312634559
facts_parallel,default,16,immediate,83,Japan,Thailand,0,-1,0,0,stop,3,0,qwen3.6-27b,Answer: Thailand,cdc6a76e-1788557742,"Consider these 16 countries: China, Japan, Hungary, Greece, Peru, Sweden, Denmark, Bulgaria, Cuba, Czechia, Russia, Poland, Egypt, Kenya, Germany, Thailand.
Exactly one of them has a capital city beginning with the letter T. Which country is it? Answer with just the country name.",2994076201
facts_parallel,default,16,immediate,84,Greece,Austria,0,-1,0,0,stop,4,0,qwen3.6-27b,Answer: Austria,cdc6a76e-1788557742,"Consider these 16 countries: Russia, Hungary, Kenya, Ireland, Egypt, Germany, Austria, Cuba, Portugal, Sweden, Israel, Morocco, Finland, Greece, Denmark, Japan.
Exactly one of them has a capital city beginning with the letter A. Which country is it? Answer with just the country name.",739340170
facts_parallel,default,16,immediate,85,Japan,Thailand,0,-1,0,0,stop,4,0,qwen3.6-27b,Answer: Thailand,cdc6a76e-1788557742,"Consider these 16 countries: Ireland, Sweden, Germany, Bulgaria, Hungary, Russia, Cuba, Portugal, Poland, Czechia, Thailand, Morocco, Denmark, Kenya, Japan, Egypt.
Exactly one of them has a capital city beginning with the letter T. Which country is it? Answer with just the country name.",1528192796
facts_parallel,default,16,immediate,86,Russia,Morocco,0,-1,0,0,stop,4,0,qwen3.6-27b,Answer: Morocco,cdc6a76e-1788557742,"Consider these 16 countries: Poland, Germany, Denmark, Kenya, Greece, Russia, Portugal, Hungary, Egypt, Israel, Czechia, Japan, Ireland, China, Indonesia, Austria.
Exactly one of them has a capital city beginning with the letter M. Which country is it? Answer with just the country name.",3256815270
facts_parallel,default,16,immediate,87,Peru,Peru,1,-1,0,0,stop,4,0,qwen3.6-27b,Answer: Peru,cdc6a76e-1788557742,"Consider these 16 countries: Israel, China, Greece, Peru, Egypt, Russia, Cuba, Ireland, Poland, Norway, Bulgaria, Sweden, Thailand, Czechia, Finland, Hungary.
Exactly one of them has a capital city beginning with the letter L. Which country is it? Answer with just the country name.",3038264880
facts_parallel,default,16,immediate,88,Morocco,,0,-1,0,0,stop,3,0,qwen3.6-27b,Answer:,cdc6a76e-1788557742,"Consider these 16 countries: Japan, Israel, Hungary, Cuba, Greece, Indonesia, China, Egypt, Bulgaria, Ireland, Morocco, Denmark, Finland, Kenya, Austria, Portugal.
Exactly one of them has a capital city beginning with the letter R. Which country is it? Answer with just the country name.",631710625
facts_parallel,default,16,immediate,89,Morocco,Russia,0,-1,0,0,stop,4,0,qwen3.6-27b,Answer: Russia,cdc6a76e-1788557742,"Consider these 16 countries: Egypt, Hungary, Bulgaria, Russia, Portugal, Indonesia, Peru, Kenya, Thailand, Japan, Denmark, Morocco, Israel, Finland, Norway, Cuba.
Exactly one of them has a capital city beginning with the letter R. Which country is it? Answer with just the country name.",1386222391
facts_parallel,default,16,immediate,90,Czechia,Portugal,0,-1,0,0,stop,4,0,qwen3.6-27b,Answer: Portugal,cdc6a76e-1788557742,"Consider these 16 countries: China, Finland, Austria, Japan, Sweden, Ireland, Poland, Czechia, Thailand, Hungary, Peru, Morocco, Bulgaria, Denmark, Germany, Portugal.
Exactly one of them has a capital city beginning with the letter P. Which country is it? Answer with just the country name.",845650642
facts_parallel,default,16,immediate,91,Japan,Denmark,0,-1,0,0,stop,4,0,qwen3.6-27b,Answer: Denmark,cdc6a76e-1788557742,"Consider these 16 countries: Russia, Japan, Austria, Portugal, Denmark, Kenya, Ireland, Hungary, Norway, Bulgaria, Morocco, Poland, Sweden, Greece, Egypt, Israel.
Exactly one of them has a capital city beginning with the letter T. Which country is it? Answer with just the country name.",1163962948
facts_parallel,default,16,immediate,92,Norway,Indonesia,0,-1,0,0,stop,4,0,qwen3.6-27b,Answer: Indonesia,cdc6a76e-1788557742,"Consider these 16 countries: Ireland, Sweden, Indonesia, Cuba, Poland, China, Norway, Morocco, Japan, Hungary, Germany, Greece, Denmark, Thailand, Czechia, Israel.
Exactly one of them has a capital city beginning with the letter O. Which country is it? Answer with just the country name.",3697933310
facts_parallel,default,16,immediate,93,Cuba,Hungary,0,-1,0,0,stop,4,0,qwen3.6-27b,Answer: Hungary,cdc6a76e-1788557742,"Consider these 16 countries: Cuba, Peru, Greece, Czechia, Sweden, Austria, Denmark, Egypt, Germany, Norway, China, Morocco, Hungary, Bulgaria, Portugal, Indonesia.
Exactly one of them has a capital city beginning with the letter H. Which country is it? Answer with just the country name.",2876164968
facts_parallel,default,16,immediate,94,Bulgaria,Norway,0,-1,0,0,stop,4,0,qwen3.6-27b,Answer: Norway,cdc6a76e-1788557742,"Consider these 16 countries: Peru, Indonesia, Greece, Cuba, Austria, Israel, Morocco, China, Norway, Egypt, Bulgaria, Japan, Ireland, Kenya, Finland, Thailand.
Exactly one of them has a capital city beginning with the letter S. Which country is it? Answer with just the country name.",889872075
facts_parallel,default,16,immediate,95,Ireland,Kenya,0,-1,0,0,stop,4,0,qwen3.6-27b,Answer: Kenya,cdc6a76e-1788557742,"Consider these 16 countries: Finland, Israel, Russia, China, Peru, Poland, Austria, Norway, Indonesia, Cuba, Sweden, Ireland, Bulgaria, Hungary, Kenya, Japan.
Exactly one of them has a capital city beginning with the letter D. Which country is it? Answer with just the country name.",1108176477
facts_parallel,default,16,immediate,96,Finland,Hungary,0,-1,0,0,stop,4,0,qwen3.6-27b,Answer: Hungary,cdc6a76e-1788557742,"Consider these 16 countries: Hungary, Russia, Egypt, Kenya, Norway, Finland, Portugal, Japan, Sweden, Israel, Denmark, China, Germany, Greece, Bulgaria, Czechia.
Exactly one of them has a capital city beginning with the letter H. Which country is it? Answer with just the country name.",3674488807
facts_parallel,default,16,immediate,97,Greece,Austria,0,-1,0,0,stop,4,0,qwen3.6-27b,Answer: Austria,cdc6a76e-1788557742,"Consider these 16 countries: Greece, Portugal, Hungary, Russia, Kenya, Cuba, Egypt, China, Sweden, Peru, Germany, Austria, Finland, Denmark, Morocco, Czechia.
Exactly one of them has a capital city beginning with the letter A. Which country is it? Answer with just the country name.",2885881713
facts_parallel,default,16,immediate,98,Norway,Norway,1,-1,0,0,stop,3,0,qwen3.6-27b,Answer: Norway,cdc6a76e-1788557742,"Consider these 16 countries: Germany, Hungary, Czechia, Israel, Greece, Bulgaria, Egypt, Peru, China, Russia, Sweden, Indonesia, Poland, Ireland, Norway, Thailand.
Exactly one of them has a capital city beginning with the letter O. Which country is it? Answer with just the country name.",1018958560
facts_parallel,default,16,immediate,99,Greece,Austria,0,-1,0,0,stop,4,0,qwen3.6-27b,Answer: Austria,cdc6a76e-1788557742,"Consider these 16 countries: Israel, Norway, Morocco, Peru, Russia, Thailand, Ireland, Japan, Austria, Hungary, Kenya, Greece, Poland, Egypt, Portugal, Czechia.
Exactly one of them has a capital city beginning with the letter A. Which country is it? Answer with just the country name.",1270555254
facts_parallel,default,16,immediate,100,Denmark,Cuba,0,-1,0,0,stop,4,0,qwen3.6-27b,Answer: Cuba,cdc6a76e-1788557742,"Consider these 16 countries: Indonesia, Kenya, Finland, Germany, Denmark, Russia, Morocco, Bulgaria, Hungary, Thailand, Czechia, Norway, Poland, Israel, Greece, Cuba.
Exactly one of them has a capital city beginning with the letter C. Which country is it? Answer with just the country name.",2452052731
facts_parallel,default,16,immediate,101,Norway,Indonesia,0,-1,0,0,stop,4,0,qwen3.6-27b,Answer: Indonesia,cdc6a76e-1788557742,"Consider these 16 countries: Poland, Russia, Sweden, Finland, Germany, China, Morocco, Czechia, Egypt, Greece, Bulgaria, Denmark, Indonesia, Ireland, Norway, Kenya.
Exactly one of them has a capital city beginning with the letter O. Which country is it? Answer with just the country name.",3844106861
facts_parallel,default,16,immediate,102,Peru,Cuba,0,-1,0,0,stop,4,0,qwen3.6-27b,Answer: Cuba,cdc6a76e-1788557742,"Consider these 16 countries: Cuba, Peru, Israel, Kenya, Poland, Sweden, Czechia, Germany, Russia, Finland, Japan, China, Egypt, Ireland, Morocco, Hungary.
Exactly one of them has a capital city beginning with the letter L. Which country is it? Answer with just the country name.",2083077079
facts_parallel,default,16,immediate,103,Kenya,Norway,0,-1,0,0,stop,4,0,qwen3.6-27b,Answer: Norway,cdc6a76e-1788557742,"Consider these 16 countries: Kenya, Cuba, Finland, Czechia, Japan, Thailand, Sweden, Morocco, Portugal, Indonesia, Ireland, Bulgaria, Russia, Norway, Denmark, Poland.
Exactly one of them has a capital city beginning with the letter N. Which country is it? Answer with just the country name.",187566913
facts_parallel,default,16,immediate,104,Greece,Austria,0,-1,0,0,stop,4,0,qwen3.6-27b,Answer: Austria,cdc6a76e-1788557742,"Consider these 16 countries: Czechia, Sweden, Egypt, Indonesia, Austria, Finland, Morocco, China, Japan, Hungary, Portugal, Norway, Thailand, Greece, Israel, Kenya.
Exactly one of them has a capital city beginning with the letter A. Which country is it? Answer with just the country name.",2504695522
facts_parallel,default,16,immediate,105,Peru,Kenya,0,-1,0,0,stop,4,0,qwen3.6-27b,Answer: Kenya,cdc6a76e-1788557742,"Consider these 16 countries: Peru, Kenya, China, Finland, Greece, Sweden, Indonesia, Denmark, Norway, Morocco, Czechia, Japan, Austria, Israel, Ireland, Egypt.
Exactly one of them has a capital city beginning with the letter L. Which country is it? Answer with just the country name.",3796741748
facts_parallel,default,16,immediate,106,Russia,Portugal,0,-1,0,0,stop,4,0,qwen3.6-27b,Answer: Portugal,cdc6a76e-1788557742,"Consider these 16 countries: Bulgaria, Portugal, Indonesia, Norway, China, Russia, Kenya, Czechia, Sweden, Denmark, Hungary, Japan, Austria, Greece, Finland, Peru.
Exactly one of them has a capital city beginning with the letter M. Which country is it? Answer with just the country name.",2068119502
facts_parallel,default,16,immediate,107,Ireland,Kenya,0,-1,0,0,stop,3,0,qwen3.6-27b,Answer: Kenya,cdc6a76e-1788557742,"Consider these 16 countries: Greece, Indonesia, Norway, Bulgaria, Portugal, Peru, Israel, Germany, Ireland, Russia, Cuba, Hungary, Sweden, Czechia, Kenya, Poland.
Exactly one of them has a capital city beginning with the letter D. Which country is it? Answer with just the country name.",205770584
facts_parallel,default,16,immediate,108,Portugal,Portugal,1,-1,0,0,stop,4,0,qwen3.6-27b,Answer: Portugal,cdc6a76e-1788557742,"Consider these 16 countries: Hungary, Greece, Norway, Israel, Ireland, Finland, Kenya, Egypt, Indonesia, Portugal, Bulgaria, Morocco, Czechia, Denmark, Japan, Sweden.
Exactly one of them has a capital city beginning with the letter L. Which country is it? Answer with just the country name.",2633814729
facts_parallel,default,16,immediate,109,Norway,Norway,1,-1,0,0,stop,4,0,qwen3.6-27b,Answer: Norway,cdc6a76e-1788557742,"Consider these 16 countries: Thailand, Japan, Israel, Russia, Finland, Cuba, Poland, Sweden, Kenya, Morocco, Egypt, Peru, Greece, Portugal, Norway, Denmark.
Exactly one of them has a capital city beginning with the letter O. Which country is it? Answer with just the country name.",3959153247
facts_parallel,default,16,immediate,110,Denmark,China,0,-1,0,0,stop,4,0,qwen3.6-27b,Answer: China,cdc6a76e-1788557742,"Consider these 16 countries: Czechia, Peru, Sweden, Denmark, Kenya, Indonesia, Hungary, Portugal, Cuba, Thailand, Bulgaria, Israel, Japan, Russia, China, Finland.
Exactly one of them has a capital city beginning with the letter C. Which country is it? Answer with just the country name.",2335992762
facts_parallel,default,16,immediate,111,Poland,,0,-1,0,0,stop,3,0,qwen3.6-27b,Answer:,cdc6a76e-1788557742,"Consider these 16 countries: Morocco, Norway, Israel, Thailand, China, Austria, Peru, Denmark, Poland, Bulgaria, Germany, Russia, Finland, Egypt, Kenya, Indonesia.
Exactly one of them has a capital city beginning with the letter W. Which country is it? Answer with just the country name.",4231748396
facts_parallel,default,16,immediate,112,Norway,Kenya,0,-1,0,0,stop,4,0,qwen3.6-27b,Answer: Kenya,cdc6a76e-1788557742,"Consider these 16 countries: Egypt, China, Cuba, Kenya, Poland, Indonesia, Hungary, Norway, Finland, Ireland, Denmark, Czechia, Austria, Japan, Germany, Greece.
Exactly one of them has a capital city beginning with the letter O. Which country is it? Answer with just the country name.",1697778326
facts_parallel,default,16,immediate,113,Czechia,Portugal,0,-1,0,0,stop,4,0,qwen3.6-27b,Answer: Portugal,cdc6a76e-1788557742,"Consider these 16 countries: Denmark, Czechia, Hungary, Ireland, Greece, Portugal, Cuba, Indonesia, Russia, Germany, Israel, Sweden, Egypt, Morocco, Austria, Thailand.
Exactly one of them has a capital city beginning with the letter P. Which country is it? Answer with just the country name.",305478144
facts_parallel,default,16,immediate,114,Czechia,Portugal,0,-1,0,0,stop,4,0,qwen3.6-27b,Answer: Portugal,cdc6a76e-1788557742,"Consider these 16 countries: Japan, Czechia, Russia, Germany, Cuba, Bulgaria, Thailand, Ireland, Norway, Peru, Finland, Poland, Israel, Greece, China, Portugal.
Exactly one of them has a capital city beginning with the letter P. Which country is it? Answer with just the country name.",2354163619
facts_parallel,default,16,immediate,115,Cuba,Hungary,0,-1,0,0,stop,4,0,qwen3.6-27b,Answer: Hungary,cdc6a76e-1788557742,"Consider these 16 countries: Sweden, Cuba, Ireland, Japan, Hungary, Thailand, Kenya, Norway, Portugal, Greece, Peru, China, Russia, Bulgaria, Egypt, Germany.
Exactly one of them has a capital city beginning with the letter H. Which country is it? Answer with just the country name.",4216758069
facts_parallel,default,16,immediate,116,Kenya,Indonesia,0,-1,0,0,stop,3,0,qwen3.6-27b,Answer: Indonesia,cdc6a76e-1788557742,"Consider these 16 countries: Finland, Morocco, Germany, Russia, Cuba, Ireland, Denmark, Egypt, Indonesia, Kenya, Japan, Sweden, China, Israel, Hungary, Peru.
Exactly one of them has a capital city beginning with the letter N. Which country is it? Answer with just the country name.",1650445967
facts_parallel,default,16,immediate,117,Sweden,Sweden,1,-1,0,0,stop,4,0,qwen3.6-27b,Answer: Sweden,cdc6a76e-1788557742,"Consider these 16 countries: Japan, Czechia, Cuba, Indonesia, Austria, Portugal, China, Poland, Ireland, Sweden, Finland, Israel, Greece, Norway, Peru, Kenya.
Exactly one of them has a capital city beginning with the letter S. Which country is it? Answer with just the country name.",358153753
facts_parallel,default,16,immediate,118,Bulgaria,Hungary,0,-1,0,0,stop,4,0,qwen3.6-27b,Answer: Hungary,cdc6a76e-1788557742,"Consider these 16 countries: Hungary, Egypt, Portugal, Germany, Cuba, Poland, Morocco, Finland, Bulgaria, Thailand, Czechia, Norway, Greece, Kenya, Japan, Denmark.
Exactly one of them has a capital city beginning with the letter S. Which country is it? Answer with just the country name.",2246566792
facts_parallel,default,16,immediate,119,Israel,Japan,0,-1,0,0,stop,4,0,qwen3.6-27b,Answer: Japan,cdc6a76e-1788557742,"Consider these 16 countries: Israel, Austria, Hungary, Greece, Portugal, Morocco, Cuba, Japan, Finland, Poland, Czechia, Kenya, Ireland, Egypt, Russia, China.
Exactly one of them has a capital city beginning with the letter J. Which country is it? Answer with just the country name.",4074820382
facts_parallel,default,16,cot,0,Kenya,Kenya,1,-1,0,0,stop,1215,1099,qwen3.6-27b,"Ireland's capital is Dublin; Japan's capital is Tokyo; Egypt's capital is Cairo; Cuba's capital is Havana; Peru's capital is Lima; Denmark's capital is Copenhagen; Finland's capital is Helsinki; Poland's capital is Warsaw; Portugal's capital is Lisbon; Morocco's capital is Rabat; Israel's capital is Jerusalem; China's capital is Beijing; Thailand's capital is Bangkok; Russia's capital is Moscow; Kenya's capital is Nairobi; Sweden's capital is Stockholm. Only Nairobi begins with N, so the answer is Kenya.
Answer: Kenya",cdc6a76e-1788557742,"Consider these 16 countries: Ireland, Japan, Egypt, Cuba, Peru, Denmark, Finland, Poland, Portugal, Morocco, Israel, China, Thailand, Russia, Kenya, Sweden.
Exactly one of them has a capital city beginning with the letter N. Which country is it? Answer with just the country name.",3376478622
facts_parallel,default,16,cot,1,Japan,Japan,1,-1,0,0,stop,1294,1179,qwen3.6-27b,"Thailand's capital is Bangkok; Austria's capital is Vienna; Japan's capital is Tokyo; Portugal's capital is Lisbon; Peru's capital is Lima; Sweden's capital is Stockholm; Germany's capital is Berlin; Cuba's capital is Havana; Egypt's capital is Cairo; Ireland's capital is Dublin; Norway's capital is Oslo; Hungary's capital is Budapest; Russia's capital is Moscow; Greece's capital is Athens; Kenya's capital is Nairobi; Poland's capital is Warsaw. Only Tokyo begins with T, so the answer is Japan.
Answer: Japan",cdc6a76e-1788557742,"Consider these 16 countries: Thailand, Austria, Japan, Portugal, Peru, Sweden, Germany, Cuba, Egypt, Ireland, Norway, Hungary, Russia, Greece, Kenya, Poland.
Exactly one of them has a capital city beginning with the letter T. Which country is it? Answer with just the country name.",3192375560
facts_parallel,default,16,cot,2,Ireland,Ireland,1,-1,0,0,stop,1498,1384,qwen3.6-27b,"Cuba's capital is Havana; Israel's capital is Jerusalem; Indonesia's capital is Jakarta; Hungary's capital is Budapest; Japan's capital is Tokyo; Egypt's capital is Cairo; Portugal's capital is Lisbon; Ireland's capital is Dublin; Russia's capital is Moscow; Poland's capital is Warsaw; Sweden's capital is Stockholm; Peru's capital is Lima; China's capital is Beijing; Greece's capital is Athens; Thailand's capital is Bangkok; Morocco's capital is Rabat. Only Dublin begins with D, so the answer is Ireland.
Answer: Ireland",cdc6a76e-1788557742,"Consider these 16 countries: Cuba, Israel, Indonesia, Hungary, Japan, Egypt, Portugal, Ireland, Russia, Poland, Sweden, Peru, China, Greece, Thailand, Morocco.
Exactly one of them has a capital city beginning with the letter D. Which country is it? Answer with just the country name.",659462322
facts_parallel,default,16,cot,3,Czechia,Czechia,1,-1,0,0,stop,917,737,qwen3.6-27b,"Poland's capital is Warsaw; Kenya's capital is Nairobi; Thailand's capital is Bangkok; Russia's capital is Moscow; Indonesia's capital is Jakarta; Egypt's capital is Cairo; Germany's capital is Berlin; Austria's capital is Vienna; Norway's capital is Oslo; Cuba's capital is Havana; China's capital is Beijing; Greece's capital is Athens; Sweden's capital is Stockholm; Japan's capital is Tokyo; Finland's capital is Helsinki; Czechia's capital is Prague. Only Prague begins with P, so the answer is Czechia.

Answer: Czechia",cdc6a76e-1788557742,"Consider these 16 countries: Poland, Kenya, Thailand, Russia, Indonesia, Egypt, Germany, Austria, Norway, Cuba, China, Greece, Sweden, Japan, Finland, Czechia.
Exactly one of them has a capital city beginning with the letter P. Which country is it? Answer with just the country name.",1347004452
facts_parallel,default,16,cot,4,Greece,Greece,1,-1,0,0,stop,1497,1378,qwen3.6-27b,"Sweden's capital is Stockholm; Egypt's capital is Cairo; Greece's capital is Athens; Cuba's capital is Havana; Kenya's capital is Nairobi; Ireland's capital is Dublin; Denmark's capital is Copenhagen; Japan's capital is Tokyo; Finland's capital is Helsinki; Austria's capital is Vienna; Portugal's capital is Lisbon; Czechia's capital is Prague; Poland's capital is Warsaw; Israel's capital is Jerusalem; Thailand's capital is Bangkok; Morocco's capital is Rabat. Only Athens begins with A, so the answer is Greece.
Answer: Greece",cdc6a76e-1788557742,"Consider these 16 countries: Sweden, Egypt, Greece, Cuba, Kenya, Ireland, Denmark, Japan, Finland, Austria, Portugal, Czechia, Poland, Israel, Thailand, Morocco.
Exactly one of them has a capital city beginning with the letter A. Which country is it? Answer with just the country name.",3459071367
facts_parallel,default,16,cot,5,Norway,Norway,1,-1,0,0,stop,1249,1134,qwen3.6-27b,"Thailand's capital is Bangkok; Norway's capital is Oslo; Bulgaria's capital is Sofia; Ireland's capital is Dublin; Cuba's capital is Havana; Portugal's capital is Lisbon; Indonesia's capital is Jakarta; Denmark's capital is Copenhagen; Sweden's capital is Stockholm; Peru's capital is Lima; Finland's capital is Helsinki; Germany's capital is Berlin; Greece's capital is Athens; Hungary's capital is Budapest; Austria's capital is Vienna; Israel's capital is Jerusalem. Only Oslo begins with O, so the answer is Norway.
Answer: Norway",cdc6a76e-1788557742,"Consider these 16 countries: Thailand, Norway, Bulgaria, Ireland, Cuba, Portugal, Indonesia, Denmark, Sweden, Peru, Finland, Germany, Greece, Hungary, Austria, Israel.
Exactly one of them has a capital city beginning with the letter O. Which country is it? Answer with just the country name.",3106540817
facts_parallel,default,16,cot,6,Czechia,Czechia,1,-1,0,0,stop,1092,971,qwen3.6-27b,"Egypt's capital is Cairo; Norway's capital is Oslo; Portugal's capital is Lisbon; Israel's capital is Jerusalem; Morocco's capital is Rabat; Hungary's capital is Budapest; Bulgaria's capital is Sofia; Czechia's capital is Prague; Cuba's capital is Havana; Germany's capital is Berlin; Finland's capital is Helsinki; Denmark's capital is Copenhagen; Thailand's capital is Bangkok; Poland's capital is Warsaw; Peru's capital is Lima; Kenya's capital is Nairobi. Only Prague begins with P, so the answer is Czechia.
Answer: Czechia",cdc6a76e-1788557742,"Consider these 16 countries: Egypt, Norway, Portugal, Israel, Morocco, Hungary, Bulgaria, Czechia, Cuba, Germany, Finland, Denmark, Thailand, Poland, Peru, Kenya.
Exactly one of them has a capital city beginning with the letter P. Which country is it? Answer with just the country name.",539188395
facts_parallel,default,16,cot,7,Japan,Japan,1,-1,0,0,stop,1546,1419,qwen3.6-27b,"Cuba's capital is Havana; Czechia's capital is Prague; Hungary's capital is Budapest; Greece's capital is Athens; Japan's capital is Tokyo; China's capital is Beijing; Germany's capital is Berlin; Russia's capital is Moscow; Denmark's capital is Copenhagen; Indonesia's capital is Jakarta; Morocco's capital is Rabat; Thailand's capital is Bangkok; Portugal's capital is Lisbon; Sweden's capital is Stockholm; Bulgaria's capital is Sofia; Israel's capital is Jerusalem. Only Tokyo begins with T, so the answer is Japan.
Answer: Japan",cdc6a76e-1788557742,"Consider these 16 countries: Cuba, Czechia, Hungary, Greece, Japan, China, Germany, Russia, Denmark, Indonesia, Morocco, Thailand, Portugal, Sweden, Bulgaria, Israel.
Exactly one of them has a capital city beginning with the letter T. Which country is it? Answer with just the country name.",1462004797
facts_parallel,default,16,cot,8,Austria,Austria,1,-1,0,0,stop,1014,873,qwen3.6-27b,"Egypt's capital is Cairo; Denmark's capital is Copenhagen; Hungary's capital is Budapest; Japan's capital is Tokyo; Israel's capital is Jerusalem; Austria's capital is Vienna; Portugal's capital is Lisbon; Sweden's capital is Stockholm; Thailand's capital is Bangkok; Kenya's capital is Nairobi; Cuba's capital is Havana; Norway's capital is Oslo; Finland's capital is Helsinki; China's capital is Beijing; Czechia's capital is Prague; Poland's capital is Warsaw. Only Vienna begins with the letter V, so the answer is Austria.

Answer: Austria",cdc6a76e-1788557742,"Consider these 16 countries: Egypt, Denmark, Hungary, Japan, Israel, Austria, Portugal, Sweden, Thailand, Kenya, Cuba, Norway, Finland, China, Czechia, Poland.
Exactly one of them has a capital city beginning with the letter V. Which country is it? Answer with just the country name.",3348853164
facts_parallel,default,16,cot,9,Ireland,Ireland,1,-1,0,0,stop,1367,1251,qwen3.6-27b,"Greece's capital is Athens; Israel's capital is Jerusalem; Norway's capital is Oslo; Japan's capital is Tokyo; Bulgaria's capital is Sofia; Finland's capital is Helsinki; Czechia's capital is Prague; Thailand's capital is Bangkok; Indonesia's capital is Jakarta; Ireland's capital is Dublin; Russia's capital is Moscow; China's capital is Beijing; Cuba's capital is Havana; Portugal's capital is Lisbon; Denmark's capital is Copenhagen; Hungary's capital is Budapest. Only Dublin begins with D, so the answer is Ireland.
Answer: Ireland",cdc6a76e-1788557742,"Consider these 16 countries: Greece, Israel, Norway, Japan, Bulgaria, Finland, Czechia, Thailand, Indonesia, Ireland, Russia, China, Cuba, Portugal, Denmark, Hungary.
Exactly one of them has a capital city beginning with the letter D. Which country is it? Answer with just the country name.",2963030330
facts_parallel,default,16,cot,10,Russia,Russia,1,-1,0,0,stop,1279,1163,qwen3.6-27b,"Morocco's capital is Rabat; Indonesia's capital is Jakarta; Denmark's capital is Copenhagen; Cuba's capital is Havana; Kenya's capital is Nairobi; Israel's capital is Jerusalem; Egypt's capital is Cairo; Portugal's capital is Lisbon; Japan's capital is Tokyo; Finland's capital is Helsinki; Norway's capital is Oslo; Bulgaria's capital is Sofia; China's capital is Beijing; Sweden's capital is Stockholm; Russia's capital is Moscow; Austria's capital is Vienna. Only Moscow begins with M, so the answer is Russia.
Answer: Russia",cdc6a76e-1788557742,"Consider these 16 countries: Morocco, Indonesia, Denmark, Cuba, Kenya, Israel, Egypt, Portugal, Japan, Finland, Norway, Bulgaria, China, Sweden, Russia, Austria.
Exactly one of them has a capital city beginning with the letter M. Which country is it? Answer with just the country name.",4206760154
facts_parallel,default,16,cot,11,Greece,Greece,1,-1,0,0,stop,1552,1434,qwen3.6-27b,"China's capital is Beijing; Austria's capital is Vienna; Ireland's capital is Dublin; Czechia's capital is Prague; Poland's capital is Warsaw; Morocco's capital is Rabat; Denmark's capital is Copenhagen; Russia's capital is Moscow; Greece's capital is Athens; Thailand's capital is Bangkok; Bulgaria's capital is Sofia; Norway's capital is Oslo; Germany's capital is Berlin; Japan's capital is Tokyo; Cuba's capital is Havana; Kenya's capital is Nairobi. Only Athens begins with the letter A, so the answer is Greece.
Answer: Greece",cdc6a76e-1788557742,"Consider these 16 countries: China, Austria, Ireland, Czechia, Poland, Morocco, Denmark, Russia, Greece, Thailand, Bulgaria, Norway, Germany, Japan, Cuba, Kenya.
Exactly one of them has a capital city beginning with the letter A. Which country is it? Answer with just the country name.",2377719884
facts_parallel,default,16,cot,12,Russia,Russia,1,-1,0,0,stop,1452,1333,qwen3.6-27b,"Portugal's capital is Lisbon; Norway's capital is Oslo; Germany's capital is Berlin; Czechia's capital is Prague; Israel's capital is Jerusalem; Ireland's capital is Dublin; Greece's capital is Athens; Thailand's capital is Bangkok; Indonesia's capital is Jakarta; Russia's capital is Moscow; Cuba's capital is Havana; Hungary's capital is Budapest; Finland's capital is Helsinki; Egypt's capital is Cairo; Peru's capital is Lima; Japan's capital is Tokyo. Only Moscow begins with the letter M, so the answer is Russia.
Answer: Russia",cdc6a76e-1788557742,"Consider these 16 countries: Portugal, Norway, Germany, Czechia, Israel, Ireland, Greece, Thailand, Indonesia, Russia, Cuba, Hungary, Finland, Egypt, Peru, Japan.
Exactly one of them has a capital city beginning with the letter M. Which country is it? Answer with just the country name.",347107830
facts_parallel,default,16,cot,13,Morocco,Morocco,1,-1,0,0,stop,1286,1142,qwen3.6-27b,"Peru's capital is Lima; Czechia's capital is Prague; Poland's capital is Warsaw; Sweden's capital is Stockholm; Egypt's capital is Cairo; Israel's capital is Jerusalem; Greece's capital is Athens; Finland's capital is Helsinki; Hungary's capital is Budapest; Morocco's capital is Rabat; Bulgaria's capital is Sofia; China's capital is Beijing; Denmark's capital is Copenhagen; Austria's capital is Vienna; Cuba's capital is Havana; Indonesia's capital is Jakarta. Only Rabat begins with the letter R, so the answer is Morocco.
Answer: Morocco",cdc6a76e-1788557742,"Consider these 16 countries: Peru, Czechia, Poland, Sweden, Egypt, Israel, Greece, Finland, Hungary, Morocco, Bulgaria, China, Denmark, Austria, Cuba, Indonesia.
Exactly one of them has a capital city beginning with the letter R. Which country is it? Answer with just the country name.",1672954208
facts_parallel,default,16,cot,14,Peru,Peru,1,-1,0,0,stop,1118,974,qwen3.6-27b,"Israel's capital is Jerusalem; Thailand's capital is Bangkok; Morocco's capital is Rabat; Bulgaria's capital is Sofia; Poland's capital is Warsaw; Russia's capital is Moscow; Czechia's capital is Prague; Indonesia's capital is Jakarta; Sweden's capital is Stockholm; Greece's capital is Athens; Cuba's capital is Havana; Denmark's capital is Copenhagen; Norway's capital is Oslo; Germany's capital is Berlin; Peru's capital is Lima; Japan's capital is Tokyo. Only Lima begins with L, so the answer is Peru.
Answer: Peru",cdc6a76e-1788557742,"Consider these 16 countries: Israel, Thailand, Morocco, Bulgaria, Poland, Russia, Czechia, Indonesia, Sweden, Greece, Cuba, Denmark, Norway, Germany, Peru, Japan.
Exactly one of them has a capital city beginning with the letter L. Which country is it? Answer with just the country name.",4258518211
facts_parallel,default,16,cot,15,Denmark,Denmark,1,-1,0,0,stop,1694,1577,qwen3.6-27b,"Hungary's capital is Budapest; Bulgaria's capital is Sofia; Indonesia's capital is Jakarta; Poland's capital is Warsaw; Japan's capital is Tokyo; Denmark's capital is Copenhagen; Morocco's capital is Rabat; Portugal's capital is Lisbon; Peru's capital is Lima; Austria's capital is Vienna; Thailand's capital is Bangkok; Greece's capital is Athens; Ireland's capital is Dublin; Kenya's capital is Nairobi; Israel's capital is Jerusalem; Czechia's capital is Prague. Only Copenhagen begins with C, so the answer is Denmark.
Answer: Denmark",cdc6a76e-1788557742,"Consider these 16 countries: Hungary, Bulgaria, Indonesia, Poland, Japan, Denmark, Morocco, Portugal, Peru, Austria, Thailand, Greece, Ireland, Kenya, Israel, Czechia.
Exactly one of them has a capital city beginning with the letter C. Which country is it? Answer with just the country name.",2329207893
facts_parallel,default,16,cot,16,Sweden,Sweden,1,-1,0,0,stop,944,825,qwen3.6-27b,"Czechia's capital is Prague; Indonesia's capital is Jakarta; Morocco's capital is Rabat; Thailand's capital is Bangkok; Sweden's capital is Stockholm; Hungary's capital is Budapest; Japan's capital is Tokyo; Israel's capital is Jerusalem; Greece's capital is Athens; Germany's capital is Berlin; Cuba's capital is Havana; Portugal's capital is Lisbon; Finland's capital is Helsinki; Egypt's capital is Cairo; Peru's capital is Lima; Poland's capital is Warsaw. Only Stockholm begins with the letter S, so the answer is Sweden.
Answer: Sweden",cdc6a76e-1788557742,"Consider these 16 countries: Czechia, Indonesia, Morocco, Thailand, Sweden, Hungary, Japan, Israel, Greece, Germany, Cuba, Portugal, Finland, Egypt, Peru, Poland.
Exactly one of them has a capital city beginning with the letter S. Which country is it? Answer with just the country name.",333297135
facts_parallel,default,16,cot,17,Austria,Austria,1,-1,0,0,stop,1419,1292,qwen3.6-27b,"Thailand's capital is Bangkok; Hungary's capital is Budapest; Israel's capital is Jerusalem; Denmark's capital is Copenhagen; Kenya's capital is Nairobi; Austria's capital is Vienna; Norway's capital is Oslo; Peru's capital is Lima; Russia's capital is Moscow; Ireland's capital is Dublin; Czechia's capital is Prague; Cuba's capital is Havana; Egypt's capital is Cairo; Morocco's capital is Rabat; Germany's capital is Berlin; Portugal's capital is Lisbon. Only Vienna begins with V, so the answer is Austria.
Answer: Austria",cdc6a76e-1788557742,"Consider these 16 countries: Thailand, Hungary, Israel, Denmark, Kenya, Austria, Norway, Peru, Russia, Ireland, Czechia, Cuba, Egypt, Morocco, Germany, Portugal.
Exactly one of them has a capital city beginning with the letter V. Which country is it? Answer with just the country name.",1692042617
facts_parallel,default,16,cot,18,Poland,Poland,1,-1,0,0,stop,1015,858,qwen3.6-27b,"Hungary's capital is Budapest; Thailand's capital is Bangkok; Egypt's capital is Cairo; Israel's capital is Jerusalem; Kenya's capital is Nairobi; Germany's capital is Berlin; Portugal's capital is Lisbon; Russia's capital is Moscow; Poland's capital is Warsaw; Peru's capital is Lima; Ireland's capital is Dublin; China's capital is Beijing; Cuba's capital is Havana; Norway's capital is Oslo; Greece's capital is Athens; Indonesia's capital is Jakarta. Only Warsaw begins with the letter W, so the answer is Poland.

Answer: Poland",cdc6a76e-1788557742,"Consider these 16 countries: Hungary, Thailand, Egypt, Israel, Kenya, Germany, Portugal, Russia, Poland, Peru, Ireland, China, Cuba, Norway, Greece, Indonesia.
Exactly one of them has a capital city beginning with the letter W. Which country is it? Answer with just the country name.",4100298984
facts_parallel,default,16,cot,19,Indonesia,Indonesia,1,-1,0,0,stop,1452,1322,qwen3.6-27b,"Denmark's capital is Copenhagen; Hungary's capital is Budapest; Japan's capital is Tokyo; Indonesia's capital is Jakarta; Cuba's capital is Havana; Portugal's capital is Lisbon; Ireland's capital is Dublin; Austria's capital is Vienna; Sweden's capital is Stockholm; Germany's capital is Berlin; Bulgaria's capital is Sofia; Norway's capital is Oslo; Morocco's capital is Rabat; Peru's capital is Lima; China's capital is Beijing; Czechia's capital is Prague. Only Jakarta begins with the letter J, so the answer is Indonesia.
Answer: Indonesia",cdc6a76e-1788557742,"Consider these 16 countries: Denmark, Hungary, Japan, Indonesia, Cuba, Portugal, Ireland, Austria, Sweden, Germany, Bulgaria, Norway, Morocco, Peru, China, Czechia.
Exactly one of them has a capital city beginning with the letter J. Which country is it? Answer with just the country name.",2204280958
facts_parallel,default,16,cot,20,Japan,Japan,1,-1,0,0,stop,1539,1424,qwen3.6-27b,"Japan's capital is Tokyo; Indonesia's capital is Jakarta; Germany's capital is Berlin; Poland's capital is Warsaw; Peru's capital is Lima; Norway's capital is Oslo; Portugal's capital is Lisbon; Morocco's capital is Rabat; Bulgaria's capital is Sofia; Egypt's capital is Cairo; Greece's capital is Athens; Denmark's capital is Copenhagen; Kenya's capital is Nairobi; Cuba's capital is Havana; Sweden's capital is Stockholm; China's capital is Beijing. Only Tokyo begins with T, so the answer is Japan.
Answer: Japan",cdc6a76e-1788557742,"Consider these 16 countries: Japan, Indonesia, Germany, Poland, Peru, Norway, Portugal, Morocco, Bulgaria, Egypt, Greece, Denmark, Kenya, Cuba, Sweden, China.
Exactly one of them has a capital city beginning with the letter T. Which country is it? Answer with just the country name.",3516089113
facts_parallel,default,16,cot,21,Bulgaria,Bulgaria,1,-1,0,0,stop,1447,1331,qwen3.6-27b,"Kenya's capital is Nairobi; Denmark's capital is Copenhagen; Hungary's capital is Budapest; Austria's capital is Vienna; Czechia's capital is Prague; China's capital is Beijing; Thailand's capital is Bangkok; Bulgaria's capital is Sofia; Portugal's capital is Lisbon; Indonesia's capital is Jakarta; Japan's capital is Tokyo; Norway's capital is Oslo; Egypt's capital is Cairo; Finland's capital is Helsinki; Russia's capital is Moscow; Israel's capital is Jerusalem. Only Sofia begins with S, so the answer is Bulgaria.
Answer: Bulgaria",cdc6a76e-1788557742,"Consider these 16 countries: Kenya, Denmark, Hungary, Austria, Czechia, China, Thailand, Bulgaria, Portugal, Indonesia, Japan, Norway, Egypt, Finland, Russia, Israel.
Exactly one of them has a capital city beginning with the letter S. Which country is it? Answer with just the country name.",2794746767
facts_parallel,default,16,cot,22,Greece,Greece,1,-1,0,0,stop,1058,888,qwen3.6-27b,"Thailand's capital is Bangkok; Hungary's capital is Budapest; Peru's capital is Lima; Russia's capital is Moscow; Greece's capital is Athens; Morocco's capital is Rabat; Germany's capital is Berlin; Egypt's capital is Cairo; Czechia's capital is Prague; Japan's capital is Tokyo; Ireland's capital is Dublin; Bulgaria's capital is Sofia; Finland's capital is Helsinki; Sweden's capital is Stockholm; Cuba's capital is Havana; Norway's capital is Oslo. Only Athens begins with the letter A, so the answer is Greece.

Answer: Greece",cdc6a76e-1788557742,"Consider these 16 countries: Thailand, Hungary, Peru, Russia, Greece, Morocco, Germany, Egypt, Czechia, Japan, Ireland, Bulgaria, Finland, Sweden, Cuba, Norway.
Exactly one of them has a capital city beginning with the letter A. Which country is it? Answer with just the country name.",1067262517
facts_parallel,default,16,cot,23,Bulgaria,Bulgaria,1,-1,0,0,stop,1457,1336,qwen3.6-27b,"Poland's capital is Warsaw; Ireland's capital is Dublin; Japan's capital is Tokyo; Israel's capital is Jerusalem; China's capital is Beijing; Austria's capital is Vienna; Greece's capital is Athens; Thailand's capital is Bangkok; Kenya's capital is Nairobi; Indonesia's capital is Jakarta; Hungary's capital is Budapest; Germany's capital is Berlin; Bulgaria's capital is Sofia; Denmark's capital is Copenhagen; Morocco's capital is Rabat; Peru's capital is Lima. Only Sofia begins with the letter S, so the answer is Bulgaria.

Answer: Bulgaria",cdc6a76e-1788557742,"Consider these 16 countries: Poland, Ireland, Japan, Israel, China, Austria, Greece, Thailand, Kenya, Indonesia, Hungary, Germany, Bulgaria, Denmark, Morocco, Peru.
Exactly one of them has a capital city beginning with the letter S. Which country is it? Answer with just the country name.",1218056867
facts_parallel,default,16,cot,24,Morocco,Morocco,1,-1,0,0,stop,1268,1148,qwen3.6-27b,"Greece's capital is Athens; Sweden's capital is Stockholm; Ireland's capital is Dublin; Denmark's capital is Copenhagen; China's capital is Beijing; Poland's capital is Warsaw; Israel's capital is Jerusalem; Austria's capital is Vienna; Russia's capital is Moscow; Indonesia's capital is Jakarta; Morocco's capital is Rabat; Kenya's capital is Nairobi; Portugal's capital is Lisbon; Germany's capital is Berlin; Finland's capital is Helsinki; Czechia's capital is Prague. Only Rabat begins with the letter R, so the answer is Morocco.
Answer: Morocco",cdc6a76e-1788557742,"Consider these 16 countries: Greece, Sweden, Ireland, Denmark, China, Poland, Israel, Austria, Russia, Indonesia, Morocco, Kenya, Portugal, Germany, Finland, Czechia.
Exactly one of them has a capital city beginning with the letter R. Which country is it? Answer with just the country name.",3607004928
facts_parallel,default,16,cot,25,Kenya,Kenya,1,-1,0,0,stop,1396,1303,qwen3.6-27b,"Norway's capital is Oslo; Israel's capital is Jerusalem; Denmark's capital is Copenhagen; Sweden's capital is Stockholm; Peru's capital is Lima; Germany's capital is Berlin; Japan's capital is Tokyo; Morocco's capital is Rabat; Austria's capital is Vienna; Indonesia's capital is Jakarta; Ireland's capital is Dublin; Egypt's capital is Cairo; Portugal's capital is Lisbon; Czechia's capital is Prague; Kenya's capital is Nairobi; Thailand's capital is Bangkok. Only Nairobi begins with N, so the answer is Kenya.
Answer: Kenya",cdc6a76e-1788557742,"Consider these 16 countries: Norway, Israel, Denmark, Sweden, Peru, Germany, Japan, Morocco, Austria, Indonesia, Ireland, Egypt, Portugal, Czechia, Kenya, Thailand.
Exactly one of them has a capital city beginning with the letter N. Which country is it? Answer with just the country name.",2717497238
facts_parallel,default,16,cot,26,Kenya,Kenya,1,-1,0,0,stop,1011,890,qwen3.6-27b,"Denmark's capital is Copenhagen; Portugal's capital is Lisbon; Norway's capital is Oslo; Finland's capital is Helsinki; Bulgaria's capital is Sofia; Cuba's capital is Havana; Japan's capital is Tokyo; Greece's capital is Athens; Sweden's capital is Stockholm; Czechia's capital is Prague; Peru's capital is Lima; Russia's capital is Moscow; Germany's capital is Berlin; Indonesia's capital is Jakarta; Kenya's capital is Nairobi; Egypt's capital is Cairo. Only Nairobi begins with the letter N, so the country is Kenya.

Answer: Kenya",cdc6a76e-1788557742,"Consider these 16 countries: Denmark, Portugal, Norway, Finland, Bulgaria, Cuba, Japan, Greece, Sweden, Czechia, Peru, Russia, Germany, Indonesia, Kenya, Egypt.
Exactly one of them has a capital city beginning with the letter N. Which country is it? Answer with just the country name.",955311660
facts_parallel,default,16,cot,27,Japan,Japan,1,-1,0,0,stop,1752,1637,qwen3.6-27b,"Sweden's capital is Stockholm; Bulgaria's capital is Sofia; Egypt's capital is Cairo; Greece's capital is Athens; Japan's capital is Tokyo; Denmark's capital is Copenhagen; Norway's capital is Oslo; Indonesia's capital is Jakarta; Germany's capital is Berlin; Ireland's capital is Dublin; Peru's capital is Lima; Morocco's capital is Rabat; Thailand's capital is Bangkok; Portugal's capital is Lisbon; Russia's capital is Moscow; Israel's capital is Jerusalem. Only Tokyo begins with T, so the answer is Japan.
Answer: Japan",cdc6a76e-1788557742,"Consider these 16 countries: Sweden, Bulgaria, Egypt, Greece, Japan, Denmark, Norway, Indonesia, Germany, Ireland, Peru, Morocco, Thailand, Portugal, Russia, Israel.
Exactly one of them has a capital city beginning with the letter T. Which country is it? Answer with just the country name.",1341642426
facts_parallel,default,16,cot,28,Morocco,Morocco,1,-1,0,0,stop,1456,1337,qwen3.6-27b,"Bulgaria's capital is Sofia; Finland's capital is Helsinki; Thailand's capital is Bangkok; Czechia's capital is Prague; Ireland's capital is Dublin; Morocco's capital is Rabat; Poland's capital is Warsaw; Hungary's capital is Budapest; Japan's capital is Tokyo; Norway's capital is Oslo; Egypt's capital is Cairo; Sweden's capital is Stockholm; China's capital is Beijing; Germany's capital is Berlin; Peru's capital is Lima; Cuba's capital is Havana. Only Rabat begins with R, so the answer is Morocco.
Answer: Morocco",cdc6a76e-1788557742,"Consider these 16 countries: Bulgaria, Finland, Thailand, Czechia, Ireland, Morocco, Poland, Hungary, Japan, Norway, Egypt, Sweden, China, Germany, Peru, Cuba.
Exactly one of them has a capital city beginning with the letter R. Which country is it? Answer with just the country name.",3746089771
facts_parallel,default,16,cot,29,Czechia,Czechia,1,-1,0,0,stop,517,373,qwen3.6-27b,"Sweden's capital is Stockholm; China's capital is Beijing; Hungary's capital is Budapest; Czechia's capital is Prague; Russia's capital is Moscow; Kenya's capital is Nairobi; Finland's capital is Helsinki; Denmark's capital is Copenhagen; Cuba's capital is Havana; Peru's capital is Lima; Portugal's capital is Lisbon; Israel's capital is Jerusalem; Morocco's capital is Rabat; Ireland's capital is Dublin; Japan's capital is Tokyo; Poland's capital is Warsaw. Only Prague begins with the letter P, so the answer is Czechia.

Answer: Czechia",cdc6a76e-1788557742,"Consider these 16 countries: Sweden, China, Hungary, Czechia, Russia, Kenya, Finland, Denmark, Cuba, Peru, Portugal, Israel, Morocco, Ireland, Japan, Poland.
Exactly one of them has a capital city beginning with the letter P. Which country is it? Answer with just the country name.",2823814077
facts_parallel,default,16,cot,30,Poland,Poland,1,-1,0,0,stop,1202,1035,qwen3.6-27b,"Austria's capital is Vienna; Bulgaria's capital is Sofia; Finland's capital is Helsinki; Sweden's capital is Stockholm; Thailand's capital is Bangkok; Israel's capital is Jerusalem; Greece's capital is Athens; Poland's capital is Warsaw; Hungary's capital is Budapest; Kenya's capital is Nairobi; Egypt's capital is Cairo; Ireland's capital is Dublin; Norway's capital is Oslo; Peru's capital is Lima; Czechia's capital is Prague; Cuba's capital is Havana. Only Warsaw begins with the letter W, so the answer is Poland.
Answer: Poland",cdc6a76e-1788557742,"Consider these 16 countries: Austria, Bulgaria, Finland, Sweden, Thailand, Israel, Greece, Poland, Hungary, Kenya, Egypt, Ireland, Norway, Peru, Czechia, Cuba.
Exactly one of them has a capital city beginning with the letter W. Which country is it? Answer with just the country name.",3364385368
facts_parallel,default,16,cot,31,Poland,Poland,1,-1,0,0,stop,1038,903,qwen3.6-27b,"Norway's capital is Oslo; Finland's capital is Helsinki; China's capital is Beijing; Egypt's capital is Cairo; Russia's capital is Moscow; Poland's capital is Warsaw; Israel's capital is Jerusalem; Indonesia's capital is Jakarta; Hungary's capital is Budapest; Thailand's capital is Bangkok; Morocco's capital is Rabat; Germany's capital is Berlin; Ireland's capital is Dublin; Czechia's capital is Prague; Sweden's capital is Stockholm; Greece's capital is Athens. Only Warsaw begins with the letter W, so the answer is Poland.

Answer: Poland",cdc6a76e-1788557742,"Consider these 16 countries: Norway, Finland, China, Egypt, Russia, Poland, Israel, Indonesia, Hungary, Thailand, Morocco, Germany, Ireland, Czechia, Sweden, Greece.
Exactly one of them has a capital city beginning with the letter W. Which country is it? Answer with just the country name.",3213837006
facts_parallel,default,16,cot,32,Russia,Russia,1,-1,0,0,stop,1057,940,qwen3.6-27b,"Czechia's capital is Prague; Cuba's capital is Havana; Japan's capital is Tokyo; Poland's capital is Warsaw; China's capital is Beijing; Norway's capital is Oslo; Russia's capital is Moscow; Finland's capital is Helsinki; Hungary's capital is Budapest; Morocco's capital is Rabat; Greece's capital is Athens; Egypt's capital is Cairo; Austria's capital is Vienna; Germany's capital is Berlin; Portugal's capital is Lisbon; Denmark's capital is Copenhagen. Only Moscow begins with M, so the answer is Russia.
Answer: Russia",cdc6a76e-1788557742,"Consider these 16 countries: Czechia, Cuba, Japan, Poland, China, Norway, Russia, Finland, Hungary, Morocco, Greece, Egypt, Austria, Germany, Portugal, Denmark.
Exactly one of them has a capital city beginning with the letter M. Which country is it? Answer with just the country name.",646321012
facts_parallel,default,16,cot,33,Poland,Poland,1,-1,0,0,stop,1217,1102,qwen3.6-27b,"Kenya's capital is Nairobi; Peru's capital is Lima; Poland's capital is Warsaw; Israel's capital is Jerusalem; Cuba's capital is Havana; Sweden's capital is Stockholm; Norway's capital is Oslo; Germany's capital is Berlin; Indonesia's capital is Jakarta; Portugal's capital is Lisbon; China's capital is Beijing; Egypt's capital is Cairo; Japan's capital is Tokyo; Hungary's capital is Budapest; Russia's capital is Moscow; Thailand's capital is Bangkok. Only Warsaw begins with W, so the answer is Poland.
Answer: Poland",cdc6a76e-1788557742,"Consider these 16 countries: Kenya, Peru, Poland, Israel, Cuba, Sweden, Norway, Germany, Indonesia, Portugal, China, Egypt, Japan, Hungary, Russia, Thailand.
Exactly one of them has a capital city beginning with the letter W. Which country is it? Answer with just the country name.",1367417826
facts_parallel,default,16,cot,34,Norway,Norway,1,-1,0,0,stop,1252,1135,qwen3.6-27b,"Peru's capital is Lima; Thailand's capital is Bangkok; Czechia's capital is Prague; Finland's capital is Helsinki; Germany's capital is Berlin; Portugal's capital is Lisbon; Morocco's capital is Rabat; Greece's capital is Athens; Israel's capital is Jerusalem; Norway's capital is Oslo; Hungary's capital is Budapest; Japan's capital is Tokyo; China's capital is Beijing; Denmark's capital is Copenhagen; Egypt's capital is Cairo; Sweden's capital is Stockholm. Only Oslo begins with O, so the answer is Norway.
Answer: Norway",cdc6a76e-1788557742,"Consider these 16 countries: Peru, Thailand, Czechia, Finland, Germany, Portugal, Morocco, Greece, Israel, Norway, Hungary, Japan, China, Denmark, Egypt, Sweden.
Exactly one of them has a capital city beginning with the letter O. Which country is it? Answer with just the country name.",3487938113
facts_parallel,default,16,cot,35,Greece,Greece,1,-1,0,0,stop,1934,1818,qwen3.6-27b,"Kenya's capital is Nairobi; Czechia's capital is Prague; Cuba's capital is Havana; Indonesia's capital is Jakarta; Norway's capital is Oslo; Sweden's capital is Stockholm; Germany's capital is Berlin; Finland's capital is Helsinki; Bulgaria's capital is Sofia; Poland's capital is Warsaw; Thailand's capital is Bangkok; Portugal's capital is Lisbon; Hungary's capital is Budapest; Denmark's capital is Copenhagen; Greece's capital is Athens; Japan's capital is Tokyo. Only Athens begins with A, so the answer is Greece.
Answer: Greece",cdc6a76e-1788557742,"Consider these 16 countries: Kenya, Czechia, Cuba, Indonesia, Norway, Sweden, Germany, Finland, Bulgaria, Poland, Thailand, Portugal, Hungary, Denmark, Greece, Japan.
Exactly one of them has a capital city beginning with the letter A. Which country is it? Answer with just the country name.",3101853399
facts_parallel,default,16,cot,36,Kenya,Kenya,1,-1,0,0,stop,1182,1061,qwen3.6-27b,"Kenya's capital is Nairobi; Portugal's capital is Lisbon; Israel's capital is Jerusalem; Poland's capital is Warsaw; Cuba's capital is Havana; Indonesia's capital is Jakarta; Greece's capital is Athens; China's capital is Beijing; Morocco's capital is Rabat; Bulgaria's capital is Sofia; Ireland's capital is Dublin; Russia's capital is Moscow; Hungary's capital is Budapest; Japan's capital is Tokyo; Norway's capital is Oslo; Thailand's capital is Bangkok. Only Nairobi begins with N, so the answer is Kenya.
Answer: Kenya",cdc6a76e-1788557742,"Consider these 16 countries: Kenya, Portugal, Israel, Poland, Cuba, Indonesia, Greece, China, Morocco, Bulgaria, Ireland, Russia, Hungary, Japan, Norway, Thailand.
Exactly one of them has a capital city beginning with the letter N. Which country is it? Answer with just the country name.",569104237
facts_parallel,default,16,cot,37,Austria,Austria,1,-1,0,0,stop,506,322,qwen3.6-27b,"Denmark's capital is Copenhagen; Sweden's capital is Stockholm; Peru's capital is Lima; Indonesia's capital is Jakarta; Greece's capital is Athens; Germany's capital is Berlin; Ireland's capital is Dublin; China's capital is Beijing; Portugal's capital is Lisbon; Finland's capital is Helsinki; Austria's capital is Vienna; Norway's capital is Oslo; Israel's capital is Jerusalem; Japan's capital is Tokyo; Thailand's capital is Bangkok; Morocco's capital is Rabat. Only Vienna begins with V, so the answer is Austria.
Answer: Austria",cdc6a76e-1788557742,"Consider these 16 countries: Denmark, Sweden, Peru, Indonesia, Greece, Germany, Ireland, China, Portugal, Finland, Austria, Norway, Israel, Japan, Thailand, Morocco.
Exactly one of them has a capital city beginning with the letter V. Which country is it? Answer with just the country name.",1458366459
facts_parallel,default,16,cot,38,Russia,Russia,1,-1,0,0,stop,1233,1115,qwen3.6-27b,"China's capital is Beijing; Indonesia's capital is Jakarta; Israel's capital is Jerusalem; Morocco's capital is Rabat; Cuba's capital is Havana; Sweden's capital is Stockholm; Kenya's capital is Nairobi; Hungary's capital is Budapest; Japan's capital is Tokyo; Finland's capital is Helsinki; Greece's capital is Athens; Portugal's capital is Lisbon; Norway's capital is Oslo; Thailand's capital is Bangkok; Poland's capital is Warsaw; Russia's capital is Moscow. Only Moscow begins with M, so the answer is Russia.
Answer: Russia",cdc6a76e-1788557742,"Consider these 16 countries: China, Indonesia, Israel, Morocco, Cuba, Sweden, Kenya, Hungary, Japan, Finland, Greece, Portugal, Norway, Thailand, Poland, Russia.
Exactly one of them has a capital city beginning with the letter M. Which country is it? Answer with just the country name.",3327392362
facts_parallel,default,16,cot,39,Sweden,Sweden,1,-1,0,0,stop,1699,1582,qwen3.6-27b,"Finland's capital is Helsinki; Kenya's capital is Nairobi; Norway's capital is Oslo; China's capital is Beijing; Denmark's capital is Copenhagen; Israel's capital is Jerusalem; Czechia's capital is Prague; Hungary's capital is Budapest; Cuba's capital is Havana; Sweden's capital is Stockholm; Poland's capital is Warsaw; Indonesia's capital is Jakarta; Morocco's capital is Rabat; Egypt's capital is Cairo; Peru's capital is Lima; Portugal's capital is Lisbon. Only Stockholm begins with S, so the answer is Sweden.
Answer: Sweden",cdc6a76e-1788557742,"Consider these 16 countries: Finland, Kenya, Norway, China, Denmark, Israel, Czechia, Hungary, Cuba, Sweden, Poland, Indonesia, Morocco, Egypt, Peru, Portugal.
Exactly one of them has a capital city beginning with the letter S. Which country is it? Answer with just the country name.",2975124220
facts_parallel,default,16,cot,40,Ireland,Ireland,1,-1,0,0,stop,1246,1082,qwen3.6-27b,"Ireland's capital is Dublin; Czechia's capital is Prague; Cuba's capital is Havana; Sweden's capital is Stockholm; Germany's capital is Berlin; Morocco's capital is Rabat; China's capital is Beijing; Greece's capital is Athens; Indonesia's capital is Jakarta; Israel's capital is Jerusalem; Egypt's capital is Cairo; Poland's capital is Warsaw; Thailand's capital is Bangkok; Hungary's capital is Budapest; Russia's capital is Moscow; Denmark's capital is Copenhagen. Only Dublin begins with the letter D, so the answer is Ireland.

Answer: Ireland",cdc6a76e-1788557742,"Consider these 16 countries: Ireland, Czechia, Cuba, Sweden, Germany, Morocco, China, Greece, Indonesia, Israel, Egypt, Poland, Thailand, Hungary, Russia, Denmark.
Exactly one of them has a capital city beginning with the letter D. Which country is it? Answer with just the country name.",2278155423
facts_parallel,default,16,cot,41,Portugal,Portugal,1,-1,0,0,stop,1061,870,qwen3.6-27b,"Kenya's capital is Nairobi; Poland's capital is Warsaw; Czechia's capital is Prague; Morocco's capital is Rabat; Norway's capital is Oslo; Portugal's capital is Lisbon; Egypt's capital is Cairo; Ireland's capital is Dublin; Hungary's capital is Budapest; Indonesia's capital is Jakarta; China's capital is Beijing; Russia's capital is Moscow; Finland's capital is Helsinki; Japan's capital is Tokyo; Israel's capital is Jerusalem; Austria's capital is Vienna. Only Lisbon begins with the letter L, so the answer is Portugal.
Answer: Portugal",cdc6a76e-1788557742,"Consider these 16 countries: Kenya, Poland, Czechia, Morocco, Norway, Portugal, Egypt, Ireland, Hungary, Indonesia, China, Russia, Finland, Japan, Israel, Austria.
Exactly one of them has a capital city beginning with the letter L. Which country is it? Answer with just the country name.",4040086537
facts_parallel,default,16,cot,42,Israel,Israel,1,-1,0,0,stop,1449,1367,qwen3.6-27b,"Cuba's capital is Havana; China's capital is Beijing; Germany's capital is Berlin; Bulgaria's capital is Sofia; Hungary's capital is Budapest; Finland's capital is Helsinki; Portugal's capital is Lisbon; Norway's capital is Oslo; Egypt's capital is Cairo; Kenya's capital is Nairobi; Greece's capital is Athens; Israel's capital is Jerusalem; Austria's capital is Vienna; Sweden's capital is Stockholm; Ireland's capital is Dublin; Czechia's capital is Prague. Only Jerusalem begins with J, so the answer is Israel.
Answer: Israel",cdc6a76e-1788557742,"Consider these 16 countries: Cuba, China, Germany, Bulgaria, Hungary, Finland, Portugal, Norway, Egypt, Kenya, Greece, Israel, Austria, Sweden, Ireland, Czechia.
Exactly one of them has a capital city beginning with the letter J. Which country is it? Answer with just the country name.",1774683571
facts_parallel,default,16,cot,43,Kenya,Kenya,1,-1,0,0,stop,737,619,qwen3.6-27b,"Bulgaria's capital is Sofia; Sweden's capital is Stockholm; Czechia's capital is Prague; Cuba's capital is Havana; Egypt's capital is Cairo; Kenya's capital is Nairobi; Ireland's capital is Dublin; Finland's capital is Helsinki; Denmark's capital is Copenhagen; Israel's capital is Jerusalem; Morocco's capital is Rabat; Greece's capital is Athens; Portugal's capital is Lisbon; Poland's capital is Warsaw; Hungary's capital is Budapest; Russia's capital is Moscow. Only Nairobi begins with N, so the answer is Kenya.

Answer: Kenya",cdc6a76e-1788557742,"Consider these 16 countries: Bulgaria, Sweden, Czechia, Cuba, Egypt, Kenya, Ireland, Finland, Denmark, Israel, Morocco, Greece, Portugal, Poland, Hungary, Russia.
Exactly one of them has a capital city beginning with the letter N. Which country is it? Answer with just the country name.",515945765
facts_parallel,default,16,cot,44,Japan,Japan,1,-1,0,0,stop,1817,1700,qwen3.6-27b,"Denmark's capital is Copenhagen; Norway's capital is Oslo; Ireland's capital is Dublin; Thailand's capital is Bangkok; Germany's capital is Berlin; Sweden's capital is Stockholm; Poland's capital is Warsaw; Japan's capital is Tokyo; Peru's capital is Lima; Austria's capital is Vienna; Hungary's capital is Budapest; Kenya's capital is Nairobi; Finland's capital is Helsinki; Cuba's capital is Havana; Egypt's capital is Cairo; Bulgaria's capital is Sofia. Only Tokyo begins with the letter T, so the answer is Japan.
Answer: Japan",cdc6a76e-1788557742,"Consider these 16 countries: Denmark, Norway, Ireland, Thailand, Germany, Sweden, Poland, Japan, Peru, Austria, Hungary, Kenya, Finland, Cuba, Egypt, Bulgaria.
Exactly one of them has a capital city beginning with the letter T. Which country is it? Answer with just the country name.",2158239878
facts_parallel,default,16,cot,45,Greece,Greece,1,-1,0,0,stop,2561,2446,qwen3.6-27b,"Indonesia's capital is Jakarta; Cuba's capital is Havana; Germany's capital is Berlin; China's capital is Beijing; Greece's capital is Athens; Denmark's capital is Copenhagen; Austria's capital is Vienna; Norway's capital is Oslo; Kenya's capital is Nairobi; Thailand's capital is Bangkok; Sweden's capital is Stockholm; Czechia's capital is Prague; Portugal's capital is Lisbon; Russia's capital is Moscow; Israel's capital is Jerusalem; Hungary's capital is Budapest. Only Athens begins with A, so the answer is Greece.
Answer: Greece",cdc6a76e-1788557742,"Consider these 16 countries: Indonesia, Cuba, Germany, China, Greece, Denmark, Austria, Norway, Kenya, Thailand, Sweden, Czechia, Portugal, Russia, Israel, Hungary.
Exactly one of them has a capital city beginning with the letter A. Which country is it? Answer with just the country name.",4154658832
facts_parallel,default,16,cot,46,Greece,Greece,1,-1,0,0,stop,2675,2064,qwen3.6-27b,"Greece's capital is Athens; Norway's capital is Oslo; Ireland's capital is Dublin; Czechia's capital is Prague; Sweden's capital is Stockholm; Peru's capital is Lima; Indonesia's capital is Jakarta; Bulgaria's capital is Sofia; Poland's capital is Warsaw; Austria's capital is Vienna; Israel's capital is Jerusalem; Kenya's capital is Nairobi; Morocco's capital is Rabat; Cuba's capital is Havana; China's capital is Beijing; Germany's capital is Berlin. Only Athens begins with the letter A, so the answer is Greece.
Answer: Greece",cdc6a76e-1788557742,"Consider these 16 countries: Greece, Norway, Ireland, Czechia, Sweden, Peru, Indonesia, Bulgaria, Poland, Austria, Israel, Kenya, Morocco, Cuba, China, Germany.
Exactly one of them has a capital city beginning with the letter A. Which country is it? Answer with just the country name.",1856651690
facts_parallel,default,16,cot,47,Norway,Norway,1,-1,0,0,stop,1030,909,qwen3.6-27b,"Kenya's capital is Nairobi; Germany's capital is Berlin; Norway's capital is Oslo; Russia's capital is Moscow; Israel's capital is Jerusalem; Sweden's capital is Stockholm; Austria's capital is Vienna; Ireland's capital is Dublin; Bulgaria's capital is Sofia; Indonesia's capital is Jakarta; Czechia's capital is Prague; Thailand's capital is Bangkok; Peru's capital is Lima; Poland's capital is Warsaw; Japan's capital is Tokyo; Egypt's capital is Cairo. Only Oslo begins with the letter O, so the answer is Norway.
Answer: Norway",cdc6a76e-1788557742,"Consider these 16 countries: Kenya, Germany, Norway, Russia, Israel, Sweden, Austria, Ireland, Bulgaria, Indonesia, Czechia, Thailand, Peru, Poland, Japan, Egypt.
Exactly one of them has a capital city beginning with the letter O. Which country is it? Answer with just the country name.",430797116
facts_parallel,default,16,cot,48,Morocco,Morocco,1,-1,0,0,stop,1212,1054,qwen3.6-27b,"Portugal's capital is Lisbon; Russia's capital is Moscow; Morocco's capital is Rabat; Poland's capital is Warsaw; Cuba's capital is Havana; Ireland's capital is Dublin; Germany's capital is Berlin; Peru's capital is Lima; Austria's capital is Vienna; Egypt's capital is Cairo; Norway's capital is Oslo; Hungary's capital is Budapest; Sweden's capital is Stockholm; Finland's capital is Helsinki; Czechia's capital is Prague; Denmark's capital is Copenhagen. Only Rabat begins with the letter R, so the answer is Morocco.
Answer: Morocco",cdc6a76e-1788557742,"Consider these 16 countries: Portugal, Russia, Morocco, Poland, Cuba, Ireland, Germany, Peru, Austria, Egypt, Norway, Hungary, Sweden, Finland, Czechia, Denmark.
Exactly one of them has a capital city beginning with the letter R. Which country is it? Answer with just the country name.",2299686061
facts_parallel,default,16,cot,49,Norway,Norway,1,-1,0,0,stop,1209,1092,qwen3.6-27b,"Germany's capital is Berlin; Sweden's capital is Stockholm; Kenya's capital is Nairobi; Greece's capital is Athens; Peru's capital is Lima; China's capital is Beijing; Finland's capital is Helsinki; Cuba's capital is Havana; Denmark's capital is Copenhagen; Bulgaria's capital is Sofia; Poland's capital is Warsaw; Ireland's capital is Dublin; Norway's capital is Oslo; Indonesia's capital is Jakarta; Hungary's capital is Budapest; Israel's capital is Jerusalem. Only Oslo begins with O, so the answer is Norway.
Answer: Norway",cdc6a76e-1788557742,"Consider these 16 countries: Germany, Sweden, Kenya, Greece, Peru, China, Finland, Cuba, Denmark, Bulgaria, Poland, Ireland, Norway, Indonesia, Hungary, Israel.
Exactly one of them has a capital city beginning with the letter O. Which country is it? Answer with just the country name.",4262812731
facts_parallel,default,16,cot,50,Sweden,Sweden,1,-1,0,0,stop,1534,1416,qwen3.6-27b,"Poland's capital is Warsaw; Finland's capital is Helsinki; Thailand's capital is Bangkok; Portugal's capital is Lisbon; Denmark's capital is Copenhagen; Kenya's capital is Nairobi; Cuba's capital is Havana; Czechia's capital is Prague; Ireland's capital is Dublin; Israel's capital is Jerusalem; Norway's capital is Oslo; Indonesia's capital is Jakarta; Egypt's capital is Cairo; Sweden's capital is Stockholm; Greece's capital is Athens; China's capital is Beijing. Only Stockholm begins with the letter S, so the answer is Sweden.
Answer: Sweden",cdc6a76e-1788557742,"Consider these 16 countries: Poland, Finland, Thailand, Portugal, Denmark, Kenya, Cuba, Czechia, Ireland, Israel, Norway, Indonesia, Egypt, Sweden, Greece, China.
Exactly one of them has a capital city beginning with the letter S. Which country is it? Answer with just the country name.",2664617438
facts_parallel,default,16,cot,51,Greece,Greece,1,-1,0,0,stop,1228,1111,qwen3.6-27b,"Kenya's capital is Nairobi; China's capital is Beijing; Portugal's capital is Lisbon; Czechia's capital is Prague; Denmark's capital is Copenhagen; Germany's capital is Berlin; Bulgaria's capital is Sofia; Greece's capital is Athens; Egypt's capital is Cairo; Morocco's capital is Rabat; Indonesia's capital is Jakarta; Finland's capital is Helsinki; Cuba's capital is Havana; Israel's capital is Jerusalem; Austria's capital is Vienna; Norway's capital is Oslo. Only Athens begins with A, so the answer is Greece.
Answer: Greece",cdc6a76e-1788557742,"Consider these 16 countries: Kenya, China, Portugal, Czechia, Denmark, Germany, Bulgaria, Greece, Egypt, Morocco, Indonesia, Finland, Cuba, Israel, Austria, Norway.
Exactly one of them has a capital city beginning with the letter A. Which country is it? Answer with just the country name.",3923109192
facts_parallel,default,16,cot,52,Russia,Russia,1,-1,0,0,stop,1337,1195,qwen3.6-27b,"Egypt's capital is Cairo; Peru's capital is Lima; Czechia's capital is Prague; Portugal's capital is Lisbon; Finland's capital is Helsinki; Poland's capital is Warsaw; Japan's capital is Tokyo; Bulgaria's capital is Sofia; Norway's capital is Oslo; Germany's capital is Berlin; Austria's capital is Vienna; Russia's capital is Moscow; Morocco's capital is Rabat; Denmark's capital is Copenhagen; Kenya's capital is Nairobi; Cuba's capital is Havana. Only Moscow begins with M, so the answer is Russia.
Answer: Russia",cdc6a76e-1788557742,"Consider these 16 countries: Egypt, Peru, Czechia, Portugal, Finland, Poland, Japan, Bulgaria, Norway, Germany, Austria, Russia, Morocco, Denmark, Kenya, Cuba.
Exactly one of them has a capital city beginning with the letter M. Which country is it? Answer with just the country name.",1893512434
facts_parallel,default,16,cot,53,Germany,Germany,1,-1,0,0,stop,2077,1853,qwen3.6-27b,"Portugal's capital is Lisbon; Austria's capital is Vienna; Indonesia's capital is Jakarta; Germany's capital is Berlin; Norway's capital is Oslo; Peru's capital is Lima; Denmark's capital is Copenhagen; Egypt's capital is Cairo; Ireland's capital is Dublin; Israel's capital is Jerusalem; Poland's capital is Warsaw; Morocco's capital is Rabat; Czechia's capital is Prague; Russia's capital is Moscow; Kenya's capital is Nairobi; Bulgaria's capital is Sofia. Only Berlin begins with B, so the answer is Germany.
Answer: Germany",cdc6a76e-1788557742,"Consider these 16 countries: Portugal, Austria, Indonesia, Germany, Norway, Peru, Denmark, Egypt, Ireland, Israel, Poland, Morocco, Czechia, Russia, Kenya, Bulgaria.
Exactly one of them has a capital city beginning with the letter B. Which country is it? Answer with just the country name.",131826788
facts_parallel,default,16,cot,54,Poland,Poland,1,-1,0,0,stop,1320,1214,qwen3.6-27b,"Czechia's capital is Prague; Denmark's capital is Copenhagen; Bulgaria's capital is Sofia; Thailand's capital is Bangkok; Ireland's capital is Dublin; Greece's capital is Athens; Japan's capital is Tokyo; Austria's capital is Vienna; Indonesia's capital is Jakarta; Poland's capital is Warsaw; Sweden's capital is Stockholm; Israel's capital is Jerusalem; Germany's capital is Berlin; Portugal's capital is Lisbon; Norway's capital is Oslo; China's capital is Beijing. Only Warsaw begins with W, so the answer is Poland.
Answer: Poland",cdc6a76e-1788557742,"Consider these 16 countries: Czechia, Denmark, Bulgaria, Thailand, Ireland, Greece, Japan, Austria, Indonesia, Poland, Sweden, Israel, Germany, Portugal, Norway, China.
Exactly one of them has a capital city beginning with the letter W. Which country is it? Answer with just the country name.",2579435975
facts_parallel,default,16,cot,55,Greece,Greece,1,-1,0,0,stop,2565,2446,qwen3.6-27b,"Finland's capital is Helsinki; Peru's capital is Lima; Denmark's capital is Copenhagen; Egypt's capital is Cairo; Cuba's capital is Havana; Germany's capital is Berlin; China's capital is Beijing; Bulgaria's capital is Sofia; Norway's capital is Oslo; Morocco's capital is Rabat; Sweden's capital is Stockholm; Czechia's capital is Prague; Ireland's capital is Dublin; Kenya's capital is Nairobi; Greece's capital is Athens; Austria's capital is Vienna. Only Athens begins with the letter A, so the answer is Greece.

Answer: Greece",cdc6a76e-1788557742,"Consider these 16 countries: Finland, Peru, Denmark, Egypt, Cuba, Germany, China, Bulgaria, Norway, Morocco, Sweden, Czechia, Ireland, Kenya, Greece, Austria.
Exactly one of them has a capital city beginning with the letter A. Which country is it? Answer with just the country name.",4005044561
facts_parallel,default,16,cot,56,Ireland,Ireland,1,-1,0,0,stop,1449,1296,qwen3.6-27b,"Russia's capital is Moscow; Denmark's capital is Copenhagen; Czechia's capital is Prague; Ireland's capital is Dublin; Germany's capital is Berlin; Cuba's capital is Havana; Morocco's capital is Rabat; Greece's capital is Athens; Hungary's capital is Budapest; Austria's capital is Vienna; Bulgaria's capital is Sofia; Egypt's capital is Cairo; Peru's capital is Lima; Thailand's capital is Bangkok; Norway's capital is Oslo; Portugal's capital is Lisbon. Only Dublin begins with D, so the answer is Ireland.
Answer: Ireland",cdc6a76e-1788557742,"Consider these 16 countries: Russia, Denmark, Czechia, Ireland, Germany, Cuba, Morocco, Greece, Hungary, Austria, Bulgaria, Egypt, Peru, Thailand, Norway, Portugal.
Exactly one of them has a capital city beginning with the letter D. Which country is it? Answer with just the country name.",2008117483
facts_parallel,default,16,cot,57,Japan,Japan,1,-1,0,0,stop,1243,1127,qwen3.6-27b,"Thailand's capital is Bangkok; Bulgaria's capital is Sofia; Morocco's capital is Rabat; Indonesia's capital is Jakarta; Hungary's capital is Budapest; Germany's capital is Berlin; Japan's capital is Tokyo; Portugal's capital is Lisbon; Sweden's capital is Stockholm; Cuba's capital is Havana; Poland's capital is Warsaw; Russia's capital is Moscow; Peru's capital is Lima; Egypt's capital is Cairo; Ireland's capital is Dublin; Greece's capital is Athens. Only Tokyo begins with T, so the answer is Japan.
Answer: Japan",cdc6a76e-1788557742,"Consider these 16 countries: Thailand, Bulgaria, Morocco, Indonesia, Hungary, Germany, Japan, Portugal, Sweden, Cuba, Poland, Russia, Peru, Egypt, Ireland, Greece.
Exactly one of them has a capital city beginning with the letter T. Which country is it? Answer with just the country name.",11944061
facts_parallel,default,16,cot,58,Norway,Norway,1,-1,0,0,stop,1294,1163,qwen3.6-27b,"Bulgaria's capital is Sofia; Russia's capital is Moscow; Israel's capital is Jerusalem; Indonesia's capital is Jakarta; Peru's capital is Lima; Norway's capital is Oslo; China's capital is Beijing; Thailand's capital is Bangkok; Austria's capital is Vienna; Czechia's capital is Prague; Greece's capital is Athens; Kenya's capital is Nairobi; Portugal's capital is Lisbon; Finland's capital is Helsinki; Denmark's capital is Copenhagen; Cuba's capital is Havana. Only Oslo begins with the letter O, so the answer is Norway.
Answer: Norway",cdc6a76e-1788557742,"Consider these 16 countries: Bulgaria, Russia, Israel, Indonesia, Peru, Norway, China, Thailand, Austria, Czechia, Greece, Kenya, Portugal, Finland, Denmark, Cuba.
Exactly one of them has a capital city beginning with the letter O. Which country is it? Answer with just the country name.",2416532972
facts_parallel,default,16,cot,59,Egypt,Egypt,1,-1,0,0,stop,992,876,qwen3.6-27b,"Sweden's capital is Stockholm; Indonesia's capital is Jakarta; Japan's capital is Tokyo; Greece's capital is Athens; Ireland's capital is Dublin; Hungary's capital is Budapest; Germany's capital is Berlin; China's capital is Beijing; Austria's capital is Vienna; Egypt's capital is Cairo; Norway's capital is Oslo; Kenya's capital is Nairobi; Russia's capital is Moscow; Morocco's capital is Rabat; Czechia's capital is Prague; Peru's capital is Lima. Only Cairo begins with C, so the answer is Egypt.
Answer: Egypt",cdc6a76e-1788557742,"Consider these 16 countries: Sweden, Indonesia, Japan, Greece, Ireland, Hungary, Germany, China, Austria, Egypt, Norway, Kenya, Russia, Morocco, Czechia, Peru.
Exactly one of them has a capital city beginning with the letter C. Which country is it? Answer with just the country name.",3876482426
facts_parallel,default,16,cot,60,Japan,Japan,1,-1,0,0,stop,947,830,qwen3.6-27b,"Egypt's capital is Cairo; Ireland's capital is Dublin; Thailand's capital is Bangkok; Sweden's capital is Stockholm; Kenya's capital is Nairobi; Germany's capital is Berlin; Portugal's capital is Lisbon; Peru's capital is Lima; Morocco's capital is Rabat; China's capital is Beijing; Russia's capital is Moscow; Israel's capital is Jerusalem; Poland's capital is Warsaw; Japan's capital is Tokyo; Indonesia's capital is Jakarta; Hungary's capital is Budapest. Only Tokyo begins with the letter T, so the answer is Japan.

Answer: Japan",cdc6a76e-1788557742,"Consider these 16 countries: Egypt, Ireland, Thailand, Sweden, Kenya, Germany, Portugal, Peru, Morocco, China, Russia, Israel, Poland, Japan, Indonesia, Hungary.
Exactly one of them has a capital city beginning with the letter T. Which country is it? Answer with just the country name.",3053422109
facts_parallel,default,16,cot,61,Cuba,Cuba,1,-1,0,0,stop,1538,1420,qwen3.6-27b,"Russia's capital is Moscow; Thailand's capital is Bangkok; Cuba's capital is Havana; Sweden's capital is Stockholm; Bulgaria's capital is Sofia; Japan's capital is Tokyo; Indonesia's capital is Jakarta; Austria's capital is Vienna; Germany's capital is Berlin; Kenya's capital is Nairobi; Morocco's capital is Rabat; Israel's capital is Jerusalem; Norway's capital is Oslo; China's capital is Beijing; Portugal's capital is Lisbon; Denmark's capital is Copenhagen. Only Havana begins with H, so the answer is Cuba.
Answer: Cuba",cdc6a76e-1788557742,"Consider these 16 countries: Russia, Thailand, Cuba, Sweden, Bulgaria, Japan, Indonesia, Austria, Germany, Kenya, Morocco, Israel, Norway, China, Portugal, Denmark.
Exactly one of them has a capital city beginning with the letter H. Which country is it? Answer with just the country name.",3271079563
facts_parallel,default,16,cot,62,Israel,Israel,1,-1,0,0,stop,1612,1490,qwen3.6-27b,"Austria's capital is Vienna; Peru's capital is Lima; Sweden's capital is Stockholm; Kenya's capital is Nairobi; Czechia's capital is Prague; Israel's capital is Jerusalem; Poland's capital is Warsaw; Germany's capital is Berlin; Cuba's capital is Havana; Russia's capital is Moscow; Portugal's capital is Lisbon; Bulgaria's capital is Sofia; Norway's capital is Oslo; Egypt's capital is Cairo; Ireland's capital is Dublin; Japan's capital is Tokyo. Only Jerusalem begins with J, so the answer is Israel.
Answer: Israel",cdc6a76e-1788557742,"Consider these 16 countries: Austria, Peru, Sweden, Kenya, Czechia, Israel, Poland, Germany, Cuba, Russia, Portugal, Bulgaria, Norway, Egypt, Ireland, Japan.
Exactly one of them has a capital city beginning with the letter J. Which country is it? Answer with just the country name.",1542580017
facts_parallel,default,16,cot,63,Czechia,Czechia,1,-1,0,0,stop,1310,1189,qwen3.6-27b,"

Cuba's capital is Havana; Japan's capital is Tokyo; Norway's capital is Oslo; Czechia's capital is Prague; Sweden's capital is Stockholm; Thailand's capital is Bangkok; Germany's capital is Berlin; Russia's capital is Moscow; Israel's capital is Jerusalem; Finland's capital is Helsinki; Egypt's capital is Cairo; Indonesia's capital is Jakarta; Portugal's capital is Lisbon; Bulgaria's capital is Sofia; Kenya's capital is Nairobi; Morocco's capital is Rabat. Only Prague begins with P, so the answer is Czechia.
Answer: Czechia",cdc6a76e-1788557742,"Consider these 16 countries: Cuba, Japan, Norway, Czechia, Sweden, Thailand, Germany, Russia, Israel, Finland, Egypt, Indonesia, Portugal, Bulgaria, Kenya, Morocco.
Exactly one of them has a capital city beginning with the letter P. Which country is it? Answer with just the country name.",754374567
facts_parallel,default,16,cot,64,Israel,Israel,1,-1,0,0,stop,4604,3919,qwen3.6-27b,"Egypt's capital is Cairo; Portugal's capital is Lisbon; Germany's capital is Berlin; Peru's capital is Lima; Bulgaria's capital is Sofia; Thailand's capital is Bangkok; Russia's capital is Moscow; Kenya's capital is Nairobi; Norway's capital is Oslo; Japan's capital is Tokyo; Cuba's capital is Havana; Austria's capital is Vienna; Israel's capital is Jerusalem; Sweden's capital is Stockholm; Morocco's capital is Rabat; Denmark's capital is Copenhagen. Only Jerusalem begins with J, so the answer is Israel.
Answer: Israel",cdc6a76e-1788557742,"Consider these 16 countries: Egypt, Portugal, Germany, Peru, Bulgaria, Thailand, Russia, Kenya, Norway, Japan, Cuba, Austria, Israel, Sweden, Morocco, Denmark.
Exactly one of them has a capital city beginning with the letter J. Which country is it? Answer with just the country name.",2995929604
facts_parallel,default,16,cot,65,Bulgaria,China,0,-1,0,0,error,995,986,qwen3.6-27b,Germany's capital is Berlin; China,cdc6a76e-1788557742,"Consider these 16 countries: Germany, China, Peru, Denmark, Cuba, Poland, Ireland, Portugal, Kenya, Norway, Bulgaria, Russia, Greece, Egypt, Finland, Czechia.
Exactly one of them has a capital city beginning with the letter S. Which country is it? Answer with just the country name.",3314905746
facts_parallel,default,16,cot,66,Cuba,Cuba,1,-1,0,0,stop,1256,1116,qwen3.6-27b,"Bulgaria's capital is Sofia; Thailand's capital is Bangkok; Hungary's capital is Budapest; Poland's capital is Warsaw; Ireland's capital is Dublin; China's capital is Beijing; Cuba's capital is Havana; Morocco's capital is Rabat; Sweden's capital is Stockholm; Peru's capital is Lima; Egypt's capital is Cairo; Indonesia's capital is Jakarta; Denmark's capital is Copenhagen; Israel's capital is Jerusalem; Japan's capital is Tokyo; Kenya's capital is Nairobi. Only Havana begins with H, so the answer is Cuba.
Answer: Cuba",cdc6a76e-1788557742,"Consider these 16 countries: Bulgaria, Thailand, Hungary, Poland, Ireland, China, Cuba, Morocco, Sweden, Peru, Egypt, Indonesia, Denmark, Israel, Japan, Kenya.
Exactly one of them has a capital city beginning with the letter H. Which country is it? Answer with just the country name.",1553736488
facts_parallel,default,16,cot,67,Norway,Norway,1,-1,0,0,stop,1031,913,qwen3.6-27b,"Cuba's capital is Havana; Morocco's capital is Rabat; Japan's capital is Tokyo; Peru's capital is Lima; Poland's capital is Warsaw; Austria's capital is Vienna; Indonesia's capital is Jakarta; Egypt's capital is Cairo; Finland's capital is Helsinki; Norway's capital is Oslo; Germany's capital is Berlin; Sweden's capital is Stockholm; Russia's capital is Moscow; Denmark's capital is Copenhagen; Ireland's capital is Dublin; Portugal's capital is Lisbon. Only Oslo begins with the letter O, so the answer is Norway.
Answer: Norway",cdc6a76e-1788557742,"Consider these 16 countries: Cuba, Morocco, Japan, Peru, Poland, Austria, Indonesia, Egypt, Finland, Norway, Germany, Sweden, Russia, Denmark, Ireland, Portugal.
Exactly one of them has a capital city beginning with the letter O. Which country is it? Answer with just the country name.",731583422
facts_parallel,default,16,cot,68,Bulgaria,Bulgaria,1,-1,0,0,stop,1750,1668,qwen3.6-27b,"Czechia's capital is Prague; Portugal's capital is Lisbon; Germany's capital is Berlin; Japan's capital is Tokyo; Finland's capital is Helsinki; China's capital is Beijing; Ireland's capital is Dublin; Poland's capital is Warsaw; Hungary's capital is Budapest; Russia's capital is Moscow; Austria's capital is Vienna; Egypt's capital is Cairo; Morocco's capital is Rabat; Bulgaria's capital is Sofia; Israel's capital is Jerusalem; Denmark's capital is Copenhagen. Only Sofia begins with S, so the answer is Bulgaria.
Answer: Bulgaria",cdc6a76e-1788557742,"Consider these 16 countries: Czechia, Portugal, Germany, Japan, Finland, China, Ireland, Poland, Hungary, Russia, Austria, Egypt, Morocco, Bulgaria, Israel, Denmark.
Exactly one of them has a capital city beginning with the letter S. Which country is it? Answer with just the country name.",3139702319
facts_parallel,default,16,cot,69,Austria,Austria,1,-1,0,0,stop,722,551,qwen3.6-27b,"

Ireland's capital is Dublin; Austria's capital is Vienna; Bulgaria's capital is Sofia; Czechia's capital is Prague; Sweden's capital is Stockholm; Denmark's capital is Copenhagen; Finland's capital is Helsinki; China's capital is Beijing; Peru's capital is Lima; Poland's capital is Warsaw; Germany's capital is Berlin; Russia's capital is Moscow; Japan's capital is Tokyo; Hungary's capital is Budapest; Norway's capital is Oslo; Greece's capital is Athens. Only Vienna begins with V, so the answer is Austria.
Answer: Austria",cdc6a76e-1788557742,"Consider these 16 countries: Ireland, Austria, Bulgaria, Czechia, Sweden, Denmark, Finland, China, Peru, Poland, Germany, Russia, Japan, Hungary, Norway, Greece.
Exactly one of them has a capital city beginning with the letter V. Which country is it? Answer with just the country name.",3424861881
facts_parallel,default,16,cot,70,Japan,Japan,1,-1,0,0,stop,1133,1012,qwen3.6-27b,"China's capital is Beijing; Cuba's capital is Havana; Japan's capital is Tokyo; Czechia's capital is Prague; Austria's capital is Vienna; Norway's capital is Oslo; Sweden's capital is Stockholm; Peru's capital is Lima; Egypt's capital is Cairo; Poland's capital is Warsaw; Greece's capital is Athens; Indonesia's capital is Jakarta; Kenya's capital is Nairobi; Portugal's capital is Lisbon; Israel's capital is Jerusalem; Ireland's capital is Dublin. Only Tokyo begins with T, so the answer is Japan.
Answer: Japan",cdc6a76e-1788557742,"Consider these 16 countries: China, Cuba, Japan, Czechia, Austria, Norway, Sweden, Peru, Egypt, Poland, Greece, Indonesia, Kenya, Portugal, Israel, Ireland.
Exactly one of them has a capital city beginning with the letter T. Which country is it? Answer with just the country name.",2900670300
facts_parallel,default,16,cot,71,Egypt,Egypt,1,-1,0,0,stop,1494,1419,qwen3.6-27b,"Greece's capital is Athens; Germany's capital is Berlin; Portugal's capital is Lisbon; China's capital is Beijing; Ireland's capital is Dublin; Hungary's capital is Budapest; Russia's capital is Moscow; Peru's capital is Lima; Cuba's capital is Havana; Norway's capital is Oslo; Kenya's capital is Nairobi; Sweden's capital is Stockholm; Finland's capital is Helsinki; Austria's capital is Vienna; Poland's capital is Warsaw; Egypt's capital is Cairo. Only Cairo begins with C, so the answer is Egypt.
Answer: Egypt",cdc6a76e-1788557742,"Consider these 16 countries: Greece, Germany, Portugal, China, Ireland, Hungary, Russia, Peru, Cuba, Norway, Kenya, Sweden, Finland, Austria, Poland, Egypt.
Exactly one of them has a capital city beginning with the letter C. Which country is it? Answer with just the country name.",3689121738
facts_parallel,default,16,cot,72,Japan,Japan,1,-1,0,0,stop,1364,1248,qwen3.6-27b,"Israel's capital is Jerusalem; Czechia's capital is Prague; Morocco's capital is Rabat; Finland's capital is Helsinki; Norway's capital is Oslo; Bulgaria's capital is Sofia; Sweden's capital is Stockholm; Kenya's capital is Nairobi; Indonesia's capital is Jakarta; Japan's capital is Tokyo; Denmark's capital is Copenhagen; Egypt's capital is Cairo; Russia's capital is Moscow; Portugal's capital is Lisbon; Greece's capital is Athens; Austria's capital is Vienna. Only Tokyo begins with T, so the answer is Japan.
Answer: Japan",cdc6a76e-1788557742,"Consider these 16 countries: Israel, Czechia, Morocco, Finland, Norway, Bulgaria, Sweden, Kenya, Indonesia, Japan, Denmark, Egypt, Russia, Portugal, Greece, Austria.
Exactly one of them has a capital city beginning with the letter T. Which country is it? Answer with just the country name.",1122686576
facts_parallel,default,16,cot,73,Greece,Greece,1,-1,0,0,stop,1189,1071,qwen3.6-27b,"Finland's capital is Helsinki; Greece's capital is Athens; Kenya's capital is Nairobi; Indonesia's capital is Jakarta; Portugal's capital is Lisbon; Sweden's capital is Stockholm; Bulgaria's capital is Sofia; Germany's capital is Berlin; Russia's capital is Moscow; Poland's capital is Warsaw; Norway's capital is Oslo; Denmark's capital is Copenhagen; China's capital is Beijing; Czechia's capital is Prague; Egypt's capital is Cairo; Austria's capital is Vienna. Only Athens begins with the letter A, so the answer is Greece.
Answer: Greece",cdc6a76e-1788557742,"Consider these 16 countries: Finland, Greece, Kenya, Indonesia, Portugal, Sweden, Bulgaria, Germany, Russia, Poland, Norway, Denmark, China, Czechia, Egypt, Austria.
Exactly one of them has a capital city beginning with the letter A. Which country is it? Answer with just the country name.",904783590
facts_parallel,default,16,cot,74,Poland,Poland,1,-1,0,0,stop,934,821,qwen3.6-27b,"Poland's capital is Warsaw; Russia's capital is Moscow; Indonesia's capital is Jakarta; Japan's capital is Tokyo; Sweden's capital is Stockholm; Finland's capital is Helsinki; Norway's capital is Oslo; Peru's capital is Lima; Kenya's capital is Nairobi; Egypt's capital is Cairo; Denmark's capital is Copenhagen; Ireland's capital is Dublin; Hungary's capital is Budapest; Bulgaria's capital is Sofia; Portugal's capital is Lisbon; Czechia's capital is Prague. Only Warsaw begins with the letter W, so the answer is Poland.

Answer: Poland",cdc6a76e-1788557742,"Consider these 16 countries: Poland, Russia, Indonesia, Japan, Sweden, Finland, Norway, Peru, Kenya, Egypt, Denmark, Ireland, Hungary, Bulgaria, Portugal, Czechia.
Exactly one of them has a capital city beginning with the letter W. Which country is it? Answer with just the country name.",2877911877
facts_parallel,default,16,cot,75,Indonesia,Indonesia,1,-1,0,0,stop,1572,1452,qwen3.6-27b,"Bulgaria's capital is Sofia; Japan's capital is Tokyo; Indonesia's capital is Jakarta; Poland's capital is Warsaw; Norway's capital is Oslo; Thailand's capital is Bangkok; China's capital is Beijing; Germany's capital is Berlin; Greece's capital is Athens; Cuba's capital is Havana; Sweden's capital is Stockholm; Hungary's capital is Budapest; Peru's capital is Lima; Russia's capital is Moscow; Morocco's capital is Rabat; Denmark's capital is Copenhagen. Only Jakarta begins with J, so the answer is Indonesia.
Answer: Indonesia",cdc6a76e-1788557742,"Consider these 16 countries: Bulgaria, Japan, Indonesia, Poland, Norway, Thailand, China, Germany, Greece, Cuba, Sweden, Hungary, Peru, Russia, Morocco, Denmark.
Exactly one of them has a capital city beginning with the letter J. Which country is it? Answer with just the country name.",3700310995
facts_parallel,default,16,cot,76,Denmark,Denmark,1,-1,0,0,stop,1288,1183,qwen3.6-27b,"China's capital is Beijing; Czechia's capital is Prague; Thailand's capital is Bangkok; Hungary's capital is Budapest; Norway's capital is Oslo; Austria's capital is Vienna; Ireland's capital is Dublin; Indonesia's capital is Jakarta; Bulgaria's capital is Sofia; Denmark's capital is Copenhagen; Greece's capital is Athens; Sweden's capital is Stockholm; Cuba's capital is Havana; Russia's capital is Moscow; Portugal's capital is Lisbon; Kenya's capital is Nairobi. Only Copenhagen begins with C, so the answer is Denmark.
Answer: Denmark",cdc6a76e-1788557742,"Consider these 16 countries: China, Czechia, Thailand, Hungary, Norway, Austria, Ireland, Indonesia, Bulgaria, Denmark, Greece, Sweden, Cuba, Russia, Portugal, Kenya.
Exactly one of them has a capital city beginning with the letter C. Which country is it? Answer with just the country name.",1166479977
facts_parallel,default,16,cot,77,Kenya,Kenya,1,-1,0,0,stop,1021,903,qwen3.6-27b,"Cuba's capital is Havana; Egypt's capital is Cairo; China's capital is Beijing; Austria's capital is Vienna; Czechia's capital is Prague; Thailand's capital is Bangkok; Kenya's capital is Nairobi; Norway's capital is Oslo; Greece's capital is Athens; Peru's capital is Lima; Hungary's capital is Budapest; Poland's capital is Warsaw; Japan's capital is Tokyo; Sweden's capital is Stockholm; Israel's capital is Jerusalem; Bulgaria's capital is Sofia. Only Nairobi begins with the letter N, so the answer is Kenya.

Answer: Kenya",cdc6a76e-1788557742,"Consider these 16 countries: Cuba, Egypt, China, Austria, Czechia, Thailand, Kenya, Norway, Greece, Peru, Hungary, Poland, Japan, Sweden, Israel, Bulgaria.
Exactly one of them has a capital city beginning with the letter N. Which country is it? Answer with just the country name.",847258367
facts_parallel,default,16,cot,78,Russia,Russia,1,-1,0,0,stop,1194,1067,qwen3.6-27b,"Germany's capital is Berlin; Denmark's capital is Copenhagen; Czechia's capital is Prague; Israel's capital is Jerusalem; Kenya's capital is Nairobi; Indonesia's capital is Jakarta; Russia's capital is Moscow; Portugal's capital is Lisbon; Finland's capital is Helsinki; Ireland's capital is Dublin; Thailand's capital is Bangkok; Egypt's capital is Cairo; Cuba's capital is Havana; Sweden's capital is Stockholm; Morocco's capital is Rabat; Norway's capital is Oslo. Only Moscow begins with M, so the answer is Russia.
Answer: Russia",cdc6a76e-1788557742,"Consider these 16 countries: Germany, Denmark, Czechia, Israel, Kenya, Indonesia, Russia, Portugal, Finland, Ireland, Thailand, Egypt, Cuba, Sweden, Morocco, Norway.
Exactly one of them has a capital city beginning with the letter M. Which country is it? Answer with just the country name.",2722053998
facts_parallel,default,16,cot,79,Egypt,Egypt,1,-1,0,0,stop,1000,827,qwen3.6-27b,"

Thailand's capital is Bangkok; Israel's capital is Jerusalem; Portugal's capital is Lisbon; Hungary's capital is Budapest; China's capital is Beijing; Morocco's capital is Rabat; Poland's capital is Warsaw; Japan's capital is Tokyo; Cuba's capital is Havana; Kenya's capital is Nairobi; Sweden's capital is Stockholm; Russia's capital is Moscow; Indonesia's capital is Jakarta; Austria's capital is Vienna; Egypt's capital is Cairo; Greece's capital is Athens. Only Cairo begins with the letter C, so the answer is Egypt.
Answer: Egypt",cdc6a76e-1788557742,"Consider these 16 countries: Thailand, Israel, Portugal, Hungary, China, Morocco, Poland, Japan, Cuba, Kenya, Sweden, Russia, Indonesia, Austria, Egypt, Greece.
Exactly one of them has a capital city beginning with the letter C. Which country is it? Answer with just the country name.",3577221112
facts_parallel,default,16,cot,80,Austria,Austria,1,-1,0,0,stop,1108,959,qwen3.6-27b,"

Peru's capital is Lima; Norway's capital is Oslo; Bulgaria's capital is Sofia; Denmark's capital is Copenhagen; Ireland's capital is Dublin; Cuba's capital is Havana; China's capital is Beijing; Portugal's capital is Lisbon; Morocco's capital is Rabat; Israel's capital is Jerusalem; Hungary's capital is Budapest; Finland's capital is Helsinki; Austria's capital is Vienna; Thailand's capital is Bangkok; Kenya's capital is Nairobi; Germany's capital is Berlin. Only Vienna begins with V, so the answer is Austria.
Answer: Austria",cdc6a76e-1788557742,"Consider these 16 countries: Peru, Norway, Bulgaria, Denmark, Ireland, Cuba, China, Portugal, Morocco, Israel, Hungary, Finland, Austria, Thailand, Kenya, Germany.
Exactly one of them has a capital city beginning with the letter V. Which country is it? Answer with just the country name.",729590675
facts_parallel,default,16,cot,81,Egypt,Egypt,1,-1,0,0,stop,1621,1544,qwen3.6-27b,"Czechia's capital is Prague; Bulgaria's capital is Sofia; Peru's capital is Lima; Israel's capital is Jerusalem; Poland's capital is Warsaw; Finland's capital is Helsinki; Hungary's capital is Budapest; Thailand's capital is Bangkok; Greece's capital is Athens; Cuba's capital is Havana; Egypt's capital is Cairo; Germany's capital is Berlin; Japan's capital is Tokyo; Ireland's capital is Dublin; Indonesia's capital is Jakarta; Kenya's capital is Nairobi. Only Cairo begins with the letter C, so the country is Egypt.

Answer: Egypt",cdc6a76e-1788557742,"Consider these 16 countries: Czechia, Bulgaria, Peru, Israel, Poland, Finland, Hungary, Thailand, Greece, Cuba, Egypt, Germany, Japan, Ireland, Indonesia, Kenya.
Exactly one of them has a capital city beginning with the letter C. Which country is it? Answer with just the country name.",1551604485
facts_parallel,default,16,cot,82,Denmark,Denmark,1,-1,0,0,stop,1848,1733,qwen3.6-27b,"China's capital is Beijing; Thailand's capital is Bangkok; Kenya's capital is Nairobi; Norway's capital is Oslo; Portugal's capital is Lisbon; Russia's capital is Moscow; Indonesia's capital is Jakarta; Cuba's capital is Havana; Czechia's capital is Prague; Greece's capital is Athens; Peru's capital is Lima; Bulgaria's capital is Sofia; Japan's capital is Tokyo; Israel's capital is Jerusalem; Finland's capital is Helsinki; Denmark's capital is Copenhagen. Only Copenhagen begins with C, so the answer is Denmark.
Answer: Denmark",cdc6a76e-1788557742,"Consider these 16 countries: China, Thailand, Kenya, Norway, Portugal, Russia, Indonesia, Cuba, Czechia, Greece, Peru, Bulgaria, Japan, Israel, Finland, Denmark.
Exactly one of them has a capital city beginning with the letter C. Which country is it? Answer with just the country name.",3312634559
facts_parallel,default,16,cot,83,Japan,Japan,1,-1,0,0,stop,1614,1497,qwen3.6-27b,"China's capital is Beijing; Japan's capital is Tokyo; Hungary's capital is Budapest; Greece's capital is Athens; Peru's capital is Lima; Sweden's capital is Stockholm; Denmark's capital is Copenhagen; Bulgaria's capital is Sofia; Cuba's capital is Havana; Czechia's capital is Prague; Russia's capital is Moscow; Poland's capital is Warsaw; Egypt's capital is Cairo; Kenya's capital is Nairobi; Germany's capital is Berlin; Thailand's capital is Bangkok. Only Tokyo begins with the letter T, so the answer is Japan.
Answer: Japan",cdc6a76e-1788557742,"Consider these 16 countries: China, Japan, Hungary, Greece, Peru, Sweden, Denmark, Bulgaria, Cuba, Czechia, Russia, Poland, Egypt, Kenya, Germany, Thailand.
Exactly one of them has a capital city beginning with the letter T. Which country is it? Answer with just the country name.",2994076201
facts_parallel,default,16,cot,84,Greece,Greece,1,-1,0,0,stop,1139,1019,qwen3.6-27b,"Russia's capital is Moscow; Hungary's capital is Budapest; Kenya's capital is Nairobi; Ireland's capital is Dublin; Egypt's capital is Cairo; Germany's capital is Berlin; Austria's capital is Vienna; Cuba's capital is Havana; Portugal's capital is Lisbon; Sweden's capital is Stockholm; Israel's capital is Jerusalem; Morocco's capital is Rabat; Finland's capital is Helsinki; Greece's capital is Athens; Denmark's capital is Copenhagen; Japan's capital is Tokyo. Only Athens begins with the letter A, so the answer is Greece.
Answer: Greece",cdc6a76e-1788557742,"Consider these 16 countries: Russia, Hungary, Kenya, Ireland, Egypt, Germany, Austria, Cuba, Portugal, Sweden, Israel, Morocco, Finland, Greece, Denmark, Japan.
Exactly one of them has a capital city beginning with the letter A. Which country is it? Answer with just the country name.",739340170
facts_parallel,default,16,cot,85,Japan,Japan,1,-1,0,0,stop,1190,1073,qwen3.6-27b,"Ireland's capital is Dublin; Sweden's capital is Stockholm; Germany's capital is Berlin; Bulgaria's capital is Sofia; Hungary's capital is Budapest; Russia's capital is Moscow; Cuba's capital is Havana; Portugal's capital is Lisbon; Poland's capital is Warsaw; Czechia's capital is Prague; Thailand's capital is Bangkok; Morocco's capital is Rabat; Denmark's capital is Copenhagen; Kenya's capital is Nairobi; Japan's capital is Tokyo; Egypt's capital is Cairo. Only Tokyo begins with T, so the answer is Japan.
Answer: Japan",cdc6a76e-1788557742,"Consider these 16 countries: Ireland, Sweden, Germany, Bulgaria, Hungary, Russia, Cuba, Portugal, Poland, Czechia, Thailand, Morocco, Denmark, Kenya, Japan, Egypt.
Exactly one of them has a capital city beginning with the letter T. Which country is it? Answer with just the country name.",1528192796
facts_parallel,default,16,cot,86,Russia,Russia,1,-1,0,0,stop,1249,1053,qwen3.6-27b,"Poland's capital is Warsaw; Germany's capital is Berlin; Denmark's capital is Copenhagen; Kenya's capital is Nairobi; Greece's capital is Athens; Russia's capital is Moscow; Portugal's capital is Lisbon; Hungary's capital is Budapest; Egypt's capital is Cairo; Israel's capital is Jerusalem; Czechia's capital is Prague; Japan's capital is Tokyo; Ireland's capital is Dublin; China's capital is Beijing; Indonesia's capital is Jakarta; Austria's capital is Vienna. Only Moscow begins with the letter M, so the answer is Russia.
Answer: Russia",cdc6a76e-1788557742,"Consider these 16 countries: Poland, Germany, Denmark, Kenya, Greece, Russia, Portugal, Hungary, Egypt, Israel, Czechia, Japan, Ireland, China, Indonesia, Austria.
Exactly one of them has a capital city beginning with the letter M. Which country is it? Answer with just the country name.",3256815270
facts_parallel,default,16,cot,87,Peru,Peru,1,-1,0,0,stop,1385,1270,qwen3.6-27b,"Israel's capital is Jerusalem; China's capital is Beijing; Greece's capital is Athens; Peru's capital is Lima; Egypt's capital is Cairo; Russia's capital is Moscow; Cuba's capital is Havana; Ireland's capital is Dublin; Poland's capital is Warsaw; Norway's capital is Oslo; Bulgaria's capital is Sofia; Sweden's capital is Stockholm; Thailand's capital is Bangkok; Czechia's capital is Prague; Finland's capital is Helsinki; Hungary's capital is Budapest. Only Lima begins with L, so the answer is Peru.
Answer: Peru",cdc6a76e-1788557742,"Consider these 16 countries: Israel, China, Greece, Peru, Egypt, Russia, Cuba, Ireland, Poland, Norway, Bulgaria, Sweden, Thailand, Czechia, Finland, Hungary.
Exactly one of them has a capital city beginning with the letter L. Which country is it? Answer with just the country name.",3038264880
facts_parallel,default,16,cot,88,Morocco,Morocco,1,-1,0,0,stop,1035,919,qwen3.6-27b,"Japan's capital is Tokyo; Israel's capital is Jerusalem; Hungary's capital is Budapest; Cuba's capital is Havana; Greece's capital is Athens; Indonesia's capital is Jakarta; China's capital is Beijing; Egypt's capital is Cairo; Bulgaria's capital is Sofia; Ireland's capital is Dublin; Morocco's capital is Rabat; Denmark's capital is Copenhagen; Finland's capital is Helsinki; Kenya's capital is Nairobi; Austria's capital is Vienna; Portugal's capital is Lisbon. Only Rabat begins with R, so the answer is Morocco.
Answer: Morocco",cdc6a76e-1788557742,"Consider these 16 countries: Japan, Israel, Hungary, Cuba, Greece, Indonesia, China, Egypt, Bulgaria, Ireland, Morocco, Denmark, Finland, Kenya, Austria, Portugal.
Exactly one of them has a capital city beginning with the letter R. Which country is it? Answer with just the country name.",631710625
facts_parallel,default,16,cot,89,Morocco,Morocco,1,-1,0,0,stop,1369,1253,qwen3.6-27b,"Egypt's capital is Cairo; Hungary's capital is Budapest; Bulgaria's capital is Sofia; Russia's capital is Moscow; Portugal's capital is Lisbon; Indonesia's capital is Jakarta; Peru's capital is Lima; Kenya's capital is Nairobi; Thailand's capital is Bangkok; Japan's capital is Tokyo; Denmark's capital is Copenhagen; Morocco's capital is Rabat; Israel's capital is Jerusalem; Finland's capital is Helsinki; Norway's capital is Oslo; Cuba's capital is Havana. Only Rabat begins with R, so the answer is Morocco.
Answer: Morocco",cdc6a76e-1788557742,"Consider these 16 countries: Egypt, Hungary, Bulgaria, Russia, Portugal, Indonesia, Peru, Kenya, Thailand, Japan, Denmark, Morocco, Israel, Finland, Norway, Cuba.
Exactly one of them has a capital city beginning with the letter R. Which country is it? Answer with just the country name.",1386222391
facts_parallel,default,16,cot,90,Czechia,Czechia,1,-1,0,0,stop,1151,1031,qwen3.6-27b,"China's capital is Beijing; Finland's capital is Helsinki; Austria's capital is Vienna; Japan's capital is Tokyo; Sweden's capital is Stockholm; Ireland's capital is Dublin; Poland's capital is Warsaw; Czechia's capital is Prague; Thailand's capital is Bangkok; Hungary's capital is Budapest; Peru's capital is Lima; Morocco's capital is Rabat; Bulgaria's capital is Sofia; Denmark's capital is Copenhagen; Germany's capital is Berlin; Portugal's capital is Lisbon. Only Prague begins with the letter P, so the answer is Czechia.
Answer: Czechia",cdc6a76e-1788557742,"Consider these 16 countries: China, Finland, Austria, Japan, Sweden, Ireland, Poland, Czechia, Thailand, Hungary, Peru, Morocco, Bulgaria, Denmark, Germany, Portugal.
Exactly one of them has a capital city beginning with the letter P. Which country is it? Answer with just the country name.",845650642
facts_parallel,default,16,cot,91,Japan,Japan,1,-1,0,0,stop,1061,916,qwen3.6-27b,"Russia's capital is Moscow; Japan's capital is Tokyo; Austria's capital is Vienna; Portugal's capital is Lisbon; Denmark's capital is Copenhagen; Kenya's capital is Nairobi; Ireland's capital is Dublin; Hungary's capital is Budapest; Norway's capital is Oslo; Bulgaria's capital is Sofia; Morocco's capital is Rabat; Poland's capital is Warsaw; Sweden's capital is Stockholm; Greece's capital is Athens; Egypt's capital is Cairo; Israel's capital is Jerusalem. Only Tokyo begins with the letter T, so the answer is Japan.
Answer: Japan",cdc6a76e-1788557742,"Consider these 16 countries: Russia, Japan, Austria, Portugal, Denmark, Kenya, Ireland, Hungary, Norway, Bulgaria, Morocco, Poland, Sweden, Greece, Egypt, Israel.
Exactly one of them has a capital city beginning with the letter T. Which country is it? Answer with just the country name.",1163962948
facts_parallel,default,16,cot,92,Norway,Norway,1,-1,0,0,stop,1046,899,qwen3.6-27b,"Ireland's capital is Dublin; Sweden's capital is Stockholm; Indonesia's capital is Jakarta; Cuba's capital is Havana; Poland's capital is Warsaw; China's capital is Beijing; Norway's capital is Oslo; Morocco's capital is Rabat; Japan's capital is Tokyo; Hungary's capital is Budapest; Germany's capital is Berlin; Greece's capital is Athens; Denmark's capital is Copenhagen; Thailand's capital is Bangkok; Czechia's capital is Prague; Israel's capital is Jerusalem. Only Oslo begins with O, so the answer is Norway.
Answer: Norway",cdc6a76e-1788557742,"Consider these 16 countries: Ireland, Sweden, Indonesia, Cuba, Poland, China, Norway, Morocco, Japan, Hungary, Germany, Greece, Denmark, Thailand, Czechia, Israel.
Exactly one of them has a capital city beginning with the letter O. Which country is it? Answer with just the country name.",3697933310
facts_parallel,default,16,cot,93,Cuba,Cuba,1,-1,0,0,stop,1182,1062,qwen3.6-27b,"Cuba's capital is Havana; Peru's capital is Lima; Greece's capital is Athens; Czechia's capital is Prague; Sweden's capital is Stockholm; Austria's capital is Vienna; Denmark's capital is Copenhagen; Egypt's capital is Cairo; Germany's capital is Berlin; Norway's capital is Oslo; China's capital is Beijing; Morocco's capital is Rabat; Hungary's capital is Budapest; Bulgaria's capital is Sofia; Portugal's capital is Lisbon; Indonesia's capital is Jakarta. Only Havana begins with H, so the answer is Cuba.
Answer: Cuba",cdc6a76e-1788557742,"Consider these 16 countries: Cuba, Peru, Greece, Czechia, Sweden, Austria, Denmark, Egypt, Germany, Norway, China, Morocco, Hungary, Bulgaria, Portugal, Indonesia.
Exactly one of them has a capital city beginning with the letter H. Which country is it? Answer with just the country name.",2876164968
facts_parallel,default,16,cot,94,Bulgaria,Bulgaria,1,-1,0,0,stop,1453,1335,qwen3.6-27b,"Peru's capital is Lima; Indonesia's capital is Jakarta; Greece's capital is Athens; Cuba's capital is Havana; Austria's capital is Vienna; Israel's capital is Jerusalem; Morocco's capital is Rabat; China's capital is Beijing; Norway's capital is Oslo; Egypt's capital is Cairo; Bulgaria's capital is Sofia; Japan's capital is Tokyo; Ireland's capital is Dublin; Kenya's capital is Nairobi; Finland's capital is Helsinki; Thailand's capital is Bangkok. Only Sofia begins with the letter S, so the answer is Bulgaria.
Answer: Bulgaria",cdc6a76e-1788557742,"Consider these 16 countries: Peru, Indonesia, Greece, Cuba, Austria, Israel, Morocco, China, Norway, Egypt, Bulgaria, Japan, Ireland, Kenya, Finland, Thailand.
Exactly one of them has a capital city beginning with the letter S. Which country is it? Answer with just the country name.",889872075
facts_parallel,default,16,cot,95,Ireland,Ireland,1,-1,0,0,stop,1209,1036,qwen3.6-27b,"Finland's capital is Helsinki; Israel's capital is Jerusalem; Russia's capital is Moscow; China's capital is Beijing; Peru's capital is Lima; Poland's capital is Warsaw; Austria's capital is Vienna; Norway's capital is Oslo; Indonesia's capital is Jakarta; Cuba's capital is Havana; Sweden's capital is Stockholm; Ireland's capital is Dublin; Bulgaria's capital is Sofia; Hungary's capital is Budapest; Kenya's capital is Nairobi; Japan's capital is Tokyo. Only Dublin begins with D, so the answer is Ireland.
Answer: Ireland",cdc6a76e-1788557742,"Consider these 16 countries: Finland, Israel, Russia, China, Peru, Poland, Austria, Norway, Indonesia, Cuba, Sweden, Ireland, Bulgaria, Hungary, Kenya, Japan.
Exactly one of them has a capital city beginning with the letter D. Which country is it? Answer with just the country name.",1108176477
facts_parallel,default,16,cot,96,Finland,Finland,1,-1,0,0,stop,1183,1091,qwen3.6-27b,"Hungary's capital is Budapest; Russia's capital is Moscow; Egypt's capital is Cairo; Kenya's capital is Nairobi; Norway's capital is Oslo; Finland's capital is Helsinki; Portugal's capital is Lisbon; Japan's capital is Tokyo; Sweden's capital is Stockholm; Israel's capital is Jerusalem; Denmark's capital is Copenhagen; China's capital is Beijing; Germany's capital is Berlin; Greece's capital is Athens; Bulgaria's capital is Sofia; Czechia's capital is Prague. Only Helsinki begins with H, so the answer is Finland.
Answer: Finland",cdc6a76e-1788557742,"Consider these 16 countries: Hungary, Russia, Egypt, Kenya, Norway, Finland, Portugal, Japan, Sweden, Israel, Denmark, China, Germany, Greece, Bulgaria, Czechia.
Exactly one of them has a capital city beginning with the letter H. Which country is it? Answer with just the country name.",3674488807
facts_parallel,default,16,cot,97,Greece,Greece,1,-1,0,0,stop,1447,1357,qwen3.6-27b,"Greece's capital is Athens; Portugal's capital is Lisbon; Hungary's capital is Budapest; Russia's capital is Moscow; Kenya's capital is Nairobi; Cuba's capital is Havana; Egypt's capital is Cairo; China's capital is Beijing; Sweden's capital is Stockholm; Peru's capital is Lima; Germany's capital is Berlin; Austria's capital is Vienna; Finland's capital is Helsinki; Denmark's capital is Copenhagen; Morocco's capital is Rabat; Czechia's capital is Prague. Only Athens begins with A, so the answer is Greece.
Answer: Greece",cdc6a76e-1788557742,"Consider these 16 countries: Greece, Portugal, Hungary, Russia, Kenya, Cuba, Egypt, China, Sweden, Peru, Germany, Austria, Finland, Denmark, Morocco, Czechia.
Exactly one of them has a capital city beginning with the letter A. Which country is it? Answer with just the country name.",2885881713
facts_parallel,default,16,cot,98,Norway,Norway,1,-1,0,0,stop,1379,1261,qwen3.6-27b,"Germany's capital is Berlin; Hungary's capital is Budapest; Czechia's capital is Prague; Israel's capital is Jerusalem; Greece's capital is Athens; Bulgaria's capital is Sofia; Egypt's capital is Cairo; Peru's capital is Lima; China's capital is Beijing; Russia's capital is Moscow; Sweden's capital is Stockholm; Indonesia's capital is Jakarta; Poland's capital is Warsaw; Ireland's capital is Dublin; Norway's capital is Oslo; Thailand's capital is Bangkok. Only Oslo begins with O, so the answer is Norway.
Answer: Norway",cdc6a76e-1788557742,"Consider these 16 countries: Germany, Hungary, Czechia, Israel, Greece, Bulgaria, Egypt, Peru, China, Russia, Sweden, Indonesia, Poland, Ireland, Norway, Thailand.
Exactly one of them has a capital city beginning with the letter O. Which country is it? Answer with just the country name.",1018958560
facts_parallel,default,16,cot,99,Greece,Greece,1,-1,0,0,stop,1261,1083,qwen3.6-27b,"Israel's capital is Jerusalem; Norway's capital is Oslo; Morocco's capital is Rabat; Peru's capital is Lima; Russia's capital is Moscow; Thailand's capital is Bangkok; Ireland's capital is Dublin; Japan's capital is Tokyo; Austria's capital is Vienna; Hungary's capital is Budapest; Kenya's capital is Nairobi; Greece's capital is Athens; Poland's capital is Warsaw; Egypt's capital is Cairo; Portugal's capital is Lisbon; Czechia's capital is Prague. Only Athens begins with the letter A, so the answer is Greece.

Answer: Greece",cdc6a76e-1788557742,"Consider these 16 countries: Israel, Norway, Morocco, Peru, Russia, Thailand, Ireland, Japan, Austria, Hungary, Kenya, Greece, Poland, Egypt, Portugal, Czechia.
Exactly one of them has a capital city beginning with the letter A. Which country is it? Answer with just the country name.",1270555254
facts_parallel,default,16,cot,100,Denmark,Denmark,1,-1,0,0,stop,3204,3086,qwen3.6-27b,"Indonesia's capital is Jakarta; Kenya's capital is Nairobi; Finland's capital is Helsinki; Germany's capital is Berlin; Denmark's capital is Copenhagen; Russia's capital is Moscow; Morocco's capital is Rabat; Bulgaria's capital is Sofia; Hungary's capital is Budapest; Thailand's capital is Bangkok; Czechia's capital is Prague; Norway's capital is Oslo; Poland's capital is Warsaw; Israel's capital is Jerusalem; Greece's capital is Athens; Cuba's capital is Havana. Only Copenhagen begins with the letter C, so the answer is Denmark.

Answer: Denmark",cdc6a76e-1788557742,"Consider these 16 countries: Indonesia, Kenya, Finland, Germany, Denmark, Russia, Morocco, Bulgaria, Hungary, Thailand, Czechia, Norway, Poland, Israel, Greece, Cuba.
Exactly one of them has a capital city beginning with the letter C. Which country is it? Answer with just the country name.",2452052731
facts_parallel,default,16,cot,101,Norway,Norway,1,-1,0,0,stop,1515,1395,qwen3.6-27b,"Poland's capital is Warsaw; Russia's capital is Moscow; Sweden's capital is Stockholm; Finland's capital is Helsinki; Germany's capital is Berlin; China's capital is Beijing; Morocco's capital is Rabat; Czechia's capital is Prague; Egypt's capital is Cairo; Greece's capital is Athens; Bulgaria's capital is Sofia; Denmark's capital is Copenhagen; Indonesia's capital is Jakarta; Ireland's capital is Dublin; Norway's capital is Oslo; Kenya's capital is Nairobi. Only Oslo begins with O, so the answer is Norway.
Answer: Norway",cdc6a76e-1788557742,"Consider these 16 countries: Poland, Russia, Sweden, Finland, Germany, China, Morocco, Czechia, Egypt, Greece, Bulgaria, Denmark, Indonesia, Ireland, Norway, Kenya.
Exactly one of them has a capital city beginning with the letter O. Which country is it? Answer with just the country name.",3844106861
facts_parallel,default,16,cot,102,Peru,Peru,1,-1,0,0,stop,648,471,qwen3.6-27b,"

Cuba's capital is Havana; Peru's capital is Lima; Israel's capital is Jerusalem; Kenya's capital is Nairobi; Poland's capital is Warsaw; Sweden's capital is Stockholm; Czechia's capital is Prague; Germany's capital is Berlin; Russia's capital is Moscow; Finland's capital is Helsinki; Japan's capital is Tokyo; China's capital is Beijing; Egypt's capital is Cairo; Ireland's capital is Dublin; Morocco's capital is Rabat; Hungary's capital is Budapest. Only Lima begins with L, so the answer is Peru.
Answer: Peru",cdc6a76e-1788557742,"Consider these 16 countries: Cuba, Peru, Israel, Kenya, Poland, Sweden, Czechia, Germany, Russia, Finland, Japan, China, Egypt, Ireland, Morocco, Hungary.
Exactly one of them has a capital city beginning with the letter L. Which country is it? Answer with just the country name.",2083077079
facts_parallel,default,16,cot,103,Kenya,Kenya,1,-1,0,0,stop,1403,1366,qwen3.6-27b,"Kenya's capital is Nairobi; Cuba's capital is Havana; Finland's capital is Helsinki; Czechia's capital is Prague; Japan's capital is Tokyo; Thailand's capital is Bangkok; Sweden's capital is Stockholm; Morocco's capital is Rabat; Portugal's capital is Lisbon; Indonesia's capital is Jakarta; Ireland's capital is Dublin; Bulgaria's capital is Sofia; Russia's capital is Moscow; Norway's capital is Oslo; Denmark's capital is Copenhagen; Poland's capital is Warsaw. Only Nairobi begins with N, so the answer is Kenya.
Answer: Kenya",cdc6a76e-1788557742,"Consider these 16 countries: Kenya, Cuba, Finland, Czechia, Japan, Thailand, Sweden, Morocco, Portugal, Indonesia, Ireland, Bulgaria, Russia, Norway, Denmark, Poland.
Exactly one of them has a capital city beginning with the letter N. Which country is it? Answer with just the country name.",187566913
facts_parallel,default,16,cot,104,Greece,Greece,1,-1,0,0,stop,1301,1193,qwen3.6-27b,"Czechia's capital is Prague; Sweden's capital is Stockholm; Egypt's capital is Cairo; Indonesia's capital is Jakarta; Austria's capital is Vienna; Finland's capital is Helsinki; Morocco's capital is Rabat; China's capital is Beijing; Japan's capital is Tokyo; Hungary's capital is Budapest; Portugal's capital is Lisbon; Norway's capital is Oslo; Thailand's capital is Bangkok; Greece's capital is Athens; Israel's capital is Jerusalem; Kenya's capital is Nairobi. Only Athens begins with A, so the answer is Greece.
Answer: Greece",cdc6a76e-1788557742,"Consider these 16 countries: Czechia, Sweden, Egypt, Indonesia, Austria, Finland, Morocco, China, Japan, Hungary, Portugal, Norway, Thailand, Greece, Israel, Kenya.
Exactly one of them has a capital city beginning with the letter A. Which country is it? Answer with just the country name.",2504695522
facts_parallel,default,16,cot,105,Peru,Peru,1,-1,0,0,stop,1476,1331,qwen3.6-27b,"Peru's capital is Lima; Kenya's capital is Nairobi; China's capital is Beijing; Finland's capital is Helsinki; Greece's capital is Athens; Sweden's capital is Stockholm; Indonesia's capital is Jakarta; Denmark's capital is Copenhagen; Norway's capital is Oslo; Morocco's capital is Rabat; Czechia's capital is Prague; Japan's capital is Tokyo; Austria's capital is Vienna; Israel's capital is Jerusalem; Ireland's capital is Dublin; Egypt's capital is Cairo. Only Lima begins with L, so the answer is Peru.
Answer: Peru",cdc6a76e-1788557742,"Consider these 16 countries: Peru, Kenya, China, Finland, Greece, Sweden, Indonesia, Denmark, Norway, Morocco, Czechia, Japan, Austria, Israel, Ireland, Egypt.
Exactly one of them has a capital city beginning with the letter L. Which country is it? Answer with just the country name.",3796741748
facts_parallel,default,16,cot,106,Russia,Russia,1,-1,0,0,stop,1666,1549,qwen3.6-27b,"Bulgaria's capital is Sofia; Portugal's capital is Lisbon; Indonesia's capital is Jakarta; Norway's capital is Oslo; China's capital is Beijing; Russia's capital is Moscow; Kenya's capital is Nairobi; Czechia's capital is Prague; Sweden's capital is Stockholm; Denmark's capital is Copenhagen; Hungary's capital is Budapest; Japan's capital is Tokyo; Austria's capital is Vienna; Greece's capital is Athens; Finland's capital is Helsinki; Peru's capital is Lima. Only Moscow begins with M, so the answer is Russia.
Answer: Russia",cdc6a76e-1788557742,"Consider these 16 countries: Bulgaria, Portugal, Indonesia, Norway, China, Russia, Kenya, Czechia, Sweden, Denmark, Hungary, Japan, Austria, Greece, Finland, Peru.
Exactly one of them has a capital city beginning with the letter M. Which country is it? Answer with just the country name.",2068119502
facts_parallel,default,16,cot,107,Ireland,Ireland,1,-1,0,0,stop,787,669,qwen3.6-27b,"Greece's capital is Athens; Indonesia's capital is Jakarta; Norway's capital is Oslo; Bulgaria's capital is Sofia; Portugal's capital is Lisbon; Peru's capital is Lima; Israel's capital is Jerusalem; Germany's capital is Berlin; Ireland's capital is Dublin; Russia's capital is Moscow; Cuba's capital is Havana; Hungary's capital is Budapest; Sweden's capital is Stockholm; Czechia's capital is Prague; Kenya's capital is Nairobi; Poland's capital is Warsaw. Only Dublin begins with the letter D, so the answer is Ireland.

Answer: Ireland",cdc6a76e-1788557742,"Consider these 16 countries: Greece, Indonesia, Norway, Bulgaria, Portugal, Peru, Israel, Germany, Ireland, Russia, Cuba, Hungary, Sweden, Czechia, Kenya, Poland.
Exactly one of them has a capital city beginning with the letter D. Which country is it? Answer with just the country name.",205770584
facts_parallel,default,16,cot,108,Portugal,Portugal,1,-1,0,0,stop,1479,1404,qwen3.6-27b,"Hungary's capital is Budapest; Greece's capital is Athens; Norway's capital is Oslo; Israel's capital is Jerusalem; Ireland's capital is Dublin; Finland's capital is Helsinki; Kenya's capital is Nairobi; Egypt's capital is Cairo; Indonesia's capital is Jakarta; Portugal's capital is Lisbon; Bulgaria's capital is Sofia; Morocco's capital is Rabat; Czechia's capital is Prague; Denmark's capital is Copenhagen; Japan's capital is Tokyo; Sweden's capital is Stockholm. Only Lisbon begins with L, so the answer is Portugal.
Answer: Portugal",cdc6a76e-1788557742,"Consider these 16 countries: Hungary, Greece, Norway, Israel, Ireland, Finland, Kenya, Egypt, Indonesia, Portugal, Bulgaria, Morocco, Czechia, Denmark, Japan, Sweden.
Exactly one of them has a capital city beginning with the letter L. Which country is it? Answer with just the country name.",2633814729
facts_parallel,default,16,cot,109,Norway,Norway,1,-1,0,0,stop,1292,1176,qwen3.6-27b,"Thailand's capital is Bangkok; Japan's capital is Tokyo; Israel's capital is Jerusalem; Russia's capital is Moscow; Finland's capital is Helsinki; Cuba's capital is Havana; Poland's capital is Warsaw; Sweden's capital is Stockholm; Kenya's capital is Nairobi; Morocco's capital is Rabat; Egypt's capital is Cairo; Peru's capital is Lima; Greece's capital is Athens; Portugal's capital is Lisbon; Norway's capital is Oslo; Denmark's capital is Copenhagen. Only Oslo begins with O, so the answer is Norway.
Answer: Norway",cdc6a76e-1788557742,"Consider these 16 countries: Thailand, Japan, Israel, Russia, Finland, Cuba, Poland, Sweden, Kenya, Morocco, Egypt, Peru, Greece, Portugal, Norway, Denmark.
Exactly one of them has a capital city beginning with the letter O. Which country is it? Answer with just the country name.",3959153247
facts_parallel,default,16,cot,110,Denmark,Denmark,1,-1,0,0,stop,1566,1450,qwen3.6-27b,"Czechia's capital is Prague; Peru's capital is Lima; Sweden's capital is Stockholm; Denmark's capital is Copenhagen; Kenya's capital is Nairobi; Indonesia's capital is Jakarta; Hungary's capital is Budapest; Portugal's capital is Lisbon; Cuba's capital is Havana; Thailand's capital is Bangkok; Bulgaria's capital is Sofia; Israel's capital is Jerusalem; Japan's capital is Tokyo; Russia's capital is Moscow; China's capital is Beijing; Finland's capital is Helsinki. Only Copenhagen begins with C, so the answer is Denmark.
Answer: Denmark",cdc6a76e-1788557742,"Consider these 16 countries: Czechia, Peru, Sweden, Denmark, Kenya, Indonesia, Hungary, Portugal, Cuba, Thailand, Bulgaria, Israel, Japan, Russia, China, Finland.
Exactly one of them has a capital city beginning with the letter C. Which country is it? Answer with just the country name.",2335992762
facts_parallel,default,16,cot,111,Poland,Poland,1,-1,0,0,stop,1439,1323,qwen3.6-27b,"Morocco's capital is Rabat; Norway's capital is Oslo; Israel's capital is Jerusalem; Thailand's capital is Bangkok; China's capital is Beijing; Austria's capital is Vienna; Peru's capital is Lima; Denmark's capital is Copenhagen; Poland's capital is Warsaw; Bulgaria's capital is Sofia; Germany's capital is Berlin; Russia's capital is Moscow; Finland's capital is Helsinki; Egypt's capital is Cairo; Kenya's capital is Nairobi; Indonesia's capital is Jakarta. Only Warsaw begins with W, so the answer is Poland.
Answer: Poland",cdc6a76e-1788557742,"Consider these 16 countries: Morocco, Norway, Israel, Thailand, China, Austria, Peru, Denmark, Poland, Bulgaria, Germany, Russia, Finland, Egypt, Kenya, Indonesia.
Exactly one of them has a capital city beginning with the letter W. Which country is it? Answer with just the country name.",4231748396
facts_parallel,default,16,cot,112,Norway,Norway,1,-1,0,0,stop,1427,1308,qwen3.6-27b,"

Egypt's capital is Cairo; China's capital is Beijing; Cuba's capital is Havana; Kenya's capital is Nairobi; Poland's capital is Warsaw; Indonesia's capital is Jakarta; Hungary's capital is Budapest; Norway's capital is Oslo; Finland's capital is Helsinki; Ireland's capital is Dublin; Denmark's capital is Copenhagen; Czechia's capital is Prague; Austria's capital is Vienna; Japan's capital is Tokyo; Germany's capital is Berlin; Greece's capital is Athens. Only Oslo begins with the letter O, so the country is Norway.

Answer: Norway",cdc6a76e-1788557742,"Consider these 16 countries: Egypt, China, Cuba, Kenya, Poland, Indonesia, Hungary, Norway, Finland, Ireland, Denmark, Czechia, Austria, Japan, Germany, Greece.
Exactly one of them has a capital city beginning with the letter O. Which country is it? Answer with just the country name.",1697778326
facts_parallel,default,16,cot,113,Czechia,Czechia,1,-1,0,0,stop,1311,1192,qwen3.6-27b,"Denmark's capital is Copenhagen; Czechia's capital is Prague; Hungary's capital is Budapest; Ireland's capital is Dublin; Greece's capital is Athens; Portugal's capital is Lisbon; Cuba's capital is Havana; Indonesia's capital is Jakarta; Russia's capital is Moscow; Germany's capital is Berlin; Israel's capital is Jerusalem; Sweden's capital is Stockholm; Egypt's capital is Cairo; Morocco's capital is Rabat; Austria's capital is Vienna; Thailand's capital is Bangkok. Only Prague begins with P, so the answer is Czechia.
Answer: Czechia",cdc6a76e-1788557742,"Consider these 16 countries: Denmark, Czechia, Hungary, Ireland, Greece, Portugal, Cuba, Indonesia, Russia, Germany, Israel, Sweden, Egypt, Morocco, Austria, Thailand.
Exactly one of them has a capital city beginning with the letter P. Which country is it? Answer with just the country name.",305478144
facts_parallel,default,16,cot,114,Czechia,Czechia,1,-1,0,0,stop,1132,982,qwen3.6-27b,"

Japan's capital is Tokyo; Czechia's capital is Prague; Russia's capital is Moscow; Germany's capital is Berlin; Cuba's capital is Havana; Bulgaria's capital is Sofia; Thailand's capital is Bangkok; Ireland's capital is Dublin; Norway's capital is Oslo; Peru's capital is Lima; Finland's capital is Helsinki; Poland's capital is Warsaw; Israel's capital is Jerusalem; Greece's capital is Athens; China's capital is Beijing; Portugal's capital is Lisbon. Only Prague begins with P, so the answer is Czechia.
Answer: Czechia",cdc6a76e-1788557742,"Consider these 16 countries: Japan, Czechia, Russia, Germany, Cuba, Bulgaria, Thailand, Ireland, Norway, Peru, Finland, Poland, Israel, Greece, China, Portugal.
Exactly one of them has a capital city beginning with the letter P. Which country is it? Answer with just the country name.",2354163619
facts_parallel,default,16,cot,115,Cuba,Cuba,1,-1,0,0,stop,1399,1280,qwen3.6-27b,"Sweden's capital is Stockholm; Cuba's capital is Havana; Ireland's capital is Dublin; Japan's capital is Tokyo; Hungary's capital is Budapest; Thailand's capital is Bangkok; Kenya's capital is Nairobi; Norway's capital is Oslo; Portugal's capital is Lisbon; Greece's capital is Athens; Peru's capital is Lima; China's capital is Beijing; Russia's capital is Moscow; Bulgaria's capital is Sofia; Egypt's capital is Cairo; Germany's capital is Berlin. Only Havana begins with the letter H, so the answer is Cuba.
Answer: Cuba",cdc6a76e-1788557742,"Consider these 16 countries: Sweden, Cuba, Ireland, Japan, Hungary, Thailand, Kenya, Norway, Portugal, Greece, Peru, China, Russia, Bulgaria, Egypt, Germany.
Exactly one of them has a capital city beginning with the letter H. Which country is it? Answer with just the country name.",4216758069
facts_parallel,default,16,cot,116,Kenya,Kenya,1,-1,0,0,stop,1256,1138,qwen3.6-27b,"Finland's capital is Helsinki; Morocco's capital is Rabat; Germany's capital is Berlin; Russia's capital is Moscow; Cuba's capital is Havana; Ireland's capital is Dublin; Denmark's capital is Copenhagen; Egypt's capital is Cairo; Indonesia's capital is Jakarta; Kenya's capital is Nairobi; Japan's capital is Tokyo; Sweden's capital is Stockholm; China's capital is Beijing; Israel's capital is Jerusalem; Hungary's capital is Budapest; Peru's capital is Lima. Only Nairobi begins with the letter N, so the country is Kenya.

Answer: Kenya",cdc6a76e-1788557742,"Consider these 16 countries: Finland, Morocco, Germany, Russia, Cuba, Ireland, Denmark, Egypt, Indonesia, Kenya, Japan, Sweden, China, Israel, Hungary, Peru.
Exactly one of them has a capital city beginning with the letter N. Which country is it? Answer with just the country name.",1650445967
facts_parallel,default,16,cot,117,Sweden,Sweden,1,-1,0,0,stop,1113,998,qwen3.6-27b,"Japan's capital is Tokyo; Czechia's capital is Prague; Cuba's capital is Havana; Indonesia's capital is Jakarta; Austria's capital is Vienna; Portugal's capital is Lisbon; China's capital is Beijing; Poland's capital is Warsaw; Ireland's capital is Dublin; Sweden's capital is Stockholm; Finland's capital is Helsinki; Israel's capital is Jerusalem; Greece's capital is Athens; Norway's capital is Oslo; Peru's capital is Lima; Kenya's capital is Nairobi. Only Stockholm begins with S, so the answer is Sweden.
Answer: Sweden",cdc6a76e-1788557742,"Consider these 16 countries: Japan, Czechia, Cuba, Indonesia, Austria, Portugal, China, Poland, Ireland, Sweden, Finland, Israel, Greece, Norway, Peru, Kenya.
Exactly one of them has a capital city beginning with the letter S. Which country is it? Answer with just the country name.",358153753
facts_parallel,default,16,cot,118,Bulgaria,Bulgaria,1,-1,0,0,stop,1696,1579,qwen3.6-27b,"Hungary's capital is Budapest; Egypt's capital is Cairo; Portugal's capital is Lisbon; Germany's capital is Berlin; Cuba's capital is Havana; Poland's capital is Warsaw; Morocco's capital is Rabat; Finland's capital is Helsinki; Bulgaria's capital is Sofia; Thailand's capital is Bangkok; Czechia's capital is Prague; Norway's capital is Oslo; Greece's capital is Athens; Kenya's capital is Nairobi; Japan's capital is Tokyo; Denmark's capital is Copenhagen. Only Sofia begins with S, so the answer is Bulgaria.
Answer: Bulgaria",cdc6a76e-1788557742,"Consider these 16 countries: Hungary, Egypt, Portugal, Germany, Cuba, Poland, Morocco, Finland, Bulgaria, Thailand, Czechia, Norway, Greece, Kenya, Japan, Denmark.
Exactly one of them has a capital city beginning with the letter S. Which country is it? Answer with just the country name.",2246566792
facts_parallel,default,16,cot,119,Israel,Israel,1,-1,0,0,stop,1200,1133,qwen3.6-27b,"Israel's capital is Jerusalem; Austria's capital is Vienna; Hungary's capital is Budapest; Greece's capital is Athens; Portugal's capital is Lisbon; Morocco's capital is Rabat; Cuba's capital is Havana; Japan's capital is Tokyo; Finland's capital is Helsinki; Poland's capital is Warsaw; Czechia's capital is Prague; Kenya's capital is Nairobi; Ireland's capital is Dublin; Egypt's capital is Cairo; Russia's capital is Moscow; China's capital is Beijing. Only Jerusalem begins with the letter J, so the answer is Israel.

Answer: Israel",cdc6a76e-1788557742,"Consider these 16 countries: Israel, Austria, Hungary, Greece, Portugal, Morocco, Cuba, Japan, Finland, Poland, Czechia, Kenya, Ireland, Egypt, Russia, China.
Exactly one of them has a capital city beginning with the letter J. Which country is it? Answer with just the country name.",4074820382
