task,wording,k,condition,idx,gold,pred,correct,eff_hops,leak,error,finish,out_tokens,reasoning_tokens,model,completion,prompt,seed
facts,default,1,immediate,0,Hanoi,Hanoi,1,-1,0,0,stop,5,0,qwen3.6-27b,Answer: Hanoi,What is the capital city of Vietnam?,2838286984
facts,default,1,immediate,1,Jakarta,Jakarta,1,-1,0,0,stop,4,0,qwen3.6-27b,Answer: Jakarta,What is the capital city of Indonesia?,3727417886
facts,default,1,immediate,2,Kyiv,Kyiv,1,-1,0,0,stop,5,0,qwen3.6-27b,Answer: Kyiv,What is the capital city of Ukraine?,1193456548
facts,default,1,immediate,3,Astana,Astana,1,-1,0,0,stop,5,0,qwen3.6-27b,Answer: Astana,What is the capital city of Kazakhstan?,807764786
facts,default,1,immediate,4,Dhaka,Dhaka,1,-1,0,0,stop,4,0,qwen3.6-27b,Answer: Dhaka,What is the capital city of Bangladesh?,2923501201
facts,default,1,immediate,5,Budapest,Budapest,1,-1,0,0,stop,4,0,qwen3.6-27b,Answer: Budapest,What is the capital city of Hungary?,3645253127
facts,default,1,immediate,6,Astana,Astana,1,-1,0,0,stop,5,0,qwen3.6-27b,Answer: Astana,What is the capital city of Kazakhstan?,1078949821
facts,default,1,immediate,7,Pretoria,Pretoria,1,-1,0,0,stop,5,0,qwen3.6-27b,Answer: Pretoria,What is the capital city of South Africa?,927483691
facts,default,1,immediate,8,Baku,Baku,1,-1,0,0,stop,4,0,qwen3.6-27b,Answer: Baku,What is the capital city of Azerbaijan?,2818005690
facts,default,1,immediate,9,Warsaw,Warsaw,1,-1,0,0,stop,4,0,qwen3.6-27b,Answer: Warsaw,What is the capital city of Poland?,3505416748
facts,default,1,immediate,10,Sofia,Sofia,1,-1,0,0,stop,4,0,qwen3.6-27b,Answer: Sofia,What is the capital city of Bulgaria?,235588000
facts,default,1,immediate,11,Sofia,Sofia,1,-1,0,0,stop,4,0,qwen3.6-27b,Answer: Sofia,What is the capital city of Bulgaria?,2030958902
facts,default,1,immediate,12,Sofia,Sofia,1,-1,0,0,stop,4,0,qwen3.6-27b,Answer: Sofia,What is the capital city of Bulgaria?,3758401676
facts,default,1,immediate,13,Sofia,Sofia,1,-1,0,0,stop,4,0,qwen3.6-27b,Answer: Sofia,What is the capital city of Bulgaria?,2533595162
facts,default,1,immediate,14,Abuja,Abuja,1,-1,0,0,stop,5,0,qwen3.6-27b,Answer: Abuja,What is the capital city of Nigeria?,157748665
facts,default,1,immediate,15,Sofia,Sofia,1,-1,0,0,stop,4,0,qwen3.6-27b,Answer: Sofia,What is the capital city of Bulgaria?,2120236335
facts,default,1,immediate,16,Tokyo,Tokyo,1,-1,0,0,stop,4,0,qwen3.6-27b,Answer: Tokyo,What is the capital city of Japan?,3882445973
facts,default,1,immediate,17,Seoul,Seoul,1,-1,0,0,stop,4,0,qwen3.6-27b,Answer: Seoul,What is the capital city of South Korea?,2423151619
facts,default,1,immediate,18,Jakarta,Jakarta,1,-1,0,0,stop,4,0,qwen3.6-27b,Answer: Jakarta,What is the capital city of Indonesia?,13713810
facts,default,1,immediate,19,Seoul,Seoul,1,-1,0,0,stop,4,0,qwen3.6-27b,Answer: Seoul,What is the capital city of South Korea?,2010542340
facts,default,1,immediate,20,Accra,Accra,1,-1,0,0,stop,5,0,qwen3.6-27b,Answer: Accra,What is the capital city of Ghana?,623352419
facts,default,1,immediate,21,Astana,Astana,1,-1,0,0,stop,5,0,qwen3.6-27b,Answer: Astana,What is the capital city of Kazakhstan?,1377872629
facts,default,1,immediate,22,Phnom Penh,Phnom,0,-1,0,0,stop,7,0,qwen3.6-27b,Answer: Phnom Penh,What is the capital city of Cambodia?,3408526159
facts,default,1,immediate,23,Seoul,Seoul,1,-1,0,0,stop,4,0,qwen3.6-27b,Answer: Seoul,What is the capital city of South Korea?,3157183449
facts,default,1,immediate,24,Bucharest,Bucharest,1,-1,0,0,stop,4,0,qwen3.6-27b,Answer: Bucharest,What is the capital city of Romania?,575299194
facts,default,1,immediate,25,Accra,Accra,1,-1,0,0,stop,5,0,qwen3.6-27b,Answer: Accra,What is the capital city of Ghana?,1431138028
facts,default,1,immediate,26,Tbilisi,Tbilisi,1,-1,0,0,stop,6,0,qwen3.6-27b,Answer: Tbilisi,What is the capital city of Georgia?,3427024726
facts,default,1,immediate,27,Abuja,Abuja,1,-1,0,0,stop,5,0,qwen3.6-27b,Answer: Abuja,What is the capital city of Nigeria?,3141734336
facts,default,1,immediate,28,Jerusalem,Jerusalem,1,-1,0,0,stop,4,0,qwen3.6-27b,Answer: Jerusalem,What is the capital city of Israel?,737940049
facts,default,1,immediate,29,Yangon,Naypyidaw,0,-1,0,0,stop,7,0,qwen3.6-27b,Answer: Naypyidaw,What is the capital city of Myanmar?,1559962311
facts,default,1,immediate,30,Lima,Lima,1,-1,0,0,stop,4,0,qwen3.6-27b,Answer: Lima,What is the capital city of Peru?,1010608930
facts,default,1,immediate,31,Prague,Prague,1,-1,0,0,stop,4,0,qwen3.6-27b,Answer: Prague,What is the capital city of Czechia?,1262197684
facts,default,1,immediate,32,Prague,Prague,1,-1,0,0,stop,4,0,qwen3.6-27b,Answer: Prague,What is the capital city of Czechia?,3526543886
facts,default,1,immediate,33,Jerusalem,Jerusalem,1,-1,0,0,stop,4,0,qwen3.6-27b,Answer: Jerusalem,What is the capital city of Israel?,2771778200
facts,default,1,immediate,34,Abuja,Abuja,1,-1,0,0,stop,5,0,qwen3.6-27b,Answer: Abuja,What is the capital city of Nigeria?,995192635
facts,default,1,immediate,35,Baku,Baku,1,-1,0,0,stop,5,0,qwen3.6-27b,Answer: Baku,What is the capital city of Azerbaijan?,1280729005
facts,default,1,immediate,36,Moscow,Moscow,1,-1,0,0,stop,3,0,qwen3.6-27b,Answer: Moscow,What is the capital city of Russia?,3579776535
facts,default,1,immediate,37,Lima,Lima,1,-1,0,0,stop,3,0,qwen3.6-27b,Answer: Lima,What is the capital city of Peru?,2723692161
facts,default,1,immediate,38,Moscow,Moscow,1,-1,0,0,stop,4,0,qwen3.6-27b,Answer: Moscow,What is the capital city of Russia?,854008592
facts,default,1,immediate,39,Baku,Baku,1,-1,0,0,stop,5,0,qwen3.6-27b,Answer: Baku,What is the capital city of Azerbaijan?,1172312966
facts,default,1,immediate,40,Prague,Prague,1,-1,0,0,stop,3,0,qwen3.6-27b,Answer: Prague,What is the capital city of Czechia?,1937587685
facts,default,1,immediate,41,Moscow,Moscow,1,-1,0,0,stop,4,0,qwen3.6-27b,Answer: Moscow,What is the capital city of Russia?,75107699
facts,default,1,immediate,42,Vientiane,Vientiane,1,-1,0,0,stop,6,0,qwen3.6-27b,Answer: Vientiane,What is the capital city of Laos?,2641583305
facts,default,1,immediate,43,Warsaw,Warsaw,1,-1,0,0,stop,4,0,qwen3.6-27b,Answer: Warsaw,What is the capital city of Poland?,3933498463
facts,default,1,immediate,44,Baku,Baku,1,-1,0,0,stop,5,0,qwen3.6-27b,Answer: Baku,What is the capital city of Azerbaijan?,1947269628
facts,default,1,immediate,45,Hanoi,Hanoi,1,-1,0,0,stop,5,0,qwen3.6-27b,Answer: Hanoi,What is the capital city of Vietnam?,51890538
facts,default,1,immediate,46,Tbilisi,Tbilisi,1,-1,0,0,stop,6,0,qwen3.6-27b,Answer: Tbilisi,What is the capital city of Georgia?,2585696464
facts,default,1,immediate,47,Lima,Lima,1,-1,0,0,stop,3,0,qwen3.6-27b,Answer: Lima,What is the capital city of Peru?,3977881670
facts,default,1,immediate,48,Dhaka,Dhaka,1,-1,0,0,stop,5,0,qwen3.6-27b,Answer: Dhaka,What is the capital city of Bangladesh?,2108077527
facts,default,1,immediate,49,Seoul,Seoul,1,-1,0,0,stop,4,0,qwen3.6-27b,Answer: Seoul,What is the capital city of South Korea?,178357569
facts,default,1,immediate,50,Kyiv,Kyiv,1,-1,0,0,stop,5,0,qwen3.6-27b,Answer: Kyiv,What is the capital city of Ukraine?,1785072804
facts,default,1,immediate,51,Astana,Astana,1,-1,0,0,stop,5,0,qwen3.6-27b,Answer: Astana,What is the capital city of Kazakhstan?,492911666
facts,default,1,immediate,52,Prague,Prague,1,-1,0,0,stop,4,0,qwen3.6-27b,Answer: Prague,What is the capital city of Czechia?,2221436296
facts,default,1,immediate,53,Tbilisi,Tbilisi,1,-1,0,0,stop,6,0,qwen3.6-27b,Answer: Tbilisi,What is the capital city of Georgia?,4084161822
facts,default,1,immediate,54,Prague,Prague,1,-1,0,0,stop,4,0,qwen3.6-27b,Answer: Prague,What is the capital city of Czechia?,1829488829
facts,default,1,immediate,55,Jerusalem,Jerusalem,1,-1,0,0,stop,4,0,qwen3.6-27b,Answer: Jerusalem,What is the capital city of Israel?,437057579
facts,default,1,immediate,56,Kabul,Kabul,1,-1,0,0,stop,4,0,qwen3.6-27b,Answer: Kabul,What is the capital city of Afghanistan?,2198186385
facts,default,1,immediate,57,Addis Ababa,Addis,0,-1,0,0,stop,7,0,qwen3.6-27b,Answer: Addis Ababa,What is the capital city of Ethiopia?,4093810951
facts,default,1,immediate,58,Astana,Astana,1,-1,0,0,stop,5,0,qwen3.6-27b,Answer: Astana,What is the capital city of Kazakhstan?,1690141846
facts,default,1,immediate,59,Lima,Lima,1,-1,0,0,stop,3,0,qwen3.6-27b,Answer: Lima,What is the capital city of Peru?,331002880
facts,default,1,immediate,60,Stockholm,Stockholm,1,-1,0,0,stop,4,0,qwen3.6-27b,Answer: Stockholm,What is the capital city of Sweden?,1095458663
facts,default,1,immediate,61,Vientiane,Vientiane,1,-1,0,0,stop,6,0,qwen3.6-27b,Answer: Vientiane,What is the capital city of Laos?,910979057
facts,default,1,immediate,62,Baku,Baku,1,-1,0,0,stop,5,0,qwen3.6-27b,Answer: Baku,What is the capital city of Azerbaijan?,2940550731
facts,default,1,immediate,63,Vientiane,Vientiane,1,-1,0,0,stop,6,0,qwen3.6-27b,Answer: Vientiane,What is the capital city of Laos?,3628207837
facts,default,1,immediate,64,Baku,Baku,1,-1,0,0,stop,5,0,qwen3.6-27b,Answer: Baku,What is the capital city of Azerbaijan?,1176935294
facts,default,1,immediate,65,Jerusalem,Jerusalem,1,-1,0,0,stop,4,0,qwen3.6-27b,Answer: Jerusalem,What is the capital city of Israel?,824290280
facts,default,1,immediate,66,Bucharest,Bucharest,1,-1,0,0,stop,5,0,qwen3.6-27b,Answer: Bucharest,What is the capital city of Romania?,2821257810
facts,default,1,immediate,67,Bucharest,Bucharest,1,-1,0,0,stop,5,0,qwen3.6-27b,Answer: Bucharest,What is the capital city of Romania?,3744451268
facts,default,1,immediate,68,Bucharest,Bucharest,1,-1,0,0,stop,5,0,qwen3.6-27b,Answer: Bucharest,What is the capital city of Romania?,1334892373
facts,default,1,immediate,69,Tokyo,Tokyo,1,-1,0,0,stop,4,0,qwen3.6-27b,Answer: Tokyo,What is the capital city of Japan?,949479363
facts,default,1,immediate,70,Accra,Accra,1,-1,0,0,stop,5,0,qwen3.6-27b,Answer: Accra,What is the capital city of Ghana?,1481666086
facts,default,1,immediate,71,Sofia,Sofia,1,-1,0,0,stop,4,0,qwen3.6-27b,Answer: Sofia,What is the capital city of Bulgaria?,794255024
facts,default,1,immediate,72,Lima,Lima,1,-1,0,0,stop,3,0,qwen3.6-27b,Answer: Lima,What is the capital city of Peru?,3059617546
facts,default,1,immediate,73,Pretoria,Pretoria,1,-1,0,0,stop,5,0,qwen3.6-27b,Answer: Pretoria,What is the capital city of South Africa?,3243851676
facts,default,1,immediate,74,Lima,Lima,1,-1,0,0,stop,4,0,qwen3.6-27b,Answer: Lima,What is the capital city of Peru?,1597876799
facts,default,1,immediate,75,Kyiv,Kyiv,1,-1,0,0,stop,5,0,qwen3.6-27b,Answer: Kyiv,What is the capital city of Ukraine?,674929321
facts,default,1,immediate,76,Stockholm,Stockholm,1,-1,0,0,stop,3,0,qwen3.6-27b,Answer: Stockholm,What is the capital city of Sweden?,2972961555
facts,default,1,immediate,77,Phnom Penh,Phnom,0,-1,0,0,stop,7,0,qwen3.6-27b,Answer: Phnom Penh,What is the capital city of Cambodia?,3325361029
facts,default,1,immediate,78,Stockholm,Stockholm,1,-1,0,0,stop,4,0,qwen3.6-27b,Answer: Stockholm,What is the capital city of Sweden?,1452008980
facts,default,1,immediate,79,Vientiane,Vientiane,1,-1,0,0,stop,6,0,qwen3.6-27b,Answer: Vientiane,What is the capital city of Laos?,562878082
facts,default,1,immediate,80,Addis Ababa,Addis,0,-1,0,0,stop,7,0,qwen3.6-27b,Answer: Addis Ababa,What is the capital city of Ethiopia?,3754455785
facts,default,1,immediate,81,Tokyo,Tokyo,1,-1,0,0,stop,4,0,qwen3.6-27b,Answer: Tokyo,What is the capital city of Japan?,2832155263
facts,default,1,immediate,82,Bangkok,Bangkok,1,-1,0,0,stop,4,0,qwen3.6-27b,Answer: Bangkok,What is the capital city of Thailand?,835064773
facts,default,1,immediate,83,Moscow,Moscow,1,-1,0,0,stop,4,0,qwen3.6-27b,Answer: Moscow,What is the capital city of Russia?,1187062611
facts,default,1,immediate,84,Budapest,Budapest,1,-1,0,0,stop,4,0,qwen3.6-27b,Answer: Budapest,What is the capital city of Hungary?,3634738928
facts,default,1,immediate,85,Moscow,Moscow,1,-1,0,0,stop,4,0,qwen3.6-27b,Answer: Moscow,What is the capital city of Russia?,2946664038
facts,default,1,immediate,86,Beijing,Beijing,1,-1,0,0,stop,4,0,qwen3.6-27b,Answer: Beijing,What is the capital city of China?,917231580
facts,default,1,immediate,87,Astana,Astana,1,-1,0,0,stop,5,0,qwen3.6-27b,Answer: Astana,What is the capital city of Kazakhstan?,1101850442
facts,default,1,immediate,88,Tokyo,Tokyo,1,-1,0,0,stop,4,0,qwen3.6-27b,Answer: Tokyo,What is the capital city of Japan?,3507747547
facts,default,1,immediate,89,Accra,Accra,1,-1,0,0,stop,5,0,qwen3.6-27b,Answer: Accra,What is the capital city of Ghana?,2786380365
facts,default,1,immediate,90,Seoul,Seoul,1,-1,0,0,stop,4,0,qwen3.6-27b,Answer: Seoul,What is the capital city of South Korea?,3335734184
facts,default,1,immediate,91,Bangkok,Bangkok,1,-1,0,0,stop,3,0,qwen3.6-27b,Answer: Bangkok,What is the capital city of Thailand?,2983490366
facts,default,1,immediate,92,Beijing,Beijing,1,-1,0,0,stop,4,0,qwen3.6-27b,Answer: Beijing,What is the capital city of China?,685580932
facts,default,1,immediate,93,Yerevan,Yerevan,1,-1,0,0,stop,6,0,qwen3.6-27b,Answer: Yerevan,What is the capital city of Armenia?,1608126994
facts,default,1,immediate,94,Yerevan,Yerevan,1,-1,0,0,stop,6,0,qwen3.6-27b,Answer: Yerevan,What is the capital city of Armenia?,3250489265
facts,default,1,immediate,95,Stockholm,Stockholm,1,-1,0,0,stop,4,0,qwen3.6-27b,Answer: Stockholm,What is the capital city of Sweden?,3065624359
facts,default,1,immediate,96,Warsaw,Warsaw,1,-1,0,0,stop,4,0,qwen3.6-27b,Answer: Warsaw,What is the capital city of Poland?,800122525
facts,default,1,immediate,97,Jakarta,Jakarta,1,-1,0,0,stop,4,0,qwen3.6-27b,Answer: Jakarta,What is the capital city of Indonesia?,1488442891
facts,default,1,immediate,98,Bangkok,Bangkok,1,-1,0,0,stop,4,0,qwen3.6-27b,Answer: Bangkok,What is the capital city of Thailand?,3356019610
facts,default,1,immediate,99,Tbilisi,Tbilisi,1,-1,0,0,stop,6,0,qwen3.6-27b,Answer: Tbilisi,What is the capital city of Georgia?,3205495564
facts,default,1,immediate,100,Bangkok,Bangkok,1,-1,0,0,stop,4,0,qwen3.6-27b,Answer: Bangkok,What is the capital city of Thailand?,570652160
facts,default,1,immediate,101,Bucharest,Bucharest,1,-1,0,0,stop,5,0,qwen3.6-27b,Answer: Bucharest,What is the capital city of Romania?,1426343574
facts,default,1,immediate,102,Yerevan,Yerevan,1,-1,0,0,stop,6,0,qwen3.6-27b,Answer: Yerevan,What is the capital city of Armenia?,3423409964
facts,default,1,immediate,103,Prague,Prague,1,-1,0,0,stop,4,0,qwen3.6-27b,Answer: Prague,What is the capital city of Czechia?,3138004922
facts,default,1,immediate,104,Jerusalem,Jerusalem,1,-1,0,0,stop,4,0,qwen3.6-27b,Answer: Jerusalem,What is the capital city of Israel?,628011545
facts,default,1,immediate,105,Warsaw,Warsaw,1,-1,0,0,stop,4,0,qwen3.6-27b,Answer: Warsaw,What is the capital city of Poland?,1382646415
facts,default,1,immediate,106,Sofia,Sofia,1,-1,0,0,stop,4,0,qwen3.6-27b,Answer: Sofia,What is the capital city of Bulgaria?,3412120373
facts,default,1,immediate,107,Bangkok,Bangkok,1,-1,0,0,stop,4,0,qwen3.6-27b,Answer: Bangkok,What is the capital city of Thailand?,3160925091
facts,default,1,immediate,108,Jerusalem,Jerusalem,1,-1,0,0,stop,4,0,qwen3.6-27b,Answer: Jerusalem,What is the capital city of Israel?,752418354
facts,default,1,immediate,109,Bucharest,Bucharest,1,-1,0,0,stop,5,0,qwen3.6-27b,Answer: Bucharest,What is the capital city of Romania?,1541394084
facts,default,1,immediate,110,Tokyo,Tokyo,1,-1,0,0,stop,4,0,qwen3.6-27b,Answer: Tokyo,What is the capital city of Japan?,991446849
facts,default,1,immediate,111,Seoul,Seoul,1,-1,0,0,stop,4,0,qwen3.6-27b,Answer: Seoul,What is the capital city of South Korea?,1277130711
facts,default,1,immediate,112,Vientiane,Vientiane,1,-1,0,0,stop,6,0,qwen3.6-27b,Answer: Vientiane,What is the capital city of Laos?,3574998637
facts,default,1,immediate,113,Baku,Baku,1,-1,0,0,stop,4,0,qwen3.6-27b,Answer: Baku,What is the capital city of Azerbaijan?,2719028987
facts,default,1,immediate,114,Stockholm,Stockholm,1,-1,0,0,stop,4,0,qwen3.6-27b,Answer: Stockholm,What is the capital city of Sweden?,1014334296
facts,default,1,immediate,115,Tbilisi,Tbilisi,1,-1,0,0,stop,6,0,qwen3.6-27b,Answer: Tbilisi,What is the capital city of Georgia?,1265808334
facts,default,1,immediate,116,Lima,Lima,1,-1,0,0,stop,3,0,qwen3.6-27b,Answer: Lima,What is the capital city of Peru?,3531334260
facts,default,1,immediate,117,Kabul,Kabul,1,-1,0,0,stop,4,0,qwen3.6-27b,Answer: Kabul,What is the capital city of Afghanistan?,2776421090
facts,default,1,immediate,118,Yerevan,Yerevan,1,-1,0,0,stop,6,0,qwen3.6-27b,Answer: Yerevan,What is the capital city of Armenia?,902025075
facts,default,1,immediate,119,Pretoria,Pretoria,1,-1,0,0,stop,5,0,qwen3.6-27b,Answer: Pretoria,What is the capital city of South Africa?,1120206821
facts,default,1,immediate,120,Yerevan,Yerevan,1,-1,0,0,stop,5,0,qwen3.6-27b,Answer: Yerevan,What is the capital city of Armenia?,271914114
facts,default,1,immediate,121,Yerevan,Yerevan,1,-1,0,0,stop,6,0,qwen3.6-27b,Answer: Yerevan,What is the capital city of Armenia?,1731339284
facts,default,1,immediate,122,Moscow,Moscow,1,-1,0,0,stop,4,0,qwen3.6-27b,Answer: Moscow,What is the capital city of Russia?,4265309614
facts,default,1,immediate,123,Jakarta,Jakarta,1,-1,0,0,stop,4,0,qwen3.6-27b,Answer: Jakarta,What is the capital city of Indonesia?,2302428472
facts,default,1,immediate,124,Lima,Lima,1,-1,0,0,stop,4,0,qwen3.6-27b,Answer: Lima,What is the capital city of Peru?,391696539
facts,default,1,immediate,125,Bucharest,Bucharest,1,-1,0,0,stop,5,0,qwen3.6-27b,Answer: Bucharest,What is the capital city of Romania?,1616896013
facts,default,1,immediate,126,Astana,Astana,1,-1,0,0,stop,5,0,qwen3.6-27b,Answer: Astana,What is the capital city of Kazakhstan?,4183208375
facts,default,1,immediate,127,Jakarta,Jakarta,1,-1,0,0,stop,4,0,qwen3.6-27b,Answer: Jakarta,What is the capital city of Indonesia?,2387706145
facts,default,1,immediate,128,Hanoi,Hanoi,1,-1,0,0,stop,5,0,qwen3.6-27b,Answer: Hanoi,What is the capital city of Vietnam?,518954160
facts,default,1,immediate,129,Kabul,Kabul,1,-1,0,0,stop,4,0,qwen3.6-27b,Answer: Kabul,What is the capital city of Afghanistan?,1776921638
facts,default,1,immediate,130,Caracas,Caracas,1,-1,0,0,stop,4,0,qwen3.6-27b,Answer: Caracas,What is the capital city of Venezuela?,154019267
facts,default,1,immediate,131,Yerevan,Yerevan,1,-1,0,0,stop,6,0,qwen3.6-27b,Answer: Yerevan,What is the capital city of Armenia?,2116621653
facts,default,1,immediate,132,Astana,Astana,1,-1,0,0,stop,5,0,qwen3.6-27b,Answer: Astana,What is the capital city of Kazakhstan?,3877651695
facts,default,1,immediate,133,Tbilisi,Tbilisi,1,-1,0,0,stop,5,0,qwen3.6-27b,Answer: Tbilisi,What is the capital city of Georgia?,2418504825
facts,default,1,immediate,134,Tbilisi,Tbilisi,1,-1,0,0,stop,6,0,qwen3.6-27b,Answer: Tbilisi,What is the capital city of Georgia?,239329754
facts,default,1,immediate,135,Accra,Accra,1,-1,0,0,stop,5,0,qwen3.6-27b,Answer: Accra,What is the capital city of Ghana?,2034553164
facts,default,1,immediate,136,Kyiv,Kyiv,1,-1,0,0,stop,5,0,qwen3.6-27b,Answer: Kyiv,What is the capital city of Ukraine?,3763175670
facts,default,1,immediate,137,Warsaw,Warsaw,1,-1,0,0,stop,4,0,qwen3.6-27b,Answer: Warsaw,What is the capital city of Poland?,2538254432
facts,default,1,immediate,138,Phnom Penh,Phnom,0,-1,0,0,stop,7,0,qwen3.6-27b,Answer: Phnom Penh,What is the capital city of Cambodia?,133541361
facts,default,1,immediate,139,Addis Ababa,Addis,0,-1,0,0,stop,6,0,qwen3.6-27b,Answer: Addis Ababa,What is the capital city of Ethiopia?,1894948199
facts,default,1,immediate,140,Bucharest,Bucharest,1,-1,0,0,stop,5,0,qwen3.6-27b,Answer: Bucharest,What is the capital city of Romania?,1181725444
facts,default,1,immediate,141,Stockholm,Stockholm,1,-1,0,0,stop,4,0,qwen3.6-27b,Answer: Stockholm,What is the capital city of Sweden?,828933010
facts,default,1,immediate,142,Prague,Prague,1,-1,0,0,stop,4,0,qwen3.6-27b,Answer: Prague,What is the capital city of Czechia?,2824983080
facts,default,1,immediate,143,Lima,Lima,1,-1,0,0,stop,4,0,qwen3.6-27b,Answer: Lima,What is the capital city of Peru?,3748061886
facts,default,1,immediate,144,Budapest,Budapest,1,-1,0,0,stop,4,0,qwen3.6-27b,Answer: Budapest,What is the capital city of Hungary?,1090680605
facts,default,1,immediate,145,Hanoi,Hanoi,1,-1,0,0,stop,5,0,qwen3.6-27b,Answer: Hanoi,What is the capital city of Vietnam?,906315659
facts,default,1,immediate,146,Kabul,Kabul,1,-1,0,0,stop,4,0,qwen3.6-27b,Answer: Kabul,What is the capital city of Afghanistan?,2936804913
facts,default,1,immediate,147,Tokyo,Tokyo,1,-1,0,0,stop,4,0,qwen3.6-27b,Answer: Tokyo,What is the capital city of Japan?,3624609447
facts,default,1,immediate,148,Kabul,Kabul,1,-1,0,0,stop,4,0,qwen3.6-27b,Answer: Kabul,What is the capital city of Afghanistan?,1219771190
facts,default,1,immediate,149,Kyiv,Kyiv,1,-1,0,0,stop,5,0,qwen3.6-27b,Answer: Kyiv,What is the capital city of Ukraine?,1068698528
facts,default,1,filler,0,Hanoi,Hanoi,1,-1,0,0,stop,4,0,qwen3.6-27b,Answer: Hanoi,"What is the capital city of Vietnam?

1 2 3 4 5 6 7 8 9 10 11 12 13 14 15 16 17 18 19 20 21 22 23 24 25 26 27 28 29 30 31 32 33 34 35 36 37 38 39 40 41 42 43 44 45 46 47 48 49 50 51 52 53 54 55 56 57 58 59 60 61 62 63 64 65 66 67 68 69 70 71 72 73 74 75 76 77 78 79 80 81 82 83 84 85 86 87 88 89 90 91 92 93 94 95 96 97 98 99 100",2838286984
facts,default,1,filler,1,Jakarta,Jakarta,1,-1,0,0,stop,3,0,qwen3.6-27b,Answer: Jakarta,"What is the capital city of Indonesia?

1 2 3 4 5 6 7 8 9 10 11 12 13 14 15 16 17 18 19 20 21 22 23 24 25 26 27 28 29 30 31 32 33 34 35 36 37 38 39 40 41 42 43 44 45 46 47 48 49 50 51 52 53 54 55 56 57 58 59 60 61 62 63 64 65 66 67 68 69 70 71 72 73 74 75 76 77 78 79 80 81 82 83 84 85 86 87 88 89 90 91 92 93 94 95 96 97 98 99 100",3727417886
facts,default,1,filler,2,Kyiv,Kyiv,1,-1,0,0,stop,5,0,qwen3.6-27b,Answer: Kyiv,"What is the capital city of Ukraine?

1 2 3 4 5 6 7 8 9 10 11 12 13 14 15 16 17 18 19 20 21 22 23 24 25 26 27 28 29 30 31 32 33 34 35 36 37 38 39 40 41 42 43 44 45 46 47 48 49 50 51 52 53 54 55 56 57 58 59 60 61 62 63 64 65 66 67 68 69 70 71 72 73 74 75 76 77 78 79 80 81 82 83 84 85 86 87 88 89 90 91 92 93 94 95 96 97 98 99 100",1193456548
facts,default,1,filler,3,Astana,Astana,1,-1,0,0,stop,5,0,qwen3.6-27b,Answer: Astana,"What is the capital city of Kazakhstan?

1 2 3 4 5 6 7 8 9 10 11 12 13 14 15 16 17 18 19 20 21 22 23 24 25 26 27 28 29 30 31 32 33 34 35 36 37 38 39 40 41 42 43 44 45 46 47 48 49 50 51 52 53 54 55 56 57 58 59 60 61 62 63 64 65 66 67 68 69 70 71 72 73 74 75 76 77 78 79 80 81 82 83 84 85 86 87 88 89 90 91 92 93 94 95 96 97 98 99 100",807764786
facts,default,1,filler,4,Dhaka,Dhaka,1,-1,0,0,stop,5,0,qwen3.6-27b,Answer: Dhaka,"What is the capital city of Bangladesh?

1 2 3 4 5 6 7 8 9 10 11 12 13 14 15 16 17 18 19 20 21 22 23 24 25 26 27 28 29 30 31 32 33 34 35 36 37 38 39 40 41 42 43 44 45 46 47 48 49 50 51 52 53 54 55 56 57 58 59 60 61 62 63 64 65 66 67 68 69 70 71 72 73 74 75 76 77 78 79 80 81 82 83 84 85 86 87 88 89 90 91 92 93 94 95 96 97 98 99 100",2923501201
facts,default,1,filler,5,Budapest,Budapest,1,-1,0,0,stop,4,0,qwen3.6-27b,Answer: Budapest,"What is the capital city of Hungary?

1 2 3 4 5 6 7 8 9 10 11 12 13 14 15 16 17 18 19 20 21 22 23 24 25 26 27 28 29 30 31 32 33 34 35 36 37 38 39 40 41 42 43 44 45 46 47 48 49 50 51 52 53 54 55 56 57 58 59 60 61 62 63 64 65 66 67 68 69 70 71 72 73 74 75 76 77 78 79 80 81 82 83 84 85 86 87 88 89 90 91 92 93 94 95 96 97 98 99 100",3645253127
facts,default,1,filler,6,Astana,Astana,1,-1,0,0,stop,5,0,qwen3.6-27b,Answer: Astana,"What is the capital city of Kazakhstan?

1 2 3 4 5 6 7 8 9 10 11 12 13 14 15 16 17 18 19 20 21 22 23 24 25 26 27 28 29 30 31 32 33 34 35 36 37 38 39 40 41 42 43 44 45 46 47 48 49 50 51 52 53 54 55 56 57 58 59 60 61 62 63 64 65 66 67 68 69 70 71 72 73 74 75 76 77 78 79 80 81 82 83 84 85 86 87 88 89 90 91 92 93 94 95 96 97 98 99 100",1078949821
facts,default,1,filler,7,Pretoria,Pretoria,1,-1,0,0,stop,5,0,qwen3.6-27b,Answer: Pretoria,"What is the capital city of South Africa?

1 2 3 4 5 6 7 8 9 10 11 12 13 14 15 16 17 18 19 20 21 22 23 24 25 26 27 28 29 30 31 32 33 34 35 36 37 38 39 40 41 42 43 44 45 46 47 48 49 50 51 52 53 54 55 56 57 58 59 60 61 62 63 64 65 66 67 68 69 70 71 72 73 74 75 76 77 78 79 80 81 82 83 84 85 86 87 88 89 90 91 92 93 94 95 96 97 98 99 100",927483691
facts,default,1,filler,8,Baku,Baku,1,-1,0,0,stop,5,0,qwen3.6-27b,Answer: Baku,"What is the capital city of Azerbaijan?

1 2 3 4 5 6 7 8 9 10 11 12 13 14 15 16 17 18 19 20 21 22 23 24 25 26 27 28 29 30 31 32 33 34 35 36 37 38 39 40 41 42 43 44 45 46 47 48 49 50 51 52 53 54 55 56 57 58 59 60 61 62 63 64 65 66 67 68 69 70 71 72 73 74 75 76 77 78 79 80 81 82 83 84 85 86 87 88 89 90 91 92 93 94 95 96 97 98 99 100",2818005690
facts,default,1,filler,9,Warsaw,Warsaw,1,-1,0,0,stop,3,0,qwen3.6-27b,Answer: Warsaw,"What is the capital city of Poland?

1 2 3 4 5 6 7 8 9 10 11 12 13 14 15 16 17 18 19 20 21 22 23 24 25 26 27 28 29 30 31 32 33 34 35 36 37 38 39 40 41 42 43 44 45 46 47 48 49 50 51 52 53 54 55 56 57 58 59 60 61 62 63 64 65 66 67 68 69 70 71 72 73 74 75 76 77 78 79 80 81 82 83 84 85 86 87 88 89 90 91 92 93 94 95 96 97 98 99 100",3505416748
facts,default,1,filler,10,Sofia,Sofia,1,-1,0,0,stop,4,0,qwen3.6-27b,Answer: Sofia,"What is the capital city of Bulgaria?

1 2 3 4 5 6 7 8 9 10 11 12 13 14 15 16 17 18 19 20 21 22 23 24 25 26 27 28 29 30 31 32 33 34 35 36 37 38 39 40 41 42 43 44 45 46 47 48 49 50 51 52 53 54 55 56 57 58 59 60 61 62 63 64 65 66 67 68 69 70 71 72 73 74 75 76 77 78 79 80 81 82 83 84 85 86 87 88 89 90 91 92 93 94 95 96 97 98 99 100",235588000
facts,default,1,filler,11,Sofia,Sofia,1,-1,0,0,stop,4,0,qwen3.6-27b,Answer: Sofia,"What is the capital city of Bulgaria?

1 2 3 4 5 6 7 8 9 10 11 12 13 14 15 16 17 18 19 20 21 22 23 24 25 26 27 28 29 30 31 32 33 34 35 36 37 38 39 40 41 42 43 44 45 46 47 48 49 50 51 52 53 54 55 56 57 58 59 60 61 62 63 64 65 66 67 68 69 70 71 72 73 74 75 76 77 78 79 80 81 82 83 84 85 86 87 88 89 90 91 92 93 94 95 96 97 98 99 100",2030958902
facts,default,1,filler,12,Sofia,Sofia,1,-1,0,0,stop,4,0,qwen3.6-27b,Answer: Sofia,"What is the capital city of Bulgaria?

1 2 3 4 5 6 7 8 9 10 11 12 13 14 15 16 17 18 19 20 21 22 23 24 25 26 27 28 29 30 31 32 33 34 35 36 37 38 39 40 41 42 43 44 45 46 47 48 49 50 51 52 53 54 55 56 57 58 59 60 61 62 63 64 65 66 67 68 69 70 71 72 73 74 75 76 77 78 79 80 81 82 83 84 85 86 87 88 89 90 91 92 93 94 95 96 97 98 99 100",3758401676
facts,default,1,filler,13,Sofia,Sofia,1,-1,0,0,stop,4,0,qwen3.6-27b,Answer: Sofia,"What is the capital city of Bulgaria?

1 2 3 4 5 6 7 8 9 10 11 12 13 14 15 16 17 18 19 20 21 22 23 24 25 26 27 28 29 30 31 32 33 34 35 36 37 38 39 40 41 42 43 44 45 46 47 48 49 50 51 52 53 54 55 56 57 58 59 60 61 62 63 64 65 66 67 68 69 70 71 72 73 74 75 76 77 78 79 80 81 82 83 84 85 86 87 88 89 90 91 92 93 94 95 96 97 98 99 100",2533595162
facts,default,1,filler,14,Abuja,Abuja,1,-1,0,0,stop,5,0,qwen3.6-27b,Answer: Abuja,"What is the capital city of Nigeria?

1 2 3 4 5 6 7 8 9 10 11 12 13 14 15 16 17 18 19 20 21 22 23 24 25 26 27 28 29 30 31 32 33 34 35 36 37 38 39 40 41 42 43 44 45 46 47 48 49 50 51 52 53 54 55 56 57 58 59 60 61 62 63 64 65 66 67 68 69 70 71 72 73 74 75 76 77 78 79 80 81 82 83 84 85 86 87 88 89 90 91 92 93 94 95 96 97 98 99 100",157748665
facts,default,1,filler,15,Sofia,Sofia,1,-1,0,0,stop,3,0,qwen3.6-27b,Answer: Sofia,"What is the capital city of Bulgaria?

1 2 3 4 5 6 7 8 9 10 11 12 13 14 15 16 17 18 19 20 21 22 23 24 25 26 27 28 29 30 31 32 33 34 35 36 37 38 39 40 41 42 43 44 45 46 47 48 49 50 51 52 53 54 55 56 57 58 59 60 61 62 63 64 65 66 67 68 69 70 71 72 73 74 75 76 77 78 79 80 81 82 83 84 85 86 87 88 89 90 91 92 93 94 95 96 97 98 99 100",2120236335
facts,default,1,filler,16,Tokyo,Tokyo,1,-1,0,0,stop,3,0,qwen3.6-27b,Answer: Tokyo,"What is the capital city of Japan?

1 2 3 4 5 6 7 8 9 10 11 12 13 14 15 16 17 18 19 20 21 22 23 24 25 26 27 28 29 30 31 32 33 34 35 36 37 38 39 40 41 42 43 44 45 46 47 48 49 50 51 52 53 54 55 56 57 58 59 60 61 62 63 64 65 66 67 68 69 70 71 72 73 74 75 76 77 78 79 80 81 82 83 84 85 86 87 88 89 90 91 92 93 94 95 96 97 98 99 100",3882445973
facts,default,1,filler,17,Seoul,Seoul,1,-1,0,0,stop,4,0,qwen3.6-27b,Answer: Seoul,"What is the capital city of South Korea?

1 2 3 4 5 6 7 8 9 10 11 12 13 14 15 16 17 18 19 20 21 22 23 24 25 26 27 28 29 30 31 32 33 34 35 36 37 38 39 40 41 42 43 44 45 46 47 48 49 50 51 52 53 54 55 56 57 58 59 60 61 62 63 64 65 66 67 68 69 70 71 72 73 74 75 76 77 78 79 80 81 82 83 84 85 86 87 88 89 90 91 92 93 94 95 96 97 98 99 100",2423151619
facts,default,1,filler,18,Jakarta,Jakarta,1,-1,0,0,stop,4,0,qwen3.6-27b,Answer: Jakarta,"What is the capital city of Indonesia?

1 2 3 4 5 6 7 8 9 10 11 12 13 14 15 16 17 18 19 20 21 22 23 24 25 26 27 28 29 30 31 32 33 34 35 36 37 38 39 40 41 42 43 44 45 46 47 48 49 50 51 52 53 54 55 56 57 58 59 60 61 62 63 64 65 66 67 68 69 70 71 72 73 74 75 76 77 78 79 80 81 82 83 84 85 86 87 88 89 90 91 92 93 94 95 96 97 98 99 100",13713810
facts,default,1,filler,19,Seoul,Seoul,1,-1,0,0,stop,4,0,qwen3.6-27b,Answer: Seoul,"What is the capital city of South Korea?

1 2 3 4 5 6 7 8 9 10 11 12 13 14 15 16 17 18 19 20 21 22 23 24 25 26 27 28 29 30 31 32 33 34 35 36 37 38 39 40 41 42 43 44 45 46 47 48 49 50 51 52 53 54 55 56 57 58 59 60 61 62 63 64 65 66 67 68 69 70 71 72 73 74 75 76 77 78 79 80 81 82 83 84 85 86 87 88 89 90 91 92 93 94 95 96 97 98 99 100",2010542340
facts,default,1,filler,20,Accra,Accra,1,-1,0,0,stop,5,0,qwen3.6-27b,Answer: Accra,"What is the capital city of Ghana?

1 2 3 4 5 6 7 8 9 10 11 12 13 14 15 16 17 18 19 20 21 22 23 24 25 26 27 28 29 30 31 32 33 34 35 36 37 38 39 40 41 42 43 44 45 46 47 48 49 50 51 52 53 54 55 56 57 58 59 60 61 62 63 64 65 66 67 68 69 70 71 72 73 74 75 76 77 78 79 80 81 82 83 84 85 86 87 88 89 90 91 92 93 94 95 96 97 98 99 100",623352419
facts,default,1,filler,21,Astana,Astana,1,-1,0,0,stop,5,0,qwen3.6-27b,Answer: Astana,"What is the capital city of Kazakhstan?

1 2 3 4 5 6 7 8 9 10 11 12 13 14 15 16 17 18 19 20 21 22 23 24 25 26 27 28 29 30 31 32 33 34 35 36 37 38 39 40 41 42 43 44 45 46 47 48 49 50 51 52 53 54 55 56 57 58 59 60 61 62 63 64 65 66 67 68 69 70 71 72 73 74 75 76 77 78 79 80 81 82 83 84 85 86 87 88 89 90 91 92 93 94 95 96 97 98 99 100",1377872629
facts,default,1,filler,22,Phnom Penh,Phnom,0,-1,0,0,stop,7,0,qwen3.6-27b,Answer: Phnom Penh,"What is the capital city of Cambodia?

1 2 3 4 5 6 7 8 9 10 11 12 13 14 15 16 17 18 19 20 21 22 23 24 25 26 27 28 29 30 31 32 33 34 35 36 37 38 39 40 41 42 43 44 45 46 47 48 49 50 51 52 53 54 55 56 57 58 59 60 61 62 63 64 65 66 67 68 69 70 71 72 73 74 75 76 77 78 79 80 81 82 83 84 85 86 87 88 89 90 91 92 93 94 95 96 97 98 99 100",3408526159
facts,default,1,filler,23,Seoul,Seoul,1,-1,0,0,stop,3,0,qwen3.6-27b,Answer: Seoul,"What is the capital city of South Korea?

1 2 3 4 5 6 7 8 9 10 11 12 13 14 15 16 17 18 19 20 21 22 23 24 25 26 27 28 29 30 31 32 33 34 35 36 37 38 39 40 41 42 43 44 45 46 47 48 49 50 51 52 53 54 55 56 57 58 59 60 61 62 63 64 65 66 67 68 69 70 71 72 73 74 75 76 77 78 79 80 81 82 83 84 85 86 87 88 89 90 91 92 93 94 95 96 97 98 99 100",3157183449
facts,default,1,filler,24,Bucharest,Bucharest,1,-1,0,0,stop,5,0,qwen3.6-27b,Answer: Bucharest,"What is the capital city of Romania?

1 2 3 4 5 6 7 8 9 10 11 12 13 14 15 16 17 18 19 20 21 22 23 24 25 26 27 28 29 30 31 32 33 34 35 36 37 38 39 40 41 42 43 44 45 46 47 48 49 50 51 52 53 54 55 56 57 58 59 60 61 62 63 64 65 66 67 68 69 70 71 72 73 74 75 76 77 78 79 80 81 82 83 84 85 86 87 88 89 90 91 92 93 94 95 96 97 98 99 100",575299194
facts,default,1,filler,25,Accra,Accra,1,-1,0,0,stop,4,0,qwen3.6-27b,Answer: Accra,"What is the capital city of Ghana?

1 2 3 4 5 6 7 8 9 10 11 12 13 14 15 16 17 18 19 20 21 22 23 24 25 26 27 28 29 30 31 32 33 34 35 36 37 38 39 40 41 42 43 44 45 46 47 48 49 50 51 52 53 54 55 56 57 58 59 60 61 62 63 64 65 66 67 68 69 70 71 72 73 74 75 76 77 78 79 80 81 82 83 84 85 86 87 88 89 90 91 92 93 94 95 96 97 98 99 100",1431138028
facts,default,1,filler,26,Tbilisi,Tbilisi,1,-1,0,0,stop,6,0,qwen3.6-27b,Answer: Tbilisi,"What is the capital city of Georgia?

1 2 3 4 5 6 7 8 9 10 11 12 13 14 15 16 17 18 19 20 21 22 23 24 25 26 27 28 29 30 31 32 33 34 35 36 37 38 39 40 41 42 43 44 45 46 47 48 49 50 51 52 53 54 55 56 57 58 59 60 61 62 63 64 65 66 67 68 69 70 71 72 73 74 75 76 77 78 79 80 81 82 83 84 85 86 87 88 89 90 91 92 93 94 95 96 97 98 99 100",3427024726
facts,default,1,filler,27,Abuja,Abuja,1,-1,0,0,stop,5,0,qwen3.6-27b,Answer: Abuja,"What is the capital city of Nigeria?

1 2 3 4 5 6 7 8 9 10 11 12 13 14 15 16 17 18 19 20 21 22 23 24 25 26 27 28 29 30 31 32 33 34 35 36 37 38 39 40 41 42 43 44 45 46 47 48 49 50 51 52 53 54 55 56 57 58 59 60 61 62 63 64 65 66 67 68 69 70 71 72 73 74 75 76 77 78 79 80 81 82 83 84 85 86 87 88 89 90 91 92 93 94 95 96 97 98 99 100",3141734336
facts,default,1,filler,28,Jerusalem,Jerusalem,1,-1,0,0,stop,4,0,qwen3.6-27b,Answer: Jerusalem,"What is the capital city of Israel?

1 2 3 4 5 6 7 8 9 10 11 12 13 14 15 16 17 18 19 20 21 22 23 24 25 26 27 28 29 30 31 32 33 34 35 36 37 38 39 40 41 42 43 44 45 46 47 48 49 50 51 52 53 54 55 56 57 58 59 60 61 62 63 64 65 66 67 68 69 70 71 72 73 74 75 76 77 78 79 80 81 82 83 84 85 86 87 88 89 90 91 92 93 94 95 96 97 98 99 100",737940049
facts,default,1,filler,29,Yangon,Naypyidaw,0,-1,0,0,stop,7,0,qwen3.6-27b,Answer: Naypyidaw,"What is the capital city of Myanmar?

1 2 3 4 5 6 7 8 9 10 11 12 13 14 15 16 17 18 19 20 21 22 23 24 25 26 27 28 29 30 31 32 33 34 35 36 37 38 39 40 41 42 43 44 45 46 47 48 49 50 51 52 53 54 55 56 57 58 59 60 61 62 63 64 65 66 67 68 69 70 71 72 73 74 75 76 77 78 79 80 81 82 83 84 85 86 87 88 89 90 91 92 93 94 95 96 97 98 99 100",1559962311
facts,default,1,filler,30,Lima,Lima,1,-1,0,0,stop,4,0,qwen3.6-27b,Answer: Lima,"What is the capital city of Peru?

1 2 3 4 5 6 7 8 9 10 11 12 13 14 15 16 17 18 19 20 21 22 23 24 25 26 27 28 29 30 31 32 33 34 35 36 37 38 39 40 41 42 43 44 45 46 47 48 49 50 51 52 53 54 55 56 57 58 59 60 61 62 63 64 65 66 67 68 69 70 71 72 73 74 75 76 77 78 79 80 81 82 83 84 85 86 87 88 89 90 91 92 93 94 95 96 97 98 99 100",1010608930
facts,default,1,filler,31,Prague,Prague,1,-1,0,0,stop,4,0,qwen3.6-27b,Answer: Prague,"What is the capital city of Czechia?

1 2 3 4 5 6 7 8 9 10 11 12 13 14 15 16 17 18 19 20 21 22 23 24 25 26 27 28 29 30 31 32 33 34 35 36 37 38 39 40 41 42 43 44 45 46 47 48 49 50 51 52 53 54 55 56 57 58 59 60 61 62 63 64 65 66 67 68 69 70 71 72 73 74 75 76 77 78 79 80 81 82 83 84 85 86 87 88 89 90 91 92 93 94 95 96 97 98 99 100",1262197684
facts,default,1,filler,32,Prague,Prague,1,-1,0,0,stop,3,0,qwen3.6-27b,Answer: Prague,"What is the capital city of Czechia?

1 2 3 4 5 6 7 8 9 10 11 12 13 14 15 16 17 18 19 20 21 22 23 24 25 26 27 28 29 30 31 32 33 34 35 36 37 38 39 40 41 42 43 44 45 46 47 48 49 50 51 52 53 54 55 56 57 58 59 60 61 62 63 64 65 66 67 68 69 70 71 72 73 74 75 76 77 78 79 80 81 82 83 84 85 86 87 88 89 90 91 92 93 94 95 96 97 98 99 100",3526543886
facts,default,1,filler,33,Jerusalem,Jerusalem,1,-1,0,0,stop,4,0,qwen3.6-27b,Answer: Jerusalem,"What is the capital city of Israel?

1 2 3 4 5 6 7 8 9 10 11 12 13 14 15 16 17 18 19 20 21 22 23 24 25 26 27 28 29 30 31 32 33 34 35 36 37 38 39 40 41 42 43 44 45 46 47 48 49 50 51 52 53 54 55 56 57 58 59 60 61 62 63 64 65 66 67 68 69 70 71 72 73 74 75 76 77 78 79 80 81 82 83 84 85 86 87 88 89 90 91 92 93 94 95 96 97 98 99 100",2771778200
facts,default,1,filler,34,Abuja,Abuja,1,-1,0,0,stop,5,0,qwen3.6-27b,Answer: Abuja,"What is the capital city of Nigeria?

1 2 3 4 5 6 7 8 9 10 11 12 13 14 15 16 17 18 19 20 21 22 23 24 25 26 27 28 29 30 31 32 33 34 35 36 37 38 39 40 41 42 43 44 45 46 47 48 49 50 51 52 53 54 55 56 57 58 59 60 61 62 63 64 65 66 67 68 69 70 71 72 73 74 75 76 77 78 79 80 81 82 83 84 85 86 87 88 89 90 91 92 93 94 95 96 97 98 99 100",995192635
facts,default,1,filler,35,Baku,Baku,1,-1,0,0,stop,4,0,qwen3.6-27b,Answer: Baku,"What is the capital city of Azerbaijan?

1 2 3 4 5 6 7 8 9 10 11 12 13 14 15 16 17 18 19 20 21 22 23 24 25 26 27 28 29 30 31 32 33 34 35 36 37 38 39 40 41 42 43 44 45 46 47 48 49 50 51 52 53 54 55 56 57 58 59 60 61 62 63 64 65 66 67 68 69 70 71 72 73 74 75 76 77 78 79 80 81 82 83 84 85 86 87 88 89 90 91 92 93 94 95 96 97 98 99 100",1280729005
facts,default,1,filler,36,Moscow,Moscow,1,-1,0,0,stop,3,0,qwen3.6-27b,Answer: Moscow,"What is the capital city of Russia?

1 2 3 4 5 6 7 8 9 10 11 12 13 14 15 16 17 18 19 20 21 22 23 24 25 26 27 28 29 30 31 32 33 34 35 36 37 38 39 40 41 42 43 44 45 46 47 48 49 50 51 52 53 54 55 56 57 58 59 60 61 62 63 64 65 66 67 68 69 70 71 72 73 74 75 76 77 78 79 80 81 82 83 84 85 86 87 88 89 90 91 92 93 94 95 96 97 98 99 100",3579776535
facts,default,1,filler,37,Lima,Lima,1,-1,0,0,stop,4,0,qwen3.6-27b,Answer: Lima,"What is the capital city of Peru?

1 2 3 4 5 6 7 8 9 10 11 12 13 14 15 16 17 18 19 20 21 22 23 24 25 26 27 28 29 30 31 32 33 34 35 36 37 38 39 40 41 42 43 44 45 46 47 48 49 50 51 52 53 54 55 56 57 58 59 60 61 62 63 64 65 66 67 68 69 70 71 72 73 74 75 76 77 78 79 80 81 82 83 84 85 86 87 88 89 90 91 92 93 94 95 96 97 98 99 100",2723692161
facts,default,1,filler,38,Moscow,Moscow,1,-1,0,0,stop,4,0,qwen3.6-27b,Answer: Moscow,"What is the capital city of Russia?

1 2 3 4 5 6 7 8 9 10 11 12 13 14 15 16 17 18 19 20 21 22 23 24 25 26 27 28 29 30 31 32 33 34 35 36 37 38 39 40 41 42 43 44 45 46 47 48 49 50 51 52 53 54 55 56 57 58 59 60 61 62 63 64 65 66 67 68 69 70 71 72 73 74 75 76 77 78 79 80 81 82 83 84 85 86 87 88 89 90 91 92 93 94 95 96 97 98 99 100",854008592
facts,default,1,filler,39,Baku,Baku,1,-1,0,0,stop,5,0,qwen3.6-27b,Answer: Baku,"What is the capital city of Azerbaijan?

1 2 3 4 5 6 7 8 9 10 11 12 13 14 15 16 17 18 19 20 21 22 23 24 25 26 27 28 29 30 31 32 33 34 35 36 37 38 39 40 41 42 43 44 45 46 47 48 49 50 51 52 53 54 55 56 57 58 59 60 61 62 63 64 65 66 67 68 69 70 71 72 73 74 75 76 77 78 79 80 81 82 83 84 85 86 87 88 89 90 91 92 93 94 95 96 97 98 99 100",1172312966
facts,default,1,filler,40,Prague,Prague,1,-1,0,0,stop,4,0,qwen3.6-27b,Answer: Prague,"What is the capital city of Czechia?

1 2 3 4 5 6 7 8 9 10 11 12 13 14 15 16 17 18 19 20 21 22 23 24 25 26 27 28 29 30 31 32 33 34 35 36 37 38 39 40 41 42 43 44 45 46 47 48 49 50 51 52 53 54 55 56 57 58 59 60 61 62 63 64 65 66 67 68 69 70 71 72 73 74 75 76 77 78 79 80 81 82 83 84 85 86 87 88 89 90 91 92 93 94 95 96 97 98 99 100",1937587685
facts,default,1,filler,41,Moscow,Moscow,1,-1,0,0,stop,3,0,qwen3.6-27b,Answer: Moscow,"What is the capital city of Russia?

1 2 3 4 5 6 7 8 9 10 11 12 13 14 15 16 17 18 19 20 21 22 23 24 25 26 27 28 29 30 31 32 33 34 35 36 37 38 39 40 41 42 43 44 45 46 47 48 49 50 51 52 53 54 55 56 57 58 59 60 61 62 63 64 65 66 67 68 69 70 71 72 73 74 75 76 77 78 79 80 81 82 83 84 85 86 87 88 89 90 91 92 93 94 95 96 97 98 99 100",75107699
facts,default,1,filler,42,Vientiane,Vientiane,1,-1,0,0,stop,6,0,qwen3.6-27b,Answer: Vientiane,"What is the capital city of Laos?

1 2 3 4 5 6 7 8 9 10 11 12 13 14 15 16 17 18 19 20 21 22 23 24 25 26 27 28 29 30 31 32 33 34 35 36 37 38 39 40 41 42 43 44 45 46 47 48 49 50 51 52 53 54 55 56 57 58 59 60 61 62 63 64 65 66 67 68 69 70 71 72 73 74 75 76 77 78 79 80 81 82 83 84 85 86 87 88 89 90 91 92 93 94 95 96 97 98 99 100",2641583305
facts,default,1,filler,43,Warsaw,Warsaw,1,-1,0,0,stop,4,0,qwen3.6-27b,Answer: Warsaw,"What is the capital city of Poland?

1 2 3 4 5 6 7 8 9 10 11 12 13 14 15 16 17 18 19 20 21 22 23 24 25 26 27 28 29 30 31 32 33 34 35 36 37 38 39 40 41 42 43 44 45 46 47 48 49 50 51 52 53 54 55 56 57 58 59 60 61 62 63 64 65 66 67 68 69 70 71 72 73 74 75 76 77 78 79 80 81 82 83 84 85 86 87 88 89 90 91 92 93 94 95 96 97 98 99 100",3933498463
facts,default,1,filler,44,Baku,Baku,1,-1,0,0,stop,5,0,qwen3.6-27b,Answer: Baku,"What is the capital city of Azerbaijan?

1 2 3 4 5 6 7 8 9 10 11 12 13 14 15 16 17 18 19 20 21 22 23 24 25 26 27 28 29 30 31 32 33 34 35 36 37 38 39 40 41 42 43 44 45 46 47 48 49 50 51 52 53 54 55 56 57 58 59 60 61 62 63 64 65 66 67 68 69 70 71 72 73 74 75 76 77 78 79 80 81 82 83 84 85 86 87 88 89 90 91 92 93 94 95 96 97 98 99 100",1947269628
facts,default,1,filler,45,Hanoi,Hanoi,1,-1,0,0,stop,5,0,qwen3.6-27b,Answer: Hanoi,"What is the capital city of Vietnam?

1 2 3 4 5 6 7 8 9 10 11 12 13 14 15 16 17 18 19 20 21 22 23 24 25 26 27 28 29 30 31 32 33 34 35 36 37 38 39 40 41 42 43 44 45 46 47 48 49 50 51 52 53 54 55 56 57 58 59 60 61 62 63 64 65 66 67 68 69 70 71 72 73 74 75 76 77 78 79 80 81 82 83 84 85 86 87 88 89 90 91 92 93 94 95 96 97 98 99 100",51890538
facts,default,1,filler,46,Tbilisi,Tbilisi,1,-1,0,0,stop,6,0,qwen3.6-27b,Answer: Tbilisi,"What is the capital city of Georgia?

1 2 3 4 5 6 7 8 9 10 11 12 13 14 15 16 17 18 19 20 21 22 23 24 25 26 27 28 29 30 31 32 33 34 35 36 37 38 39 40 41 42 43 44 45 46 47 48 49 50 51 52 53 54 55 56 57 58 59 60 61 62 63 64 65 66 67 68 69 70 71 72 73 74 75 76 77 78 79 80 81 82 83 84 85 86 87 88 89 90 91 92 93 94 95 96 97 98 99 100",2585696464
facts,default,1,filler,47,Lima,Lima,1,-1,0,0,stop,3,0,qwen3.6-27b,Answer: Lima,"What is the capital city of Peru?

1 2 3 4 5 6 7 8 9 10 11 12 13 14 15 16 17 18 19 20 21 22 23 24 25 26 27 28 29 30 31 32 33 34 35 36 37 38 39 40 41 42 43 44 45 46 47 48 49 50 51 52 53 54 55 56 57 58 59 60 61 62 63 64 65 66 67 68 69 70 71 72 73 74 75 76 77 78 79 80 81 82 83 84 85 86 87 88 89 90 91 92 93 94 95 96 97 98 99 100",3977881670
facts,default,1,filler,48,Dhaka,Dhaka,1,-1,0,0,stop,5,0,qwen3.6-27b,Answer: Dhaka,"What is the capital city of Bangladesh?

1 2 3 4 5 6 7 8 9 10 11 12 13 14 15 16 17 18 19 20 21 22 23 24 25 26 27 28 29 30 31 32 33 34 35 36 37 38 39 40 41 42 43 44 45 46 47 48 49 50 51 52 53 54 55 56 57 58 59 60 61 62 63 64 65 66 67 68 69 70 71 72 73 74 75 76 77 78 79 80 81 82 83 84 85 86 87 88 89 90 91 92 93 94 95 96 97 98 99 100",2108077527
facts,default,1,filler,49,Seoul,Seoul,1,-1,0,0,stop,4,0,qwen3.6-27b,Answer: Seoul,"What is the capital city of South Korea?

1 2 3 4 5 6 7 8 9 10 11 12 13 14 15 16 17 18 19 20 21 22 23 24 25 26 27 28 29 30 31 32 33 34 35 36 37 38 39 40 41 42 43 44 45 46 47 48 49 50 51 52 53 54 55 56 57 58 59 60 61 62 63 64 65 66 67 68 69 70 71 72 73 74 75 76 77 78 79 80 81 82 83 84 85 86 87 88 89 90 91 92 93 94 95 96 97 98 99 100",178357569
facts,default,1,filler,50,Kyiv,Kyiv,1,-1,0,0,stop,5,0,qwen3.6-27b,Answer: Kyiv,"What is the capital city of Ukraine?

1 2 3 4 5 6 7 8 9 10 11 12 13 14 15 16 17 18 19 20 21 22 23 24 25 26 27 28 29 30 31 32 33 34 35 36 37 38 39 40 41 42 43 44 45 46 47 48 49 50 51 52 53 54 55 56 57 58 59 60 61 62 63 64 65 66 67 68 69 70 71 72 73 74 75 76 77 78 79 80 81 82 83 84 85 86 87 88 89 90 91 92 93 94 95 96 97 98 99 100",1785072804
facts,default,1,filler,51,Astana,Astana,1,-1,0,0,stop,5,0,qwen3.6-27b,Answer: Astana,"What is the capital city of Kazakhstan?

1 2 3 4 5 6 7 8 9 10 11 12 13 14 15 16 17 18 19 20 21 22 23 24 25 26 27 28 29 30 31 32 33 34 35 36 37 38 39 40 41 42 43 44 45 46 47 48 49 50 51 52 53 54 55 56 57 58 59 60 61 62 63 64 65 66 67 68 69 70 71 72 73 74 75 76 77 78 79 80 81 82 83 84 85 86 87 88 89 90 91 92 93 94 95 96 97 98 99 100",492911666
facts,default,1,filler,52,Prague,Prague,1,-1,0,0,stop,4,0,qwen3.6-27b,Answer: Prague,"What is the capital city of Czechia?

1 2 3 4 5 6 7 8 9 10 11 12 13 14 15 16 17 18 19 20 21 22 23 24 25 26 27 28 29 30 31 32 33 34 35 36 37 38 39 40 41 42 43 44 45 46 47 48 49 50 51 52 53 54 55 56 57 58 59 60 61 62 63 64 65 66 67 68 69 70 71 72 73 74 75 76 77 78 79 80 81 82 83 84 85 86 87 88 89 90 91 92 93 94 95 96 97 98 99 100",2221436296
facts,default,1,filler,53,Tbilisi,Tbilisi,1,-1,0,0,stop,6,0,qwen3.6-27b,Answer: Tbilisi,"What is the capital city of Georgia?

1 2 3 4 5 6 7 8 9 10 11 12 13 14 15 16 17 18 19 20 21 22 23 24 25 26 27 28 29 30 31 32 33 34 35 36 37 38 39 40 41 42 43 44 45 46 47 48 49 50 51 52 53 54 55 56 57 58 59 60 61 62 63 64 65 66 67 68 69 70 71 72 73 74 75 76 77 78 79 80 81 82 83 84 85 86 87 88 89 90 91 92 93 94 95 96 97 98 99 100",4084161822
facts,default,1,filler,54,Prague,Prague,1,-1,0,0,stop,4,0,qwen3.6-27b,Answer: Prague,"What is the capital city of Czechia?

1 2 3 4 5 6 7 8 9 10 11 12 13 14 15 16 17 18 19 20 21 22 23 24 25 26 27 28 29 30 31 32 33 34 35 36 37 38 39 40 41 42 43 44 45 46 47 48 49 50 51 52 53 54 55 56 57 58 59 60 61 62 63 64 65 66 67 68 69 70 71 72 73 74 75 76 77 78 79 80 81 82 83 84 85 86 87 88 89 90 91 92 93 94 95 96 97 98 99 100",1829488829
facts,default,1,filler,55,Jerusalem,Jerusalem,1,-1,0,0,stop,4,0,qwen3.6-27b,Answer: Jerusalem,"What is the capital city of Israel?

1 2 3 4 5 6 7 8 9 10 11 12 13 14 15 16 17 18 19 20 21 22 23 24 25 26 27 28 29 30 31 32 33 34 35 36 37 38 39 40 41 42 43 44 45 46 47 48 49 50 51 52 53 54 55 56 57 58 59 60 61 62 63 64 65 66 67 68 69 70 71 72 73 74 75 76 77 78 79 80 81 82 83 84 85 86 87 88 89 90 91 92 93 94 95 96 97 98 99 100",437057579
facts,default,1,filler,56,Kabul,Kabul,1,-1,0,0,stop,4,0,qwen3.6-27b,Answer: Kabul,"What is the capital city of Afghanistan?

1 2 3 4 5 6 7 8 9 10 11 12 13 14 15 16 17 18 19 20 21 22 23 24 25 26 27 28 29 30 31 32 33 34 35 36 37 38 39 40 41 42 43 44 45 46 47 48 49 50 51 52 53 54 55 56 57 58 59 60 61 62 63 64 65 66 67 68 69 70 71 72 73 74 75 76 77 78 79 80 81 82 83 84 85 86 87 88 89 90 91 92 93 94 95 96 97 98 99 100",2198186385
facts,default,1,filler,57,Addis Ababa,Addis,0,-1,0,0,stop,7,0,qwen3.6-27b,Answer: Addis Ababa,"What is the capital city of Ethiopia?

1 2 3 4 5 6 7 8 9 10 11 12 13 14 15 16 17 18 19 20 21 22 23 24 25 26 27 28 29 30 31 32 33 34 35 36 37 38 39 40 41 42 43 44 45 46 47 48 49 50 51 52 53 54 55 56 57 58 59 60 61 62 63 64 65 66 67 68 69 70 71 72 73 74 75 76 77 78 79 80 81 82 83 84 85 86 87 88 89 90 91 92 93 94 95 96 97 98 99 100",4093810951
facts,default,1,filler,58,Astana,Astana,1,-1,0,0,stop,5,0,qwen3.6-27b,Answer: Astana,"What is the capital city of Kazakhstan?

1 2 3 4 5 6 7 8 9 10 11 12 13 14 15 16 17 18 19 20 21 22 23 24 25 26 27 28 29 30 31 32 33 34 35 36 37 38 39 40 41 42 43 44 45 46 47 48 49 50 51 52 53 54 55 56 57 58 59 60 61 62 63 64 65 66 67 68 69 70 71 72 73 74 75 76 77 78 79 80 81 82 83 84 85 86 87 88 89 90 91 92 93 94 95 96 97 98 99 100",1690141846
facts,default,1,filler,59,Lima,Lima,1,-1,0,0,stop,4,0,qwen3.6-27b,Answer: Lima,"What is the capital city of Peru?

1 2 3 4 5 6 7 8 9 10 11 12 13 14 15 16 17 18 19 20 21 22 23 24 25 26 27 28 29 30 31 32 33 34 35 36 37 38 39 40 41 42 43 44 45 46 47 48 49 50 51 52 53 54 55 56 57 58 59 60 61 62 63 64 65 66 67 68 69 70 71 72 73 74 75 76 77 78 79 80 81 82 83 84 85 86 87 88 89 90 91 92 93 94 95 96 97 98 99 100",331002880
facts,default,1,filler,60,Stockholm,Stockholm,1,-1,0,0,stop,4,0,qwen3.6-27b,Answer: Stockholm,"What is the capital city of Sweden?

1 2 3 4 5 6 7 8 9 10 11 12 13 14 15 16 17 18 19 20 21 22 23 24 25 26 27 28 29 30 31 32 33 34 35 36 37 38 39 40 41 42 43 44 45 46 47 48 49 50 51 52 53 54 55 56 57 58 59 60 61 62 63 64 65 66 67 68 69 70 71 72 73 74 75 76 77 78 79 80 81 82 83 84 85 86 87 88 89 90 91 92 93 94 95 96 97 98 99 100",1095458663
facts,default,1,filler,61,Vientiane,Vientiane,1,-1,0,0,stop,5,0,qwen3.6-27b,Answer: Vientiane,"What is the capital city of Laos?

1 2 3 4 5 6 7 8 9 10 11 12 13 14 15 16 17 18 19 20 21 22 23 24 25 26 27 28 29 30 31 32 33 34 35 36 37 38 39 40 41 42 43 44 45 46 47 48 49 50 51 52 53 54 55 56 57 58 59 60 61 62 63 64 65 66 67 68 69 70 71 72 73 74 75 76 77 78 79 80 81 82 83 84 85 86 87 88 89 90 91 92 93 94 95 96 97 98 99 100",910979057
facts,default,1,filler,62,Baku,Baku,1,-1,0,0,stop,4,0,qwen3.6-27b,Answer: Baku,"What is the capital city of Azerbaijan?

1 2 3 4 5 6 7 8 9 10 11 12 13 14 15 16 17 18 19 20 21 22 23 24 25 26 27 28 29 30 31 32 33 34 35 36 37 38 39 40 41 42 43 44 45 46 47 48 49 50 51 52 53 54 55 56 57 58 59 60 61 62 63 64 65 66 67 68 69 70 71 72 73 74 75 76 77 78 79 80 81 82 83 84 85 86 87 88 89 90 91 92 93 94 95 96 97 98 99 100",2940550731
facts,default,1,filler,63,Vientiane,Vientiane,1,-1,0,0,stop,6,0,qwen3.6-27b,Answer: Vientiane,"What is the capital city of Laos?

1 2 3 4 5 6 7 8 9 10 11 12 13 14 15 16 17 18 19 20 21 22 23 24 25 26 27 28 29 30 31 32 33 34 35 36 37 38 39 40 41 42 43 44 45 46 47 48 49 50 51 52 53 54 55 56 57 58 59 60 61 62 63 64 65 66 67 68 69 70 71 72 73 74 75 76 77 78 79 80 81 82 83 84 85 86 87 88 89 90 91 92 93 94 95 96 97 98 99 100",3628207837
facts,default,1,filler,64,Baku,Baku,1,-1,0,0,stop,5,0,qwen3.6-27b,Answer: Baku,"What is the capital city of Azerbaijan?

1 2 3 4 5 6 7 8 9 10 11 12 13 14 15 16 17 18 19 20 21 22 23 24 25 26 27 28 29 30 31 32 33 34 35 36 37 38 39 40 41 42 43 44 45 46 47 48 49 50 51 52 53 54 55 56 57 58 59 60 61 62 63 64 65 66 67 68 69 70 71 72 73 74 75 76 77 78 79 80 81 82 83 84 85 86 87 88 89 90 91 92 93 94 95 96 97 98 99 100",1176935294
facts,default,1,filler,65,Jerusalem,Jerusalem,1,-1,0,0,stop,3,0,qwen3.6-27b,Answer: Jerusalem,"What is the capital city of Israel?

1 2 3 4 5 6 7 8 9 10 11 12 13 14 15 16 17 18 19 20 21 22 23 24 25 26 27 28 29 30 31 32 33 34 35 36 37 38 39 40 41 42 43 44 45 46 47 48 49 50 51 52 53 54 55 56 57 58 59 60 61 62 63 64 65 66 67 68 69 70 71 72 73 74 75 76 77 78 79 80 81 82 83 84 85 86 87 88 89 90 91 92 93 94 95 96 97 98 99 100",824290280
facts,default,1,filler,66,Bucharest,Bucharest,1,-1,0,0,stop,5,0,qwen3.6-27b,Answer: Bucharest,"What is the capital city of Romania?

1 2 3 4 5 6 7 8 9 10 11 12 13 14 15 16 17 18 19 20 21 22 23 24 25 26 27 28 29 30 31 32 33 34 35 36 37 38 39 40 41 42 43 44 45 46 47 48 49 50 51 52 53 54 55 56 57 58 59 60 61 62 63 64 65 66 67 68 69 70 71 72 73 74 75 76 77 78 79 80 81 82 83 84 85 86 87 88 89 90 91 92 93 94 95 96 97 98 99 100",2821257810
facts,default,1,filler,67,Bucharest,Bucharest,1,-1,0,0,stop,5,0,qwen3.6-27b,Answer: Bucharest,"What is the capital city of Romania?

1 2 3 4 5 6 7 8 9 10 11 12 13 14 15 16 17 18 19 20 21 22 23 24 25 26 27 28 29 30 31 32 33 34 35 36 37 38 39 40 41 42 43 44 45 46 47 48 49 50 51 52 53 54 55 56 57 58 59 60 61 62 63 64 65 66 67 68 69 70 71 72 73 74 75 76 77 78 79 80 81 82 83 84 85 86 87 88 89 90 91 92 93 94 95 96 97 98 99 100",3744451268
facts,default,1,filler,68,Bucharest,Bucharest,1,-1,0,0,stop,5,0,qwen3.6-27b,Answer: Bucharest,"What is the capital city of Romania?

1 2 3 4 5 6 7 8 9 10 11 12 13 14 15 16 17 18 19 20 21 22 23 24 25 26 27 28 29 30 31 32 33 34 35 36 37 38 39 40 41 42 43 44 45 46 47 48 49 50 51 52 53 54 55 56 57 58 59 60 61 62 63 64 65 66 67 68 69 70 71 72 73 74 75 76 77 78 79 80 81 82 83 84 85 86 87 88 89 90 91 92 93 94 95 96 97 98 99 100",1334892373
facts,default,1,filler,69,Tokyo,Tokyo,1,-1,0,0,stop,4,0,qwen3.6-27b,Answer: Tokyo,"What is the capital city of Japan?

1 2 3 4 5 6 7 8 9 10 11 12 13 14 15 16 17 18 19 20 21 22 23 24 25 26 27 28 29 30 31 32 33 34 35 36 37 38 39 40 41 42 43 44 45 46 47 48 49 50 51 52 53 54 55 56 57 58 59 60 61 62 63 64 65 66 67 68 69 70 71 72 73 74 75 76 77 78 79 80 81 82 83 84 85 86 87 88 89 90 91 92 93 94 95 96 97 98 99 100",949479363
facts,default,1,filler,70,Accra,Accra,1,-1,0,0,stop,4,0,qwen3.6-27b,Answer: Accra,"What is the capital city of Ghana?

1 2 3 4 5 6 7 8 9 10 11 12 13 14 15 16 17 18 19 20 21 22 23 24 25 26 27 28 29 30 31 32 33 34 35 36 37 38 39 40 41 42 43 44 45 46 47 48 49 50 51 52 53 54 55 56 57 58 59 60 61 62 63 64 65 66 67 68 69 70 71 72 73 74 75 76 77 78 79 80 81 82 83 84 85 86 87 88 89 90 91 92 93 94 95 96 97 98 99 100",1481666086
facts,default,1,filler,71,Sofia,Sofia,1,-1,0,0,stop,3,0,qwen3.6-27b,Answer: Sofia,"What is the capital city of Bulgaria?

1 2 3 4 5 6 7 8 9 10 11 12 13 14 15 16 17 18 19 20 21 22 23 24 25 26 27 28 29 30 31 32 33 34 35 36 37 38 39 40 41 42 43 44 45 46 47 48 49 50 51 52 53 54 55 56 57 58 59 60 61 62 63 64 65 66 67 68 69 70 71 72 73 74 75 76 77 78 79 80 81 82 83 84 85 86 87 88 89 90 91 92 93 94 95 96 97 98 99 100",794255024
facts,default,1,filler,72,Lima,Lima,1,-1,0,0,stop,4,0,qwen3.6-27b,Answer: Lima,"What is the capital city of Peru?

1 2 3 4 5 6 7 8 9 10 11 12 13 14 15 16 17 18 19 20 21 22 23 24 25 26 27 28 29 30 31 32 33 34 35 36 37 38 39 40 41 42 43 44 45 46 47 48 49 50 51 52 53 54 55 56 57 58 59 60 61 62 63 64 65 66 67 68 69 70 71 72 73 74 75 76 77 78 79 80 81 82 83 84 85 86 87 88 89 90 91 92 93 94 95 96 97 98 99 100",3059617546
facts,default,1,filler,73,Pretoria,Pretoria,1,-1,0,0,stop,5,0,qwen3.6-27b,Answer: Pretoria,"What is the capital city of South Africa?

1 2 3 4 5 6 7 8 9 10 11 12 13 14 15 16 17 18 19 20 21 22 23 24 25 26 27 28 29 30 31 32 33 34 35 36 37 38 39 40 41 42 43 44 45 46 47 48 49 50 51 52 53 54 55 56 57 58 59 60 61 62 63 64 65 66 67 68 69 70 71 72 73 74 75 76 77 78 79 80 81 82 83 84 85 86 87 88 89 90 91 92 93 94 95 96 97 98 99 100",3243851676
facts,default,1,filler,74,Lima,Lima,1,-1,0,0,stop,4,0,qwen3.6-27b,Answer: Lima,"What is the capital city of Peru?

1 2 3 4 5 6 7 8 9 10 11 12 13 14 15 16 17 18 19 20 21 22 23 24 25 26 27 28 29 30 31 32 33 34 35 36 37 38 39 40 41 42 43 44 45 46 47 48 49 50 51 52 53 54 55 56 57 58 59 60 61 62 63 64 65 66 67 68 69 70 71 72 73 74 75 76 77 78 79 80 81 82 83 84 85 86 87 88 89 90 91 92 93 94 95 96 97 98 99 100",1597876799
facts,default,1,filler,75,Kyiv,Kyiv,1,-1,0,0,stop,5,0,qwen3.6-27b,Answer: Kyiv,"What is the capital city of Ukraine?

1 2 3 4 5 6 7 8 9 10 11 12 13 14 15 16 17 18 19 20 21 22 23 24 25 26 27 28 29 30 31 32 33 34 35 36 37 38 39 40 41 42 43 44 45 46 47 48 49 50 51 52 53 54 55 56 57 58 59 60 61 62 63 64 65 66 67 68 69 70 71 72 73 74 75 76 77 78 79 80 81 82 83 84 85 86 87 88 89 90 91 92 93 94 95 96 97 98 99 100",674929321
facts,default,1,filler,76,Stockholm,Stockholm,1,-1,0,0,stop,4,0,qwen3.6-27b,Answer: Stockholm,"What is the capital city of Sweden?

1 2 3 4 5 6 7 8 9 10 11 12 13 14 15 16 17 18 19 20 21 22 23 24 25 26 27 28 29 30 31 32 33 34 35 36 37 38 39 40 41 42 43 44 45 46 47 48 49 50 51 52 53 54 55 56 57 58 59 60 61 62 63 64 65 66 67 68 69 70 71 72 73 74 75 76 77 78 79 80 81 82 83 84 85 86 87 88 89 90 91 92 93 94 95 96 97 98 99 100",2972961555
facts,default,1,filler,77,Phnom Penh,Phnom,0,-1,0,0,stop,6,0,qwen3.6-27b,Answer: Phnom Penh,"What is the capital city of Cambodia?

1 2 3 4 5 6 7 8 9 10 11 12 13 14 15 16 17 18 19 20 21 22 23 24 25 26 27 28 29 30 31 32 33 34 35 36 37 38 39 40 41 42 43 44 45 46 47 48 49 50 51 52 53 54 55 56 57 58 59 60 61 62 63 64 65 66 67 68 69 70 71 72 73 74 75 76 77 78 79 80 81 82 83 84 85 86 87 88 89 90 91 92 93 94 95 96 97 98 99 100",3325361029
facts,default,1,filler,78,Stockholm,Stockholm,1,-1,0,0,stop,4,0,qwen3.6-27b,Answer: Stockholm,"What is the capital city of Sweden?

1 2 3 4 5 6 7 8 9 10 11 12 13 14 15 16 17 18 19 20 21 22 23 24 25 26 27 28 29 30 31 32 33 34 35 36 37 38 39 40 41 42 43 44 45 46 47 48 49 50 51 52 53 54 55 56 57 58 59 60 61 62 63 64 65 66 67 68 69 70 71 72 73 74 75 76 77 78 79 80 81 82 83 84 85 86 87 88 89 90 91 92 93 94 95 96 97 98 99 100",1452008980
facts,default,1,filler,79,Vientiane,Vientiane,1,-1,0,0,stop,6,0,qwen3.6-27b,Answer: Vientiane,"What is the capital city of Laos?

1 2 3 4 5 6 7 8 9 10 11 12 13 14 15 16 17 18 19 20 21 22 23 24 25 26 27 28 29 30 31 32 33 34 35 36 37 38 39 40 41 42 43 44 45 46 47 48 49 50 51 52 53 54 55 56 57 58 59 60 61 62 63 64 65 66 67 68 69 70 71 72 73 74 75 76 77 78 79 80 81 82 83 84 85 86 87 88 89 90 91 92 93 94 95 96 97 98 99 100",562878082
facts,default,1,filler,80,Addis Ababa,Addis,0,-1,0,0,stop,7,0,qwen3.6-27b,Answer: Addis Ababa,"What is the capital city of Ethiopia?

1 2 3 4 5 6 7 8 9 10 11 12 13 14 15 16 17 18 19 20 21 22 23 24 25 26 27 28 29 30 31 32 33 34 35 36 37 38 39 40 41 42 43 44 45 46 47 48 49 50 51 52 53 54 55 56 57 58 59 60 61 62 63 64 65 66 67 68 69 70 71 72 73 74 75 76 77 78 79 80 81 82 83 84 85 86 87 88 89 90 91 92 93 94 95 96 97 98 99 100",3754455785
facts,default,1,filler,81,Tokyo,Tokyo,1,-1,0,0,stop,4,0,qwen3.6-27b,Answer: Tokyo,"What is the capital city of Japan?

1 2 3 4 5 6 7 8 9 10 11 12 13 14 15 16 17 18 19 20 21 22 23 24 25 26 27 28 29 30 31 32 33 34 35 36 37 38 39 40 41 42 43 44 45 46 47 48 49 50 51 52 53 54 55 56 57 58 59 60 61 62 63 64 65 66 67 68 69 70 71 72 73 74 75 76 77 78 79 80 81 82 83 84 85 86 87 88 89 90 91 92 93 94 95 96 97 98 99 100",2832155263
facts,default,1,filler,82,Bangkok,Bangkok,1,-1,0,0,stop,4,0,qwen3.6-27b,Answer: Bangkok,"What is the capital city of Thailand?

1 2 3 4 5 6 7 8 9 10 11 12 13 14 15 16 17 18 19 20 21 22 23 24 25 26 27 28 29 30 31 32 33 34 35 36 37 38 39 40 41 42 43 44 45 46 47 48 49 50 51 52 53 54 55 56 57 58 59 60 61 62 63 64 65 66 67 68 69 70 71 72 73 74 75 76 77 78 79 80 81 82 83 84 85 86 87 88 89 90 91 92 93 94 95 96 97 98 99 100",835064773
facts,default,1,filler,83,Moscow,Moscow,1,-1,0,0,stop,4,0,qwen3.6-27b,Answer: Moscow,"What is the capital city of Russia?

1 2 3 4 5 6 7 8 9 10 11 12 13 14 15 16 17 18 19 20 21 22 23 24 25 26 27 28 29 30 31 32 33 34 35 36 37 38 39 40 41 42 43 44 45 46 47 48 49 50 51 52 53 54 55 56 57 58 59 60 61 62 63 64 65 66 67 68 69 70 71 72 73 74 75 76 77 78 79 80 81 82 83 84 85 86 87 88 89 90 91 92 93 94 95 96 97 98 99 100",1187062611
facts,default,1,filler,84,Budapest,Budapest,1,-1,0,0,stop,4,0,qwen3.6-27b,Answer: Budapest,"What is the capital city of Hungary?

1 2 3 4 5 6 7 8 9 10 11 12 13 14 15 16 17 18 19 20 21 22 23 24 25 26 27 28 29 30 31 32 33 34 35 36 37 38 39 40 41 42 43 44 45 46 47 48 49 50 51 52 53 54 55 56 57 58 59 60 61 62 63 64 65 66 67 68 69 70 71 72 73 74 75 76 77 78 79 80 81 82 83 84 85 86 87 88 89 90 91 92 93 94 95 96 97 98 99 100",3634738928
facts,default,1,filler,85,Moscow,Moscow,1,-1,0,0,stop,4,0,qwen3.6-27b,Answer: Moscow,"What is the capital city of Russia?

1 2 3 4 5 6 7 8 9 10 11 12 13 14 15 16 17 18 19 20 21 22 23 24 25 26 27 28 29 30 31 32 33 34 35 36 37 38 39 40 41 42 43 44 45 46 47 48 49 50 51 52 53 54 55 56 57 58 59 60 61 62 63 64 65 66 67 68 69 70 71 72 73 74 75 76 77 78 79 80 81 82 83 84 85 86 87 88 89 90 91 92 93 94 95 96 97 98 99 100",2946664038
facts,default,1,filler,86,Beijing,Beijing,1,-1,0,0,stop,4,0,qwen3.6-27b,Answer: Beijing,"What is the capital city of China?

1 2 3 4 5 6 7 8 9 10 11 12 13 14 15 16 17 18 19 20 21 22 23 24 25 26 27 28 29 30 31 32 33 34 35 36 37 38 39 40 41 42 43 44 45 46 47 48 49 50 51 52 53 54 55 56 57 58 59 60 61 62 63 64 65 66 67 68 69 70 71 72 73 74 75 76 77 78 79 80 81 82 83 84 85 86 87 88 89 90 91 92 93 94 95 96 97 98 99 100",917231580
facts,default,1,filler,87,Astana,Astana,1,-1,0,0,stop,5,0,qwen3.6-27b,Answer: Astana,"What is the capital city of Kazakhstan?

1 2 3 4 5 6 7 8 9 10 11 12 13 14 15 16 17 18 19 20 21 22 23 24 25 26 27 28 29 30 31 32 33 34 35 36 37 38 39 40 41 42 43 44 45 46 47 48 49 50 51 52 53 54 55 56 57 58 59 60 61 62 63 64 65 66 67 68 69 70 71 72 73 74 75 76 77 78 79 80 81 82 83 84 85 86 87 88 89 90 91 92 93 94 95 96 97 98 99 100",1101850442
facts,default,1,filler,88,Tokyo,Tokyo,1,-1,0,0,stop,4,0,qwen3.6-27b,Answer: Tokyo,"What is the capital city of Japan?

1 2 3 4 5 6 7 8 9 10 11 12 13 14 15 16 17 18 19 20 21 22 23 24 25 26 27 28 29 30 31 32 33 34 35 36 37 38 39 40 41 42 43 44 45 46 47 48 49 50 51 52 53 54 55 56 57 58 59 60 61 62 63 64 65 66 67 68 69 70 71 72 73 74 75 76 77 78 79 80 81 82 83 84 85 86 87 88 89 90 91 92 93 94 95 96 97 98 99 100",3507747547
facts,default,1,filler,89,Accra,Accra,1,-1,0,0,stop,5,0,qwen3.6-27b,Answer: Accra,"What is the capital city of Ghana?

1 2 3 4 5 6 7 8 9 10 11 12 13 14 15 16 17 18 19 20 21 22 23 24 25 26 27 28 29 30 31 32 33 34 35 36 37 38 39 40 41 42 43 44 45 46 47 48 49 50 51 52 53 54 55 56 57 58 59 60 61 62 63 64 65 66 67 68 69 70 71 72 73 74 75 76 77 78 79 80 81 82 83 84 85 86 87 88 89 90 91 92 93 94 95 96 97 98 99 100",2786380365
facts,default,1,filler,90,Seoul,Seoul,1,-1,0,0,stop,4,0,qwen3.6-27b,Answer: Seoul,"What is the capital city of South Korea?

1 2 3 4 5 6 7 8 9 10 11 12 13 14 15 16 17 18 19 20 21 22 23 24 25 26 27 28 29 30 31 32 33 34 35 36 37 38 39 40 41 42 43 44 45 46 47 48 49 50 51 52 53 54 55 56 57 58 59 60 61 62 63 64 65 66 67 68 69 70 71 72 73 74 75 76 77 78 79 80 81 82 83 84 85 86 87 88 89 90 91 92 93 94 95 96 97 98 99 100",3335734184
facts,default,1,filler,91,Bangkok,Bangkok,1,-1,0,0,stop,3,0,qwen3.6-27b,Answer: Bangkok,"What is the capital city of Thailand?

1 2 3 4 5 6 7 8 9 10 11 12 13 14 15 16 17 18 19 20 21 22 23 24 25 26 27 28 29 30 31 32 33 34 35 36 37 38 39 40 41 42 43 44 45 46 47 48 49 50 51 52 53 54 55 56 57 58 59 60 61 62 63 64 65 66 67 68 69 70 71 72 73 74 75 76 77 78 79 80 81 82 83 84 85 86 87 88 89 90 91 92 93 94 95 96 97 98 99 100",2983490366
facts,default,1,filler,92,Beijing,Beijing,1,-1,0,0,stop,4,0,qwen3.6-27b,Answer: Beijing,"What is the capital city of China?

1 2 3 4 5 6 7 8 9 10 11 12 13 14 15 16 17 18 19 20 21 22 23 24 25 26 27 28 29 30 31 32 33 34 35 36 37 38 39 40 41 42 43 44 45 46 47 48 49 50 51 52 53 54 55 56 57 58 59 60 61 62 63 64 65 66 67 68 69 70 71 72 73 74 75 76 77 78 79 80 81 82 83 84 85 86 87 88 89 90 91 92 93 94 95 96 97 98 99 100",685580932
facts,default,1,filler,93,Yerevan,Yerevan,1,-1,0,0,stop,5,0,qwen3.6-27b,Answer: Yerevan,"What is the capital city of Armenia?

1 2 3 4 5 6 7 8 9 10 11 12 13 14 15 16 17 18 19 20 21 22 23 24 25 26 27 28 29 30 31 32 33 34 35 36 37 38 39 40 41 42 43 44 45 46 47 48 49 50 51 52 53 54 55 56 57 58 59 60 61 62 63 64 65 66 67 68 69 70 71 72 73 74 75 76 77 78 79 80 81 82 83 84 85 86 87 88 89 90 91 92 93 94 95 96 97 98 99 100",1608126994
facts,default,1,filler,94,Yerevan,Yerevan,1,-1,0,0,stop,6,0,qwen3.6-27b,Answer: Yerevan,"What is the capital city of Armenia?

1 2 3 4 5 6 7 8 9 10 11 12 13 14 15 16 17 18 19 20 21 22 23 24 25 26 27 28 29 30 31 32 33 34 35 36 37 38 39 40 41 42 43 44 45 46 47 48 49 50 51 52 53 54 55 56 57 58 59 60 61 62 63 64 65 66 67 68 69 70 71 72 73 74 75 76 77 78 79 80 81 82 83 84 85 86 87 88 89 90 91 92 93 94 95 96 97 98 99 100",3250489265
facts,default,1,filler,95,Stockholm,Stockholm,1,-1,0,0,stop,4,0,qwen3.6-27b,Answer: Stockholm,"What is the capital city of Sweden?

1 2 3 4 5 6 7 8 9 10 11 12 13 14 15 16 17 18 19 20 21 22 23 24 25 26 27 28 29 30 31 32 33 34 35 36 37 38 39 40 41 42 43 44 45 46 47 48 49 50 51 52 53 54 55 56 57 58 59 60 61 62 63 64 65 66 67 68 69 70 71 72 73 74 75 76 77 78 79 80 81 82 83 84 85 86 87 88 89 90 91 92 93 94 95 96 97 98 99 100",3065624359
facts,default,1,filler,96,Warsaw,Warsaw,1,-1,0,0,stop,4,0,qwen3.6-27b,Answer: Warsaw,"What is the capital city of Poland?

1 2 3 4 5 6 7 8 9 10 11 12 13 14 15 16 17 18 19 20 21 22 23 24 25 26 27 28 29 30 31 32 33 34 35 36 37 38 39 40 41 42 43 44 45 46 47 48 49 50 51 52 53 54 55 56 57 58 59 60 61 62 63 64 65 66 67 68 69 70 71 72 73 74 75 76 77 78 79 80 81 82 83 84 85 86 87 88 89 90 91 92 93 94 95 96 97 98 99 100",800122525
facts,default,1,filler,97,Jakarta,Jakarta,1,-1,0,0,stop,4,0,qwen3.6-27b,Answer: Jakarta,"What is the capital city of Indonesia?

1 2 3 4 5 6 7 8 9 10 11 12 13 14 15 16 17 18 19 20 21 22 23 24 25 26 27 28 29 30 31 32 33 34 35 36 37 38 39 40 41 42 43 44 45 46 47 48 49 50 51 52 53 54 55 56 57 58 59 60 61 62 63 64 65 66 67 68 69 70 71 72 73 74 75 76 77 78 79 80 81 82 83 84 85 86 87 88 89 90 91 92 93 94 95 96 97 98 99 100",1488442891
facts,default,1,filler,98,Bangkok,Bangkok,1,-1,0,0,stop,4,0,qwen3.6-27b,Answer: Bangkok,"What is the capital city of Thailand?

1 2 3 4 5 6 7 8 9 10 11 12 13 14 15 16 17 18 19 20 21 22 23 24 25 26 27 28 29 30 31 32 33 34 35 36 37 38 39 40 41 42 43 44 45 46 47 48 49 50 51 52 53 54 55 56 57 58 59 60 61 62 63 64 65 66 67 68 69 70 71 72 73 74 75 76 77 78 79 80 81 82 83 84 85 86 87 88 89 90 91 92 93 94 95 96 97 98 99 100",3356019610
facts,default,1,filler,99,Tbilisi,Tbilisi,1,-1,0,0,stop,6,0,qwen3.6-27b,Answer: Tbilisi,"What is the capital city of Georgia?

1 2 3 4 5 6 7 8 9 10 11 12 13 14 15 16 17 18 19 20 21 22 23 24 25 26 27 28 29 30 31 32 33 34 35 36 37 38 39 40 41 42 43 44 45 46 47 48 49 50 51 52 53 54 55 56 57 58 59 60 61 62 63 64 65 66 67 68 69 70 71 72 73 74 75 76 77 78 79 80 81 82 83 84 85 86 87 88 89 90 91 92 93 94 95 96 97 98 99 100",3205495564
facts,default,1,filler,100,Bangkok,Bangkok,1,-1,0,0,stop,4,0,qwen3.6-27b,Answer: Bangkok,"What is the capital city of Thailand?

1 2 3 4 5 6 7 8 9 10 11 12 13 14 15 16 17 18 19 20 21 22 23 24 25 26 27 28 29 30 31 32 33 34 35 36 37 38 39 40 41 42 43 44 45 46 47 48 49 50 51 52 53 54 55 56 57 58 59 60 61 62 63 64 65 66 67 68 69 70 71 72 73 74 75 76 77 78 79 80 81 82 83 84 85 86 87 88 89 90 91 92 93 94 95 96 97 98 99 100",570652160
facts,default,1,filler,101,Bucharest,Bucharest,1,-1,0,0,stop,5,0,qwen3.6-27b,Answer: Bucharest,"What is the capital city of Romania?

1 2 3 4 5 6 7 8 9 10 11 12 13 14 15 16 17 18 19 20 21 22 23 24 25 26 27 28 29 30 31 32 33 34 35 36 37 38 39 40 41 42 43 44 45 46 47 48 49 50 51 52 53 54 55 56 57 58 59 60 61 62 63 64 65 66 67 68 69 70 71 72 73 74 75 76 77 78 79 80 81 82 83 84 85 86 87 88 89 90 91 92 93 94 95 96 97 98 99 100",1426343574
facts,default,1,filler,102,Yerevan,Yerevan,1,-1,0,0,stop,6,0,qwen3.6-27b,Answer: Yerevan,"What is the capital city of Armenia?

1 2 3 4 5 6 7 8 9 10 11 12 13 14 15 16 17 18 19 20 21 22 23 24 25 26 27 28 29 30 31 32 33 34 35 36 37 38 39 40 41 42 43 44 45 46 47 48 49 50 51 52 53 54 55 56 57 58 59 60 61 62 63 64 65 66 67 68 69 70 71 72 73 74 75 76 77 78 79 80 81 82 83 84 85 86 87 88 89 90 91 92 93 94 95 96 97 98 99 100",3423409964
facts,default,1,filler,103,Prague,Prague,1,-1,0,0,stop,4,0,qwen3.6-27b,Answer: Prague,"What is the capital city of Czechia?

1 2 3 4 5 6 7 8 9 10 11 12 13 14 15 16 17 18 19 20 21 22 23 24 25 26 27 28 29 30 31 32 33 34 35 36 37 38 39 40 41 42 43 44 45 46 47 48 49 50 51 52 53 54 55 56 57 58 59 60 61 62 63 64 65 66 67 68 69 70 71 72 73 74 75 76 77 78 79 80 81 82 83 84 85 86 87 88 89 90 91 92 93 94 95 96 97 98 99 100",3138004922
facts,default,1,filler,104,Jerusalem,Jerusalem,1,-1,0,0,stop,4,0,qwen3.6-27b,Answer: Jerusalem,"What is the capital city of Israel?

1 2 3 4 5 6 7 8 9 10 11 12 13 14 15 16 17 18 19 20 21 22 23 24 25 26 27 28 29 30 31 32 33 34 35 36 37 38 39 40 41 42 43 44 45 46 47 48 49 50 51 52 53 54 55 56 57 58 59 60 61 62 63 64 65 66 67 68 69 70 71 72 73 74 75 76 77 78 79 80 81 82 83 84 85 86 87 88 89 90 91 92 93 94 95 96 97 98 99 100",628011545
facts,default,1,filler,105,Warsaw,Warsaw,1,-1,0,0,stop,4,0,qwen3.6-27b,Answer: Warsaw,"What is the capital city of Poland?

1 2 3 4 5 6 7 8 9 10 11 12 13 14 15 16 17 18 19 20 21 22 23 24 25 26 27 28 29 30 31 32 33 34 35 36 37 38 39 40 41 42 43 44 45 46 47 48 49 50 51 52 53 54 55 56 57 58 59 60 61 62 63 64 65 66 67 68 69 70 71 72 73 74 75 76 77 78 79 80 81 82 83 84 85 86 87 88 89 90 91 92 93 94 95 96 97 98 99 100",1382646415
facts,default,1,filler,106,Sofia,Sofia,1,-1,0,0,stop,3,0,qwen3.6-27b,Answer: Sofia,"What is the capital city of Bulgaria?

1 2 3 4 5 6 7 8 9 10 11 12 13 14 15 16 17 18 19 20 21 22 23 24 25 26 27 28 29 30 31 32 33 34 35 36 37 38 39 40 41 42 43 44 45 46 47 48 49 50 51 52 53 54 55 56 57 58 59 60 61 62 63 64 65 66 67 68 69 70 71 72 73 74 75 76 77 78 79 80 81 82 83 84 85 86 87 88 89 90 91 92 93 94 95 96 97 98 99 100",3412120373
facts,default,1,filler,107,Bangkok,Bangkok,1,-1,0,0,stop,4,0,qwen3.6-27b,Answer: Bangkok,"What is the capital city of Thailand?

1 2 3 4 5 6 7 8 9 10 11 12 13 14 15 16 17 18 19 20 21 22 23 24 25 26 27 28 29 30 31 32 33 34 35 36 37 38 39 40 41 42 43 44 45 46 47 48 49 50 51 52 53 54 55 56 57 58 59 60 61 62 63 64 65 66 67 68 69 70 71 72 73 74 75 76 77 78 79 80 81 82 83 84 85 86 87 88 89 90 91 92 93 94 95 96 97 98 99 100",3160925091
facts,default,1,filler,108,Jerusalem,Jerusalem,1,-1,0,0,stop,4,0,qwen3.6-27b,Answer: Jerusalem,"What is the capital city of Israel?

1 2 3 4 5 6 7 8 9 10 11 12 13 14 15 16 17 18 19 20 21 22 23 24 25 26 27 28 29 30 31 32 33 34 35 36 37 38 39 40 41 42 43 44 45 46 47 48 49 50 51 52 53 54 55 56 57 58 59 60 61 62 63 64 65 66 67 68 69 70 71 72 73 74 75 76 77 78 79 80 81 82 83 84 85 86 87 88 89 90 91 92 93 94 95 96 97 98 99 100",752418354
facts,default,1,filler,109,Bucharest,Bucharest,1,-1,0,0,stop,5,0,qwen3.6-27b,Answer: Bucharest,"What is the capital city of Romania?

1 2 3 4 5 6 7 8 9 10 11 12 13 14 15 16 17 18 19 20 21 22 23 24 25 26 27 28 29 30 31 32 33 34 35 36 37 38 39 40 41 42 43 44 45 46 47 48 49 50 51 52 53 54 55 56 57 58 59 60 61 62 63 64 65 66 67 68 69 70 71 72 73 74 75 76 77 78 79 80 81 82 83 84 85 86 87 88 89 90 91 92 93 94 95 96 97 98 99 100",1541394084
facts,default,1,filler,110,Tokyo,Tokyo,1,-1,0,0,stop,4,0,qwen3.6-27b,Answer: Tokyo,"What is the capital city of Japan?

1 2 3 4 5 6 7 8 9 10 11 12 13 14 15 16 17 18 19 20 21 22 23 24 25 26 27 28 29 30 31 32 33 34 35 36 37 38 39 40 41 42 43 44 45 46 47 48 49 50 51 52 53 54 55 56 57 58 59 60 61 62 63 64 65 66 67 68 69 70 71 72 73 74 75 76 77 78 79 80 81 82 83 84 85 86 87 88 89 90 91 92 93 94 95 96 97 98 99 100",991446849
facts,default,1,filler,111,Seoul,Seoul,1,-1,0,0,stop,4,0,qwen3.6-27b,Answer: Seoul,"What is the capital city of South Korea?

1 2 3 4 5 6 7 8 9 10 11 12 13 14 15 16 17 18 19 20 21 22 23 24 25 26 27 28 29 30 31 32 33 34 35 36 37 38 39 40 41 42 43 44 45 46 47 48 49 50 51 52 53 54 55 56 57 58 59 60 61 62 63 64 65 66 67 68 69 70 71 72 73 74 75 76 77 78 79 80 81 82 83 84 85 86 87 88 89 90 91 92 93 94 95 96 97 98 99 100",1277130711
facts,default,1,filler,112,Vientiane,Vientiane,1,-1,0,0,stop,6,0,qwen3.6-27b,Answer: Vientiane,"What is the capital city of Laos?

1 2 3 4 5 6 7 8 9 10 11 12 13 14 15 16 17 18 19 20 21 22 23 24 25 26 27 28 29 30 31 32 33 34 35 36 37 38 39 40 41 42 43 44 45 46 47 48 49 50 51 52 53 54 55 56 57 58 59 60 61 62 63 64 65 66 67 68 69 70 71 72 73 74 75 76 77 78 79 80 81 82 83 84 85 86 87 88 89 90 91 92 93 94 95 96 97 98 99 100",3574998637
facts,default,1,filler,113,Baku,Baku,1,-1,0,0,stop,5,0,qwen3.6-27b,Answer: Baku,"What is the capital city of Azerbaijan?

1 2 3 4 5 6 7 8 9 10 11 12 13 14 15 16 17 18 19 20 21 22 23 24 25 26 27 28 29 30 31 32 33 34 35 36 37 38 39 40 41 42 43 44 45 46 47 48 49 50 51 52 53 54 55 56 57 58 59 60 61 62 63 64 65 66 67 68 69 70 71 72 73 74 75 76 77 78 79 80 81 82 83 84 85 86 87 88 89 90 91 92 93 94 95 96 97 98 99 100",2719028987
facts,default,1,filler,114,Stockholm,Stockholm,1,-1,0,0,stop,4,0,qwen3.6-27b,Answer: Stockholm,"What is the capital city of Sweden?

1 2 3 4 5 6 7 8 9 10 11 12 13 14 15 16 17 18 19 20 21 22 23 24 25 26 27 28 29 30 31 32 33 34 35 36 37 38 39 40 41 42 43 44 45 46 47 48 49 50 51 52 53 54 55 56 57 58 59 60 61 62 63 64 65 66 67 68 69 70 71 72 73 74 75 76 77 78 79 80 81 82 83 84 85 86 87 88 89 90 91 92 93 94 95 96 97 98 99 100",1014334296
facts,default,1,filler,115,Tbilisi,Tbilisi,1,-1,0,0,stop,6,0,qwen3.6-27b,Answer: Tbilisi,"What is the capital city of Georgia?

1 2 3 4 5 6 7 8 9 10 11 12 13 14 15 16 17 18 19 20 21 22 23 24 25 26 27 28 29 30 31 32 33 34 35 36 37 38 39 40 41 42 43 44 45 46 47 48 49 50 51 52 53 54 55 56 57 58 59 60 61 62 63 64 65 66 67 68 69 70 71 72 73 74 75 76 77 78 79 80 81 82 83 84 85 86 87 88 89 90 91 92 93 94 95 96 97 98 99 100",1265808334
facts,default,1,filler,116,Lima,Lima,1,-1,0,0,stop,4,0,qwen3.6-27b,Answer: Lima,"What is the capital city of Peru?

1 2 3 4 5 6 7 8 9 10 11 12 13 14 15 16 17 18 19 20 21 22 23 24 25 26 27 28 29 30 31 32 33 34 35 36 37 38 39 40 41 42 43 44 45 46 47 48 49 50 51 52 53 54 55 56 57 58 59 60 61 62 63 64 65 66 67 68 69 70 71 72 73 74 75 76 77 78 79 80 81 82 83 84 85 86 87 88 89 90 91 92 93 94 95 96 97 98 99 100",3531334260
facts,default,1,filler,117,Kabul,Kabul,1,-1,0,0,stop,3,0,qwen3.6-27b,Answer: Kabul,"What is the capital city of Afghanistan?

1 2 3 4 5 6 7 8 9 10 11 12 13 14 15 16 17 18 19 20 21 22 23 24 25 26 27 28 29 30 31 32 33 34 35 36 37 38 39 40 41 42 43 44 45 46 47 48 49 50 51 52 53 54 55 56 57 58 59 60 61 62 63 64 65 66 67 68 69 70 71 72 73 74 75 76 77 78 79 80 81 82 83 84 85 86 87 88 89 90 91 92 93 94 95 96 97 98 99 100",2776421090
facts,default,1,filler,118,Yerevan,Yerevan,1,-1,0,0,stop,6,0,qwen3.6-27b,Answer: Yerevan,"What is the capital city of Armenia?

1 2 3 4 5 6 7 8 9 10 11 12 13 14 15 16 17 18 19 20 21 22 23 24 25 26 27 28 29 30 31 32 33 34 35 36 37 38 39 40 41 42 43 44 45 46 47 48 49 50 51 52 53 54 55 56 57 58 59 60 61 62 63 64 65 66 67 68 69 70 71 72 73 74 75 76 77 78 79 80 81 82 83 84 85 86 87 88 89 90 91 92 93 94 95 96 97 98 99 100",902025075
facts,default,1,filler,119,Pretoria,Pretoria,1,-1,0,0,stop,5,0,qwen3.6-27b,Answer: Pretoria,"What is the capital city of South Africa?

1 2 3 4 5 6 7 8 9 10 11 12 13 14 15 16 17 18 19 20 21 22 23 24 25 26 27 28 29 30 31 32 33 34 35 36 37 38 39 40 41 42 43 44 45 46 47 48 49 50 51 52 53 54 55 56 57 58 59 60 61 62 63 64 65 66 67 68 69 70 71 72 73 74 75 76 77 78 79 80 81 82 83 84 85 86 87 88 89 90 91 92 93 94 95 96 97 98 99 100",1120206821
facts,default,1,filler,120,Yerevan,Yerevan,1,-1,0,0,stop,6,0,qwen3.6-27b,Answer: Yerevan,"What is the capital city of Armenia?

1 2 3 4 5 6 7 8 9 10 11 12 13 14 15 16 17 18 19 20 21 22 23 24 25 26 27 28 29 30 31 32 33 34 35 36 37 38 39 40 41 42 43 44 45 46 47 48 49 50 51 52 53 54 55 56 57 58 59 60 61 62 63 64 65 66 67 68 69 70 71 72 73 74 75 76 77 78 79 80 81 82 83 84 85 86 87 88 89 90 91 92 93 94 95 96 97 98 99 100",271914114
facts,default,1,filler,121,Yerevan,Yerevan,1,-1,0,0,stop,6,0,qwen3.6-27b,Answer: Yerevan,"What is the capital city of Armenia?

1 2 3 4 5 6 7 8 9 10 11 12 13 14 15 16 17 18 19 20 21 22 23 24 25 26 27 28 29 30 31 32 33 34 35 36 37 38 39 40 41 42 43 44 45 46 47 48 49 50 51 52 53 54 55 56 57 58 59 60 61 62 63 64 65 66 67 68 69 70 71 72 73 74 75 76 77 78 79 80 81 82 83 84 85 86 87 88 89 90 91 92 93 94 95 96 97 98 99 100",1731339284
facts,default,1,filler,122,Moscow,Moscow,1,-1,0,0,stop,4,0,qwen3.6-27b,Answer: Moscow,"What is the capital city of Russia?

1 2 3 4 5 6 7 8 9 10 11 12 13 14 15 16 17 18 19 20 21 22 23 24 25 26 27 28 29 30 31 32 33 34 35 36 37 38 39 40 41 42 43 44 45 46 47 48 49 50 51 52 53 54 55 56 57 58 59 60 61 62 63 64 65 66 67 68 69 70 71 72 73 74 75 76 77 78 79 80 81 82 83 84 85 86 87 88 89 90 91 92 93 94 95 96 97 98 99 100",4265309614
facts,default,1,filler,123,Jakarta,Jakarta,1,-1,0,0,stop,4,0,qwen3.6-27b,Answer: Jakarta,"What is the capital city of Indonesia?

1 2 3 4 5 6 7 8 9 10 11 12 13 14 15 16 17 18 19 20 21 22 23 24 25 26 27 28 29 30 31 32 33 34 35 36 37 38 39 40 41 42 43 44 45 46 47 48 49 50 51 52 53 54 55 56 57 58 59 60 61 62 63 64 65 66 67 68 69 70 71 72 73 74 75 76 77 78 79 80 81 82 83 84 85 86 87 88 89 90 91 92 93 94 95 96 97 98 99 100",2302428472
facts,default,1,filler,124,Lima,Lima,1,-1,0,0,stop,4,0,qwen3.6-27b,Answer: Lima,"What is the capital city of Peru?

1 2 3 4 5 6 7 8 9 10 11 12 13 14 15 16 17 18 19 20 21 22 23 24 25 26 27 28 29 30 31 32 33 34 35 36 37 38 39 40 41 42 43 44 45 46 47 48 49 50 51 52 53 54 55 56 57 58 59 60 61 62 63 64 65 66 67 68 69 70 71 72 73 74 75 76 77 78 79 80 81 82 83 84 85 86 87 88 89 90 91 92 93 94 95 96 97 98 99 100",391696539
facts,default,1,filler,125,Bucharest,Bucharest,1,-1,0,0,stop,5,0,qwen3.6-27b,Answer: Bucharest,"What is the capital city of Romania?

1 2 3 4 5 6 7 8 9 10 11 12 13 14 15 16 17 18 19 20 21 22 23 24 25 26 27 28 29 30 31 32 33 34 35 36 37 38 39 40 41 42 43 44 45 46 47 48 49 50 51 52 53 54 55 56 57 58 59 60 61 62 63 64 65 66 67 68 69 70 71 72 73 74 75 76 77 78 79 80 81 82 83 84 85 86 87 88 89 90 91 92 93 94 95 96 97 98 99 100",1616896013
facts,default,1,filler,126,Astana,Astana,1,-1,0,0,stop,5,0,qwen3.6-27b,Answer: Astana,"What is the capital city of Kazakhstan?

1 2 3 4 5 6 7 8 9 10 11 12 13 14 15 16 17 18 19 20 21 22 23 24 25 26 27 28 29 30 31 32 33 34 35 36 37 38 39 40 41 42 43 44 45 46 47 48 49 50 51 52 53 54 55 56 57 58 59 60 61 62 63 64 65 66 67 68 69 70 71 72 73 74 75 76 77 78 79 80 81 82 83 84 85 86 87 88 89 90 91 92 93 94 95 96 97 98 99 100",4183208375
facts,default,1,filler,127,Jakarta,Jakarta,1,-1,0,0,stop,4,0,qwen3.6-27b,Answer: Jakarta,"What is the capital city of Indonesia?

1 2 3 4 5 6 7 8 9 10 11 12 13 14 15 16 17 18 19 20 21 22 23 24 25 26 27 28 29 30 31 32 33 34 35 36 37 38 39 40 41 42 43 44 45 46 47 48 49 50 51 52 53 54 55 56 57 58 59 60 61 62 63 64 65 66 67 68 69 70 71 72 73 74 75 76 77 78 79 80 81 82 83 84 85 86 87 88 89 90 91 92 93 94 95 96 97 98 99 100",2387706145
facts,default,1,filler,128,Hanoi,Hanoi,1,-1,0,0,stop,5,0,qwen3.6-27b,Answer: Hanoi,"What is the capital city of Vietnam?

1 2 3 4 5 6 7 8 9 10 11 12 13 14 15 16 17 18 19 20 21 22 23 24 25 26 27 28 29 30 31 32 33 34 35 36 37 38 39 40 41 42 43 44 45 46 47 48 49 50 51 52 53 54 55 56 57 58 59 60 61 62 63 64 65 66 67 68 69 70 71 72 73 74 75 76 77 78 79 80 81 82 83 84 85 86 87 88 89 90 91 92 93 94 95 96 97 98 99 100",518954160
facts,default,1,filler,129,Kabul,Kabul,1,-1,0,0,stop,3,0,qwen3.6-27b,Answer: Kabul,"What is the capital city of Afghanistan?

1 2 3 4 5 6 7 8 9 10 11 12 13 14 15 16 17 18 19 20 21 22 23 24 25 26 27 28 29 30 31 32 33 34 35 36 37 38 39 40 41 42 43 44 45 46 47 48 49 50 51 52 53 54 55 56 57 58 59 60 61 62 63 64 65 66 67 68 69 70 71 72 73 74 75 76 77 78 79 80 81 82 83 84 85 86 87 88 89 90 91 92 93 94 95 96 97 98 99 100",1776921638
facts,default,1,filler,130,Caracas,Caracas,1,-1,0,0,stop,4,0,qwen3.6-27b,Answer: Caracas,"What is the capital city of Venezuela?

1 2 3 4 5 6 7 8 9 10 11 12 13 14 15 16 17 18 19 20 21 22 23 24 25 26 27 28 29 30 31 32 33 34 35 36 37 38 39 40 41 42 43 44 45 46 47 48 49 50 51 52 53 54 55 56 57 58 59 60 61 62 63 64 65 66 67 68 69 70 71 72 73 74 75 76 77 78 79 80 81 82 83 84 85 86 87 88 89 90 91 92 93 94 95 96 97 98 99 100",154019267
facts,default,1,filler,131,Yerevan,Yerevan,1,-1,0,0,stop,6,0,qwen3.6-27b,Answer: Yerevan,"What is the capital city of Armenia?

1 2 3 4 5 6 7 8 9 10 11 12 13 14 15 16 17 18 19 20 21 22 23 24 25 26 27 28 29 30 31 32 33 34 35 36 37 38 39 40 41 42 43 44 45 46 47 48 49 50 51 52 53 54 55 56 57 58 59 60 61 62 63 64 65 66 67 68 69 70 71 72 73 74 75 76 77 78 79 80 81 82 83 84 85 86 87 88 89 90 91 92 93 94 95 96 97 98 99 100",2116621653
facts,default,1,filler,132,Astana,Astana,1,-1,0,0,stop,5,0,qwen3.6-27b,Answer: Astana,"What is the capital city of Kazakhstan?

1 2 3 4 5 6 7 8 9 10 11 12 13 14 15 16 17 18 19 20 21 22 23 24 25 26 27 28 29 30 31 32 33 34 35 36 37 38 39 40 41 42 43 44 45 46 47 48 49 50 51 52 53 54 55 56 57 58 59 60 61 62 63 64 65 66 67 68 69 70 71 72 73 74 75 76 77 78 79 80 81 82 83 84 85 86 87 88 89 90 91 92 93 94 95 96 97 98 99 100",3877651695
facts,default,1,filler,133,Tbilisi,Tbilisi,1,-1,0,0,stop,6,0,qwen3.6-27b,Answer: Tbilisi,"What is the capital city of Georgia?

1 2 3 4 5 6 7 8 9 10 11 12 13 14 15 16 17 18 19 20 21 22 23 24 25 26 27 28 29 30 31 32 33 34 35 36 37 38 39 40 41 42 43 44 45 46 47 48 49 50 51 52 53 54 55 56 57 58 59 60 61 62 63 64 65 66 67 68 69 70 71 72 73 74 75 76 77 78 79 80 81 82 83 84 85 86 87 88 89 90 91 92 93 94 95 96 97 98 99 100",2418504825
facts,default,1,filler,134,Tbilisi,Tbilisi,1,-1,0,0,stop,5,0,qwen3.6-27b,Answer: Tbilisi,"What is the capital city of Georgia?

1 2 3 4 5 6 7 8 9 10 11 12 13 14 15 16 17 18 19 20 21 22 23 24 25 26 27 28 29 30 31 32 33 34 35 36 37 38 39 40 41 42 43 44 45 46 47 48 49 50 51 52 53 54 55 56 57 58 59 60 61 62 63 64 65 66 67 68 69 70 71 72 73 74 75 76 77 78 79 80 81 82 83 84 85 86 87 88 89 90 91 92 93 94 95 96 97 98 99 100",239329754
facts,default,1,filler,135,Accra,Accra,1,-1,0,0,stop,5,0,qwen3.6-27b,Answer: Accra,"What is the capital city of Ghana?

1 2 3 4 5 6 7 8 9 10 11 12 13 14 15 16 17 18 19 20 21 22 23 24 25 26 27 28 29 30 31 32 33 34 35 36 37 38 39 40 41 42 43 44 45 46 47 48 49 50 51 52 53 54 55 56 57 58 59 60 61 62 63 64 65 66 67 68 69 70 71 72 73 74 75 76 77 78 79 80 81 82 83 84 85 86 87 88 89 90 91 92 93 94 95 96 97 98 99 100",2034553164
facts,default,1,filler,136,Kyiv,Kyiv,1,-1,0,0,stop,5,0,qwen3.6-27b,Answer: Kyiv,"What is the capital city of Ukraine?

1 2 3 4 5 6 7 8 9 10 11 12 13 14 15 16 17 18 19 20 21 22 23 24 25 26 27 28 29 30 31 32 33 34 35 36 37 38 39 40 41 42 43 44 45 46 47 48 49 50 51 52 53 54 55 56 57 58 59 60 61 62 63 64 65 66 67 68 69 70 71 72 73 74 75 76 77 78 79 80 81 82 83 84 85 86 87 88 89 90 91 92 93 94 95 96 97 98 99 100",3763175670
facts,default,1,filler,137,Warsaw,Warsaw,1,-1,0,0,stop,4,0,qwen3.6-27b,Answer: Warsaw,"What is the capital city of Poland?

1 2 3 4 5 6 7 8 9 10 11 12 13 14 15 16 17 18 19 20 21 22 23 24 25 26 27 28 29 30 31 32 33 34 35 36 37 38 39 40 41 42 43 44 45 46 47 48 49 50 51 52 53 54 55 56 57 58 59 60 61 62 63 64 65 66 67 68 69 70 71 72 73 74 75 76 77 78 79 80 81 82 83 84 85 86 87 88 89 90 91 92 93 94 95 96 97 98 99 100",2538254432
facts,default,1,filler,138,Phnom Penh,Phnom,0,-1,0,0,stop,7,0,qwen3.6-27b,Answer: Phnom Penh,"What is the capital city of Cambodia?

1 2 3 4 5 6 7 8 9 10 11 12 13 14 15 16 17 18 19 20 21 22 23 24 25 26 27 28 29 30 31 32 33 34 35 36 37 38 39 40 41 42 43 44 45 46 47 48 49 50 51 52 53 54 55 56 57 58 59 60 61 62 63 64 65 66 67 68 69 70 71 72 73 74 75 76 77 78 79 80 81 82 83 84 85 86 87 88 89 90 91 92 93 94 95 96 97 98 99 100",133541361
facts,default,1,filler,139,Addis Ababa,Addis,0,-1,0,0,stop,7,0,qwen3.6-27b,Answer: Addis Ababa,"What is the capital city of Ethiopia?

1 2 3 4 5 6 7 8 9 10 11 12 13 14 15 16 17 18 19 20 21 22 23 24 25 26 27 28 29 30 31 32 33 34 35 36 37 38 39 40 41 42 43 44 45 46 47 48 49 50 51 52 53 54 55 56 57 58 59 60 61 62 63 64 65 66 67 68 69 70 71 72 73 74 75 76 77 78 79 80 81 82 83 84 85 86 87 88 89 90 91 92 93 94 95 96 97 98 99 100",1894948199
facts,default,1,filler,140,Bucharest,Bucharest,1,-1,0,0,stop,5,0,qwen3.6-27b,Answer: Bucharest,"What is the capital city of Romania?

1 2 3 4 5 6 7 8 9 10 11 12 13 14 15 16 17 18 19 20 21 22 23 24 25 26 27 28 29 30 31 32 33 34 35 36 37 38 39 40 41 42 43 44 45 46 47 48 49 50 51 52 53 54 55 56 57 58 59 60 61 62 63 64 65 66 67 68 69 70 71 72 73 74 75 76 77 78 79 80 81 82 83 84 85 86 87 88 89 90 91 92 93 94 95 96 97 98 99 100",1181725444
facts,default,1,filler,141,Stockholm,Stockholm,1,-1,0,0,stop,4,0,qwen3.6-27b,Answer: Stockholm,"What is the capital city of Sweden?

1 2 3 4 5 6 7 8 9 10 11 12 13 14 15 16 17 18 19 20 21 22 23 24 25 26 27 28 29 30 31 32 33 34 35 36 37 38 39 40 41 42 43 44 45 46 47 48 49 50 51 52 53 54 55 56 57 58 59 60 61 62 63 64 65 66 67 68 69 70 71 72 73 74 75 76 77 78 79 80 81 82 83 84 85 86 87 88 89 90 91 92 93 94 95 96 97 98 99 100",828933010
facts,default,1,filler,142,Prague,Prague,1,-1,0,0,stop,4,0,qwen3.6-27b,Answer: Prague,"What is the capital city of Czechia?

1 2 3 4 5 6 7 8 9 10 11 12 13 14 15 16 17 18 19 20 21 22 23 24 25 26 27 28 29 30 31 32 33 34 35 36 37 38 39 40 41 42 43 44 45 46 47 48 49 50 51 52 53 54 55 56 57 58 59 60 61 62 63 64 65 66 67 68 69 70 71 72 73 74 75 76 77 78 79 80 81 82 83 84 85 86 87 88 89 90 91 92 93 94 95 96 97 98 99 100",2824983080
facts,default,1,filler,143,Lima,Lima,1,-1,0,0,stop,4,0,qwen3.6-27b,Answer: Lima,"What is the capital city of Peru?

1 2 3 4 5 6 7 8 9 10 11 12 13 14 15 16 17 18 19 20 21 22 23 24 25 26 27 28 29 30 31 32 33 34 35 36 37 38 39 40 41 42 43 44 45 46 47 48 49 50 51 52 53 54 55 56 57 58 59 60 61 62 63 64 65 66 67 68 69 70 71 72 73 74 75 76 77 78 79 80 81 82 83 84 85 86 87 88 89 90 91 92 93 94 95 96 97 98 99 100",3748061886
facts,default,1,filler,144,Budapest,Budapest,1,-1,0,0,stop,4,0,qwen3.6-27b,Answer: Budapest,"What is the capital city of Hungary?

1 2 3 4 5 6 7 8 9 10 11 12 13 14 15 16 17 18 19 20 21 22 23 24 25 26 27 28 29 30 31 32 33 34 35 36 37 38 39 40 41 42 43 44 45 46 47 48 49 50 51 52 53 54 55 56 57 58 59 60 61 62 63 64 65 66 67 68 69 70 71 72 73 74 75 76 77 78 79 80 81 82 83 84 85 86 87 88 89 90 91 92 93 94 95 96 97 98 99 100",1090680605
facts,default,1,filler,145,Hanoi,Hanoi,1,-1,0,0,stop,5,0,qwen3.6-27b,Answer: Hanoi,"What is the capital city of Vietnam?

1 2 3 4 5 6 7 8 9 10 11 12 13 14 15 16 17 18 19 20 21 22 23 24 25 26 27 28 29 30 31 32 33 34 35 36 37 38 39 40 41 42 43 44 45 46 47 48 49 50 51 52 53 54 55 56 57 58 59 60 61 62 63 64 65 66 67 68 69 70 71 72 73 74 75 76 77 78 79 80 81 82 83 84 85 86 87 88 89 90 91 92 93 94 95 96 97 98 99 100",906315659
facts,default,1,filler,146,Kabul,Kabul,1,-1,0,0,stop,4,0,qwen3.6-27b,Answer: Kabul,"What is the capital city of Afghanistan?

1 2 3 4 5 6 7 8 9 10 11 12 13 14 15 16 17 18 19 20 21 22 23 24 25 26 27 28 29 30 31 32 33 34 35 36 37 38 39 40 41 42 43 44 45 46 47 48 49 50 51 52 53 54 55 56 57 58 59 60 61 62 63 64 65 66 67 68 69 70 71 72 73 74 75 76 77 78 79 80 81 82 83 84 85 86 87 88 89 90 91 92 93 94 95 96 97 98 99 100",2936804913
facts,default,1,filler,147,Tokyo,Tokyo,1,-1,0,0,stop,3,0,qwen3.6-27b,Answer: Tokyo,"What is the capital city of Japan?

1 2 3 4 5 6 7 8 9 10 11 12 13 14 15 16 17 18 19 20 21 22 23 24 25 26 27 28 29 30 31 32 33 34 35 36 37 38 39 40 41 42 43 44 45 46 47 48 49 50 51 52 53 54 55 56 57 58 59 60 61 62 63 64 65 66 67 68 69 70 71 72 73 74 75 76 77 78 79 80 81 82 83 84 85 86 87 88 89 90 91 92 93 94 95 96 97 98 99 100",3624609447
facts,default,1,filler,148,Kabul,Kabul,1,-1,0,0,stop,3,0,qwen3.6-27b,Answer: Kabul,"What is the capital city of Afghanistan?

1 2 3 4 5 6 7 8 9 10 11 12 13 14 15 16 17 18 19 20 21 22 23 24 25 26 27 28 29 30 31 32 33 34 35 36 37 38 39 40 41 42 43 44 45 46 47 48 49 50 51 52 53 54 55 56 57 58 59 60 61 62 63 64 65 66 67 68 69 70 71 72 73 74 75 76 77 78 79 80 81 82 83 84 85 86 87 88 89 90 91 92 93 94 95 96 97 98 99 100",1219771190
facts,default,1,filler,149,Kyiv,Kyiv,1,-1,0,0,stop,5,0,qwen3.6-27b,Answer: Kyiv,"What is the capital city of Ukraine?

1 2 3 4 5 6 7 8 9 10 11 12 13 14 15 16 17 18 19 20 21 22 23 24 25 26 27 28 29 30 31 32 33 34 35 36 37 38 39 40 41 42 43 44 45 46 47 48 49 50 51 52 53 54 55 56 57 58 59 60 61 62 63 64 65 66 67 68 69 70 71 72 73 74 75 76 77 78 79 80 81 82 83 84 85 86 87 88 89 90 91 92 93 94 95 96 97 98 99 100",1068698528
facts,default,1,cot,0,Hanoi,Hanoi,1,-1,0,0,stop,854,835,qwen3.6-27b,"The capital city of Vietnam is Hanoi.
Answer: Hanoi",What is the capital city of Vietnam?,2838286984
facts,default,1,cot,1,Jakarta,Jakarta,1,-1,0,0,stop,236,220,qwen3.6-27b,"The capital of Indonesia is Jakarta.
Answer: Jakarta",What is the capital city of Indonesia?,3727417886
facts,default,1,cot,2,Kyiv,Kyiv,1,-1,0,0,stop,237,222,qwen3.6-27b,"The capital of Ukraine is Kyiv.
Answer: Kyiv",What is the capital city of Ukraine?,1193456548
facts,default,1,cot,3,Astana,Astana,1,-1,0,0,stop,1125,973,qwen3.6-27b,"Step 1: Identify the country in question: Kazakhstan.
Step 2: Recall that the capital was moved from Almaty to Astana in 1997.
Step 3: Account for recent name changes: The city was renamed Nur-Sultan in 2019, but a constitutional referendum and presidential decree officially restored the name Astana in September 2022.
Step 4: Confirm the current, officially recognized capital city.

Answer: Astana",What is the capital city of Kazakhstan?,807764786
facts,default,1,cot,4,Dhaka,Dhaka,1,-1,0,0,stop,1267,1194,qwen3.6-27b,"Step 1: Identify the country in the question, which is Bangladesh.
Step 2: Recall the capital city from standard geographical knowledge.
Step 3: The political, economic, and cultural center of Bangladesh is Dhaka, which has served as the capital since the country's independence in 1971.

Answer: Dhaka",What is the capital city of Bangladesh?,2923501201
facts,default,1,cot,5,Budapest,Budapest,1,-1,0,0,stop,163,153,qwen3.6-27b,"The capital of Hungary is Budapest.
Answer: Budapest",What is the capital city of Hungary?,3645253127
facts,default,1,cot,6,Astana,Astana,1,-1,0,0,stop,1155,1048,qwen3.6-27b,"Step 1: Identify the country in question: Kazakhstan.
Step 2: Recall the capital city. Kazakhstan moved its capital from Almaty to Astana in 1997.
Step 3: Verify recent name changes. The city was briefly renamed Nur-Sultan in 2019, but was officially renamed back to Astana in September 2022.
Step 4: Confirm the current, officially recognized capital is Astana.

Answer: Astana",What is the capital city of Kazakhstan?,1078949821
facts,default,1,cot,7,Pretoria,Bloemfontein,0,-1,0,0,stop,1142,1128,qwen3.6-27b,"South Africa is unique in that it has three capital cities, each serving a different branch of government:
- **Pretoria** serves as the executive and administrative capital.
- **Cape Town** is the legislative capital, housing the Parliament.
- **Bloemfontein** is the judicial capital, home to the Supreme Court of Appeal.

Answer: Pretoria, Cape Town, and Bloemfontein",What is the capital city of South Africa?,927483691
facts,default,1,cot,8,Baku,Baku,1,-1,0,0,stop,1308,1256,qwen3.6-27b,"Step 1: Identify the country in question: Azerbaijan.
Step 2: Recall the official capital city from geographical knowledge.
Step 3: Verify that Baku is the recognized capital and largest city of Azerbaijan.

Answer: Baku",What is the capital city of Azerbaijan?,2818005690
facts,default,1,cot,9,Warsaw,Warsaw,1,-1,0,0,stop,820,758,qwen3.6-27b,"Step 1: Identify the country in question, which is Poland.
Step 2: Recall the capital city associated with Poland from standard geographical knowledge.
Step 3: Verify that Warsaw has served as the capital since 1596 and remains the current capital.

Answer: Warsaw",What is the capital city of Poland?,3505416748
facts,default,1,cot,10,Sofia,Sofia,1,-1,0,0,stop,175,162,qwen3.6-27b,"

The capital of Bulgaria is Sofia.
Answer: Sofia",What is the capital city of Bulgaria?,235588000
facts,default,1,cot,11,Sofia,Sofia,1,-1,0,0,stop,165,148,qwen3.6-27b,"The capital city of Bulgaria is Sofia.
Answer: Sofia",What is the capital city of Bulgaria?,2030958902
facts,default,1,cot,12,Sofia,Sofia,1,-1,0,0,stop,1014,935,qwen3.6-27b,"Step 1: Identify the country mentioned in the question, which is Bulgaria.
Step 2: Recall the administrative and political center of Bulgaria from geographical knowledge.
Step 3: Verify that Sofia has served as the capital since 1879 and remains the current capital.
Step 4: Format the final answer as requested.

Answer: Sofia",What is the capital city of Bulgaria?,3758401676
facts,default,1,cot,13,Sofia,Sofia,1,-1,0,0,stop,167,154,qwen3.6-27b,"The capital of Bulgaria is Sofia.
Answer: Sofia",What is the capital city of Bulgaria?,2533595162
facts,default,1,cot,14,Abuja,Abuja,1,-1,0,0,stop,277,242,qwen3.6-27b,"The capital city of Nigeria is Abuja. It was purpose-built and officially became the capital in 1991, replacing Lagos.

Answer: Abuja",What is the capital city of Nigeria?,157748665
facts,default,1,cot,15,Sofia,Sofia,1,-1,0,0,stop,843,801,qwen3.6-27b,"Step 1: Identify the country in question: Bulgaria.
Step 2: Recall geographical knowledge regarding the political and administrative centers of European nations.
Step 3: Confirm that the capital and largest city of Bulgaria is Sofia.

Answer: Sofia",What is the capital city of Bulgaria?,2120236335
facts,default,1,cot,16,Tokyo,Tokyo,1,-1,0,0,stop,143,127,qwen3.6-27b,"The capital of Japan is Tokyo.
Answer: Tokyo",What is the capital city of Japan?,3882445973
facts,default,1,cot,17,Seoul,Seoul,1,-1,0,0,stop,224,210,qwen3.6-27b,"The capital of South Korea is Seoul.
Answer: Seoul",What is the capital city of South Korea?,2423151619
facts,default,1,cot,18,Jakarta,Jakarta,1,-1,0,0,stop,242,246,qwen3.6-27b,"The capital of Indonesia is Jakarta.
Answer: Jakarta",What is the capital city of Indonesia?,13713810
facts,default,1,cot,19,Seoul,Seoul,1,-1,0,0,stop,206,192,qwen3.6-27b,"The capital of South Korea is Seoul.
Answer: Seoul",What is the capital city of South Korea?,2010542340
facts,default,1,cot,20,Accra,Accra,1,-1,0,0,stop,170,155,qwen3.6-27b,"The capital of Ghana is Accra.
Answer: Accra",What is the capital city of Ghana?,623352419
facts,default,1,cot,21,Astana,Astana,1,-1,0,0,stop,1124,1023,qwen3.6-27b,"Step 1: Identify the country in question: Kazakhstan.
Step 2: Recall that the capital was moved from Almaty to Astana in 1997.
Step 3: Account for recent administrative changes: the city was renamed Nur-Sultan in 2019, but was officially renamed back to Astana in September 2022.
Step 4: Confirm the current, officially recognized capital is Astana.

Answer: Astana",What is the capital city of Kazakhstan?,1377872629
facts,default,1,cot,22,Phnom Penh,Penh,0,-1,0,0,stop,180,152,qwen3.6-27b,"The capital of Cambodia is Phnom Penh.
Answer: Phnom Penh",What is the capital city of Cambodia?,3408526159
facts,default,1,cot,23,Seoul,Seoul,1,-1,0,0,stop,169,155,qwen3.6-27b,"The capital of South Korea is Seoul.
Answer: Seoul",What is the capital city of South Korea?,3157183449
facts,default,1,cot,24,Bucharest,Bucharest,1,-1,0,0,stop,203,186,qwen3.6-27b,"The capital of Romania is Bucharest.
Answer: Bucharest",What is the capital city of Romania?,575299194
facts,default,1,cot,25,Accra,Accra,1,-1,0,0,stop,164,137,qwen3.6-27b,"

The capital of Ghana is Accra.
Answer: Accra",What is the capital city of Ghana?,1431138028
facts,default,1,cot,26,Tbilisi,Tbilisi,1,-1,0,0,stop,1166,1066,qwen3.6-27b,"Step 1: Identify the location. ""Georgia"" in an international context refers to the country located at the crossroads of Eastern Europe and Western Asia. (If referring to the U.S. state, the capital would be Atlanta, but standard geographic questions default to the country.)
Step 2: Recall the capital city of the country of Georgia. The capital and largest city is Tbilisi.
Step 3: Format the response as requested.

Answer: Tbilisi",What is the capital city of Georgia?,3427024726
facts,default,1,cot,27,Abuja,Abuja,1,-1,0,0,stop,241,205,qwen3.6-27b,"The capital of Nigeria is Abuja.
Answer: Abuja",What is the capital city of Nigeria?,3141734336
facts,default,1,cot,28,Jerusalem,Jerusalem,1,-1,0,0,stop,1906,1920,qwen3.6-27b,"To determine the capital city of Israel:
1. Identify the country in question: Israel.
2. Recall the official seat of government and designated capital: Jerusalem.
3. Verify with standard geographical and political references: Jerusalem houses the Israeli government, parliament (Knesset), and Supreme Court, and is recognized as the capital by Israel and many countries, though its status is subject to international diplomatic discussion.
4. Format the result as requested.

Answer: Jerusalem",What is the capital city of Israel?,737940049
facts,default,1,cot,29,Yangon,Naypyidaw,0,-1,0,0,stop,913,820,qwen3.6-27b,"To determine the capital city of Myanmar:
1. Identify the country: Myanmar (formerly known as Burma).
2. Recall historical context: Yangon served as the capital for decades.
3. Note the official change: In November 2005, the government officially relocated the capital to a newly constructed administrative city.
4. Confirm the current capital: The city is named Naypyidaw.

Answer: Naypyidaw",What is the capital city of Myanmar?,1559962311
facts,default,1,cot,30,Lima,Lima,1,-1,0,0,stop,212,198,qwen3.6-27b,"The capital city of Peru is Lima.

Answer: Lima",What is the capital city of Peru?,1010608930
facts,default,1,cot,31,Prague,Prague,1,-1,0,0,stop,178,163,qwen3.6-27b,"The capital city of Czechia is Prague.
Answer: Prague",What is the capital city of Czechia?,1262197684
facts,default,1,cot,32,Prague,Prague,1,-1,0,0,stop,178,163,qwen3.6-27b,"The capital city of Czechia is Prague.
Answer: Prague",What is the capital city of Czechia?,3526543886
facts,default,1,cot,33,Jerusalem,Jerusalem,1,-1,0,0,stop,1334,1411,qwen3.6-27b,"The capital of Israel is Jerusalem.
Answer: Jerusalem",What is the capital city of Israel?,2771778200
facts,default,1,cot,34,Abuja,Abuja,1,-1,0,0,stop,204,189,qwen3.6-27b,"The capital of Nigeria is Abuja.
Answer: Abuja",What is the capital city of Nigeria?,995192635
facts,default,1,cot,35,Baku,Baku,1,-1,0,0,stop,200,182,qwen3.6-27b,"The capital of Azerbaijan is Baku.
Answer: Baku",What is the capital city of Azerbaijan?,1280729005
facts,default,1,cot,36,Moscow,Moscow,1,-1,0,0,stop,158,140,qwen3.6-27b,"The capital city of Russia is Moscow.
Answer: Moscow",What is the capital city of Russia?,3579776535
facts,default,1,cot,37,Lima,Lima,1,-1,0,0,stop,1025,964,qwen3.6-27b,"To determine the capital city of Peru, I will follow these steps:
1. Identify the country in question: Peru, located on the western coast of South America.
2. Recall its political and administrative center: Lima has served as the capital since its founding by Spanish conquistadors in 1535 and remains the seat of the national government.
3. Verify with established geographical facts: Official records and international sources consistently list Lima as the capital.

Answer: Lima",What is the capital city of Peru?,2723692161
facts,default,1,cot,38,Moscow,Moscow,1,-1,0,0,stop,158,142,qwen3.6-27b,"The capital city of Russia is Moscow.
Answer: Moscow",What is the capital city of Russia?,854008592
facts,default,1,cot,39,Baku,Baku,1,-1,0,0,stop,1532,1470,qwen3.6-27b,"Step 1: Identify the country in question: Azerbaijan.
Step 2: Recall the official capital city from geographical knowledge.
Step 3: Verify that Baku is the current capital, serving as the country's political, economic, and cultural center since independence.
Answer: Baku",What is the capital city of Azerbaijan?,1172312966
facts,default,1,cot,40,Prague,Prague,1,-1,0,0,stop,168,149,qwen3.6-27b,"The capital of Czechia is Prague.
Answer: Prague",What is the capital city of Czechia?,1937587685
facts,default,1,cot,41,Moscow,Moscow,1,-1,0,0,stop,158,140,qwen3.6-27b,"The capital city of Russia is Moscow.
Answer: Moscow",What is the capital city of Russia?,75107699
facts,default,1,cot,42,Vientiane,Vientiane,1,-1,0,0,stop,924,872,qwen3.6-27b,"Step 1: Identify the country in question, which is Laos.
Step 2: Recall the capital city of Laos, which is Vientiane.
Step 3: Format the final answer as requested.

Answer: Vientiane",What is the capital city of Laos?,2641583305
facts,default,1,cot,43,Warsaw,Warsaw,1,-1,0,0,stop,165,151,qwen3.6-27b,"The capital city of Poland is Warsaw.
Answer: Warsaw",What is the capital city of Poland?,3933498463
facts,default,1,cot,44,Baku,Baku,1,-1,0,0,stop,212,201,qwen3.6-27b,"The capital of Azerbaijan is Baku.
Answer: Baku",What is the capital city of Azerbaijan?,1947269628
facts,default,1,cot,45,Hanoi,Hanoi,1,-1,0,0,stop,298,276,qwen3.6-27b,"The capital city of Vietnam is Hanoi.
Answer: Hanoi",What is the capital city of Vietnam?,51890538
facts,default,1,cot,46,Tbilisi,Tbilisi,1,-1,0,0,stop,1475,1369,qwen3.6-27b,"1. Identify the location: ""Georgia"" can refer to either the country in the Caucasus region or the U.S. state. In international geography questions, it typically refers to the sovereign country.
2. Determine the capital: The capital of the country of Georgia is Tbilisi. (Note: If the question intended the U.S. state, the capital would be Atlanta, but the country is the standard assumption.)
3. Format the response as requested.

Answer: Tbilisi",What is the capital city of Georgia?,2585696464
facts,default,1,cot,47,Lima,Lima,1,-1,0,0,stop,167,147,qwen3.6-27b,"The capital of Peru is Lima.
Answer: Lima",What is the capital city of Peru?,3977881670
facts,default,1,cot,48,Dhaka,Dhaka,1,-1,0,0,stop,167,151,qwen3.6-27b,"The capital of Bangladesh is Dhaka.
Answer: Dhaka",What is the capital city of Bangladesh?,2108077527
facts,default,1,cot,49,Seoul,Seoul,1,-1,0,0,stop,206,198,qwen3.6-27b,"The capital of South Korea is Seoul.
Answer: Seoul",What is the capital city of South Korea?,178357569
facts,default,1,cot,50,Kyiv,Kyiv,1,-1,0,0,stop,207,189,qwen3.6-27b,"The capital of Ukraine is Kyiv.
Answer: Kyiv",What is the capital city of Ukraine?,1785072804
facts,default,1,cot,51,Astana,Astana,1,-1,0,0,stop,1149,955,qwen3.6-27b,"Step 1: Identify the country in question: Kazakhstan.
Step 2: Recall the capital city's history and current status. The capital was moved from Almaty to Akmola in 1997, which was renamed Astana. In 2019, it was briefly renamed Nur-Sultan, but in September 2022, the government officially reverted the name back to Astana.
Step 3: Confirm the current official capital city is Astana.
Step 4: Format the final answer as requested.

Answer: Astana",What is the capital city of Kazakhstan?,492911666
facts,default,1,cot,52,Prague,Prague,1,-1,0,0,stop,169,150,qwen3.6-27b,"The capital of Czechia is Prague.
Answer: Prague",What is the capital city of Czechia?,2221436296
facts,default,1,cot,53,Tbilisi,Tbilisi,1,-1,0,0,stop,275,255,qwen3.6-27b,"The capital of Georgia is Tbilisi.
Answer: Tbilisi",What is the capital city of Georgia?,4084161822
facts,default,1,cot,54,Prague,Prague,1,-1,0,0,stop,178,159,qwen3.6-27b,"The capital city of Czechia is Prague.
Answer: Prague",What is the capital city of Czechia?,1829488829
facts,default,1,cot,55,Jerusalem,Jerusalem,1,-1,0,0,stop,1198,1067,qwen3.6-27b,"To determine the capital city of Israel, I will follow these steps:
1. Identify the country in question: Israel.
2. Recall the official designation by the Israeli government: Israel officially designates Jerusalem as its capital.
3. Verify the location of key government institutions: Jerusalem houses the Knesset (parliament), the Supreme Court, and the Prime Minister's office.
4. Consider international recognition: While there has been historical diplomatic debate, Jerusalem is widely recognized as the capital and serves as the seat of Israel's government.

Based on this reasoning, the capital city is Jerusalem.

Answer: Jerusalem",What is the capital city of Israel?,437057579
facts,default,1,cot,56,Kabul,Kabul,1,-1,0,0,stop,1150,1092,qwen3.6-27b,"To determine the capital city of Afghanistan:
1. Identify the country in question: Afghanistan.
2. Recall the official capital from established geographical and political records.
3. Verify that Kabul has served as the capital since 1776 and remains the current administrative, political, and cultural center of the country.

Answer: Kabul",What is the capital city of Afghanistan?,2198186385
facts,default,1,cot,57,Addis Ababa,Ababa,0,-1,0,0,stop,746,643,qwen3.6-27b,"To determine the capital city of Ethiopia, I will follow these steps:
1. Identify the country in question: Ethiopia, located in the Horn of Africa.
2. Recall or verify the official capital city from established geographical data.
3. Confirm that Addis Ababa has served as the capital since 1886 and remains the political, economic, and diplomatic center of the country.
4. Format the final result as requested.

Answer: Addis Ababa",What is the capital city of Ethiopia?,4093810951
facts,default,1,cot,58,Astana,Astana,1,-1,0,0,stop,758,685,qwen3.6-27b,"Kazakhstan's capital was moved from Almaty to Astana in 1997. Although the city was renamed Nur-Sultan in 2019, the name was officially changed back to Astana in September 2022. Therefore, the current capital city is Astana.

Answer: Astana",What is the capital city of Kazakhstan?,1690141846
facts,default,1,cot,59,Lima,Lima,1,-1,0,0,stop,158,136,qwen3.6-27b,"The capital of Peru is Lima.
Answer: Lima",What is the capital city of Peru?,331002880
facts,default,1,cot,60,Stockholm,Stockholm,1,-1,0,0,stop,167,155,qwen3.6-27b,"The capital of Sweden is Stockholm.
Answer: Stockholm",What is the capital city of Sweden?,1095458663
facts,default,1,cot,61,Vientiane,Vientiane,1,-1,0,0,stop,181,161,qwen3.6-27b,"The capital of Laos is Vientiane.
Answer: Vientiane",What is the capital city of Laos?,910979057
facts,default,1,cot,62,Baku,Baku,1,-1,0,0,stop,180,163,qwen3.6-27b,"The capital of Azerbaijan is Baku.
Answer: Baku",What is the capital city of Azerbaijan?,2940550731
facts,default,1,cot,63,Vientiane,Vientiane,1,-1,0,0,stop,181,161,qwen3.6-27b,"The capital of Laos is Vientiane.
Answer: Vientiane",What is the capital city of Laos?,3628207837
facts,default,1,cot,64,Baku,Baku,1,-1,0,0,stop,218,206,qwen3.6-27b,"The capital of Azerbaijan is Baku.
Answer: Baku",What is the capital city of Azerbaijan?,1176935294
facts,default,1,cot,65,Jerusalem,Jerusalem,1,-1,0,0,stop,1697,1572,qwen3.6-27b,"To determine the capital city of Israel, I will follow these steps:
1. Identify the country in question: Israel.
2. Locate the seat of government: The Israeli government officially designates Jerusalem as its capital. It houses the Knesset (parliament), the Supreme Court, and the offices of the President and Prime Minister.
3. Verify geographical and administrative status: Despite ongoing international diplomatic discussions regarding the city's status, Jerusalem is universally recognized as the capital of Israel in official, historical, and geographical contexts.
4. Format the result as requested.

Answer: Jerusalem",What is the capital city of Israel?,824290280
facts,default,1,cot,66,Bucharest,Bucharest,1,-1,0,0,stop,186,168,qwen3.6-27b,"The capital of Romania is Bucharest.
Answer: Bucharest",What is the capital city of Romania?,2821257810
facts,default,1,cot,67,Bucharest,Bucharest,1,-1,0,0,stop,188,168,qwen3.6-27b,"The capital of Romania is Bucharest.
Answer: Bucharest",What is the capital city of Romania?,3744451268
facts,default,1,cot,68,Bucharest,Bucharest,1,-1,0,0,stop,195,179,qwen3.6-27b,"The capital of Romania is Bucharest.
Answer: Bucharest",What is the capital city of Romania?,1334892373
facts,default,1,cot,69,Tokyo,Tokyo,1,-1,0,0,stop,159,143,qwen3.6-27b,"The capital of Japan is Tokyo.
Answer: Tokyo",What is the capital city of Japan?,949479363
facts,default,1,cot,70,Accra,Accra,1,-1,0,0,stop,192,170,qwen3.6-27b,"

The capital of Ghana is Accra.
Answer: Accra",What is the capital city of Ghana?,1481666086
facts,default,1,cot,71,Sofia,Sofia,1,-1,0,0,stop,167,154,qwen3.6-27b,"The capital of Bulgaria is Sofia.
Answer: Sofia",What is the capital city of Bulgaria?,794255024
facts,default,1,cot,72,Lima,Lima,1,-1,0,0,stop,164,145,qwen3.6-27b,"The capital of Peru is Lima.
Answer: Lima",What is the capital city of Peru?,3059617546
facts,default,1,cot,73,Pretoria,Bloemfontein,0,-1,0,0,stop,1341,1279,qwen3.6-27b,"South Africa is unique in that it has three capital cities, each serving a different branch of government:
- **Pretoria** is the executive and administrative capital.
- **Cape Town** is the legislative capital, where Parliament meets.
- **Bloemfontein** is the judicial capital, home to the Supreme Court of Appeal.

Answer: Pretoria, Cape Town, and Bloemfontein",What is the capital city of South Africa?,3243851676
facts,default,1,cot,74,Lima,Lima,1,-1,0,0,stop,165,152,qwen3.6-27b,"The capital of Peru is Lima.
Answer: Lima",What is the capital city of Peru?,1597876799
facts,default,1,cot,75,Kyiv,Kyiv,1,-1,0,0,stop,1249,1205,qwen3.6-27b,"Step 1: Identify the country in question: Ukraine.
Step 2: Recall the capital city from established geographical knowledge.
Step 3: The capital and largest city of Ukraine is Kyiv.

Answer: Kyiv",What is the capital city of Ukraine?,674929321
facts,default,1,cot,76,Stockholm,Stockholm,1,-1,0,0,stop,706,709,qwen3.6-27b,"The capital of Sweden is Stockholm.
Answer: Stockholm",What is the capital city of Sweden?,2972961555
facts,default,1,cot,77,Phnom Penh,Penh,0,-1,0,0,stop,185,166,qwen3.6-27b,"The capital of Cambodia is Phnom Penh.
Answer: Phnom Penh",What is the capital city of Cambodia?,3325361029
facts,default,1,cot,78,Stockholm,Stockholm,1,-1,0,0,stop,163,154,qwen3.6-27b,"The capital of Sweden is Stockholm.
Answer: Stockholm",What is the capital city of Sweden?,1452008980
facts,default,1,cot,79,Vientiane,Vientiane,1,-1,0,0,stop,185,160,qwen3.6-27b,"The capital of Laos is Vientiane.
Answer: Vientiane",What is the capital city of Laos?,562878082
facts,default,1,cot,80,Addis Ababa,Ababa,0,-1,0,0,stop,202,173,qwen3.6-27b,"The capital city of Ethiopia is Addis Ababa.
Answer: Addis Ababa",What is the capital city of Ethiopia?,3754455785
facts,default,1,cot,81,Tokyo,Tokyo,1,-1,0,0,stop,586,551,qwen3.6-27b,"To find the capital city of Japan, I will identify the country's official administrative and political center. Japan's capital is Tokyo.

Answer: Tokyo",What is the capital city of Japan?,2832155263
facts,default,1,cot,82,Bangkok,Bangkok,1,-1,0,0,stop,158,143,qwen3.6-27b,"The capital city of Thailand is Bangkok.
Answer: Bangkok",What is the capital city of Thailand?,835064773
facts,default,1,cot,83,Moscow,Moscow,1,-1,0,0,stop,153,139,qwen3.6-27b,"The capital city of Russia is Moscow.
Answer: Moscow",What is the capital city of Russia?,1187062611
facts,default,1,cot,84,Budapest,Budapest,1,-1,0,0,stop,163,153,qwen3.6-27b,"The capital of Hungary is Budapest.
Answer: Budapest",What is the capital city of Hungary?,3634738928
facts,default,1,cot,85,Moscow,Moscow,1,-1,0,0,stop,763,711,qwen3.6-27b,"Step 1: Identify the country in the question, which is Russia.
Step 2: Recall the official capital city of Russia, which is Moscow.
Step 3: Format the result according to the requested structure.

Answer: Moscow",What is the capital city of Russia?,2946664038
facts,default,1,cot,86,Beijing,Beijing,1,-1,0,0,stop,157,143,qwen3.6-27b,"The capital city of China is Beijing.
Answer: Beijing",What is the capital city of China?,917231580
facts,default,1,cot,87,Astana,Astana,1,-1,0,0,stop,1226,1003,qwen3.6-27b,"Step 1: Identify the country in question: Kazakhstan.
Step 2: Recall the capital city: Kazakhstan moved its capital from Almaty to a newly developed city in 1997, originally named Astana.
Step 3: Check for recent official name changes: The city was renamed Nur-Sultan in 2019, but a constitutional law passed in September 2022 officially reverted the name back to Astana.
Step 4: Confirm the current, officially recognized capital: Astana.

Answer: Astana",What is the capital city of Kazakhstan?,1101850442
facts,default,1,cot,88,Tokyo,Tokyo,1,-1,0,0,stop,148,130,qwen3.6-27b,"

The capital of Japan is Tokyo.
Answer: Tokyo",What is the capital city of Japan?,3507747547
facts,default,1,cot,89,Accra,Accra,1,-1,0,0,stop,201,182,qwen3.6-27b,"The capital city of Ghana is Accra.
Answer: Accra",What is the capital city of Ghana?,2786380365
facts,default,1,cot,90,Seoul,Seoul,1,-1,0,0,stop,206,198,qwen3.6-27b,"The capital of South Korea is Seoul.
Answer: Seoul",What is the capital city of South Korea?,3335734184
facts,default,1,cot,91,Bangkok,Bangkok,1,-1,0,0,stop,751,692,qwen3.6-27b,"To determine the capital city of Thailand:
1. Identify the country in question: Thailand.
2. Recall basic geographical knowledge about Southeast Asian nations.
3. Verify that Bangkok has been the political, economic, and cultural center of Thailand since it was established as the capital in 1782.
4. Confirm that no recent changes have been made to the capital status.

Answer: Bangkok",What is the capital city of Thailand?,2983490366
facts,default,1,cot,92,Beijing,Beijing,1,-1,0,0,stop,162,146,qwen3.6-27b,"The capital city of China is Beijing.
Answer: Beijing",What is the capital city of China?,685580932
facts,default,1,cot,93,Yerevan,Yerevan,1,-1,0,0,stop,969,948,qwen3.6-27b,"The capital city of Armenia is Yerevan.
Answer: Yerevan",What is the capital city of Armenia?,1608126994
facts,default,1,cot,94,Yerevan,Yerevan,1,-1,0,0,stop,209,186,qwen3.6-27b,"The capital of Armenia is Yerevan.
Answer: Yerevan",What is the capital city of Armenia?,3250489265
facts,default,1,cot,95,Stockholm,Stockholm,1,-1,0,0,stop,160,147,qwen3.6-27b,"The capital of Sweden is Stockholm.
Answer: Stockholm",What is the capital city of Sweden?,3065624359
facts,default,1,cot,96,Warsaw,Warsaw,1,-1,0,0,stop,165,151,qwen3.6-27b,"The capital city of Poland is Warsaw.
Answer: Warsaw",What is the capital city of Poland?,800122525
facts,default,1,cot,97,Jakarta,Jakarta,1,-1,0,0,stop,879,854,qwen3.6-27b,"To determine the capital city of Indonesia:
1. Identify the country in question: Indonesia.
2. Recall its current official capital: Jakarta.
3. Note that while Indonesia is constructing a new capital city called Nusantara in East Kalimantan, Jakarta remains the official and functioning capital until the transition is complete.

Answer: Jakarta",What is the capital city of Indonesia?,1488442891
facts,default,1,cot,98,Bangkok,Bangkok,1,-1,0,0,stop,158,141,qwen3.6-27b,"The capital city of Thailand is Bangkok.
Answer: Bangkok",What is the capital city of Thailand?,3356019610
facts,default,1,cot,99,Tbilisi,Tbilisi,1,-1,0,0,stop,809,792,qwen3.6-27b,"The capital of Georgia is Tbilisi.
Answer: Tbilisi",What is the capital city of Georgia?,3205495564
facts,default,1,cot,100,Bangkok,Bangkok,1,-1,0,0,stop,1073,1028,qwen3.6-27b,"Step 1: Identify the country in question: Thailand.
Step 2: Recall the capital city associated with Thailand from geographical knowledge.
Step 3: The capital city is Bangkok.

Answer: Bangkok",What is the capital city of Thailand?,570652160
facts,default,1,cot,101,Bucharest,Bucharest,1,-1,0,0,stop,1079,1060,qwen3.6-27b,"The capital city of Romania is Bucharest.
Answer: Bucharest",What is the capital city of Romania?,1426343574
facts,default,1,cot,102,Yerevan,Yerevan,1,-1,0,0,stop,197,175,qwen3.6-27b,"The capital of Armenia is Yerevan.
Answer: Yerevan",What is the capital city of Armenia?,3423409964
facts,default,1,cot,103,Prague,Prague,1,-1,0,0,stop,178,157,qwen3.6-27b,"The capital of Czechia is Prague.
Answer: Prague",What is the capital city of Czechia?,3138004922
facts,default,1,cot,104,Jerusalem,Jerusalem,1,-1,0,0,stop,255,239,qwen3.6-27b,"The capital of Israel is Jerusalem.
Answer: Jerusalem",What is the capital city of Israel?,628011545
facts,default,1,cot,105,Warsaw,Warsaw,1,-1,0,0,stop,163,150,qwen3.6-27b,"

The capital city of Poland is Warsaw.
Answer: Warsaw",What is the capital city of Poland?,1382646415
facts,default,1,cot,106,Sofia,Sofia,1,-1,0,0,stop,173,160,qwen3.6-27b,"The capital of Bulgaria is Sofia.
Answer: Sofia",What is the capital city of Bulgaria?,3412120373
facts,default,1,cot,107,Bangkok,Bangkok,1,-1,0,0,stop,160,143,qwen3.6-27b,"The capital city of Thailand is Bangkok.
Answer: Bangkok",What is the capital city of Thailand?,3160925091
facts,default,1,cot,108,Jerusalem,Jerusalem,1,-1,0,0,stop,259,272,qwen3.6-27b,"The capital of Israel is Jerusalem.
Answer: Jerusalem",What is the capital city of Israel?,752418354
facts,default,1,cot,109,Bucharest,Bucharest,1,-1,0,0,stop,185,170,qwen3.6-27b,"The capital of Romania is Bucharest.
Answer: Bucharest",What is the capital city of Romania?,1541394084
facts,default,1,cot,110,Tokyo,Tokyo,1,-1,0,0,stop,142,129,qwen3.6-27b,"The capital of Japan is Tokyo.
Answer: Tokyo",What is the capital city of Japan?,991446849
facts,default,1,cot,111,Seoul,Seoul,1,-1,0,0,stop,191,184,qwen3.6-27b,"The capital of South Korea is Seoul.
Answer: Seoul",What is the capital city of South Korea?,1277130711
facts,default,1,cot,112,Vientiane,Vientiane,1,-1,0,0,stop,187,161,qwen3.6-27b,"The capital of Laos is Vientiane.
Answer: Vientiane",What is the capital city of Laos?,3574998637
facts,default,1,cot,113,Baku,Baku,1,-1,0,0,stop,203,192,qwen3.6-27b,"The capital of Azerbaijan is Baku.
Answer: Baku",What is the capital city of Azerbaijan?,2719028987
facts,default,1,cot,114,Stockholm,Stockholm,1,-1,0,0,stop,162,149,qwen3.6-27b,"The capital of Sweden is Stockholm.
Answer: Stockholm",What is the capital city of Sweden?,1014334296
facts,default,1,cot,115,Tbilisi,Tbilisi,1,-1,0,0,stop,389,357,qwen3.6-27b,"The capital of the country of Georgia is Tbilisi. (If you were referring to the U.S. state of Georgia, its capital is Atlanta.)

Answer: Tbilisi",What is the capital city of Georgia?,1265808334
facts,default,1,cot,116,Lima,Lima,1,-1,0,0,stop,197,184,qwen3.6-27b,"The capital of Peru is Lima.
Answer: Lima",What is the capital city of Peru?,3531334260
facts,default,1,cot,117,Kabul,Kabul,1,-1,0,0,stop,187,181,qwen3.6-27b,"The capital of Afghanistan is Kabul.
Answer: Kabul",What is the capital city of Afghanistan?,2776421090
facts,default,1,cot,118,Yerevan,Yerevan,1,-1,0,0,stop,213,196,qwen3.6-27b,"The capital of Armenia is Yerevan.
Answer: Yerevan",What is the capital city of Armenia?,902025075
facts,default,1,cot,119,Pretoria,Bloemfontein,0,-1,0,0,stop,2183,2138,qwen3.6-27b,"South Africa is unique in that it has three capital cities, each housing a different branch of government: Pretoria (executive/administrative), Cape Town (legislative), and Bloemfontein (judicial). Pretoria is most commonly cited as the primary capital.

Answer: Pretoria, Cape Town, and Bloemfontein",What is the capital city of South Africa?,1120206821
facts,default,1,cot,120,Yerevan,Yerevan,1,-1,0,0,stop,968,908,qwen3.6-27b,"1. Identify the country in question: Armenia.
2. Recall the capital city from geographical knowledge.
3. The capital is Yerevan.

Answer: Yerevan",What is the capital city of Armenia?,271914114
facts,default,1,cot,121,Yerevan,Yerevan,1,-1,0,0,stop,215,198,qwen3.6-27b,"The capital of Armenia is Yerevan.
Answer: Yerevan",What is the capital city of Armenia?,1731339284
facts,default,1,cot,122,Moscow,Moscow,1,-1,0,0,stop,197,184,qwen3.6-27b,"The capital of Russia is Moscow.
Answer: Moscow",What is the capital city of Russia?,4265309614
facts,default,1,cot,123,Jakarta,Jakarta,1,-1,0,0,stop,290,302,qwen3.6-27b,"The capital of Indonesia is Jakarta.
Answer: Jakarta",What is the capital city of Indonesia?,2302428472
facts,default,1,cot,124,Lima,Lima,1,-1,0,0,stop,167,154,qwen3.6-27b,"The capital of Peru is Lima.
Answer: Lima",What is the capital city of Peru?,391696539
facts,default,1,cot,125,Bucharest,Bucharest,1,-1,0,0,stop,168,148,qwen3.6-27b,"The capital of Romania is Bucharest.
Answer: Bucharest",What is the capital city of Romania?,1616896013
facts,default,1,cot,126,Astana,Astana,1,-1,0,0,stop,1277,1188,qwen3.6-27b,"Step 1: Identify the country in question: Kazakhstan.
Step 2: Recall its capital city. The capital was moved from Almaty to Astana in 1997. Although it was briefly renamed Nur-Sultan in 2019, it was officially renamed back to Astana in September 2022.
Step 3: Verify the current official name.

Answer: Astana",What is the capital city of Kazakhstan?,4183208375
facts,default,1,cot,127,Jakarta,Jakarta,1,-1,0,0,stop,321,305,qwen3.6-27b,"The capital of Indonesia is Jakarta.
Answer: Jakarta",What is the capital city of Indonesia?,2387706145
facts,default,1,cot,128,Hanoi,Hanoi,1,-1,0,0,stop,228,211,qwen3.6-27b,"

The capital city of Vietnam is Hanoi.

Answer: Hanoi",What is the capital city of Vietnam?,518954160
facts,default,1,cot,129,Kabul,Kabul,1,-1,0,0,stop,188,174,qwen3.6-27b,"The capital city of Afghanistan is Kabul.

Answer: Kabul",What is the capital city of Afghanistan?,1776921638
facts,default,1,cot,130,Caracas,Caracas,1,-1,0,0,stop,174,161,qwen3.6-27b,"The capital of Venezuela is Caracas.
Answer: Caracas",What is the capital city of Venezuela?,154019267
facts,default,1,cot,131,Yerevan,Yerevan,1,-1,0,0,stop,209,192,qwen3.6-27b,"The capital of Armenia is Yerevan.
Answer: Yerevan",What is the capital city of Armenia?,2116621653
facts,default,1,cot,132,Astana,Astana,1,-1,0,0,stop,1005,844,qwen3.6-27b,"Step 1: Identify the country in question: Kazakhstan.
Step 2: Recall that Kazakhstan relocated its capital from Almaty to Astana in 1997.
Step 3: Note that the city was renamed Nur-Sultan in 2019, but the name was officially changed back to Astana in September 2022.
Step 4: Confirm that the current, officially recognized capital is Astana.

Answer: Astana",What is the capital city of Kazakhstan?,3877651695
facts,default,1,cot,133,Tbilisi,Tbilisi,1,-1,0,0,stop,979,885,qwen3.6-27b,"Step 1: Identify the location referred to as ""Georgia."" It can refer to either the sovereign country in the Caucasus region or the U.S. state.
Step 2: In international geography contexts, ""Georgia"" typically refers to the country.
Step 3: The capital city of the country Georgia is Tbilisi. (For reference, if the question intended the U.S. state, the capital would be Atlanta.)
Step 4: Format the final answer as requested.

Answer: Tbilisi",What is the capital city of Georgia?,2418504825
facts,default,1,cot,134,Tbilisi,Tbilisi,1,-1,0,0,stop,217,197,qwen3.6-27b,"The capital of Georgia is Tbilisi.
Answer: Tbilisi",What is the capital city of Georgia?,239329754
facts,default,1,cot,135,Accra,Accra,1,-1,0,0,stop,576,507,qwen3.6-27b,"To determine the capital city of Ghana:
1. Identify the country in question: Ghana, a nation located in West Africa.
2. Recall its primary administrative and political center: The capital city is Accra, which has served as the capital since the country gained independence in 1957.

Answer: Accra",What is the capital city of Ghana?,2034553164
facts,default,1,cot,136,Kyiv,Kyiv,1,-1,0,0,stop,214,202,qwen3.6-27b,"The capital of Ukraine is Kyiv.
Answer: Kyiv",What is the capital city of Ukraine?,3763175670
facts,default,1,cot,137,Warsaw,Warsaw,1,-1,0,0,stop,149,134,qwen3.6-27b,"The capital of Poland is Warsaw.
Answer: Warsaw",What is the capital city of Poland?,2538254432
facts,default,1,cot,138,Phnom Penh,Penh,0,-1,0,0,stop,182,163,qwen3.6-27b,"The capital of Cambodia is Phnom Penh.
Answer: Phnom Penh",What is the capital city of Cambodia?,133541361
facts,default,1,cot,139,Addis Ababa,Ababa,0,-1,0,0,stop,545,522,qwen3.6-27b,"The capital city of Ethiopia is Addis Ababa.
Answer: Addis Ababa",What is the capital city of Ethiopia?,1894948199
facts,default,1,cot,140,Bucharest,Bucharest,1,-1,0,0,stop,565,479,qwen3.6-27b,"To find the capital city of Romania, we can follow these steps:
1. Identify the country in question: Romania, located in Southeastern Europe.
2. Recall or verify the official capital city designated by the country's government and recognized internationally.
3. The capital and largest city of Romania is Bucharest.

Answer: Bucharest",What is the capital city of Romania?,1181725444
facts,default,1,cot,141,Stockholm,Stockholm,1,-1,0,0,stop,171,158,qwen3.6-27b,"The capital of Sweden is Stockholm.
Answer: Stockholm",What is the capital city of Sweden?,828933010
facts,default,1,cot,142,Prague,Prague,1,-1,0,0,stop,172,153,qwen3.6-27b,"The capital of Czechia is Prague.
Answer: Prague",What is the capital city of Czechia?,2824983080
facts,default,1,cot,143,Lima,Lima,1,-1,0,0,stop,186,169,qwen3.6-27b,"The capital of Peru is Lima.
Answer: Lima",What is the capital city of Peru?,3748061886
facts,default,1,cot,144,Budapest,Budapest,1,-1,0,0,stop,168,155,qwen3.6-27b,"The capital of Hungary is Budapest.
Answer: Budapest",What is the capital city of Hungary?,1090680605
facts,default,1,cot,145,Hanoi,Hanoi,1,-1,0,0,stop,916,897,qwen3.6-27b,"The capital city of Vietnam is Hanoi.
Answer: Hanoi",What is the capital city of Vietnam?,906315659
facts,default,1,cot,146,Kabul,Kabul,1,-1,0,0,stop,179,175,qwen3.6-27b,"The capital of Afghanistan is Kabul.
Answer: Kabul",What is the capital city of Afghanistan?,2936804913
facts,default,1,cot,147,Tokyo,Tokyo,1,-1,0,0,stop,132,110,qwen3.6-27b,"The capital of Japan is Tokyo.
Answer: Tokyo",What is the capital city of Japan?,3624609447
facts,default,1,cot,148,Kabul,Kabul,1,-1,0,0,stop,172,168,qwen3.6-27b,"The capital of Afghanistan is Kabul.
Answer: Kabul",What is the capital city of Afghanistan?,1219771190
facts,default,1,cot,149,Kyiv,Kyiv,1,-1,0,0,stop,221,206,qwen3.6-27b,"The capital of Ukraine is Kyiv.
Answer: Kyiv",What is the capital city of Ukraine?,1068698528
facts,default,2,immediate,0,Baku,Baku,1,-1,0,0,stop,5,0,qwen3.6-27b,Answer: Baku,What is the capital city of the country whose currency is the manat?,2875878609
facts,default,2,immediate,1,Astana,Astana,1,-1,0,0,stop,5,0,qwen3.6-27b,Answer: Astana,What is the capital city of the country whose currency is the tenge?,3698154567
facts,default,2,immediate,2,Kyiv,Kyiv,1,-1,0,0,stop,5,0,qwen3.6-27b,Answer: Kyiv,What is the capital city of the country whose currency is the hryvnia?,1164185085
facts,default,2,immediate,3,Yangon,Naypyidaw,0,-1,0,0,stop,7,0,qwen3.6-27b,Answer: Naypyidaw,What is the capital city of the country whose currency is the kyat?,845364587
facts,default,2,immediate,4,Stockholm,Stockholm,1,-1,0,0,stop,4,0,qwen3.6-27b,Answer: Stockholm,What is the capital city of the country whose currency is the krona?,2886183112
facts,default,2,immediate,5,Beijing,Beijing,1,-1,0,0,stop,4,0,qwen3.6-27b,Answer: Beijing,What is the capital city of the country whose currency is the yuan?,3674249310
facts,default,2,immediate,6,Bangkok,Bangkok,1,-1,0,0,stop,4,0,qwen3.6-27b,Answer: Bangkok,What is the capital city of the country whose currency is the baht?,1107937764
facts,default,2,immediate,7,Jakarta,Jakarta,1,-1,0,0,stop,4,0,qwen3.6-27b,Answer: Jakarta,What is the capital city of the country whose currency is the rupiah?,890173810
facts,default,2,immediate,8,Budapest,Budapest,1,-1,0,0,stop,4,0,qwen3.6-27b,Answer: Budapest,What is the capital city of the country whose currency is the forint?,2779899107
facts,default,2,immediate,9,Addis Ababa,Addis,0,-1,0,0,stop,7,0,qwen3.6-27b,Answer: Addis Ababa,What is the capital city of the country whose currency is the birr?,3535197301
facts,default,2,immediate,10,Jerusalem,Jerusalem,1,-1,0,0,stop,4,0,qwen3.6-27b,Answer: Jerusalem,What is the capital city of the country whose currency is the shekel?,482305614
facts,default,2,immediate,11,Jakarta,Jakarta,1,-1,0,0,stop,4,0,qwen3.6-27b,Answer: Jakarta,What is the capital city of the country whose currency is the rupiah?,1807242968
facts,default,2,immediate,12,Vientiane,Vientiane,1,-1,0,0,stop,6,0,qwen3.6-27b,Answer: Vientiane,What is the capital city of the country whose currency is the kip?,4071688034
facts,default,2,immediate,13,Stockholm,Reykjavik,0,-1,0,0,stop,7,0,qwen3.6-27b,Answer: Reykjavik,What is the capital city of the country whose currency is the krona?,2243311604
facts,default,2,immediate,14,Tokyo,Tokyo,1,-1,0,0,stop,4,0,qwen3.6-27b,Answer: Tokyo,What is the capital city of the country whose currency is the yen?,466788951
facts,default,2,immediate,15,Moscow,Moscow,1,-1,0,0,stop,3,0,qwen3.6-27b,Answer: Moscow,What is the capital city of the country whose currency is the ruble?,1825936065
facts,default,2,immediate,16,Seoul,Seoul,1,-1,0,0,stop,4,0,qwen3.6-27b,Answer: Seoul,What is the capital city of the country whose currency is the won?,4124885883
facts,default,2,immediate,17,Baku,Baku,1,-1,0,0,stop,5,0,qwen3.6-27b,Answer: Baku,What is the capital city of the country whose currency is the manat?,2195452909
facts,default,2,immediate,18,Bangkok,Bangkok,1,-1,0,0,stop,4,0,qwen3.6-27b,Answer: Bangkok,What is the capital city of the country whose currency is the baht?,308604540
facts,default,2,immediate,19,Baku,Baku,1,-1,0,0,stop,4,0,qwen3.6-27b,Answer: Baku,What is the capital city of the country whose currency is the manat?,1701043946
facts,default,2,immediate,20,Sofia,Sofia,1,-1,0,0,stop,3,0,qwen3.6-27b,Answer: Sofia,What is the capital city of the country whose currency is the lev?,932328845
facts,default,2,immediate,21,Hanoi,Hanoi,1,-1,0,0,stop,5,0,qwen3.6-27b,Answer: Hanoi,What is the capital city of the country whose currency is the dong?,1083507995
facts,default,2,immediate,22,Addis Ababa,Addis,0,-1,0,0,stop,7,0,qwen3.6-27b,Answer: Addis Ababa,What is the capital city of the country whose currency is the birr?,3650901153
facts,default,2,immediate,23,Dhaka,Dhaka,1,-1,0,0,stop,5,0,qwen3.6-27b,Answer: Dhaka,What is the capital city of the country whose currency is the taka?,2929419319
facts,default,2,immediate,24,Accra,Accra,1,-1,0,0,stop,5,0,qwen3.6-27b,Answer: Accra,What is the capital city of the country whose currency is the cedi?,822079892
facts,default,2,immediate,25,Kyiv,Kyiv,1,-1,0,0,stop,5,0,qwen3.6-27b,Answer: Kyiv,What is the capital city of the country whose currency is the hryvnia?,1207484674
facts,default,2,immediate,26,Baku,Baku,1,-1,0,0,stop,5,0,qwen3.6-27b,Answer: Baku,What is the capital city of the country whose currency is the manat?,3740373176
facts,default,2,immediate,27,Sofia,Sofia,1,-1,0,0,stop,4,0,qwen3.6-27b,Answer: Sofia,What is the capital city of the country whose currency is the lev?,2851512366
facts,default,2,immediate,28,Sofia,Sofia,1,-1,0,0,stop,4,0,qwen3.6-27b,Answer: Sofia,What is the capital city of the country whose currency is the lev?,961134015
facts,default,2,immediate,29,Jakarta,Jakarta,1,-1,0,0,stop,4,0,qwen3.6-27b,Answer: Jakarta,What is the capital city of the country whose currency is the rupiah?,1313770793
facts,default,2,immediate,30,Budapest,Budapest,1,-1,0,0,stop,4,0,qwen3.6-27b,Answer: Budapest,What is the capital city of the country whose currency is the forint?,780731596
facts,default,2,immediate,31,Accra,Accra,1,-1,0,0,stop,5,0,qwen3.6-27b,Answer: Accra,What is the capital city of the country whose currency is the cedi?,1502491738
facts,default,2,immediate,32,Tokyo,Tokyo,1,-1,0,0,stop,4,0,qwen3.6-27b,Answer: Tokyo,What is the capital city of the country whose currency is the yen?,3230098912
facts,default,2,immediate,33,Budapest,Budapest,1,-1,0,0,stop,3,0,qwen3.6-27b,Answer: Budapest,What is the capital city of the country whose currency is the forint?,3078641014
facts,default,2,immediate,34,Dhaka,Dhaka,1,-1,0,0,stop,5,0,qwen3.6-27b,Answer: Dhaka,What is the capital city of the country whose currency is the taka?,702857429
facts,default,2,immediate,35,Baku,Baku,1,-1,0,0,stop,5,0,qwen3.6-27b,Answer: Baku,What is the capital city of the country whose currency is the manat?,1591996483
facts,default,2,immediate,36,Bucharest,Bucharest,1,-1,0,0,stop,5,0,qwen3.6-27b,Answer: Bucharest,What is the capital city of the country whose currency is the leu?,3354042873
facts,default,2,immediate,37,Kyiv,Kyiv,1,-1,0,0,stop,5,0,qwen3.6-27b,Answer: Kyiv,What is the capital city of the country whose currency is the hryvnia?,2968359279
facts,default,2,immediate,38,Bucharest,Bucharest,1,-1,0,0,stop,5,0,qwen3.6-27b,Answer: Bucharest,What is the capital city of the country whose currency is the leu?,542280958
facts,default,2,immediate,39,Seoul,Seoul,1,-1,0,0,stop,4,0,qwen3.6-27b,Answer: Seoul,What is the capital city of the country whose currency is the won?,1465236584
facts,default,2,immediate,40,Tokyo,Tokyo,1,-1,0,0,stop,3,0,qwen3.6-27b,Answer: Tokyo,What is the capital city of the country whose currency is the yen?,1640534539
facts,default,2,immediate,41,Bangkok,Bangkok,1,-1,0,0,stop,4,0,qwen3.6-27b,Answer: Bangkok,What is the capital city of the country whose currency is the baht?,382706333
facts,default,2,immediate,42,Bangkok,Bangkok,1,-1,0,0,stop,3,0,qwen3.6-27b,Answer: Bangkok,What is the capital city of the country whose currency is the baht?,2412180263
facts,default,2,immediate,43,Prague,Prague,1,-1,0,0,stop,4,0,qwen3.6-27b,Answer: Prague,What is the capital city of the country whose currency is the koruna?,4173448113
facts,default,2,immediate,44,Accra,Accra,1,-1,0,0,stop,5,0,qwen3.6-27b,Answer: Accra,What is the capital city of the country whose currency is the cedi?,1722111506
facts,default,2,immediate,45,Addis Ababa,Addis,0,-1,0,0,stop,6,0,qwen3.6-27b,Answer: Addis Ababa,What is the capital city of the country whose currency is the birr?,295855748
facts,default,2,immediate,46,Kyiv,Kyiv,1,-1,0,0,stop,5,0,qwen3.6-27b,Answer: Kyiv,What is the capital city of the country whose currency is the hryvnia?,2292922174
facts,default,2,immediate,47,Tokyo,Tokyo,1,-1,0,0,stop,4,0,qwen3.6-27b,Answer: Tokyo,What is the capital city of the country whose currency is the yen?,4289464232
facts,default,2,immediate,48,Astana,Astana,1,-1,0,0,stop,5,0,qwen3.6-27b,Answer: Astana,What is the capital city of the country whose currency is the tenge?,1863522873
facts,default,2,immediate,49,Bucharest,Bucharest,1,-1,0,0,stop,5,0,qwen3.6-27b,Answer: Bucharest,What is the capital city of the country whose currency is the leu?,403974831
facts,default,2,immediate,50,Yangon,Naypyidaw,0,-1,0,0,stop,6,0,qwen3.6-27b,Answer: Naypyidaw,What is the capital city of the country whose currency is the kyat?,2027135818
facts,default,2,immediate,51,Prague,Prague,1,-1,0,0,stop,4,0,qwen3.6-27b,Answer: Prague,What is the capital city of the country whose currency is the koruna?,265589724
facts,default,2,immediate,52,Yerevan,Yerevan,1,-1,0,0,stop,6,0,qwen3.6-27b,Answer: Yerevan,What is the capital city of the country whose currency is the dram?,2531115622
facts,default,2,immediate,53,Jakarta,Jakarta,1,-1,0,0,stop,3,0,qwen3.6-27b,Answer: Jakarta,What is the capital city of the country whose currency is the rupiah?,3789222640
facts,default,2,immediate,54,Dhaka,Dhaka,1,-1,0,0,stop,4,0,qwen3.6-27b,Answer: Dhaka,What is the capital city of the country whose currency is the taka?,2143184723
facts,default,2,immediate,55,Stockholm,Reykjavik,0,-1,0,0,stop,7,0,qwen3.6-27b,Answer: Reykjavik,What is the capital city of the country whose currency is the krona?,146364357
facts,default,2,immediate,56,Astana,Astana,1,-1,0,0,stop,5,0,qwen3.6-27b,Answer: Astana,What is the capital city of the country whose currency is the tenge?,2444232319
facts,default,2,immediate,57,Caracas,Caracas,1,-1,0,0,stop,4,0,qwen3.6-27b,Answer: Caracas,What is the capital city of the country whose currency is the bolivar?,3870766825
facts,default,2,immediate,58,Phnom Penh,Phnom,0,-1,0,0,stop,7,0,qwen3.6-27b,Answer: Phnom Penh,What is the capital city of the country whose currency is the riel?,1980246904
facts,default,2,immediate,59,Beijing,Beijing,1,-1,0,0,stop,4,0,qwen3.6-27b,Answer: Beijing,What is the capital city of the country whose currency is the yuan?,17767406
facts,default,2,immediate,60,Yangon,Naypyidaw,0,-1,0,0,stop,6,0,qwen3.6-27b,Answer: Naypyidaw,What is the capital city of the country whose currency is the kyat?,1409216649
facts,default,2,immediate,61,Yangon,Naypyidaw,0,-1,0,0,stop,7,0,qwen3.6-27b,Answer: Naypyidaw,What is the capital city of the country whose currency is the kyat?,620347423
facts,default,2,immediate,62,Kabul,Kabul,1,-1,0,0,stop,4,0,qwen3.6-27b,Answer: Kabul,What is the capital city of the country whose currency is the afghani?,3186659749
facts,default,2,immediate,63,Lima,Lima,1,-1,0,0,stop,4,0,qwen3.6-27b,Answer: Lima,What is the capital city of the country whose currency is the sol?,3405226291
facts,default,2,immediate,64,Beijing,Beijing,1,-1,0,0,stop,4,0,qwen3.6-27b,Answer: Beijing,What is the capital city of the country whose currency is the yuan?,1418933392
facts,default,2,immediate,65,Kabul,Kabul,1,-1,0,0,stop,4,0,qwen3.6-27b,Answer: Kabul,What is the capital city of the country whose currency is the afghani?,596902918
facts,default,2,immediate,66,Caracas,Caracas,1,-1,0,0,stop,4,0,qwen3.6-27b,Answer: Caracas,What is the capital city of the country whose currency is the bolivar?,3130873276
facts,default,2,immediate,67,Bangkok,Bangkok,1,-1,0,0,stop,4,0,qwen3.6-27b,Answer: Bangkok,What is the capital city of the country whose currency is the baht?,3449447722
facts,default,2,immediate,68,Baku,Baku,1,-1,0,0,stop,5,0,qwen3.6-27b,Answer: Baku,What is the capital city of the country whose currency is the manat?,1562736827
facts,default,2,immediate,69,Bucharest,Bucharest,1,-1,0,0,stop,5,0,qwen3.6-27b,Answer: Bucharest,What is the capital city of the country whose currency is the leu?,706889773
facts,default,2,immediate,70,Prague,Prague,1,-1,0,0,stop,4,0,qwen3.6-27b,Answer: Prague,What is the capital city of the country whose currency is the koruna?,1256571336
facts,default,2,immediate,71,Stockholm,Stockholm,1,-1,0,0,stop,4,0,qwen3.6-27b,Answer: Stockholm,What is the capital city of the country whose currency is the krona?,1038283102
facts,default,2,immediate,72,Kabul,Kabul,1,-1,0,0,stop,4,0,qwen3.6-27b,Answer: Kabul,What is the capital city of the country whose currency is the afghani?,2766905572
facts,default,2,immediate,73,Lima,Lima,1,-1,0,0,stop,4,0,qwen3.6-27b,Answer: Lima,What is the capital city of the country whose currency is the sol?,3555496050
facts,default,2,immediate,74,Vientiane,Vientiane,1,-1,0,0,stop,6,0,qwen3.6-27b,Answer: Vientiane,What is the capital city of the country whose currency is the kip?,1300760017
facts,default,2,immediate,75,Phnom Penh,Phnom,0,-1,0,0,stop,7,0,qwen3.6-27b,Answer: Phnom Penh,What is the capital city of the country whose currency is the riel?,982463815
facts,default,2,immediate,76,Lima,Lima,1,-1,0,0,stop,3,0,qwen3.6-27b,Answer: Lima,What is the capital city of the country whose currency is the sol?,2743493885
facts,default,2,immediate,77,Dhaka,Dhaka,1,-1,0,0,stop,5,0,qwen3.6-27b,Answer: Dhaka,What is the capital city of the country whose currency is the taka?,3565245547
facts,default,2,immediate,78,Kyiv,Kyiv,1,-1,0,0,stop,5,0,qwen3.6-27b,Answer: Kyiv,What is the capital city of the country whose currency is the hryvnia?,1144932858
facts,default,2,immediate,79,Beijing,Beijing,1,-1,0,0,stop,4,0,qwen3.6-27b,Answer: Beijing,What is the capital city of the country whose currency is the yuan?,859404652
facts,default,2,immediate,80,Yerevan,Yerevan,1,-1,0,0,stop,6,0,qwen3.6-27b,Answer: Yerevan,What is the capital city of the country whose currency is the dram?,3447577863
facts,default,2,immediate,81,Beijing,Beijing,1,-1,0,0,stop,3,0,qwen3.6-27b,Answer: Beijing,What is the capital city of the country whose currency is the yuan?,3128618385
facts,default,2,immediate,82,Lima,Lima,1,-1,0,0,stop,4,0,qwen3.6-27b,Answer: Lima,What is the capital city of the country whose currency is the sol?,594787371
facts,default,2,immediate,83,Tokyo,Tokyo,1,-1,0,0,stop,4,0,qwen3.6-27b,Answer: Tokyo,What is the capital city of the country whose currency is the yen?,1416924349
facts,default,2,immediate,84,Budapest,Budapest,1,-1,0,0,stop,4,0,qwen3.6-27b,Answer: Budapest,What is the capital city of the country whose currency is the forint?,3390052638
facts,default,2,immediate,85,Seoul,Seoul,1,-1,0,0,stop,4,0,qwen3.6-27b,Answer: Seoul,What is the capital city of the country whose currency is the won?,3172411784
facts,default,2,immediate,86,Hanoi,Hanoi,1,-1,0,0,stop,5,0,qwen3.6-27b,Answer: Hanoi,What is the capital city of the country whose currency is the dong?,605976626
facts,default,2,immediate,87,Phnom Penh,Phnom,0,-1,0,0,stop,7,0,qwen3.6-27b,Answer: Phnom Penh,What is the capital city of the country whose currency is the riel?,1394165924
facts,default,2,immediate,88,Stockholm,Stockholm,1,-1,0,0,stop,4,0,qwen3.6-27b,Answer: Stockholm,What is the capital city of the country whose currency is the krona?,3282457909
facts,default,2,immediate,89,Jerusalem,Jerusalem,1,-1,0,0,stop,4,0,qwen3.6-27b,Answer: Jerusalem,What is the capital city of the country whose currency is the shekel?,3030476195
facts,default,2,immediate,90,Kyiv,Kyiv,1,-1,0,0,stop,5,0,qwen3.6-27b,Answer: Kyiv,What is the capital city of the country whose currency is the hryvnia?,3563514950
facts,default,2,immediate,91,Yangon,Naypyidaw,0,-1,0,0,stop,7,0,qwen3.6-27b,Answer: Naypyidaw,What is the capital city of the country whose currency is the kyat?,2741099728
facts,default,2,immediate,92,Stockholm,Stockholm,1,-1,0,0,stop,4,0,qwen3.6-27b,Answer: Stockholm,What is the capital city of the country whose currency is the krona?,979930474
facts,default,2,immediate,93,Budapest,Budapest,1,-1,0,0,stop,4,0,qwen3.6-27b,Answer: Budapest,What is the capital city of the country whose currency is the forint?,1299168764
facts,default,2,immediate,94,Tbilisi,Tbilisi,1,-1,0,0,stop,5,0,qwen3.6-27b,Answer: Tbilisi,What is the capital city of the country whose currency is the lari?,3540723807
facts,default,2,immediate,95,Sofia,Sofia,1,-1,0,0,stop,4,0,qwen3.6-27b,Answer: Sofia,What is the capital city of the country whose currency is the lev?,2752256201
facts,default,2,immediate,96,Kyiv,Kyiv,1,-1,0,0,stop,5,0,qwen3.6-27b,Answer: Kyiv,What is the capital city of the country whose currency is the hryvnia?,1023756659
facts,default,2,immediate,97,Accra,Accra,1,-1,0,0,stop,5,0,qwen3.6-27b,Answer: Accra,What is the capital city of the country whose currency is the cedi?,1241676261
facts,default,2,immediate,98,Kyiv,Kyiv,1,-1,0,0,stop,5,0,qwen3.6-27b,Answer: Kyiv,What is the capital city of the country whose currency is the hryvnia?,3669845108
facts,default,2,immediate,99,Accra,Accra,1,-1,0,0,stop,5,0,qwen3.6-27b,Answer: Accra,What is the capital city of the country whose currency is the cedi?,2914669794
facts,default,2,immediate,100,Bangkok,Bangkok,1,-1,0,0,stop,4,0,qwen3.6-27b,Answer: Bangkok,What is the capital city of the country whose currency is the baht?,1705184464
facts,default,2,immediate,101,Moscow,Moscow,1,-1,0,0,stop,4,0,qwen3.6-27b,Answer: Moscow,What is the capital city of the country whose currency is the ruble?,312753222
facts,default,2,immediate,102,Beijing,Beijing,1,-1,0,0,stop,4,0,qwen3.6-27b,Answer: Beijing,What is the capital city of the country whose currency is the yuan?,2343398908
facts,default,2,immediate,103,Vientiane,Vientiane,1,-1,0,0,stop,5,0,qwen3.6-27b,Answer: Vientiane,What is the capital city of the country whose currency is the kip?,4239023466
facts,default,2,immediate,104,Lima,Lima,1,-1,0,0,stop,4,0,qwen3.6-27b,Answer: Lima,What is the capital city of the country whose currency is the sol?,1657718985
facts,default,2,immediate,105,Kyiv,Kyiv,1,-1,0,0,stop,5,0,qwen3.6-27b,Answer: Kyiv,What is the capital city of the country whose currency is the hryvnia?,365557855
facts,default,2,immediate,106,Prague,Prague,1,-1,0,0,stop,4,0,qwen3.6-27b,Answer: Prague,What is the capital city of the country whose currency is the koruna?,2361436645
facts,default,2,immediate,107,Sofia,Sofia,1,-1,0,0,stop,3,0,qwen3.6-27b,Answer: Sofia,What is the capital city of the country whose currency is the lev?,4224162163
facts,default,2,immediate,108,Hanoi,Hanoi,1,-1,0,0,stop,5,0,qwen3.6-27b,Answer: Hanoi,What is the capital city of the country whose currency is the dong?,1803060450
facts,default,2,immediate,109,Vientiane,Vientiane,1,-1,0,0,stop,6,0,qwen3.6-27b,Answer: Vientiane,What is the capital city of the country whose currency is the kip?,478131316
facts,default,2,immediate,110,Budapest,Budapest,1,-1,0,0,stop,4,0,qwen3.6-27b,Answer: Budapest,What is the capital city of the country whose currency is the forint?,2092449169
facts,default,2,immediate,111,Bangkok,Bangkok,1,-1,0,0,stop,4,0,qwen3.6-27b,Answer: Bangkok,What is the capital city of the country whose currency is the baht?,197070087
facts,default,2,immediate,112,Vientiane,Vientiane,1,-1,0,0,stop,6,0,qwen3.6-27b,Answer: Vientiane,What is the capital city of the country whose currency is the kip?,2461424829
facts,default,2,immediate,113,Baku,Baku,1,-1,0,0,stop,5,0,qwen3.6-27b,Answer: Baku,What is the capital city of the country whose currency is the manat?,3853610027
facts,default,2,immediate,114,Accra,Accra,1,-1,0,0,stop,4,0,qwen3.6-27b,Answer: Accra,What is the capital city of the country whose currency is the cedi?,2077620616
facts,default,2,immediate,115,Lima,Lima,1,-1,0,0,stop,4,0,qwen3.6-27b,Answer: Lima,What is the capital city of the country whose currency is the sol?,215140638
facts,default,2,immediate,116,Addis Ababa,Addis,0,-1,0,0,stop,7,0,qwen3.6-27b,Answer: Addis Ababa,What is the capital city of the country whose currency is the birr?,2514196644
facts,default,2,immediate,117,Phnom Penh,Phnom,0,-1,0,0,stop,7,0,qwen3.6-27b,Answer: Phnom Penh,What is the capital city of the country whose currency is the riel?,3806111794
facts,default,2,immediate,118,Caracas,Caracas,1,-1,0,0,stop,4,0,qwen3.6-27b,Answer: Caracas,What is the capital city of the country whose currency is the bolivar?,1919137187
facts,default,2,immediate,119,Prague,Prague,1,-1,0,0,stop,4,0,qwen3.6-27b,Answer: Prague,What is the capital city of the country whose currency is the koruna?,90473781
facts,default,2,immediate,120,Vientiane,Vientiane,1,-1,0,0,stop,6,0,qwen3.6-27b,Answer: Vientiane,What is the capital city of the country whose currency is the kip?,1469410898
facts,default,2,immediate,121,Astana,Nur,0,-1,0,0,stop,6,0,qwen3.6-27b,Answer: Nur-Sultan,What is the capital city of the country whose currency is the tenge?,546463428
facts,default,2,immediate,122,Accra,Accra,1,-1,0,0,stop,5,0,qwen3.6-27b,Answer: Accra,What is the capital city of the country whose currency is the cedi?,3113947006
facts,default,2,immediate,123,Seoul,Seoul,1,-1,0,0,stop,4,0,qwen3.6-27b,Answer: Seoul,What is the capital city of the country whose currency is the won?,3466346472
facts,default,2,immediate,124,Prague,Prague,1,-1,0,0,stop,4,0,qwen3.6-27b,Answer: Prague,What is the capital city of the country whose currency is the koruna?,1358473803
facts,default,2,immediate,125,Yangon,Naypyidaw,0,-1,0,0,stop,7,0,qwen3.6-27b,Answer: Naypyidaw,What is the capital city of the country whose currency is the kyat?,671062749
facts,default,2,immediate,126,Abuja,Abuja,1,-1,0,0,stop,5,0,qwen3.6-27b,Answer: Abuja,What is the capital city of the country whose currency is the naira?,3203844967
facts,default,2,immediate,127,Baku,Baku,1,-1,0,0,stop,5,0,qwen3.6-27b,Answer: Baku,What is the capital city of the country whose currency is the manat?,3388079089
facts,default,2,immediate,128,Yangon,Naypyidaw,0,-1,0,0,stop,7,0,qwen3.6-27b,Answer: Naypyidaw,What is the capital city of the country whose currency is the kyat?,1498343008
facts,default,2,immediate,129,Tbilisi,Tbilisi,1,-1,0,0,stop,6,0,qwen3.6-27b,Answer: Tbilisi,What is the capital city of the country whose currency is the lari?,776591094
facts,default,2,immediate,130,Beijing,Beijing,1,-1,0,0,stop,4,0,qwen3.6-27b,Answer: Beijing,What is the capital city of the country whose currency is the yuan?,1317953299
facts,default,2,immediate,131,Bucharest,Bucharest,1,-1,0,0,stop,5,0,qwen3.6-27b,Answer: Bucharest,What is the capital city of the country whose currency is the leu?,965308293
facts,default,2,immediate,132,Warsaw,Warsaw,1,-1,0,0,stop,4,0,qwen3.6-27b,Answer: Warsaw,What is the capital city of the country whose currency is the zloty?,2692759103
facts,default,2,immediate,133,Kabul,Kabul,1,-1,0,0,stop,4,0,qwen3.6-27b,Answer: Kabul,What is the capital city of the country whose currency is the afghani?,3615952553
facts,default,2,immediate,134,Dhaka,Dhaka,1,-1,0,0,stop,5,0,qwen3.6-27b,Answer: Dhaka,What is the capital city of the country whose currency is the taka?,1239653130
facts,default,2,immediate,135,Jerusalem,Jerusalem,1,-1,0,0,stop,3,0,qwen3.6-27b,Answer: Jerusalem,What is the capital city of the country whose currency is the shekel?,1055173532
facts,default,2,immediate,136,Hanoi,Hanoi,1,-1,0,0,stop,5,0,qwen3.6-27b,Answer: Hanoi,What is the capital city of the country whose currency is the dong?,2817391142
facts,default,2,immediate,137,Bangkok,Bangkok,1,-1,0,0,stop,4,0,qwen3.6-27b,Answer: Bangkok,What is the capital city of the country whose currency is the baht?,3505048240
facts,default,2,immediate,138,Tbilisi,Tbilisi,1,-1,0,0,stop,6,0,qwen3.6-27b,Answer: Tbilisi,What is the capital city of the country whose currency is the lari?,1079367457
facts,default,2,immediate,139,Seoul,Seoul,1,-1,0,0,stop,3,0,qwen3.6-27b,Answer: Seoul,What is the capital city of the country whose currency is the won?,928180151
facts,default,2,immediate,140,Jerusalem,Jerusalem,1,-1,0,0,stop,4,0,qwen3.6-27b,Answer: Jerusalem,What is the capital city of the country whose currency is the shekel?,30394836
facts,default,2,immediate,141,Kyiv,Kyiv,1,-1,0,0,stop,5,0,qwen3.6-27b,Answer: Kyiv,What is the capital city of the country whose currency is the hryvnia?,1992882498
facts,default,2,immediate,142,Yerevan,Yerevan,1,-1,0,0,stop,5,0,qwen3.6-27b,Answer: Yerevan,What is the capital city of the country whose currency is the dram?,4022446328
facts,default,2,immediate,143,Astana,Astana,1,-1,0,0,stop,5,0,qwen3.6-27b,Answer: Astana,What is the capital city of the country whose currency is the tenge?,2563151982
facts,default,2,immediate,144,Beijing,Beijing,1,-1,0,0,stop,4,0,qwen3.6-27b,Answer: Beijing,What is the capital city of the country whose currency is the yuan?,111283661
facts,default,2,immediate,145,Pretoria,Pretoria,1,-1,0,0,stop,5,0,qwen3.6-27b,Answer: Pretoria,What is the capital city of the country whose currency is the rand?,1906654555
facts,default,2,immediate,146,Sofia,Sofia,1,-1,0,0,stop,4,0,qwen3.6-27b,Answer: Sofia,What is the capital city of the country whose currency is the lev?,3903614177
facts,default,2,immediate,147,Kyiv,Kyiv,1,-1,0,0,stop,5,0,qwen3.6-27b,Answer: Kyiv,What is the capital city of the country whose currency is the hryvnia?,2678807671
facts,default,2,immediate,148,Prague,Prague,1,-1,0,0,stop,4,0,qwen3.6-27b,Answer: Prague,What is the capital city of the country whose currency is the koruna?,252985830
facts,default,2,immediate,149,Beijing,Beijing,1,-1,0,0,stop,4,0,qwen3.6-27b,Answer: Beijing,What is the capital city of the country whose currency is the yuan?,2014540144
facts,default,2,filler,0,Baku,Baku,1,-1,0,0,stop,5,0,qwen3.6-27b,Answer: Baku,"What is the capital city of the country whose currency is the manat?

1 2 3 4 5 6 7 8 9 10 11 12 13 14 15 16 17 18 19 20 21 22 23 24 25 26 27 28 29 30 31 32 33 34 35 36 37 38 39 40 41 42 43 44 45 46 47 48 49 50 51 52 53 54 55 56 57 58 59 60 61 62 63 64 65 66 67 68 69 70 71 72 73 74 75 76 77 78 79 80 81 82 83 84 85 86 87 88 89 90 91 92 93 94 95 96 97 98 99 100",2875878609
facts,default,2,filler,1,Astana,Astana,1,-1,0,0,stop,5,0,qwen3.6-27b,Answer: Astana,"What is the capital city of the country whose currency is the tenge?

1 2 3 4 5 6 7 8 9 10 11 12 13 14 15 16 17 18 19 20 21 22 23 24 25 26 27 28 29 30 31 32 33 34 35 36 37 38 39 40 41 42 43 44 45 46 47 48 49 50 51 52 53 54 55 56 57 58 59 60 61 62 63 64 65 66 67 68 69 70 71 72 73 74 75 76 77 78 79 80 81 82 83 84 85 86 87 88 89 90 91 92 93 94 95 96 97 98 99 100",3698154567
facts,default,2,filler,2,Kyiv,Kyiv,1,-1,0,0,stop,5,0,qwen3.6-27b,Answer: Kyiv,"What is the capital city of the country whose currency is the hryvnia?

1 2 3 4 5 6 7 8 9 10 11 12 13 14 15 16 17 18 19 20 21 22 23 24 25 26 27 28 29 30 31 32 33 34 35 36 37 38 39 40 41 42 43 44 45 46 47 48 49 50 51 52 53 54 55 56 57 58 59 60 61 62 63 64 65 66 67 68 69 70 71 72 73 74 75 76 77 78 79 80 81 82 83 84 85 86 87 88 89 90 91 92 93 94 95 96 97 98 99 100",1164185085
facts,default,2,filler,3,Yangon,Naypyidaw,0,-1,0,0,stop,6,0,qwen3.6-27b,Answer: Naypyidaw,"What is the capital city of the country whose currency is the kyat?

1 2 3 4 5 6 7 8 9 10 11 12 13 14 15 16 17 18 19 20 21 22 23 24 25 26 27 28 29 30 31 32 33 34 35 36 37 38 39 40 41 42 43 44 45 46 47 48 49 50 51 52 53 54 55 56 57 58 59 60 61 62 63 64 65 66 67 68 69 70 71 72 73 74 75 76 77 78 79 80 81 82 83 84 85 86 87 88 89 90 91 92 93 94 95 96 97 98 99 100",845364587
facts,default,2,filler,4,Stockholm,Stockholm,1,-1,0,0,stop,3,0,qwen3.6-27b,Answer: Stockholm,"What is the capital city of the country whose currency is the krona?

1 2 3 4 5 6 7 8 9 10 11 12 13 14 15 16 17 18 19 20 21 22 23 24 25 26 27 28 29 30 31 32 33 34 35 36 37 38 39 40 41 42 43 44 45 46 47 48 49 50 51 52 53 54 55 56 57 58 59 60 61 62 63 64 65 66 67 68 69 70 71 72 73 74 75 76 77 78 79 80 81 82 83 84 85 86 87 88 89 90 91 92 93 94 95 96 97 98 99 100",2886183112
facts,default,2,filler,5,Beijing,Beijing,1,-1,0,0,stop,4,0,qwen3.6-27b,Answer: Beijing,"What is the capital city of the country whose currency is the yuan?

1 2 3 4 5 6 7 8 9 10 11 12 13 14 15 16 17 18 19 20 21 22 23 24 25 26 27 28 29 30 31 32 33 34 35 36 37 38 39 40 41 42 43 44 45 46 47 48 49 50 51 52 53 54 55 56 57 58 59 60 61 62 63 64 65 66 67 68 69 70 71 72 73 74 75 76 77 78 79 80 81 82 83 84 85 86 87 88 89 90 91 92 93 94 95 96 97 98 99 100",3674249310
facts,default,2,filler,6,Bangkok,Bangkok,1,-1,0,0,stop,4,0,qwen3.6-27b,Answer: Bangkok,"What is the capital city of the country whose currency is the baht?

1 2 3 4 5 6 7 8 9 10 11 12 13 14 15 16 17 18 19 20 21 22 23 24 25 26 27 28 29 30 31 32 33 34 35 36 37 38 39 40 41 42 43 44 45 46 47 48 49 50 51 52 53 54 55 56 57 58 59 60 61 62 63 64 65 66 67 68 69 70 71 72 73 74 75 76 77 78 79 80 81 82 83 84 85 86 87 88 89 90 91 92 93 94 95 96 97 98 99 100",1107937764
facts,default,2,filler,7,Jakarta,Jakarta,1,-1,0,0,stop,4,0,qwen3.6-27b,Answer: Jakarta,"What is the capital city of the country whose currency is the rupiah?

1 2 3 4 5 6 7 8 9 10 11 12 13 14 15 16 17 18 19 20 21 22 23 24 25 26 27 28 29 30 31 32 33 34 35 36 37 38 39 40 41 42 43 44 45 46 47 48 49 50 51 52 53 54 55 56 57 58 59 60 61 62 63 64 65 66 67 68 69 70 71 72 73 74 75 76 77 78 79 80 81 82 83 84 85 86 87 88 89 90 91 92 93 94 95 96 97 98 99 100",890173810
facts,default,2,filler,8,Budapest,Budapest,1,-1,0,0,stop,4,0,qwen3.6-27b,Answer: Budapest,"What is the capital city of the country whose currency is the forint?

1 2 3 4 5 6 7 8 9 10 11 12 13 14 15 16 17 18 19 20 21 22 23 24 25 26 27 28 29 30 31 32 33 34 35 36 37 38 39 40 41 42 43 44 45 46 47 48 49 50 51 52 53 54 55 56 57 58 59 60 61 62 63 64 65 66 67 68 69 70 71 72 73 74 75 76 77 78 79 80 81 82 83 84 85 86 87 88 89 90 91 92 93 94 95 96 97 98 99 100",2779899107
facts,default,2,filler,9,Addis Ababa,Addis,0,-1,0,0,stop,7,0,qwen3.6-27b,Answer: Addis Ababa,"What is the capital city of the country whose currency is the birr?

1 2 3 4 5 6 7 8 9 10 11 12 13 14 15 16 17 18 19 20 21 22 23 24 25 26 27 28 29 30 31 32 33 34 35 36 37 38 39 40 41 42 43 44 45 46 47 48 49 50 51 52 53 54 55 56 57 58 59 60 61 62 63 64 65 66 67 68 69 70 71 72 73 74 75 76 77 78 79 80 81 82 83 84 85 86 87 88 89 90 91 92 93 94 95 96 97 98 99 100",3535197301
facts,default,2,filler,10,Jerusalem,Jerusalem,1,-1,0,0,stop,4,0,qwen3.6-27b,Answer: Jerusalem,"What is the capital city of the country whose currency is the shekel?

1 2 3 4 5 6 7 8 9 10 11 12 13 14 15 16 17 18 19 20 21 22 23 24 25 26 27 28 29 30 31 32 33 34 35 36 37 38 39 40 41 42 43 44 45 46 47 48 49 50 51 52 53 54 55 56 57 58 59 60 61 62 63 64 65 66 67 68 69 70 71 72 73 74 75 76 77 78 79 80 81 82 83 84 85 86 87 88 89 90 91 92 93 94 95 96 97 98 99 100",482305614
facts,default,2,filler,11,Jakarta,Jakarta,1,-1,0,0,stop,4,0,qwen3.6-27b,Answer: Jakarta,"What is the capital city of the country whose currency is the rupiah?

1 2 3 4 5 6 7 8 9 10 11 12 13 14 15 16 17 18 19 20 21 22 23 24 25 26 27 28 29 30 31 32 33 34 35 36 37 38 39 40 41 42 43 44 45 46 47 48 49 50 51 52 53 54 55 56 57 58 59 60 61 62 63 64 65 66 67 68 69 70 71 72 73 74 75 76 77 78 79 80 81 82 83 84 85 86 87 88 89 90 91 92 93 94 95 96 97 98 99 100",1807242968
facts,default,2,filler,12,Vientiane,Vientiane,1,-1,0,0,stop,6,0,qwen3.6-27b,Answer: Vientiane,"What is the capital city of the country whose currency is the kip?

1 2 3 4 5 6 7 8 9 10 11 12 13 14 15 16 17 18 19 20 21 22 23 24 25 26 27 28 29 30 31 32 33 34 35 36 37 38 39 40 41 42 43 44 45 46 47 48 49 50 51 52 53 54 55 56 57 58 59 60 61 62 63 64 65 66 67 68 69 70 71 72 73 74 75 76 77 78 79 80 81 82 83 84 85 86 87 88 89 90 91 92 93 94 95 96 97 98 99 100",4071688034
facts,default,2,filler,13,Stockholm,Stockholm,1,-1,0,0,stop,4,0,qwen3.6-27b,Answer: Stockholm,"What is the capital city of the country whose currency is the krona?

1 2 3 4 5 6 7 8 9 10 11 12 13 14 15 16 17 18 19 20 21 22 23 24 25 26 27 28 29 30 31 32 33 34 35 36 37 38 39 40 41 42 43 44 45 46 47 48 49 50 51 52 53 54 55 56 57 58 59 60 61 62 63 64 65 66 67 68 69 70 71 72 73 74 75 76 77 78 79 80 81 82 83 84 85 86 87 88 89 90 91 92 93 94 95 96 97 98 99 100",2243311604
facts,default,2,filler,14,Tokyo,Tokyo,1,-1,0,0,stop,4,0,qwen3.6-27b,Answer: Tokyo,"What is the capital city of the country whose currency is the yen?

1 2 3 4 5 6 7 8 9 10 11 12 13 14 15 16 17 18 19 20 21 22 23 24 25 26 27 28 29 30 31 32 33 34 35 36 37 38 39 40 41 42 43 44 45 46 47 48 49 50 51 52 53 54 55 56 57 58 59 60 61 62 63 64 65 66 67 68 69 70 71 72 73 74 75 76 77 78 79 80 81 82 83 84 85 86 87 88 89 90 91 92 93 94 95 96 97 98 99 100",466788951
facts,default,2,filler,15,Moscow,Moscow,1,-1,0,0,stop,4,0,qwen3.6-27b,Answer: Moscow,"What is the capital city of the country whose currency is the ruble?

1 2 3 4 5 6 7 8 9 10 11 12 13 14 15 16 17 18 19 20 21 22 23 24 25 26 27 28 29 30 31 32 33 34 35 36 37 38 39 40 41 42 43 44 45 46 47 48 49 50 51 52 53 54 55 56 57 58 59 60 61 62 63 64 65 66 67 68 69 70 71 72 73 74 75 76 77 78 79 80 81 82 83 84 85 86 87 88 89 90 91 92 93 94 95 96 97 98 99 100",1825936065
facts,default,2,filler,16,Seoul,Seoul,1,-1,0,0,stop,4,0,qwen3.6-27b,Answer: Seoul,"What is the capital city of the country whose currency is the won?

1 2 3 4 5 6 7 8 9 10 11 12 13 14 15 16 17 18 19 20 21 22 23 24 25 26 27 28 29 30 31 32 33 34 35 36 37 38 39 40 41 42 43 44 45 46 47 48 49 50 51 52 53 54 55 56 57 58 59 60 61 62 63 64 65 66 67 68 69 70 71 72 73 74 75 76 77 78 79 80 81 82 83 84 85 86 87 88 89 90 91 92 93 94 95 96 97 98 99 100",4124885883
facts,default,2,filler,17,Baku,Baku,1,-1,0,0,stop,5,0,qwen3.6-27b,Answer: Baku,"What is the capital city of the country whose currency is the manat?

1 2 3 4 5 6 7 8 9 10 11 12 13 14 15 16 17 18 19 20 21 22 23 24 25 26 27 28 29 30 31 32 33 34 35 36 37 38 39 40 41 42 43 44 45 46 47 48 49 50 51 52 53 54 55 56 57 58 59 60 61 62 63 64 65 66 67 68 69 70 71 72 73 74 75 76 77 78 79 80 81 82 83 84 85 86 87 88 89 90 91 92 93 94 95 96 97 98 99 100",2195452909
facts,default,2,filler,18,Bangkok,Bangkok,1,-1,0,0,stop,4,0,qwen3.6-27b,Answer: Bangkok,"What is the capital city of the country whose currency is the baht?

1 2 3 4 5 6 7 8 9 10 11 12 13 14 15 16 17 18 19 20 21 22 23 24 25 26 27 28 29 30 31 32 33 34 35 36 37 38 39 40 41 42 43 44 45 46 47 48 49 50 51 52 53 54 55 56 57 58 59 60 61 62 63 64 65 66 67 68 69 70 71 72 73 74 75 76 77 78 79 80 81 82 83 84 85 86 87 88 89 90 91 92 93 94 95 96 97 98 99 100",308604540
facts,default,2,filler,19,Baku,Baku,1,-1,0,0,stop,5,0,qwen3.6-27b,Answer: Baku,"What is the capital city of the country whose currency is the manat?

1 2 3 4 5 6 7 8 9 10 11 12 13 14 15 16 17 18 19 20 21 22 23 24 25 26 27 28 29 30 31 32 33 34 35 36 37 38 39 40 41 42 43 44 45 46 47 48 49 50 51 52 53 54 55 56 57 58 59 60 61 62 63 64 65 66 67 68 69 70 71 72 73 74 75 76 77 78 79 80 81 82 83 84 85 86 87 88 89 90 91 92 93 94 95 96 97 98 99 100",1701043946
facts,default,2,filler,20,Sofia,Sofia,1,-1,0,0,stop,3,0,qwen3.6-27b,Answer: Sofia,"What is the capital city of the country whose currency is the lev?

1 2 3 4 5 6 7 8 9 10 11 12 13 14 15 16 17 18 19 20 21 22 23 24 25 26 27 28 29 30 31 32 33 34 35 36 37 38 39 40 41 42 43 44 45 46 47 48 49 50 51 52 53 54 55 56 57 58 59 60 61 62 63 64 65 66 67 68 69 70 71 72 73 74 75 76 77 78 79 80 81 82 83 84 85 86 87 88 89 90 91 92 93 94 95 96 97 98 99 100",932328845
facts,default,2,filler,21,Hanoi,Hanoi,1,-1,0,0,stop,5,0,qwen3.6-27b,Answer: Hanoi,"What is the capital city of the country whose currency is the dong?

1 2 3 4 5 6 7 8 9 10 11 12 13 14 15 16 17 18 19 20 21 22 23 24 25 26 27 28 29 30 31 32 33 34 35 36 37 38 39 40 41 42 43 44 45 46 47 48 49 50 51 52 53 54 55 56 57 58 59 60 61 62 63 64 65 66 67 68 69 70 71 72 73 74 75 76 77 78 79 80 81 82 83 84 85 86 87 88 89 90 91 92 93 94 95 96 97 98 99 100",1083507995
facts,default,2,filler,22,Addis Ababa,Addis,0,-1,0,0,stop,6,0,qwen3.6-27b,Answer: Addis Ababa,"What is the capital city of the country whose currency is the birr?

1 2 3 4 5 6 7 8 9 10 11 12 13 14 15 16 17 18 19 20 21 22 23 24 25 26 27 28 29 30 31 32 33 34 35 36 37 38 39 40 41 42 43 44 45 46 47 48 49 50 51 52 53 54 55 56 57 58 59 60 61 62 63 64 65 66 67 68 69 70 71 72 73 74 75 76 77 78 79 80 81 82 83 84 85 86 87 88 89 90 91 92 93 94 95 96 97 98 99 100",3650901153
facts,default,2,filler,23,Dhaka,Dhaka,1,-1,0,0,stop,4,0,qwen3.6-27b,Answer: Dhaka,"What is the capital city of the country whose currency is the taka?

1 2 3 4 5 6 7 8 9 10 11 12 13 14 15 16 17 18 19 20 21 22 23 24 25 26 27 28 29 30 31 32 33 34 35 36 37 38 39 40 41 42 43 44 45 46 47 48 49 50 51 52 53 54 55 56 57 58 59 60 61 62 63 64 65 66 67 68 69 70 71 72 73 74 75 76 77 78 79 80 81 82 83 84 85 86 87 88 89 90 91 92 93 94 95 96 97 98 99 100",2929419319
facts,default,2,filler,24,Accra,Accra,1,-1,0,0,stop,5,0,qwen3.6-27b,Answer: Accra,"What is the capital city of the country whose currency is the cedi?

1 2 3 4 5 6 7 8 9 10 11 12 13 14 15 16 17 18 19 20 21 22 23 24 25 26 27 28 29 30 31 32 33 34 35 36 37 38 39 40 41 42 43 44 45 46 47 48 49 50 51 52 53 54 55 56 57 58 59 60 61 62 63 64 65 66 67 68 69 70 71 72 73 74 75 76 77 78 79 80 81 82 83 84 85 86 87 88 89 90 91 92 93 94 95 96 97 98 99 100",822079892
facts,default,2,filler,25,Kyiv,Kyiv,1,-1,0,0,stop,5,0,qwen3.6-27b,Answer: Kyiv,"What is the capital city of the country whose currency is the hryvnia?

1 2 3 4 5 6 7 8 9 10 11 12 13 14 15 16 17 18 19 20 21 22 23 24 25 26 27 28 29 30 31 32 33 34 35 36 37 38 39 40 41 42 43 44 45 46 47 48 49 50 51 52 53 54 55 56 57 58 59 60 61 62 63 64 65 66 67 68 69 70 71 72 73 74 75 76 77 78 79 80 81 82 83 84 85 86 87 88 89 90 91 92 93 94 95 96 97 98 99 100",1207484674
facts,default,2,filler,26,Baku,Baku,1,-1,0,0,stop,5,0,qwen3.6-27b,Answer: Baku,"What is the capital city of the country whose currency is the manat?

1 2 3 4 5 6 7 8 9 10 11 12 13 14 15 16 17 18 19 20 21 22 23 24 25 26 27 28 29 30 31 32 33 34 35 36 37 38 39 40 41 42 43 44 45 46 47 48 49 50 51 52 53 54 55 56 57 58 59 60 61 62 63 64 65 66 67 68 69 70 71 72 73 74 75 76 77 78 79 80 81 82 83 84 85 86 87 88 89 90 91 92 93 94 95 96 97 98 99 100",3740373176
facts,default,2,filler,27,Sofia,Sofia,1,-1,0,0,stop,4,0,qwen3.6-27b,Answer: Sofia,"What is the capital city of the country whose currency is the lev?

1 2 3 4 5 6 7 8 9 10 11 12 13 14 15 16 17 18 19 20 21 22 23 24 25 26 27 28 29 30 31 32 33 34 35 36 37 38 39 40 41 42 43 44 45 46 47 48 49 50 51 52 53 54 55 56 57 58 59 60 61 62 63 64 65 66 67 68 69 70 71 72 73 74 75 76 77 78 79 80 81 82 83 84 85 86 87 88 89 90 91 92 93 94 95 96 97 98 99 100",2851512366
facts,default,2,filler,28,Sofia,Sofia,1,-1,0,0,stop,3,0,qwen3.6-27b,Answer: Sofia,"What is the capital city of the country whose currency is the lev?

1 2 3 4 5 6 7 8 9 10 11 12 13 14 15 16 17 18 19 20 21 22 23 24 25 26 27 28 29 30 31 32 33 34 35 36 37 38 39 40 41 42 43 44 45 46 47 48 49 50 51 52 53 54 55 56 57 58 59 60 61 62 63 64 65 66 67 68 69 70 71 72 73 74 75 76 77 78 79 80 81 82 83 84 85 86 87 88 89 90 91 92 93 94 95 96 97 98 99 100",961134015
facts,default,2,filler,29,Jakarta,Jakarta,1,-1,0,0,stop,4,0,qwen3.6-27b,Answer: Jakarta,"What is the capital city of the country whose currency is the rupiah?

1 2 3 4 5 6 7 8 9 10 11 12 13 14 15 16 17 18 19 20 21 22 23 24 25 26 27 28 29 30 31 32 33 34 35 36 37 38 39 40 41 42 43 44 45 46 47 48 49 50 51 52 53 54 55 56 57 58 59 60 61 62 63 64 65 66 67 68 69 70 71 72 73 74 75 76 77 78 79 80 81 82 83 84 85 86 87 88 89 90 91 92 93 94 95 96 97 98 99 100",1313770793
facts,default,2,filler,30,Budapest,Budapest,1,-1,0,0,stop,4,0,qwen3.6-27b,Answer: Budapest,"What is the capital city of the country whose currency is the forint?

1 2 3 4 5 6 7 8 9 10 11 12 13 14 15 16 17 18 19 20 21 22 23 24 25 26 27 28 29 30 31 32 33 34 35 36 37 38 39 40 41 42 43 44 45 46 47 48 49 50 51 52 53 54 55 56 57 58 59 60 61 62 63 64 65 66 67 68 69 70 71 72 73 74 75 76 77 78 79 80 81 82 83 84 85 86 87 88 89 90 91 92 93 94 95 96 97 98 99 100",780731596
facts,default,2,filler,31,Accra,Accra,1,-1,0,0,stop,5,0,qwen3.6-27b,Answer: Accra,"What is the capital city of the country whose currency is the cedi?

1 2 3 4 5 6 7 8 9 10 11 12 13 14 15 16 17 18 19 20 21 22 23 24 25 26 27 28 29 30 31 32 33 34 35 36 37 38 39 40 41 42 43 44 45 46 47 48 49 50 51 52 53 54 55 56 57 58 59 60 61 62 63 64 65 66 67 68 69 70 71 72 73 74 75 76 77 78 79 80 81 82 83 84 85 86 87 88 89 90 91 92 93 94 95 96 97 98 99 100",1502491738
facts,default,2,filler,32,Tokyo,Tokyo,1,-1,0,0,stop,4,0,qwen3.6-27b,Answer: Tokyo,"What is the capital city of the country whose currency is the yen?

1 2 3 4 5 6 7 8 9 10 11 12 13 14 15 16 17 18 19 20 21 22 23 24 25 26 27 28 29 30 31 32 33 34 35 36 37 38 39 40 41 42 43 44 45 46 47 48 49 50 51 52 53 54 55 56 57 58 59 60 61 62 63 64 65 66 67 68 69 70 71 72 73 74 75 76 77 78 79 80 81 82 83 84 85 86 87 88 89 90 91 92 93 94 95 96 97 98 99 100",3230098912
facts,default,2,filler,33,Budapest,Budapest,1,-1,0,0,stop,3,0,qwen3.6-27b,Answer: Budapest,"What is the capital city of the country whose currency is the forint?

1 2 3 4 5 6 7 8 9 10 11 12 13 14 15 16 17 18 19 20 21 22 23 24 25 26 27 28 29 30 31 32 33 34 35 36 37 38 39 40 41 42 43 44 45 46 47 48 49 50 51 52 53 54 55 56 57 58 59 60 61 62 63 64 65 66 67 68 69 70 71 72 73 74 75 76 77 78 79 80 81 82 83 84 85 86 87 88 89 90 91 92 93 94 95 96 97 98 99 100",3078641014
facts,default,2,filler,34,Dhaka,Dhaka,1,-1,0,0,stop,5,0,qwen3.6-27b,Answer: Dhaka,"What is the capital city of the country whose currency is the taka?

1 2 3 4 5 6 7 8 9 10 11 12 13 14 15 16 17 18 19 20 21 22 23 24 25 26 27 28 29 30 31 32 33 34 35 36 37 38 39 40 41 42 43 44 45 46 47 48 49 50 51 52 53 54 55 56 57 58 59 60 61 62 63 64 65 66 67 68 69 70 71 72 73 74 75 76 77 78 79 80 81 82 83 84 85 86 87 88 89 90 91 92 93 94 95 96 97 98 99 100",702857429
facts,default,2,filler,35,Baku,Baku,1,-1,0,0,stop,5,0,qwen3.6-27b,Answer: Baku,"What is the capital city of the country whose currency is the manat?

1 2 3 4 5 6 7 8 9 10 11 12 13 14 15 16 17 18 19 20 21 22 23 24 25 26 27 28 29 30 31 32 33 34 35 36 37 38 39 40 41 42 43 44 45 46 47 48 49 50 51 52 53 54 55 56 57 58 59 60 61 62 63 64 65 66 67 68 69 70 71 72 73 74 75 76 77 78 79 80 81 82 83 84 85 86 87 88 89 90 91 92 93 94 95 96 97 98 99 100",1591996483
facts,default,2,filler,36,Bucharest,Bucharest,1,-1,0,0,stop,4,0,qwen3.6-27b,Answer: Bucharest,"What is the capital city of the country whose currency is the leu?

1 2 3 4 5 6 7 8 9 10 11 12 13 14 15 16 17 18 19 20 21 22 23 24 25 26 27 28 29 30 31 32 33 34 35 36 37 38 39 40 41 42 43 44 45 46 47 48 49 50 51 52 53 54 55 56 57 58 59 60 61 62 63 64 65 66 67 68 69 70 71 72 73 74 75 76 77 78 79 80 81 82 83 84 85 86 87 88 89 90 91 92 93 94 95 96 97 98 99 100",3354042873
facts,default,2,filler,37,Kyiv,Kyiv,1,-1,0,0,stop,5,0,qwen3.6-27b,Answer: Kyiv,"What is the capital city of the country whose currency is the hryvnia?

1 2 3 4 5 6 7 8 9 10 11 12 13 14 15 16 17 18 19 20 21 22 23 24 25 26 27 28 29 30 31 32 33 34 35 36 37 38 39 40 41 42 43 44 45 46 47 48 49 50 51 52 53 54 55 56 57 58 59 60 61 62 63 64 65 66 67 68 69 70 71 72 73 74 75 76 77 78 79 80 81 82 83 84 85 86 87 88 89 90 91 92 93 94 95 96 97 98 99 100",2968359279
facts,default,2,filler,38,Bucharest,Bucharest,1,-1,0,0,stop,5,0,qwen3.6-27b,Answer: Bucharest,"What is the capital city of the country whose currency is the leu?

1 2 3 4 5 6 7 8 9 10 11 12 13 14 15 16 17 18 19 20 21 22 23 24 25 26 27 28 29 30 31 32 33 34 35 36 37 38 39 40 41 42 43 44 45 46 47 48 49 50 51 52 53 54 55 56 57 58 59 60 61 62 63 64 65 66 67 68 69 70 71 72 73 74 75 76 77 78 79 80 81 82 83 84 85 86 87 88 89 90 91 92 93 94 95 96 97 98 99 100",542280958
facts,default,2,filler,39,Seoul,Seoul,1,-1,0,0,stop,4,0,qwen3.6-27b,Answer: Seoul,"What is the capital city of the country whose currency is the won?

1 2 3 4 5 6 7 8 9 10 11 12 13 14 15 16 17 18 19 20 21 22 23 24 25 26 27 28 29 30 31 32 33 34 35 36 37 38 39 40 41 42 43 44 45 46 47 48 49 50 51 52 53 54 55 56 57 58 59 60 61 62 63 64 65 66 67 68 69 70 71 72 73 74 75 76 77 78 79 80 81 82 83 84 85 86 87 88 89 90 91 92 93 94 95 96 97 98 99 100",1465236584
facts,default,2,filler,40,Tokyo,Tokyo,1,-1,0,0,stop,4,0,qwen3.6-27b,Answer: Tokyo,"What is the capital city of the country whose currency is the yen?

1 2 3 4 5 6 7 8 9 10 11 12 13 14 15 16 17 18 19 20 21 22 23 24 25 26 27 28 29 30 31 32 33 34 35 36 37 38 39 40 41 42 43 44 45 46 47 48 49 50 51 52 53 54 55 56 57 58 59 60 61 62 63 64 65 66 67 68 69 70 71 72 73 74 75 76 77 78 79 80 81 82 83 84 85 86 87 88 89 90 91 92 93 94 95 96 97 98 99 100",1640534539
facts,default,2,filler,41,Bangkok,Bangkok,1,-1,0,0,stop,4,0,qwen3.6-27b,Answer: Bangkok,"What is the capital city of the country whose currency is the baht?

1 2 3 4 5 6 7 8 9 10 11 12 13 14 15 16 17 18 19 20 21 22 23 24 25 26 27 28 29 30 31 32 33 34 35 36 37 38 39 40 41 42 43 44 45 46 47 48 49 50 51 52 53 54 55 56 57 58 59 60 61 62 63 64 65 66 67 68 69 70 71 72 73 74 75 76 77 78 79 80 81 82 83 84 85 86 87 88 89 90 91 92 93 94 95 96 97 98 99 100",382706333
facts,default,2,filler,42,Bangkok,Bangkok,1,-1,0,0,stop,3,0,qwen3.6-27b,Answer: Bangkok,"What is the capital city of the country whose currency is the baht?

1 2 3 4 5 6 7 8 9 10 11 12 13 14 15 16 17 18 19 20 21 22 23 24 25 26 27 28 29 30 31 32 33 34 35 36 37 38 39 40 41 42 43 44 45 46 47 48 49 50 51 52 53 54 55 56 57 58 59 60 61 62 63 64 65 66 67 68 69 70 71 72 73 74 75 76 77 78 79 80 81 82 83 84 85 86 87 88 89 90 91 92 93 94 95 96 97 98 99 100",2412180263
facts,default,2,filler,43,Prague,Prague,1,-1,0,0,stop,4,0,qwen3.6-27b,Answer: Prague,"What is the capital city of the country whose currency is the koruna?

1 2 3 4 5 6 7 8 9 10 11 12 13 14 15 16 17 18 19 20 21 22 23 24 25 26 27 28 29 30 31 32 33 34 35 36 37 38 39 40 41 42 43 44 45 46 47 48 49 50 51 52 53 54 55 56 57 58 59 60 61 62 63 64 65 66 67 68 69 70 71 72 73 74 75 76 77 78 79 80 81 82 83 84 85 86 87 88 89 90 91 92 93 94 95 96 97 98 99 100",4173448113
facts,default,2,filler,44,Accra,Accra,1,-1,0,0,stop,5,0,qwen3.6-27b,Answer: Accra,"What is the capital city of the country whose currency is the cedi?

1 2 3 4 5 6 7 8 9 10 11 12 13 14 15 16 17 18 19 20 21 22 23 24 25 26 27 28 29 30 31 32 33 34 35 36 37 38 39 40 41 42 43 44 45 46 47 48 49 50 51 52 53 54 55 56 57 58 59 60 61 62 63 64 65 66 67 68 69 70 71 72 73 74 75 76 77 78 79 80 81 82 83 84 85 86 87 88 89 90 91 92 93 94 95 96 97 98 99 100",1722111506
facts,default,2,filler,45,Addis Ababa,Addis,0,-1,0,0,stop,7,0,qwen3.6-27b,Answer: Addis Ababa,"What is the capital city of the country whose currency is the birr?

1 2 3 4 5 6 7 8 9 10 11 12 13 14 15 16 17 18 19 20 21 22 23 24 25 26 27 28 29 30 31 32 33 34 35 36 37 38 39 40 41 42 43 44 45 46 47 48 49 50 51 52 53 54 55 56 57 58 59 60 61 62 63 64 65 66 67 68 69 70 71 72 73 74 75 76 77 78 79 80 81 82 83 84 85 86 87 88 89 90 91 92 93 94 95 96 97 98 99 100",295855748
facts,default,2,filler,46,Kyiv,Kyiv,1,-1,0,0,stop,5,0,qwen3.6-27b,Answer: Kyiv,"What is the capital city of the country whose currency is the hryvnia?

1 2 3 4 5 6 7 8 9 10 11 12 13 14 15 16 17 18 19 20 21 22 23 24 25 26 27 28 29 30 31 32 33 34 35 36 37 38 39 40 41 42 43 44 45 46 47 48 49 50 51 52 53 54 55 56 57 58 59 60 61 62 63 64 65 66 67 68 69 70 71 72 73 74 75 76 77 78 79 80 81 82 83 84 85 86 87 88 89 90 91 92 93 94 95 96 97 98 99 100",2292922174
facts,default,2,filler,47,Tokyo,Tokyo,1,-1,0,0,stop,4,0,qwen3.6-27b,Answer: Tokyo,"What is the capital city of the country whose currency is the yen?

1 2 3 4 5 6 7 8 9 10 11 12 13 14 15 16 17 18 19 20 21 22 23 24 25 26 27 28 29 30 31 32 33 34 35 36 37 38 39 40 41 42 43 44 45 46 47 48 49 50 51 52 53 54 55 56 57 58 59 60 61 62 63 64 65 66 67 68 69 70 71 72 73 74 75 76 77 78 79 80 81 82 83 84 85 86 87 88 89 90 91 92 93 94 95 96 97 98 99 100",4289464232
facts,default,2,filler,48,Astana,Astana,1,-1,0,0,stop,5,0,qwen3.6-27b,Answer: Astana,"What is the capital city of the country whose currency is the tenge?

1 2 3 4 5 6 7 8 9 10 11 12 13 14 15 16 17 18 19 20 21 22 23 24 25 26 27 28 29 30 31 32 33 34 35 36 37 38 39 40 41 42 43 44 45 46 47 48 49 50 51 52 53 54 55 56 57 58 59 60 61 62 63 64 65 66 67 68 69 70 71 72 73 74 75 76 77 78 79 80 81 82 83 84 85 86 87 88 89 90 91 92 93 94 95 96 97 98 99 100",1863522873
facts,default,2,filler,49,Bucharest,Bucharest,1,-1,0,0,stop,4,0,qwen3.6-27b,Answer: Bucharest,"What is the capital city of the country whose currency is the leu?

1 2 3 4 5 6 7 8 9 10 11 12 13 14 15 16 17 18 19 20 21 22 23 24 25 26 27 28 29 30 31 32 33 34 35 36 37 38 39 40 41 42 43 44 45 46 47 48 49 50 51 52 53 54 55 56 57 58 59 60 61 62 63 64 65 66 67 68 69 70 71 72 73 74 75 76 77 78 79 80 81 82 83 84 85 86 87 88 89 90 91 92 93 94 95 96 97 98 99 100",403974831
facts,default,2,filler,50,Yangon,Naypyidaw,0,-1,0,0,stop,7,0,qwen3.6-27b,Answer: Naypyidaw,"What is the capital city of the country whose currency is the kyat?

1 2 3 4 5 6 7 8 9 10 11 12 13 14 15 16 17 18 19 20 21 22 23 24 25 26 27 28 29 30 31 32 33 34 35 36 37 38 39 40 41 42 43 44 45 46 47 48 49 50 51 52 53 54 55 56 57 58 59 60 61 62 63 64 65 66 67 68 69 70 71 72 73 74 75 76 77 78 79 80 81 82 83 84 85 86 87 88 89 90 91 92 93 94 95 96 97 98 99 100",2027135818
facts,default,2,filler,51,Prague,Prague,1,-1,0,0,stop,4,0,qwen3.6-27b,Answer: Prague,"What is the capital city of the country whose currency is the koruna?

1 2 3 4 5 6 7 8 9 10 11 12 13 14 15 16 17 18 19 20 21 22 23 24 25 26 27 28 29 30 31 32 33 34 35 36 37 38 39 40 41 42 43 44 45 46 47 48 49 50 51 52 53 54 55 56 57 58 59 60 61 62 63 64 65 66 67 68 69 70 71 72 73 74 75 76 77 78 79 80 81 82 83 84 85 86 87 88 89 90 91 92 93 94 95 96 97 98 99 100",265589724
facts,default,2,filler,52,Yerevan,Yerevan,1,-1,0,0,stop,5,0,qwen3.6-27b,Answer: Yerevan,"What is the capital city of the country whose currency is the dram?

1 2 3 4 5 6 7 8 9 10 11 12 13 14 15 16 17 18 19 20 21 22 23 24 25 26 27 28 29 30 31 32 33 34 35 36 37 38 39 40 41 42 43 44 45 46 47 48 49 50 51 52 53 54 55 56 57 58 59 60 61 62 63 64 65 66 67 68 69 70 71 72 73 74 75 76 77 78 79 80 81 82 83 84 85 86 87 88 89 90 91 92 93 94 95 96 97 98 99 100",2531115622
facts,default,2,filler,53,Jakarta,Jakarta,1,-1,0,0,stop,4,0,qwen3.6-27b,Answer: Jakarta,"What is the capital city of the country whose currency is the rupiah?

1 2 3 4 5 6 7 8 9 10 11 12 13 14 15 16 17 18 19 20 21 22 23 24 25 26 27 28 29 30 31 32 33 34 35 36 37 38 39 40 41 42 43 44 45 46 47 48 49 50 51 52 53 54 55 56 57 58 59 60 61 62 63 64 65 66 67 68 69 70 71 72 73 74 75 76 77 78 79 80 81 82 83 84 85 86 87 88 89 90 91 92 93 94 95 96 97 98 99 100",3789222640
facts,default,2,filler,54,Dhaka,Dhaka,1,-1,0,0,stop,5,0,qwen3.6-27b,Answer: Dhaka,"What is the capital city of the country whose currency is the taka?

1 2 3 4 5 6 7 8 9 10 11 12 13 14 15 16 17 18 19 20 21 22 23 24 25 26 27 28 29 30 31 32 33 34 35 36 37 38 39 40 41 42 43 44 45 46 47 48 49 50 51 52 53 54 55 56 57 58 59 60 61 62 63 64 65 66 67 68 69 70 71 72 73 74 75 76 77 78 79 80 81 82 83 84 85 86 87 88 89 90 91 92 93 94 95 96 97 98 99 100",2143184723
facts,default,2,filler,55,Stockholm,Stockholm,1,-1,0,0,stop,4,0,qwen3.6-27b,Answer: Stockholm,"What is the capital city of the country whose currency is the krona?

1 2 3 4 5 6 7 8 9 10 11 12 13 14 15 16 17 18 19 20 21 22 23 24 25 26 27 28 29 30 31 32 33 34 35 36 37 38 39 40 41 42 43 44 45 46 47 48 49 50 51 52 53 54 55 56 57 58 59 60 61 62 63 64 65 66 67 68 69 70 71 72 73 74 75 76 77 78 79 80 81 82 83 84 85 86 87 88 89 90 91 92 93 94 95 96 97 98 99 100",146364357
facts,default,2,filler,56,Astana,Astana,1,-1,0,0,stop,5,0,qwen3.6-27b,Answer: Astana,"What is the capital city of the country whose currency is the tenge?

1 2 3 4 5 6 7 8 9 10 11 12 13 14 15 16 17 18 19 20 21 22 23 24 25 26 27 28 29 30 31 32 33 34 35 36 37 38 39 40 41 42 43 44 45 46 47 48 49 50 51 52 53 54 55 56 57 58 59 60 61 62 63 64 65 66 67 68 69 70 71 72 73 74 75 76 77 78 79 80 81 82 83 84 85 86 87 88 89 90 91 92 93 94 95 96 97 98 99 100",2444232319
facts,default,2,filler,57,Caracas,Caracas,1,-1,0,0,stop,4,0,qwen3.6-27b,Answer: Caracas,"What is the capital city of the country whose currency is the bolivar?

1 2 3 4 5 6 7 8 9 10 11 12 13 14 15 16 17 18 19 20 21 22 23 24 25 26 27 28 29 30 31 32 33 34 35 36 37 38 39 40 41 42 43 44 45 46 47 48 49 50 51 52 53 54 55 56 57 58 59 60 61 62 63 64 65 66 67 68 69 70 71 72 73 74 75 76 77 78 79 80 81 82 83 84 85 86 87 88 89 90 91 92 93 94 95 96 97 98 99 100",3870766825
facts,default,2,filler,58,Phnom Penh,Phnom,0,-1,0,0,stop,7,0,qwen3.6-27b,Answer: Phnom Penh,"What is the capital city of the country whose currency is the riel?

1 2 3 4 5 6 7 8 9 10 11 12 13 14 15 16 17 18 19 20 21 22 23 24 25 26 27 28 29 30 31 32 33 34 35 36 37 38 39 40 41 42 43 44 45 46 47 48 49 50 51 52 53 54 55 56 57 58 59 60 61 62 63 64 65 66 67 68 69 70 71 72 73 74 75 76 77 78 79 80 81 82 83 84 85 86 87 88 89 90 91 92 93 94 95 96 97 98 99 100",1980246904
facts,default,2,filler,59,Beijing,Beijing,1,-1,0,0,stop,4,0,qwen3.6-27b,Answer: Beijing,"What is the capital city of the country whose currency is the yuan?

1 2 3 4 5 6 7 8 9 10 11 12 13 14 15 16 17 18 19 20 21 22 23 24 25 26 27 28 29 30 31 32 33 34 35 36 37 38 39 40 41 42 43 44 45 46 47 48 49 50 51 52 53 54 55 56 57 58 59 60 61 62 63 64 65 66 67 68 69 70 71 72 73 74 75 76 77 78 79 80 81 82 83 84 85 86 87 88 89 90 91 92 93 94 95 96 97 98 99 100",17767406
facts,default,2,filler,60,Yangon,Naypyidaw,0,-1,0,0,stop,7,0,qwen3.6-27b,Answer: Naypyidaw,"What is the capital city of the country whose currency is the kyat?

1 2 3 4 5 6 7 8 9 10 11 12 13 14 15 16 17 18 19 20 21 22 23 24 25 26 27 28 29 30 31 32 33 34 35 36 37 38 39 40 41 42 43 44 45 46 47 48 49 50 51 52 53 54 55 56 57 58 59 60 61 62 63 64 65 66 67 68 69 70 71 72 73 74 75 76 77 78 79 80 81 82 83 84 85 86 87 88 89 90 91 92 93 94 95 96 97 98 99 100",1409216649
facts,default,2,filler,61,Yangon,Naypyidaw,0,-1,0,0,stop,7,0,qwen3.6-27b,Answer: Naypyidaw,"What is the capital city of the country whose currency is the kyat?

1 2 3 4 5 6 7 8 9 10 11 12 13 14 15 16 17 18 19 20 21 22 23 24 25 26 27 28 29 30 31 32 33 34 35 36 37 38 39 40 41 42 43 44 45 46 47 48 49 50 51 52 53 54 55 56 57 58 59 60 61 62 63 64 65 66 67 68 69 70 71 72 73 74 75 76 77 78 79 80 81 82 83 84 85 86 87 88 89 90 91 92 93 94 95 96 97 98 99 100",620347423
facts,default,2,filler,62,Kabul,Kabul,1,-1,0,0,stop,4,0,qwen3.6-27b,Answer: Kabul,"What is the capital city of the country whose currency is the afghani?

1 2 3 4 5 6 7 8 9 10 11 12 13 14 15 16 17 18 19 20 21 22 23 24 25 26 27 28 29 30 31 32 33 34 35 36 37 38 39 40 41 42 43 44 45 46 47 48 49 50 51 52 53 54 55 56 57 58 59 60 61 62 63 64 65 66 67 68 69 70 71 72 73 74 75 76 77 78 79 80 81 82 83 84 85 86 87 88 89 90 91 92 93 94 95 96 97 98 99 100",3186659749
facts,default,2,filler,63,Lima,Lima,1,-1,0,0,stop,4,0,qwen3.6-27b,Answer: Lima,"What is the capital city of the country whose currency is the sol?

1 2 3 4 5 6 7 8 9 10 11 12 13 14 15 16 17 18 19 20 21 22 23 24 25 26 27 28 29 30 31 32 33 34 35 36 37 38 39 40 41 42 43 44 45 46 47 48 49 50 51 52 53 54 55 56 57 58 59 60 61 62 63 64 65 66 67 68 69 70 71 72 73 74 75 76 77 78 79 80 81 82 83 84 85 86 87 88 89 90 91 92 93 94 95 96 97 98 99 100",3405226291
facts,default,2,filler,64,Beijing,Beijing,1,-1,0,0,stop,4,0,qwen3.6-27b,Answer: Beijing,"What is the capital city of the country whose currency is the yuan?

1 2 3 4 5 6 7 8 9 10 11 12 13 14 15 16 17 18 19 20 21 22 23 24 25 26 27 28 29 30 31 32 33 34 35 36 37 38 39 40 41 42 43 44 45 46 47 48 49 50 51 52 53 54 55 56 57 58 59 60 61 62 63 64 65 66 67 68 69 70 71 72 73 74 75 76 77 78 79 80 81 82 83 84 85 86 87 88 89 90 91 92 93 94 95 96 97 98 99 100",1418933392
facts,default,2,filler,65,Kabul,Kabul,1,-1,0,0,stop,4,0,qwen3.6-27b,Answer: Kabul,"What is the capital city of the country whose currency is the afghani?

1 2 3 4 5 6 7 8 9 10 11 12 13 14 15 16 17 18 19 20 21 22 23 24 25 26 27 28 29 30 31 32 33 34 35 36 37 38 39 40 41 42 43 44 45 46 47 48 49 50 51 52 53 54 55 56 57 58 59 60 61 62 63 64 65 66 67 68 69 70 71 72 73 74 75 76 77 78 79 80 81 82 83 84 85 86 87 88 89 90 91 92 93 94 95 96 97 98 99 100",596902918
facts,default,2,filler,66,Caracas,Caracas,1,-1,0,0,stop,4,0,qwen3.6-27b,Answer: Caracas,"What is the capital city of the country whose currency is the bolivar?

1 2 3 4 5 6 7 8 9 10 11 12 13 14 15 16 17 18 19 20 21 22 23 24 25 26 27 28 29 30 31 32 33 34 35 36 37 38 39 40 41 42 43 44 45 46 47 48 49 50 51 52 53 54 55 56 57 58 59 60 61 62 63 64 65 66 67 68 69 70 71 72 73 74 75 76 77 78 79 80 81 82 83 84 85 86 87 88 89 90 91 92 93 94 95 96 97 98 99 100",3130873276
facts,default,2,filler,67,Bangkok,Bangkok,1,-1,0,0,stop,4,0,qwen3.6-27b,Answer: Bangkok,"What is the capital city of the country whose currency is the baht?

1 2 3 4 5 6 7 8 9 10 11 12 13 14 15 16 17 18 19 20 21 22 23 24 25 26 27 28 29 30 31 32 33 34 35 36 37 38 39 40 41 42 43 44 45 46 47 48 49 50 51 52 53 54 55 56 57 58 59 60 61 62 63 64 65 66 67 68 69 70 71 72 73 74 75 76 77 78 79 80 81 82 83 84 85 86 87 88 89 90 91 92 93 94 95 96 97 98 99 100",3449447722
facts,default,2,filler,68,Baku,Baku,1,-1,0,0,stop,5,0,qwen3.6-27b,Answer: Baku,"What is the capital city of the country whose currency is the manat?

1 2 3 4 5 6 7 8 9 10 11 12 13 14 15 16 17 18 19 20 21 22 23 24 25 26 27 28 29 30 31 32 33 34 35 36 37 38 39 40 41 42 43 44 45 46 47 48 49 50 51 52 53 54 55 56 57 58 59 60 61 62 63 64 65 66 67 68 69 70 71 72 73 74 75 76 77 78 79 80 81 82 83 84 85 86 87 88 89 90 91 92 93 94 95 96 97 98 99 100",1562736827
facts,default,2,filler,69,Bucharest,Bucharest,1,-1,0,0,stop,5,0,qwen3.6-27b,Answer: Bucharest,"What is the capital city of the country whose currency is the leu?

1 2 3 4 5 6 7 8 9 10 11 12 13 14 15 16 17 18 19 20 21 22 23 24 25 26 27 28 29 30 31 32 33 34 35 36 37 38 39 40 41 42 43 44 45 46 47 48 49 50 51 52 53 54 55 56 57 58 59 60 61 62 63 64 65 66 67 68 69 70 71 72 73 74 75 76 77 78 79 80 81 82 83 84 85 86 87 88 89 90 91 92 93 94 95 96 97 98 99 100",706889773
facts,default,2,filler,70,Prague,Prague,1,-1,0,0,stop,4,0,qwen3.6-27b,Answer: Prague,"What is the capital city of the country whose currency is the koruna?

1 2 3 4 5 6 7 8 9 10 11 12 13 14 15 16 17 18 19 20 21 22 23 24 25 26 27 28 29 30 31 32 33 34 35 36 37 38 39 40 41 42 43 44 45 46 47 48 49 50 51 52 53 54 55 56 57 58 59 60 61 62 63 64 65 66 67 68 69 70 71 72 73 74 75 76 77 78 79 80 81 82 83 84 85 86 87 88 89 90 91 92 93 94 95 96 97 98 99 100",1256571336
facts,default,2,filler,71,Stockholm,Stockholm,1,-1,0,0,stop,4,0,qwen3.6-27b,Answer: Stockholm,"What is the capital city of the country whose currency is the krona?

1 2 3 4 5 6 7 8 9 10 11 12 13 14 15 16 17 18 19 20 21 22 23 24 25 26 27 28 29 30 31 32 33 34 35 36 37 38 39 40 41 42 43 44 45 46 47 48 49 50 51 52 53 54 55 56 57 58 59 60 61 62 63 64 65 66 67 68 69 70 71 72 73 74 75 76 77 78 79 80 81 82 83 84 85 86 87 88 89 90 91 92 93 94 95 96 97 98 99 100",1038283102
facts,default,2,filler,72,Kabul,Kabul,1,-1,0,0,stop,4,0,qwen3.6-27b,Answer: Kabul,"What is the capital city of the country whose currency is the afghani?

1 2 3 4 5 6 7 8 9 10 11 12 13 14 15 16 17 18 19 20 21 22 23 24 25 26 27 28 29 30 31 32 33 34 35 36 37 38 39 40 41 42 43 44 45 46 47 48 49 50 51 52 53 54 55 56 57 58 59 60 61 62 63 64 65 66 67 68 69 70 71 72 73 74 75 76 77 78 79 80 81 82 83 84 85 86 87 88 89 90 91 92 93 94 95 96 97 98 99 100",2766905572
facts,default,2,filler,73,Lima,Lima,1,-1,0,0,stop,4,0,qwen3.6-27b,Answer: Lima,"What is the capital city of the country whose currency is the sol?

1 2 3 4 5 6 7 8 9 10 11 12 13 14 15 16 17 18 19 20 21 22 23 24 25 26 27 28 29 30 31 32 33 34 35 36 37 38 39 40 41 42 43 44 45 46 47 48 49 50 51 52 53 54 55 56 57 58 59 60 61 62 63 64 65 66 67 68 69 70 71 72 73 74 75 76 77 78 79 80 81 82 83 84 85 86 87 88 89 90 91 92 93 94 95 96 97 98 99 100",3555496050
facts,default,2,filler,74,Vientiane,Vientiane,1,-1,0,0,stop,6,0,qwen3.6-27b,Answer: Vientiane,"What is the capital city of the country whose currency is the kip?

1 2 3 4 5 6 7 8 9 10 11 12 13 14 15 16 17 18 19 20 21 22 23 24 25 26 27 28 29 30 31 32 33 34 35 36 37 38 39 40 41 42 43 44 45 46 47 48 49 50 51 52 53 54 55 56 57 58 59 60 61 62 63 64 65 66 67 68 69 70 71 72 73 74 75 76 77 78 79 80 81 82 83 84 85 86 87 88 89 90 91 92 93 94 95 96 97 98 99 100",1300760017
facts,default,2,filler,75,Phnom Penh,Phnom,0,-1,0,0,stop,6,0,qwen3.6-27b,Answer: Phnom Penh,"What is the capital city of the country whose currency is the riel?

1 2 3 4 5 6 7 8 9 10 11 12 13 14 15 16 17 18 19 20 21 22 23 24 25 26 27 28 29 30 31 32 33 34 35 36 37 38 39 40 41 42 43 44 45 46 47 48 49 50 51 52 53 54 55 56 57 58 59 60 61 62 63 64 65 66 67 68 69 70 71 72 73 74 75 76 77 78 79 80 81 82 83 84 85 86 87 88 89 90 91 92 93 94 95 96 97 98 99 100",982463815
facts,default,2,filler,76,Lima,Lima,1,-1,0,0,stop,4,0,qwen3.6-27b,Answer: Lima,"What is the capital city of the country whose currency is the sol?

1 2 3 4 5 6 7 8 9 10 11 12 13 14 15 16 17 18 19 20 21 22 23 24 25 26 27 28 29 30 31 32 33 34 35 36 37 38 39 40 41 42 43 44 45 46 47 48 49 50 51 52 53 54 55 56 57 58 59 60 61 62 63 64 65 66 67 68 69 70 71 72 73 74 75 76 77 78 79 80 81 82 83 84 85 86 87 88 89 90 91 92 93 94 95 96 97 98 99 100",2743493885
facts,default,2,filler,77,Dhaka,Dhaka,1,-1,0,0,stop,5,0,qwen3.6-27b,Answer: Dhaka,"What is the capital city of the country whose currency is the taka?

1 2 3 4 5 6 7 8 9 10 11 12 13 14 15 16 17 18 19 20 21 22 23 24 25 26 27 28 29 30 31 32 33 34 35 36 37 38 39 40 41 42 43 44 45 46 47 48 49 50 51 52 53 54 55 56 57 58 59 60 61 62 63 64 65 66 67 68 69 70 71 72 73 74 75 76 77 78 79 80 81 82 83 84 85 86 87 88 89 90 91 92 93 94 95 96 97 98 99 100",3565245547
facts,default,2,filler,78,Kyiv,Kyiv,1,-1,0,0,stop,5,0,qwen3.6-27b,Answer: Kyiv,"What is the capital city of the country whose currency is the hryvnia?

1 2 3 4 5 6 7 8 9 10 11 12 13 14 15 16 17 18 19 20 21 22 23 24 25 26 27 28 29 30 31 32 33 34 35 36 37 38 39 40 41 42 43 44 45 46 47 48 49 50 51 52 53 54 55 56 57 58 59 60 61 62 63 64 65 66 67 68 69 70 71 72 73 74 75 76 77 78 79 80 81 82 83 84 85 86 87 88 89 90 91 92 93 94 95 96 97 98 99 100",1144932858
facts,default,2,filler,79,Beijing,Beijing,1,-1,0,0,stop,4,0,qwen3.6-27b,Answer: Beijing,"What is the capital city of the country whose currency is the yuan?

1 2 3 4 5 6 7 8 9 10 11 12 13 14 15 16 17 18 19 20 21 22 23 24 25 26 27 28 29 30 31 32 33 34 35 36 37 38 39 40 41 42 43 44 45 46 47 48 49 50 51 52 53 54 55 56 57 58 59 60 61 62 63 64 65 66 67 68 69 70 71 72 73 74 75 76 77 78 79 80 81 82 83 84 85 86 87 88 89 90 91 92 93 94 95 96 97 98 99 100",859404652
facts,default,2,filler,80,Yerevan,Yerevan,1,-1,0,0,stop,6,0,qwen3.6-27b,Answer: Yerevan,"What is the capital city of the country whose currency is the dram?

1 2 3 4 5 6 7 8 9 10 11 12 13 14 15 16 17 18 19 20 21 22 23 24 25 26 27 28 29 30 31 32 33 34 35 36 37 38 39 40 41 42 43 44 45 46 47 48 49 50 51 52 53 54 55 56 57 58 59 60 61 62 63 64 65 66 67 68 69 70 71 72 73 74 75 76 77 78 79 80 81 82 83 84 85 86 87 88 89 90 91 92 93 94 95 96 97 98 99 100",3447577863
facts,default,2,filler,81,Beijing,Beijing,1,-1,0,0,stop,4,0,qwen3.6-27b,Answer: Beijing,"What is the capital city of the country whose currency is the yuan?

1 2 3 4 5 6 7 8 9 10 11 12 13 14 15 16 17 18 19 20 21 22 23 24 25 26 27 28 29 30 31 32 33 34 35 36 37 38 39 40 41 42 43 44 45 46 47 48 49 50 51 52 53 54 55 56 57 58 59 60 61 62 63 64 65 66 67 68 69 70 71 72 73 74 75 76 77 78 79 80 81 82 83 84 85 86 87 88 89 90 91 92 93 94 95 96 97 98 99 100",3128618385
facts,default,2,filler,82,Lima,Lima,1,-1,0,0,stop,4,0,qwen3.6-27b,Answer: Lima,"What is the capital city of the country whose currency is the sol?

1 2 3 4 5 6 7 8 9 10 11 12 13 14 15 16 17 18 19 20 21 22 23 24 25 26 27 28 29 30 31 32 33 34 35 36 37 38 39 40 41 42 43 44 45 46 47 48 49 50 51 52 53 54 55 56 57 58 59 60 61 62 63 64 65 66 67 68 69 70 71 72 73 74 75 76 77 78 79 80 81 82 83 84 85 86 87 88 89 90 91 92 93 94 95 96 97 98 99 100",594787371
facts,default,2,filler,83,Tokyo,Tokyo,1,-1,0,0,stop,4,0,qwen3.6-27b,Answer: Tokyo,"What is the capital city of the country whose currency is the yen?

1 2 3 4 5 6 7 8 9 10 11 12 13 14 15 16 17 18 19 20 21 22 23 24 25 26 27 28 29 30 31 32 33 34 35 36 37 38 39 40 41 42 43 44 45 46 47 48 49 50 51 52 53 54 55 56 57 58 59 60 61 62 63 64 65 66 67 68 69 70 71 72 73 74 75 76 77 78 79 80 81 82 83 84 85 86 87 88 89 90 91 92 93 94 95 96 97 98 99 100",1416924349
facts,default,2,filler,84,Budapest,Budapest,1,-1,0,0,stop,4,0,qwen3.6-27b,Answer: Budapest,"What is the capital city of the country whose currency is the forint?

1 2 3 4 5 6 7 8 9 10 11 12 13 14 15 16 17 18 19 20 21 22 23 24 25 26 27 28 29 30 31 32 33 34 35 36 37 38 39 40 41 42 43 44 45 46 47 48 49 50 51 52 53 54 55 56 57 58 59 60 61 62 63 64 65 66 67 68 69 70 71 72 73 74 75 76 77 78 79 80 81 82 83 84 85 86 87 88 89 90 91 92 93 94 95 96 97 98 99 100",3390052638
facts,default,2,filler,85,Seoul,Seoul,1,-1,0,0,stop,4,0,qwen3.6-27b,Answer: Seoul,"What is the capital city of the country whose currency is the won?

1 2 3 4 5 6 7 8 9 10 11 12 13 14 15 16 17 18 19 20 21 22 23 24 25 26 27 28 29 30 31 32 33 34 35 36 37 38 39 40 41 42 43 44 45 46 47 48 49 50 51 52 53 54 55 56 57 58 59 60 61 62 63 64 65 66 67 68 69 70 71 72 73 74 75 76 77 78 79 80 81 82 83 84 85 86 87 88 89 90 91 92 93 94 95 96 97 98 99 100",3172411784
facts,default,2,filler,86,Hanoi,Hanoi,1,-1,0,0,stop,5,0,qwen3.6-27b,Answer: Hanoi,"What is the capital city of the country whose currency is the dong?

1 2 3 4 5 6 7 8 9 10 11 12 13 14 15 16 17 18 19 20 21 22 23 24 25 26 27 28 29 30 31 32 33 34 35 36 37 38 39 40 41 42 43 44 45 46 47 48 49 50 51 52 53 54 55 56 57 58 59 60 61 62 63 64 65 66 67 68 69 70 71 72 73 74 75 76 77 78 79 80 81 82 83 84 85 86 87 88 89 90 91 92 93 94 95 96 97 98 99 100",605976626
facts,default,2,filler,87,Phnom Penh,Phnom,0,-1,0,0,stop,7,0,qwen3.6-27b,Answer: Phnom Penh,"What is the capital city of the country whose currency is the riel?

1 2 3 4 5 6 7 8 9 10 11 12 13 14 15 16 17 18 19 20 21 22 23 24 25 26 27 28 29 30 31 32 33 34 35 36 37 38 39 40 41 42 43 44 45 46 47 48 49 50 51 52 53 54 55 56 57 58 59 60 61 62 63 64 65 66 67 68 69 70 71 72 73 74 75 76 77 78 79 80 81 82 83 84 85 86 87 88 89 90 91 92 93 94 95 96 97 98 99 100",1394165924
facts,default,2,filler,88,Stockholm,Stockholm,1,-1,0,0,stop,3,0,qwen3.6-27b,Answer: Stockholm,"What is the capital city of the country whose currency is the krona?

1 2 3 4 5 6 7 8 9 10 11 12 13 14 15 16 17 18 19 20 21 22 23 24 25 26 27 28 29 30 31 32 33 34 35 36 37 38 39 40 41 42 43 44 45 46 47 48 49 50 51 52 53 54 55 56 57 58 59 60 61 62 63 64 65 66 67 68 69 70 71 72 73 74 75 76 77 78 79 80 81 82 83 84 85 86 87 88 89 90 91 92 93 94 95 96 97 98 99 100",3282457909
facts,default,2,filler,89,Jerusalem,Jerusalem,1,-1,0,0,stop,4,0,qwen3.6-27b,Answer: Jerusalem,"What is the capital city of the country whose currency is the shekel?

1 2 3 4 5 6 7 8 9 10 11 12 13 14 15 16 17 18 19 20 21 22 23 24 25 26 27 28 29 30 31 32 33 34 35 36 37 38 39 40 41 42 43 44 45 46 47 48 49 50 51 52 53 54 55 56 57 58 59 60 61 62 63 64 65 66 67 68 69 70 71 72 73 74 75 76 77 78 79 80 81 82 83 84 85 86 87 88 89 90 91 92 93 94 95 96 97 98 99 100",3030476195
facts,default,2,filler,90,Kyiv,Kyiv,1,-1,0,0,stop,5,0,qwen3.6-27b,Answer: Kyiv,"What is the capital city of the country whose currency is the hryvnia?

1 2 3 4 5 6 7 8 9 10 11 12 13 14 15 16 17 18 19 20 21 22 23 24 25 26 27 28 29 30 31 32 33 34 35 36 37 38 39 40 41 42 43 44 45 46 47 48 49 50 51 52 53 54 55 56 57 58 59 60 61 62 63 64 65 66 67 68 69 70 71 72 73 74 75 76 77 78 79 80 81 82 83 84 85 86 87 88 89 90 91 92 93 94 95 96 97 98 99 100",3563514950
facts,default,2,filler,91,Yangon,Naypyidaw,0,-1,0,0,stop,7,0,qwen3.6-27b,Answer: Naypyidaw,"What is the capital city of the country whose currency is the kyat?

1 2 3 4 5 6 7 8 9 10 11 12 13 14 15 16 17 18 19 20 21 22 23 24 25 26 27 28 29 30 31 32 33 34 35 36 37 38 39 40 41 42 43 44 45 46 47 48 49 50 51 52 53 54 55 56 57 58 59 60 61 62 63 64 65 66 67 68 69 70 71 72 73 74 75 76 77 78 79 80 81 82 83 84 85 86 87 88 89 90 91 92 93 94 95 96 97 98 99 100",2741099728
facts,default,2,filler,92,Stockholm,Stockholm,1,-1,0,0,stop,4,0,qwen3.6-27b,Answer: Stockholm,"What is the capital city of the country whose currency is the krona?

1 2 3 4 5 6 7 8 9 10 11 12 13 14 15 16 17 18 19 20 21 22 23 24 25 26 27 28 29 30 31 32 33 34 35 36 37 38 39 40 41 42 43 44 45 46 47 48 49 50 51 52 53 54 55 56 57 58 59 60 61 62 63 64 65 66 67 68 69 70 71 72 73 74 75 76 77 78 79 80 81 82 83 84 85 86 87 88 89 90 91 92 93 94 95 96 97 98 99 100",979930474
facts,default,2,filler,93,Budapest,Budapest,1,-1,0,0,stop,4,0,qwen3.6-27b,Answer: Budapest,"What is the capital city of the country whose currency is the forint?

1 2 3 4 5 6 7 8 9 10 11 12 13 14 15 16 17 18 19 20 21 22 23 24 25 26 27 28 29 30 31 32 33 34 35 36 37 38 39 40 41 42 43 44 45 46 47 48 49 50 51 52 53 54 55 56 57 58 59 60 61 62 63 64 65 66 67 68 69 70 71 72 73 74 75 76 77 78 79 80 81 82 83 84 85 86 87 88 89 90 91 92 93 94 95 96 97 98 99 100",1299168764
facts,default,2,filler,94,Tbilisi,Tbilisi,1,-1,0,0,stop,6,0,qwen3.6-27b,Answer: Tbilisi,"What is the capital city of the country whose currency is the lari?

1 2 3 4 5 6 7 8 9 10 11 12 13 14 15 16 17 18 19 20 21 22 23 24 25 26 27 28 29 30 31 32 33 34 35 36 37 38 39 40 41 42 43 44 45 46 47 48 49 50 51 52 53 54 55 56 57 58 59 60 61 62 63 64 65 66 67 68 69 70 71 72 73 74 75 76 77 78 79 80 81 82 83 84 85 86 87 88 89 90 91 92 93 94 95 96 97 98 99 100",3540723807
facts,default,2,filler,95,Sofia,Sofia,1,-1,0,0,stop,4,0,qwen3.6-27b,Answer: Sofia,"What is the capital city of the country whose currency is the lev?

1 2 3 4 5 6 7 8 9 10 11 12 13 14 15 16 17 18 19 20 21 22 23 24 25 26 27 28 29 30 31 32 33 34 35 36 37 38 39 40 41 42 43 44 45 46 47 48 49 50 51 52 53 54 55 56 57 58 59 60 61 62 63 64 65 66 67 68 69 70 71 72 73 74 75 76 77 78 79 80 81 82 83 84 85 86 87 88 89 90 91 92 93 94 95 96 97 98 99 100",2752256201
facts,default,2,filler,96,Kyiv,Kyiv,1,-1,0,0,stop,5,0,qwen3.6-27b,Answer: Kyiv,"What is the capital city of the country whose currency is the hryvnia?

1 2 3 4 5 6 7 8 9 10 11 12 13 14 15 16 17 18 19 20 21 22 23 24 25 26 27 28 29 30 31 32 33 34 35 36 37 38 39 40 41 42 43 44 45 46 47 48 49 50 51 52 53 54 55 56 57 58 59 60 61 62 63 64 65 66 67 68 69 70 71 72 73 74 75 76 77 78 79 80 81 82 83 84 85 86 87 88 89 90 91 92 93 94 95 96 97 98 99 100",1023756659
facts,default,2,filler,97,Accra,Accra,1,-1,0,0,stop,5,0,qwen3.6-27b,Answer: Accra,"What is the capital city of the country whose currency is the cedi?

1 2 3 4 5 6 7 8 9 10 11 12 13 14 15 16 17 18 19 20 21 22 23 24 25 26 27 28 29 30 31 32 33 34 35 36 37 38 39 40 41 42 43 44 45 46 47 48 49 50 51 52 53 54 55 56 57 58 59 60 61 62 63 64 65 66 67 68 69 70 71 72 73 74 75 76 77 78 79 80 81 82 83 84 85 86 87 88 89 90 91 92 93 94 95 96 97 98 99 100",1241676261
facts,default,2,filler,98,Kyiv,Kyiv,1,-1,0,0,stop,5,0,qwen3.6-27b,Answer: Kyiv,"What is the capital city of the country whose currency is the hryvnia?

1 2 3 4 5 6 7 8 9 10 11 12 13 14 15 16 17 18 19 20 21 22 23 24 25 26 27 28 29 30 31 32 33 34 35 36 37 38 39 40 41 42 43 44 45 46 47 48 49 50 51 52 53 54 55 56 57 58 59 60 61 62 63 64 65 66 67 68 69 70 71 72 73 74 75 76 77 78 79 80 81 82 83 84 85 86 87 88 89 90 91 92 93 94 95 96 97 98 99 100",3669845108
facts,default,2,filler,99,Accra,Accra,1,-1,0,0,stop,5,0,qwen3.6-27b,Answer: Accra,"What is the capital city of the country whose currency is the cedi?

1 2 3 4 5 6 7 8 9 10 11 12 13 14 15 16 17 18 19 20 21 22 23 24 25 26 27 28 29 30 31 32 33 34 35 36 37 38 39 40 41 42 43 44 45 46 47 48 49 50 51 52 53 54 55 56 57 58 59 60 61 62 63 64 65 66 67 68 69 70 71 72 73 74 75 76 77 78 79 80 81 82 83 84 85 86 87 88 89 90 91 92 93 94 95 96 97 98 99 100",2914669794
facts,default,2,filler,100,Bangkok,Bangkok,1,-1,0,0,stop,4,0,qwen3.6-27b,Answer: Bangkok,"What is the capital city of the country whose currency is the baht?

1 2 3 4 5 6 7 8 9 10 11 12 13 14 15 16 17 18 19 20 21 22 23 24 25 26 27 28 29 30 31 32 33 34 35 36 37 38 39 40 41 42 43 44 45 46 47 48 49 50 51 52 53 54 55 56 57 58 59 60 61 62 63 64 65 66 67 68 69 70 71 72 73 74 75 76 77 78 79 80 81 82 83 84 85 86 87 88 89 90 91 92 93 94 95 96 97 98 99 100",1705184464
facts,default,2,filler,101,Moscow,Moscow,1,-1,0,0,stop,3,0,qwen3.6-27b,Answer: Moscow,"What is the capital city of the country whose currency is the ruble?

1 2 3 4 5 6 7 8 9 10 11 12 13 14 15 16 17 18 19 20 21 22 23 24 25 26 27 28 29 30 31 32 33 34 35 36 37 38 39 40 41 42 43 44 45 46 47 48 49 50 51 52 53 54 55 56 57 58 59 60 61 62 63 64 65 66 67 68 69 70 71 72 73 74 75 76 77 78 79 80 81 82 83 84 85 86 87 88 89 90 91 92 93 94 95 96 97 98 99 100",312753222
facts,default,2,filler,102,Beijing,Beijing,1,-1,0,0,stop,4,0,qwen3.6-27b,Answer: Beijing,"What is the capital city of the country whose currency is the yuan?

1 2 3 4 5 6 7 8 9 10 11 12 13 14 15 16 17 18 19 20 21 22 23 24 25 26 27 28 29 30 31 32 33 34 35 36 37 38 39 40 41 42 43 44 45 46 47 48 49 50 51 52 53 54 55 56 57 58 59 60 61 62 63 64 65 66 67 68 69 70 71 72 73 74 75 76 77 78 79 80 81 82 83 84 85 86 87 88 89 90 91 92 93 94 95 96 97 98 99 100",2343398908
facts,default,2,filler,103,Vientiane,Vientiane,1,-1,0,0,stop,6,0,qwen3.6-27b,Answer: Vientiane,"What is the capital city of the country whose currency is the kip?

1 2 3 4 5 6 7 8 9 10 11 12 13 14 15 16 17 18 19 20 21 22 23 24 25 26 27 28 29 30 31 32 33 34 35 36 37 38 39 40 41 42 43 44 45 46 47 48 49 50 51 52 53 54 55 56 57 58 59 60 61 62 63 64 65 66 67 68 69 70 71 72 73 74 75 76 77 78 79 80 81 82 83 84 85 86 87 88 89 90 91 92 93 94 95 96 97 98 99 100",4239023466
facts,default,2,filler,104,Lima,Lima,1,-1,0,0,stop,4,0,qwen3.6-27b,Answer: Lima,"What is the capital city of the country whose currency is the sol?

1 2 3 4 5 6 7 8 9 10 11 12 13 14 15 16 17 18 19 20 21 22 23 24 25 26 27 28 29 30 31 32 33 34 35 36 37 38 39 40 41 42 43 44 45 46 47 48 49 50 51 52 53 54 55 56 57 58 59 60 61 62 63 64 65 66 67 68 69 70 71 72 73 74 75 76 77 78 79 80 81 82 83 84 85 86 87 88 89 90 91 92 93 94 95 96 97 98 99 100",1657718985
facts,default,2,filler,105,Kyiv,Kyiv,1,-1,0,0,stop,5,0,qwen3.6-27b,Answer: Kyiv,"What is the capital city of the country whose currency is the hryvnia?

1 2 3 4 5 6 7 8 9 10 11 12 13 14 15 16 17 18 19 20 21 22 23 24 25 26 27 28 29 30 31 32 33 34 35 36 37 38 39 40 41 42 43 44 45 46 47 48 49 50 51 52 53 54 55 56 57 58 59 60 61 62 63 64 65 66 67 68 69 70 71 72 73 74 75 76 77 78 79 80 81 82 83 84 85 86 87 88 89 90 91 92 93 94 95 96 97 98 99 100",365557855
facts,default,2,filler,106,Prague,Prague,1,-1,0,0,stop,4,0,qwen3.6-27b,Answer: Prague,"What is the capital city of the country whose currency is the koruna?

1 2 3 4 5 6 7 8 9 10 11 12 13 14 15 16 17 18 19 20 21 22 23 24 25 26 27 28 29 30 31 32 33 34 35 36 37 38 39 40 41 42 43 44 45 46 47 48 49 50 51 52 53 54 55 56 57 58 59 60 61 62 63 64 65 66 67 68 69 70 71 72 73 74 75 76 77 78 79 80 81 82 83 84 85 86 87 88 89 90 91 92 93 94 95 96 97 98 99 100",2361436645
facts,default,2,filler,107,Sofia,Sofia,1,-1,0,0,stop,4,0,qwen3.6-27b,Answer: Sofia,"What is the capital city of the country whose currency is the lev?

1 2 3 4 5 6 7 8 9 10 11 12 13 14 15 16 17 18 19 20 21 22 23 24 25 26 27 28 29 30 31 32 33 34 35 36 37 38 39 40 41 42 43 44 45 46 47 48 49 50 51 52 53 54 55 56 57 58 59 60 61 62 63 64 65 66 67 68 69 70 71 72 73 74 75 76 77 78 79 80 81 82 83 84 85 86 87 88 89 90 91 92 93 94 95 96 97 98 99 100",4224162163
facts,default,2,filler,108,Hanoi,Hanoi,1,-1,0,0,stop,5,0,qwen3.6-27b,Answer: Hanoi,"What is the capital city of the country whose currency is the dong?

1 2 3 4 5 6 7 8 9 10 11 12 13 14 15 16 17 18 19 20 21 22 23 24 25 26 27 28 29 30 31 32 33 34 35 36 37 38 39 40 41 42 43 44 45 46 47 48 49 50 51 52 53 54 55 56 57 58 59 60 61 62 63 64 65 66 67 68 69 70 71 72 73 74 75 76 77 78 79 80 81 82 83 84 85 86 87 88 89 90 91 92 93 94 95 96 97 98 99 100",1803060450
facts,default,2,filler,109,Vientiane,Vientiane,1,-1,0,0,stop,6,0,qwen3.6-27b,Answer: Vientiane,"What is the capital city of the country whose currency is the kip?

1 2 3 4 5 6 7 8 9 10 11 12 13 14 15 16 17 18 19 20 21 22 23 24 25 26 27 28 29 30 31 32 33 34 35 36 37 38 39 40 41 42 43 44 45 46 47 48 49 50 51 52 53 54 55 56 57 58 59 60 61 62 63 64 65 66 67 68 69 70 71 72 73 74 75 76 77 78 79 80 81 82 83 84 85 86 87 88 89 90 91 92 93 94 95 96 97 98 99 100",478131316
facts,default,2,filler,110,Budapest,Budapest,1,-1,0,0,stop,4,0,qwen3.6-27b,Answer: Budapest,"What is the capital city of the country whose currency is the forint?

1 2 3 4 5 6 7 8 9 10 11 12 13 14 15 16 17 18 19 20 21 22 23 24 25 26 27 28 29 30 31 32 33 34 35 36 37 38 39 40 41 42 43 44 45 46 47 48 49 50 51 52 53 54 55 56 57 58 59 60 61 62 63 64 65 66 67 68 69 70 71 72 73 74 75 76 77 78 79 80 81 82 83 84 85 86 87 88 89 90 91 92 93 94 95 96 97 98 99 100",2092449169
facts,default,2,filler,111,Bangkok,Bangkok,1,-1,0,0,stop,4,0,qwen3.6-27b,Answer: Bangkok,"What is the capital city of the country whose currency is the baht?

1 2 3 4 5 6 7 8 9 10 11 12 13 14 15 16 17 18 19 20 21 22 23 24 25 26 27 28 29 30 31 32 33 34 35 36 37 38 39 40 41 42 43 44 45 46 47 48 49 50 51 52 53 54 55 56 57 58 59 60 61 62 63 64 65 66 67 68 69 70 71 72 73 74 75 76 77 78 79 80 81 82 83 84 85 86 87 88 89 90 91 92 93 94 95 96 97 98 99 100",197070087
facts,default,2,filler,112,Vientiane,Vientiane,1,-1,0,0,stop,6,0,qwen3.6-27b,Answer: Vientiane,"What is the capital city of the country whose currency is the kip?

1 2 3 4 5 6 7 8 9 10 11 12 13 14 15 16 17 18 19 20 21 22 23 24 25 26 27 28 29 30 31 32 33 34 35 36 37 38 39 40 41 42 43 44 45 46 47 48 49 50 51 52 53 54 55 56 57 58 59 60 61 62 63 64 65 66 67 68 69 70 71 72 73 74 75 76 77 78 79 80 81 82 83 84 85 86 87 88 89 90 91 92 93 94 95 96 97 98 99 100",2461424829
facts,default,2,filler,113,Baku,Baku,1,-1,0,0,stop,5,0,qwen3.6-27b,Answer: Baku,"What is the capital city of the country whose currency is the manat?

1 2 3 4 5 6 7 8 9 10 11 12 13 14 15 16 17 18 19 20 21 22 23 24 25 26 27 28 29 30 31 32 33 34 35 36 37 38 39 40 41 42 43 44 45 46 47 48 49 50 51 52 53 54 55 56 57 58 59 60 61 62 63 64 65 66 67 68 69 70 71 72 73 74 75 76 77 78 79 80 81 82 83 84 85 86 87 88 89 90 91 92 93 94 95 96 97 98 99 100",3853610027
facts,default,2,filler,114,Accra,Accra,1,-1,0,0,stop,5,0,qwen3.6-27b,Answer: Accra,"What is the capital city of the country whose currency is the cedi?

1 2 3 4 5 6 7 8 9 10 11 12 13 14 15 16 17 18 19 20 21 22 23 24 25 26 27 28 29 30 31 32 33 34 35 36 37 38 39 40 41 42 43 44 45 46 47 48 49 50 51 52 53 54 55 56 57 58 59 60 61 62 63 64 65 66 67 68 69 70 71 72 73 74 75 76 77 78 79 80 81 82 83 84 85 86 87 88 89 90 91 92 93 94 95 96 97 98 99 100",2077620616
facts,default,2,filler,115,Lima,Lima,1,-1,0,0,stop,4,0,qwen3.6-27b,Answer: Lima,"What is the capital city of the country whose currency is the sol?

1 2 3 4 5 6 7 8 9 10 11 12 13 14 15 16 17 18 19 20 21 22 23 24 25 26 27 28 29 30 31 32 33 34 35 36 37 38 39 40 41 42 43 44 45 46 47 48 49 50 51 52 53 54 55 56 57 58 59 60 61 62 63 64 65 66 67 68 69 70 71 72 73 74 75 76 77 78 79 80 81 82 83 84 85 86 87 88 89 90 91 92 93 94 95 96 97 98 99 100",215140638
facts,default,2,filler,116,Addis Ababa,Addis,0,-1,0,0,stop,7,0,qwen3.6-27b,Answer: Addis Ababa,"What is the capital city of the country whose currency is the birr?

1 2 3 4 5 6 7 8 9 10 11 12 13 14 15 16 17 18 19 20 21 22 23 24 25 26 27 28 29 30 31 32 33 34 35 36 37 38 39 40 41 42 43 44 45 46 47 48 49 50 51 52 53 54 55 56 57 58 59 60 61 62 63 64 65 66 67 68 69 70 71 72 73 74 75 76 77 78 79 80 81 82 83 84 85 86 87 88 89 90 91 92 93 94 95 96 97 98 99 100",2514196644
facts,default,2,filler,117,Phnom Penh,Phnom,0,-1,0,0,stop,7,0,qwen3.6-27b,Answer: Phnom Penh,"What is the capital city of the country whose currency is the riel?

1 2 3 4 5 6 7 8 9 10 11 12 13 14 15 16 17 18 19 20 21 22 23 24 25 26 27 28 29 30 31 32 33 34 35 36 37 38 39 40 41 42 43 44 45 46 47 48 49 50 51 52 53 54 55 56 57 58 59 60 61 62 63 64 65 66 67 68 69 70 71 72 73 74 75 76 77 78 79 80 81 82 83 84 85 86 87 88 89 90 91 92 93 94 95 96 97 98 99 100",3806111794
facts,default,2,filler,118,Caracas,Caracas,1,-1,0,0,stop,4,0,qwen3.6-27b,Answer: Caracas,"What is the capital city of the country whose currency is the bolivar?

1 2 3 4 5 6 7 8 9 10 11 12 13 14 15 16 17 18 19 20 21 22 23 24 25 26 27 28 29 30 31 32 33 34 35 36 37 38 39 40 41 42 43 44 45 46 47 48 49 50 51 52 53 54 55 56 57 58 59 60 61 62 63 64 65 66 67 68 69 70 71 72 73 74 75 76 77 78 79 80 81 82 83 84 85 86 87 88 89 90 91 92 93 94 95 96 97 98 99 100",1919137187
facts,default,2,filler,119,Prague,Prague,1,-1,0,0,stop,4,0,qwen3.6-27b,Answer: Prague,"What is the capital city of the country whose currency is the koruna?

1 2 3 4 5 6 7 8 9 10 11 12 13 14 15 16 17 18 19 20 21 22 23 24 25 26 27 28 29 30 31 32 33 34 35 36 37 38 39 40 41 42 43 44 45 46 47 48 49 50 51 52 53 54 55 56 57 58 59 60 61 62 63 64 65 66 67 68 69 70 71 72 73 74 75 76 77 78 79 80 81 82 83 84 85 86 87 88 89 90 91 92 93 94 95 96 97 98 99 100",90473781
facts,default,2,filler,120,Vientiane,Vientiane,1,-1,0,0,stop,5,0,qwen3.6-27b,Answer: Vientiane,"What is the capital city of the country whose currency is the kip?

1 2 3 4 5 6 7 8 9 10 11 12 13 14 15 16 17 18 19 20 21 22 23 24 25 26 27 28 29 30 31 32 33 34 35 36 37 38 39 40 41 42 43 44 45 46 47 48 49 50 51 52 53 54 55 56 57 58 59 60 61 62 63 64 65 66 67 68 69 70 71 72 73 74 75 76 77 78 79 80 81 82 83 84 85 86 87 88 89 90 91 92 93 94 95 96 97 98 99 100",1469410898
facts,default,2,filler,121,Astana,Astana,1,-1,0,0,stop,5,0,qwen3.6-27b,Answer: Astana,"What is the capital city of the country whose currency is the tenge?

1 2 3 4 5 6 7 8 9 10 11 12 13 14 15 16 17 18 19 20 21 22 23 24 25 26 27 28 29 30 31 32 33 34 35 36 37 38 39 40 41 42 43 44 45 46 47 48 49 50 51 52 53 54 55 56 57 58 59 60 61 62 63 64 65 66 67 68 69 70 71 72 73 74 75 76 77 78 79 80 81 82 83 84 85 86 87 88 89 90 91 92 93 94 95 96 97 98 99 100",546463428
facts,default,2,filler,122,Accra,Accra,1,-1,0,0,stop,5,0,qwen3.6-27b,Answer: Accra,"What is the capital city of the country whose currency is the cedi?

1 2 3 4 5 6 7 8 9 10 11 12 13 14 15 16 17 18 19 20 21 22 23 24 25 26 27 28 29 30 31 32 33 34 35 36 37 38 39 40 41 42 43 44 45 46 47 48 49 50 51 52 53 54 55 56 57 58 59 60 61 62 63 64 65 66 67 68 69 70 71 72 73 74 75 76 77 78 79 80 81 82 83 84 85 86 87 88 89 90 91 92 93 94 95 96 97 98 99 100",3113947006
facts,default,2,filler,123,Seoul,Pyongyang,0,-1,0,0,stop,4,0,qwen3.6-27b,Answer: Pyongyang,"What is the capital city of the country whose currency is the won?

1 2 3 4 5 6 7 8 9 10 11 12 13 14 15 16 17 18 19 20 21 22 23 24 25 26 27 28 29 30 31 32 33 34 35 36 37 38 39 40 41 42 43 44 45 46 47 48 49 50 51 52 53 54 55 56 57 58 59 60 61 62 63 64 65 66 67 68 69 70 71 72 73 74 75 76 77 78 79 80 81 82 83 84 85 86 87 88 89 90 91 92 93 94 95 96 97 98 99 100",3466346472
facts,default,2,filler,124,Prague,Prague,1,-1,0,0,stop,4,0,qwen3.6-27b,Answer: Prague,"What is the capital city of the country whose currency is the koruna?

1 2 3 4 5 6 7 8 9 10 11 12 13 14 15 16 17 18 19 20 21 22 23 24 25 26 27 28 29 30 31 32 33 34 35 36 37 38 39 40 41 42 43 44 45 46 47 48 49 50 51 52 53 54 55 56 57 58 59 60 61 62 63 64 65 66 67 68 69 70 71 72 73 74 75 76 77 78 79 80 81 82 83 84 85 86 87 88 89 90 91 92 93 94 95 96 97 98 99 100",1358473803
facts,default,2,filler,125,Yangon,Naypyidaw,0,-1,0,0,stop,7,0,qwen3.6-27b,Answer: Naypyidaw,"What is the capital city of the country whose currency is the kyat?

1 2 3 4 5 6 7 8 9 10 11 12 13 14 15 16 17 18 19 20 21 22 23 24 25 26 27 28 29 30 31 32 33 34 35 36 37 38 39 40 41 42 43 44 45 46 47 48 49 50 51 52 53 54 55 56 57 58 59 60 61 62 63 64 65 66 67 68 69 70 71 72 73 74 75 76 77 78 79 80 81 82 83 84 85 86 87 88 89 90 91 92 93 94 95 96 97 98 99 100",671062749
facts,default,2,filler,126,Abuja,Abuja,1,-1,0,0,stop,4,0,qwen3.6-27b,Answer: Abuja,"What is the capital city of the country whose currency is the naira?

1 2 3 4 5 6 7 8 9 10 11 12 13 14 15 16 17 18 19 20 21 22 23 24 25 26 27 28 29 30 31 32 33 34 35 36 37 38 39 40 41 42 43 44 45 46 47 48 49 50 51 52 53 54 55 56 57 58 59 60 61 62 63 64 65 66 67 68 69 70 71 72 73 74 75 76 77 78 79 80 81 82 83 84 85 86 87 88 89 90 91 92 93 94 95 96 97 98 99 100",3203844967
facts,default,2,filler,127,Baku,Baku,1,-1,0,0,stop,5,0,qwen3.6-27b,Answer: Baku,"What is the capital city of the country whose currency is the manat?

1 2 3 4 5 6 7 8 9 10 11 12 13 14 15 16 17 18 19 20 21 22 23 24 25 26 27 28 29 30 31 32 33 34 35 36 37 38 39 40 41 42 43 44 45 46 47 48 49 50 51 52 53 54 55 56 57 58 59 60 61 62 63 64 65 66 67 68 69 70 71 72 73 74 75 76 77 78 79 80 81 82 83 84 85 86 87 88 89 90 91 92 93 94 95 96 97 98 99 100",3388079089
facts,default,2,filler,128,Yangon,Naypyidaw,0,-1,0,0,stop,7,0,qwen3.6-27b,Answer: Naypyidaw,"What is the capital city of the country whose currency is the kyat?

1 2 3 4 5 6 7 8 9 10 11 12 13 14 15 16 17 18 19 20 21 22 23 24 25 26 27 28 29 30 31 32 33 34 35 36 37 38 39 40 41 42 43 44 45 46 47 48 49 50 51 52 53 54 55 56 57 58 59 60 61 62 63 64 65 66 67 68 69 70 71 72 73 74 75 76 77 78 79 80 81 82 83 84 85 86 87 88 89 90 91 92 93 94 95 96 97 98 99 100",1498343008
facts,default,2,filler,129,Tbilisi,Tbilisi,1,-1,0,0,stop,6,0,qwen3.6-27b,Answer: Tbilisi,"What is the capital city of the country whose currency is the lari?

1 2 3 4 5 6 7 8 9 10 11 12 13 14 15 16 17 18 19 20 21 22 23 24 25 26 27 28 29 30 31 32 33 34 35 36 37 38 39 40 41 42 43 44 45 46 47 48 49 50 51 52 53 54 55 56 57 58 59 60 61 62 63 64 65 66 67 68 69 70 71 72 73 74 75 76 77 78 79 80 81 82 83 84 85 86 87 88 89 90 91 92 93 94 95 96 97 98 99 100",776591094
facts,default,2,filler,130,Beijing,Beijing,1,-1,0,0,stop,4,0,qwen3.6-27b,Answer: Beijing,"What is the capital city of the country whose currency is the yuan?

1 2 3 4 5 6 7 8 9 10 11 12 13 14 15 16 17 18 19 20 21 22 23 24 25 26 27 28 29 30 31 32 33 34 35 36 37 38 39 40 41 42 43 44 45 46 47 48 49 50 51 52 53 54 55 56 57 58 59 60 61 62 63 64 65 66 67 68 69 70 71 72 73 74 75 76 77 78 79 80 81 82 83 84 85 86 87 88 89 90 91 92 93 94 95 96 97 98 99 100",1317953299
facts,default,2,filler,131,Bucharest,Bucharest,1,-1,0,0,stop,5,0,qwen3.6-27b,Answer: Bucharest,"What is the capital city of the country whose currency is the leu?

1 2 3 4 5 6 7 8 9 10 11 12 13 14 15 16 17 18 19 20 21 22 23 24 25 26 27 28 29 30 31 32 33 34 35 36 37 38 39 40 41 42 43 44 45 46 47 48 49 50 51 52 53 54 55 56 57 58 59 60 61 62 63 64 65 66 67 68 69 70 71 72 73 74 75 76 77 78 79 80 81 82 83 84 85 86 87 88 89 90 91 92 93 94 95 96 97 98 99 100",965308293
facts,default,2,filler,132,Warsaw,Warsaw,1,-1,0,0,stop,4,0,qwen3.6-27b,Answer: Warsaw,"What is the capital city of the country whose currency is the zloty?

1 2 3 4 5 6 7 8 9 10 11 12 13 14 15 16 17 18 19 20 21 22 23 24 25 26 27 28 29 30 31 32 33 34 35 36 37 38 39 40 41 42 43 44 45 46 47 48 49 50 51 52 53 54 55 56 57 58 59 60 61 62 63 64 65 66 67 68 69 70 71 72 73 74 75 76 77 78 79 80 81 82 83 84 85 86 87 88 89 90 91 92 93 94 95 96 97 98 99 100",2692759103
facts,default,2,filler,133,Kabul,Kabul,1,-1,0,0,stop,3,0,qwen3.6-27b,Answer: Kabul,"What is the capital city of the country whose currency is the afghani?

1 2 3 4 5 6 7 8 9 10 11 12 13 14 15 16 17 18 19 20 21 22 23 24 25 26 27 28 29 30 31 32 33 34 35 36 37 38 39 40 41 42 43 44 45 46 47 48 49 50 51 52 53 54 55 56 57 58 59 60 61 62 63 64 65 66 67 68 69 70 71 72 73 74 75 76 77 78 79 80 81 82 83 84 85 86 87 88 89 90 91 92 93 94 95 96 97 98 99 100",3615952553
facts,default,2,filler,134,Dhaka,Dhaka,1,-1,0,0,stop,5,0,qwen3.6-27b,Answer: Dhaka,"What is the capital city of the country whose currency is the taka?

1 2 3 4 5 6 7 8 9 10 11 12 13 14 15 16 17 18 19 20 21 22 23 24 25 26 27 28 29 30 31 32 33 34 35 36 37 38 39 40 41 42 43 44 45 46 47 48 49 50 51 52 53 54 55 56 57 58 59 60 61 62 63 64 65 66 67 68 69 70 71 72 73 74 75 76 77 78 79 80 81 82 83 84 85 86 87 88 89 90 91 92 93 94 95 96 97 98 99 100",1239653130
facts,default,2,filler,135,Jerusalem,Jerusalem,1,-1,0,0,stop,4,0,qwen3.6-27b,Answer: Jerusalem,"What is the capital city of the country whose currency is the shekel?

1 2 3 4 5 6 7 8 9 10 11 12 13 14 15 16 17 18 19 20 21 22 23 24 25 26 27 28 29 30 31 32 33 34 35 36 37 38 39 40 41 42 43 44 45 46 47 48 49 50 51 52 53 54 55 56 57 58 59 60 61 62 63 64 65 66 67 68 69 70 71 72 73 74 75 76 77 78 79 80 81 82 83 84 85 86 87 88 89 90 91 92 93 94 95 96 97 98 99 100",1055173532
facts,default,2,filler,136,Hanoi,Hanoi,1,-1,0,0,stop,5,0,qwen3.6-27b,Answer: Hanoi,"What is the capital city of the country whose currency is the dong?

1 2 3 4 5 6 7 8 9 10 11 12 13 14 15 16 17 18 19 20 21 22 23 24 25 26 27 28 29 30 31 32 33 34 35 36 37 38 39 40 41 42 43 44 45 46 47 48 49 50 51 52 53 54 55 56 57 58 59 60 61 62 63 64 65 66 67 68 69 70 71 72 73 74 75 76 77 78 79 80 81 82 83 84 85 86 87 88 89 90 91 92 93 94 95 96 97 98 99 100",2817391142
facts,default,2,filler,137,Bangkok,Bangkok,1,-1,0,0,stop,4,0,qwen3.6-27b,Answer: Bangkok,"What is the capital city of the country whose currency is the baht?

1 2 3 4 5 6 7 8 9 10 11 12 13 14 15 16 17 18 19 20 21 22 23 24 25 26 27 28 29 30 31 32 33 34 35 36 37 38 39 40 41 42 43 44 45 46 47 48 49 50 51 52 53 54 55 56 57 58 59 60 61 62 63 64 65 66 67 68 69 70 71 72 73 74 75 76 77 78 79 80 81 82 83 84 85 86 87 88 89 90 91 92 93 94 95 96 97 98 99 100",3505048240
facts,default,2,filler,138,Tbilisi,Tbilisi,1,-1,0,0,stop,6,0,qwen3.6-27b,Answer: Tbilisi,"What is the capital city of the country whose currency is the lari?

1 2 3 4 5 6 7 8 9 10 11 12 13 14 15 16 17 18 19 20 21 22 23 24 25 26 27 28 29 30 31 32 33 34 35 36 37 38 39 40 41 42 43 44 45 46 47 48 49 50 51 52 53 54 55 56 57 58 59 60 61 62 63 64 65 66 67 68 69 70 71 72 73 74 75 76 77 78 79 80 81 82 83 84 85 86 87 88 89 90 91 92 93 94 95 96 97 98 99 100",1079367457
facts,default,2,filler,139,Seoul,Seoul,1,-1,0,0,stop,4,0,qwen3.6-27b,Answer: Seoul,"What is the capital city of the country whose currency is the won?

1 2 3 4 5 6 7 8 9 10 11 12 13 14 15 16 17 18 19 20 21 22 23 24 25 26 27 28 29 30 31 32 33 34 35 36 37 38 39 40 41 42 43 44 45 46 47 48 49 50 51 52 53 54 55 56 57 58 59 60 61 62 63 64 65 66 67 68 69 70 71 72 73 74 75 76 77 78 79 80 81 82 83 84 85 86 87 88 89 90 91 92 93 94 95 96 97 98 99 100",928180151
facts,default,2,filler,140,Jerusalem,Jerusalem,1,-1,0,0,stop,4,0,qwen3.6-27b,Answer: Jerusalem,"What is the capital city of the country whose currency is the shekel?

1 2 3 4 5 6 7 8 9 10 11 12 13 14 15 16 17 18 19 20 21 22 23 24 25 26 27 28 29 30 31 32 33 34 35 36 37 38 39 40 41 42 43 44 45 46 47 48 49 50 51 52 53 54 55 56 57 58 59 60 61 62 63 64 65 66 67 68 69 70 71 72 73 74 75 76 77 78 79 80 81 82 83 84 85 86 87 88 89 90 91 92 93 94 95 96 97 98 99 100",30394836
facts,default,2,filler,141,Kyiv,Kyiv,1,-1,0,0,stop,5,0,qwen3.6-27b,Answer: Kyiv,"What is the capital city of the country whose currency is the hryvnia?

1 2 3 4 5 6 7 8 9 10 11 12 13 14 15 16 17 18 19 20 21 22 23 24 25 26 27 28 29 30 31 32 33 34 35 36 37 38 39 40 41 42 43 44 45 46 47 48 49 50 51 52 53 54 55 56 57 58 59 60 61 62 63 64 65 66 67 68 69 70 71 72 73 74 75 76 77 78 79 80 81 82 83 84 85 86 87 88 89 90 91 92 93 94 95 96 97 98 99 100",1992882498
facts,default,2,filler,142,Yerevan,Yerevan,1,-1,0,0,stop,5,0,qwen3.6-27b,Answer: Yerevan,"What is the capital city of the country whose currency is the dram?

1 2 3 4 5 6 7 8 9 10 11 12 13 14 15 16 17 18 19 20 21 22 23 24 25 26 27 28 29 30 31 32 33 34 35 36 37 38 39 40 41 42 43 44 45 46 47 48 49 50 51 52 53 54 55 56 57 58 59 60 61 62 63 64 65 66 67 68 69 70 71 72 73 74 75 76 77 78 79 80 81 82 83 84 85 86 87 88 89 90 91 92 93 94 95 96 97 98 99 100",4022446328
facts,default,2,filler,143,Astana,Astana,1,-1,0,0,stop,5,0,qwen3.6-27b,Answer: Astana,"What is the capital city of the country whose currency is the tenge?

1 2 3 4 5 6 7 8 9 10 11 12 13 14 15 16 17 18 19 20 21 22 23 24 25 26 27 28 29 30 31 32 33 34 35 36 37 38 39 40 41 42 43 44 45 46 47 48 49 50 51 52 53 54 55 56 57 58 59 60 61 62 63 64 65 66 67 68 69 70 71 72 73 74 75 76 77 78 79 80 81 82 83 84 85 86 87 88 89 90 91 92 93 94 95 96 97 98 99 100",2563151982
facts,default,2,filler,144,Beijing,Beijing,1,-1,0,0,stop,4,0,qwen3.6-27b,Answer: Beijing,"What is the capital city of the country whose currency is the yuan?

1 2 3 4 5 6 7 8 9 10 11 12 13 14 15 16 17 18 19 20 21 22 23 24 25 26 27 28 29 30 31 32 33 34 35 36 37 38 39 40 41 42 43 44 45 46 47 48 49 50 51 52 53 54 55 56 57 58 59 60 61 62 63 64 65 66 67 68 69 70 71 72 73 74 75 76 77 78 79 80 81 82 83 84 85 86 87 88 89 90 91 92 93 94 95 96 97 98 99 100",111283661
facts,default,2,filler,145,Pretoria,Pretoria,1,-1,0,0,stop,5,0,qwen3.6-27b,Answer: Pretoria,"What is the capital city of the country whose currency is the rand?

1 2 3 4 5 6 7 8 9 10 11 12 13 14 15 16 17 18 19 20 21 22 23 24 25 26 27 28 29 30 31 32 33 34 35 36 37 38 39 40 41 42 43 44 45 46 47 48 49 50 51 52 53 54 55 56 57 58 59 60 61 62 63 64 65 66 67 68 69 70 71 72 73 74 75 76 77 78 79 80 81 82 83 84 85 86 87 88 89 90 91 92 93 94 95 96 97 98 99 100",1906654555
facts,default,2,filler,146,Sofia,Sofia,1,-1,0,0,stop,4,0,qwen3.6-27b,Answer: Sofia,"What is the capital city of the country whose currency is the lev?

1 2 3 4 5 6 7 8 9 10 11 12 13 14 15 16 17 18 19 20 21 22 23 24 25 26 27 28 29 30 31 32 33 34 35 36 37 38 39 40 41 42 43 44 45 46 47 48 49 50 51 52 53 54 55 56 57 58 59 60 61 62 63 64 65 66 67 68 69 70 71 72 73 74 75 76 77 78 79 80 81 82 83 84 85 86 87 88 89 90 91 92 93 94 95 96 97 98 99 100",3903614177
facts,default,2,filler,147,Kyiv,Kyiv,1,-1,0,0,stop,5,0,qwen3.6-27b,Answer: Kyiv,"What is the capital city of the country whose currency is the hryvnia?

1 2 3 4 5 6 7 8 9 10 11 12 13 14 15 16 17 18 19 20 21 22 23 24 25 26 27 28 29 30 31 32 33 34 35 36 37 38 39 40 41 42 43 44 45 46 47 48 49 50 51 52 53 54 55 56 57 58 59 60 61 62 63 64 65 66 67 68 69 70 71 72 73 74 75 76 77 78 79 80 81 82 83 84 85 86 87 88 89 90 91 92 93 94 95 96 97 98 99 100",2678807671
facts,default,2,filler,148,Prague,Prague,1,-1,0,0,stop,4,0,qwen3.6-27b,Answer: Prague,"What is the capital city of the country whose currency is the koruna?

1 2 3 4 5 6 7 8 9 10 11 12 13 14 15 16 17 18 19 20 21 22 23 24 25 26 27 28 29 30 31 32 33 34 35 36 37 38 39 40 41 42 43 44 45 46 47 48 49 50 51 52 53 54 55 56 57 58 59 60 61 62 63 64 65 66 67 68 69 70 71 72 73 74 75 76 77 78 79 80 81 82 83 84 85 86 87 88 89 90 91 92 93 94 95 96 97 98 99 100",252985830
facts,default,2,filler,149,Beijing,Beijing,1,-1,0,0,stop,4,0,qwen3.6-27b,Answer: Beijing,"What is the capital city of the country whose currency is the yuan?

1 2 3 4 5 6 7 8 9 10 11 12 13 14 15 16 17 18 19 20 21 22 23 24 25 26 27 28 29 30 31 32 33 34 35 36 37 38 39 40 41 42 43 44 45 46 47 48 49 50 51 52 53 54 55 56 57 58 59 60 61 62 63 64 65 66 67 68 69 70 71 72 73 74 75 76 77 78 79 80 81 82 83 84 85 86 87 88 89 90 91 92 93 94 95 96 97 98 99 100",2014540144
facts,default,2,cot,0,Baku,Baku,1,-1,0,0,stop,828,798,qwen3.6-27b,"The manat is the currency of Azerbaijan. The capital of Azerbaijan is Baku.
Answer: Baku",What is the capital city of the country whose currency is the manat?,2875878609
facts,default,2,cot,1,Astana,Astana,1,-1,0,0,stop,336,307,qwen3.6-27b,"The tenge is the official currency of Kazakhstan. The capital city of Kazakhstan is Astana.

Answer: Astana",What is the capital city of the country whose currency is the tenge?,3698154567
facts,default,2,cot,2,Kyiv,Kyiv,1,-1,0,0,stop,952,882,qwen3.6-27b,"The hryvnia is the official currency of Ukraine. The capital city of Ukraine is Kyiv.

Answer: Kyiv",What is the capital city of the country whose currency is the hryvnia?,1164185085
facts,default,2,cot,3,Yangon,Naypyidaw,0,-1,0,0,stop,299,271,qwen3.6-27b,"The kyat is the currency of Myanmar. The capital of Myanmar is Naypyidaw.
Answer: Naypyidaw",What is the capital city of the country whose currency is the kyat?,845364587
facts,default,2,cot,4,Stockholm,Stockholm,1,-1,0,0,stop,951,929,qwen3.6-27b,"The krona is the currency of Sweden. The capital of Sweden is Stockholm.
Answer: Stockholm",What is the capital city of the country whose currency is the krona?,2886183112
facts,default,2,cot,5,Beijing,Beijing,1,-1,0,0,stop,455,432,qwen3.6-27b,"The yuan is the official currency of China. The capital city of China is Beijing.
Answer: Beijing",What is the capital city of the country whose currency is the yuan?,3674249310
facts,default,2,cot,6,Bangkok,Bangkok,1,-1,0,0,stop,260,229,qwen3.6-27b,"The baht is the currency of Thailand. The capital of Thailand is Bangkok.
Answer: Bangkok",What is the capital city of the country whose currency is the baht?,1107937764
facts,default,2,cot,7,Jakarta,Jakarta,1,-1,0,0,stop,992,969,qwen3.6-27b,"The rupiah is the official currency of Indonesia. The capital city of Indonesia is Jakarta.

Answer: Jakarta",What is the capital city of the country whose currency is the rupiah?,890173810
facts,default,2,cot,8,Budapest,Budapest,1,-1,0,0,stop,521,500,qwen3.6-27b,"The forint is the currency of Hungary. The capital of Hungary is Budapest.
Answer: Budapest",What is the capital city of the country whose currency is the forint?,2779899107
facts,default,2,cot,9,Addis Ababa,Ababa,0,-1,0,0,stop,335,290,qwen3.6-27b,"The birr is the currency of Ethiopia. The capital of Ethiopia is Addis Ababa.
Answer: Addis Ababa",What is the capital city of the country whose currency is the birr?,3535197301
facts,default,2,cot,10,Jerusalem,Jerusalem,1,-1,0,0,stop,662,637,qwen3.6-27b,"The shekel is the currency of Israel. The capital of Israel is Jerusalem.
Answer: Jerusalem",What is the capital city of the country whose currency is the shekel?,482305614
facts,default,2,cot,11,Jakarta,Jakarta,1,-1,0,0,stop,810,787,qwen3.6-27b,"The rupiah is the official currency of Indonesia. The capital city of Indonesia is Jakarta.

Answer: Jakarta",What is the capital city of the country whose currency is the rupiah?,1807242968
facts,default,2,cot,12,Vientiane,Vientiane,1,-1,0,0,stop,484,457,qwen3.6-27b,"The kip is the official currency of Laos. The capital city of Laos is Vientiane.
Answer: Vientiane",What is the capital city of the country whose currency is the kip?,4071688034
facts,default,2,cot,13,Stockholm,Stockholm,1,-1,0,0,stop,1456,1405,qwen3.6-27b,"The krona is the currency of Sweden (and also Iceland, where it is typically spelled króna). The capital of Sweden is Stockholm. (If the question refers to Iceland, the capital is Reykjavik.)

Answer: Stockholm",What is the capital city of the country whose currency is the krona?,2243311604
facts,default,2,cot,14,Tokyo,Tokyo,1,-1,0,0,stop,204,181,qwen3.6-27b,"The yen is the official currency of Japan. The capital city of Japan is Tokyo.
Answer: Tokyo",What is the capital city of the country whose currency is the yen?,466788951
facts,default,2,cot,15,Moscow,Moscow,1,-1,0,0,stop,613,582,qwen3.6-27b,"The ruble is the currency of Russia. The capital of Russia is Moscow.
Answer: Moscow",What is the capital city of the country whose currency is the ruble?,1825936065
facts,default,2,cot,16,Seoul,Seoul,1,-1,0,0,stop,669,638,qwen3.6-27b,"The won is the currency of South Korea (and also North Korea). The capital of South Korea is Seoul.

Answer: Seoul",What is the capital city of the country whose currency is the won?,4124885883
facts,default,2,cot,17,Baku,Baku,1,-1,0,0,stop,1871,1826,qwen3.6-27b,"The manat is the official currency of both Azerbaijan and Turkmenistan. The capital of Azerbaijan is Baku, and the capital of Turkmenistan is Ashgabat.

Answer: Baku",What is the capital city of the country whose currency is the manat?,2195452909
facts,default,2,cot,18,Bangkok,Bangkok,1,-1,0,0,stop,943,919,qwen3.6-27b,"The baht is the official currency of Thailand. The capital city of Thailand is Bangkok.
Answer: Bangkok",What is the capital city of the country whose currency is the baht?,308604540
facts,default,2,cot,19,Baku,Baku,1,-1,0,0,stop,710,686,qwen3.6-27b,"The manat is the currency of Azerbaijan. The capital of Azerbaijan is Baku.
Answer: Baku",What is the capital city of the country whose currency is the manat?,1701043946
facts,default,2,cot,20,Sofia,Sofia,1,-1,0,0,stop,239,215,qwen3.6-27b,"The lev is the official currency of Bulgaria. The capital city of Bulgaria is Sofia.
Answer: Sofia",What is the capital city of the country whose currency is the lev?,932328845
facts,default,2,cot,21,Hanoi,Hanoi,1,-1,0,0,stop,454,429,qwen3.6-27b,"The dong is the official currency of Vietnam. The capital city of Vietnam is Hanoi.

Answer: Hanoi",What is the capital city of the country whose currency is the dong?,1083507995
facts,default,2,cot,22,Addis Ababa,Ababa,0,-1,0,0,stop,765,732,qwen3.6-27b,"The birr is the official currency of Ethiopia. The capital city of Ethiopia is Addis Ababa.

Answer: Addis Ababa",What is the capital city of the country whose currency is the birr?,3650901153
facts,default,2,cot,23,Dhaka,Dhaka,1,-1,0,0,stop,259,236,qwen3.6-27b,"The taka is the currency of Bangladesh. The capital of Bangladesh is Dhaka.
Answer: Dhaka",What is the capital city of the country whose currency is the taka?,2929419319
facts,default,2,cot,24,Accra,Accra,1,-1,0,0,stop,570,506,qwen3.6-27b,"The cedi is the currency of Ghana. The capital of Ghana is Accra.
Answer: Accra",What is the capital city of the country whose currency is the cedi?,822079892
facts,default,2,cot,25,Kyiv,Kyiv,1,-1,0,0,stop,607,580,qwen3.6-27b,"The hryvnia is the official currency of Ukraine. The capital city of Ukraine is Kyiv.
Answer: Kyiv",What is the capital city of the country whose currency is the hryvnia?,1207484674
facts,default,2,cot,26,Baku,Baku,1,-1,0,0,stop,1628,1597,qwen3.6-27b,"The manat is the official currency of Azerbaijan (and also Turkmenistan). The capital of Azerbaijan is Baku.
Answer: Baku",What is the capital city of the country whose currency is the manat?,3740373176
facts,default,2,cot,27,Sofia,Sofia,1,-1,0,0,stop,620,596,qwen3.6-27b,"The lev is the currency of Bulgaria. The capital of Bulgaria is Sofia.
Answer: Sofia",What is the capital city of the country whose currency is the lev?,2851512366
facts,default,2,cot,28,Sofia,Sofia,1,-1,0,0,stop,600,577,qwen3.6-27b,"The lev is the official currency of Bulgaria. The capital city of Bulgaria is Sofia.

Answer: Sofia",What is the capital city of the country whose currency is the lev?,961134015
facts,default,2,cot,29,Jakarta,Jakarta,1,-1,0,0,stop,813,789,qwen3.6-27b,"The rupiah is the currency of Indonesia. The capital of Indonesia is Jakarta.
Answer: Jakarta",What is the capital city of the country whose currency is the rupiah?,1313770793
facts,default,2,cot,30,Budapest,Budapest,1,-1,0,0,stop,587,567,qwen3.6-27b,"The forint is the official currency of Hungary. The capital city of Hungary is Budapest.
Answer: Budapest",What is the capital city of the country whose currency is the forint?,780731596
facts,default,2,cot,31,Accra,Accra,1,-1,0,0,stop,246,213,qwen3.6-27b,"The cedi is the currency of Ghana. The capital of Ghana is Accra.
Answer: Accra",What is the capital city of the country whose currency is the cedi?,1502491738
facts,default,2,cot,32,Tokyo,Tokyo,1,-1,0,0,stop,485,464,qwen3.6-27b,"The yen is the currency of Japan. The capital of Japan is Tokyo.
Answer: Tokyo",What is the capital city of the country whose currency is the yen?,3230098912
facts,default,2,cot,33,Budapest,Budapest,1,-1,0,0,stop,548,525,qwen3.6-27b,"The forint is the official currency of Hungary. The capital city of Hungary is Budapest.
Answer: Budapest",What is the capital city of the country whose currency is the forint?,3078641014
facts,default,2,cot,34,Dhaka,Dhaka,1,-1,0,0,stop,246,223,qwen3.6-27b,"The taka is the currency of Bangladesh. The capital of Bangladesh is Dhaka.
Answer: Dhaka",What is the capital city of the country whose currency is the taka?,702857429
facts,default,2,cot,35,Baku,Baku,1,-1,0,0,stop,1453,1411,qwen3.6-27b,"The manat is the official currency of both Azerbaijan and Turkmenistan. The capital of Azerbaijan is Baku, and the capital of Turkmenistan is Ashgabat.

Answer: Baku",What is the capital city of the country whose currency is the manat?,1591996483
facts,default,2,cot,36,Bucharest,Bucharest,1,-1,0,0,stop,968,911,qwen3.6-27b,"The leu is the currency of Romania. The capital of Romania is Bucharest.
Answer: Bucharest",What is the capital city of the country whose currency is the leu?,3354042873
facts,default,2,cot,37,Kyiv,Kyiv,1,-1,0,0,stop,671,644,qwen3.6-27b,"The hryvnia is the official currency of Ukraine. The capital city of Ukraine is Kyiv.
Answer: Kyiv",What is the capital city of the country whose currency is the hryvnia?,2968359279
facts,default,2,cot,38,Bucharest,Bucharest,1,-1,0,0,stop,1586,1560,qwen3.6-27b,"The leu is the official currency of Romania. The capital city of Romania is Bucharest.
Answer: Bucharest",What is the capital city of the country whose currency is the leu?,542280958
facts,default,2,cot,39,Seoul,Seoul,1,-1,0,0,stop,734,711,qwen3.6-27b,"The won is the currency of South Korea. The capital of South Korea is Seoul.
Answer: Seoul",What is the capital city of the country whose currency is the won?,1465236584
facts,default,2,cot,40,Tokyo,Tokyo,1,-1,0,0,stop,265,244,qwen3.6-27b,"The yen is the currency of Japan. The capital of Japan is Tokyo.
Answer: Tokyo",What is the capital city of the country whose currency is the yen?,1640534539
facts,default,2,cot,41,Bangkok,Bangkok,1,-1,0,0,stop,228,204,qwen3.6-27b,"The baht is the official currency of Thailand. The capital city of Thailand is Bangkok.
Answer: Bangkok",What is the capital city of the country whose currency is the baht?,382706333
facts,default,2,cot,42,Bangkok,Bangkok,1,-1,0,0,stop,230,204,qwen3.6-27b,"The baht is the currency of Thailand. The capital of Thailand is Bangkok.
Answer: Bangkok",What is the capital city of the country whose currency is the baht?,2412180263
facts,default,2,cot,43,Prague,Prague,1,-1,0,0,stop,783,722,qwen3.6-27b,"The koruna is the currency of the Czech Republic. The capital of the Czech Republic is Prague.
Answer: Prague",What is the capital city of the country whose currency is the koruna?,4173448113
facts,default,2,cot,44,Accra,Accra,1,-1,0,0,stop,689,663,qwen3.6-27b,"The cedi is the official currency of Ghana. The capital city of Ghana is Accra.

Answer: Accra",What is the capital city of the country whose currency is the cedi?,1722111506
facts,default,2,cot,45,Addis Ababa,Ababa,0,-1,0,0,stop,340,287,qwen3.6-27b,"The birr is the currency of Ethiopia. The capital of Ethiopia is Addis Ababa.

Answer: Addis Ababa",What is the capital city of the country whose currency is the birr?,295855748
facts,default,2,cot,46,Kyiv,Kyiv,1,-1,0,0,stop,667,640,qwen3.6-27b,"The hryvnia is the official currency of Ukraine. The capital city of Ukraine is Kyiv.
Answer: Kyiv",What is the capital city of the country whose currency is the hryvnia?,2292922174
facts,default,2,cot,47,Tokyo,Tokyo,1,-1,0,0,stop,777,754,qwen3.6-27b,"The yen is the official currency of Japan. The capital city of Japan is Tokyo.
Answer: Tokyo",What is the capital city of the country whose currency is the yen?,4289464232
facts,default,2,cot,48,Astana,Astana,1,-1,0,0,stop,531,504,qwen3.6-27b,"The tenge is the currency of Kazakhstan. The capital of Kazakhstan is Astana.
Answer: Astana",What is the capital city of the country whose currency is the tenge?,1863522873
facts,default,2,cot,49,Bucharest,Bucharest,1,-1,0,0,stop,819,795,qwen3.6-27b,"The leu is the currency of Romania. The capital of Romania is Bucharest.

Answer: Bucharest",What is the capital city of the country whose currency is the leu?,403974831
facts,default,2,cot,50,Yangon,Naypyidaw,0,-1,0,0,stop,302,249,qwen3.6-27b,"The kyat is the currency of Myanmar. The capital of Myanmar is Naypyidaw.
Answer: Naypyidaw",What is the capital city of the country whose currency is the kyat?,2027135818
facts,default,2,cot,51,Prague,Prague,1,-1,0,0,stop,893,861,qwen3.6-27b,"The koruna is the official currency of the Czech Republic. The capital city of the Czech Republic is Prague.

Answer: Prague",What is the capital city of the country whose currency is the koruna?,265589724
facts,default,2,cot,52,Yerevan,Yerevan,1,-1,0,0,stop,255,218,qwen3.6-27b,"The dram is the official currency of Armenia. The capital city of Armenia is Yerevan.

Answer: Yerevan",What is the capital city of the country whose currency is the dram?,2531115622
facts,default,2,cot,53,Jakarta,Jakarta,1,-1,0,0,stop,609,617,qwen3.6-27b,"The rupiah is the currency of Indonesia. The capital of Indonesia is Jakarta.
Answer: Jakarta",What is the capital city of the country whose currency is the rupiah?,3789222640
facts,default,2,cot,54,Dhaka,Dhaka,1,-1,0,0,stop,883,879,qwen3.6-27b,"The taka is the official currency of Bangladesh. The capital city of Bangladesh is Dhaka.

Answer: Dhaka",What is the capital city of the country whose currency is the taka?,2143184723
facts,default,2,cot,55,Stockholm,Stockholm,1,-1,0,0,stop,1295,1270,qwen3.6-27b,"The krona is the currency of Sweden. The capital of Sweden is Stockholm.
Answer: Stockholm",What is the capital city of the country whose currency is the krona?,146364357
facts,default,2,cot,56,Astana,Astana,1,-1,0,0,stop,830,806,qwen3.6-27b,"The tenge is the currency of Kazakhstan. The capital of Kazakhstan is Astana.
Answer: Astana",What is the capital city of the country whose currency is the tenge?,2444232319
facts,default,2,cot,57,Caracas,Caracas,1,-1,0,0,stop,645,621,qwen3.6-27b,"The bolivar is the official currency of Venezuela. The capital city of Venezuela is Caracas.

Answer: Caracas",What is the capital city of the country whose currency is the bolivar?,3870766825
facts,default,2,cot,58,Phnom Penh,Penh,0,-1,0,0,stop,849,814,qwen3.6-27b,"The riel is the official currency of Cambodia. The capital city of Cambodia is Phnom Penh.
Answer: Phnom Penh",What is the capital city of the country whose currency is the riel?,1980246904
facts,default,2,cot,59,Beijing,Beijing,1,-1,0,0,stop,245,222,qwen3.6-27b,"The yuan is the official currency of China. The capital city of China is Beijing.
Answer: Beijing",What is the capital city of the country whose currency is the yuan?,17767406
facts,default,2,cot,60,Yangon,Naypyidaw,0,-1,0,0,stop,310,282,qwen3.6-27b,"The kyat is the currency of Myanmar. The capital of Myanmar is Naypyidaw.
Answer: Naypyidaw",What is the capital city of the country whose currency is the kyat?,1409216649
facts,default,2,cot,61,Yangon,Naypyidaw,0,-1,0,0,stop,714,616,qwen3.6-27b,"The kyat is the currency of Myanmar. The capital of Myanmar is Naypyidaw.
Answer: Naypyidaw",What is the capital city of the country whose currency is the kyat?,620347423
facts,default,2,cot,62,Kabul,Kabul,1,-1,0,0,stop,249,223,qwen3.6-27b,"

The afghani is the official currency of Afghanistan. The capital city of Afghanistan is Kabul.

Answer: Kabul",What is the capital city of the country whose currency is the afghani?,3186659749
facts,default,2,cot,63,Lima,Lima,1,-1,0,0,stop,460,423,qwen3.6-27b,"The sol is the currency of Peru. The capital of Peru is Lima.
Answer: Lima",What is the capital city of the country whose currency is the sol?,3405226291
facts,default,2,cot,64,Beijing,Beijing,1,-1,0,0,stop,281,262,qwen3.6-27b,"The yuan is the official currency of China. The capital city of China is Beijing.
Answer: Beijing",What is the capital city of the country whose currency is the yuan?,1418933392
facts,default,2,cot,65,Kabul,Kabul,1,-1,0,0,stop,273,247,qwen3.6-27b,"The afghani is the currency of Afghanistan. The capital of Afghanistan is Kabul.
Answer: Kabul",What is the capital city of the country whose currency is the afghani?,596902918
facts,default,2,cot,66,Caracas,Caracas,1,-1,0,0,stop,249,225,qwen3.6-27b,"The bolívar is the official currency of Venezuela. The capital city of Venezuela is Caracas.

Answer: Caracas",What is the capital city of the country whose currency is the bolivar?,3130873276
facts,default,2,cot,67,Bangkok,Bangkok,1,-1,0,0,stop,262,240,qwen3.6-27b,"The baht is the currency of Thailand. The capital of Thailand is Bangkok.
Answer: Bangkok",What is the capital city of the country whose currency is the baht?,3449447722
facts,default,2,cot,68,Baku,Baku,1,-1,0,0,stop,933,894,qwen3.6-27b,"The manat is the currency of Azerbaijan. The capital of Azerbaijan is Baku.
Answer: Baku",What is the capital city of the country whose currency is the manat?,1562736827
facts,default,2,cot,69,Bucharest,Bucharest,1,-1,0,0,stop,742,732,qwen3.6-27b,"The leu is the currency of Romania. The capital of Romania is Bucharest.
Answer: Bucharest",What is the capital city of the country whose currency is the leu?,706889773
facts,default,2,cot,70,Prague,Prague,1,-1,0,0,stop,275,249,qwen3.6-27b,"The koruna is the currency of the Czech Republic. The capital of the Czech Republic is Prague.
Answer: Prague",What is the capital city of the country whose currency is the koruna?,1256571336
facts,default,2,cot,71,Stockholm,Stockholm,1,-1,0,0,stop,990,961,qwen3.6-27b,"The krona is the currency of Sweden. The capital of Sweden is Stockholm.
Answer: Stockholm",What is the capital city of the country whose currency is the krona?,1038283102
facts,default,2,cot,72,Kabul,Kabul,1,-1,0,0,stop,274,251,qwen3.6-27b,"The afghani is the currency of Afghanistan. The capital of Afghanistan is Kabul.
Answer: Kabul",What is the capital city of the country whose currency is the afghani?,2766905572
facts,default,2,cot,73,Lima,Lima,1,-1,0,0,stop,780,753,qwen3.6-27b,"

The sol is the official currency of Peru. The capital city of Peru is Lima.

Answer: Lima",What is the capital city of the country whose currency is the sol?,3555496050
facts,default,2,cot,74,Vientiane,Vientiane,1,-1,0,0,stop,570,543,qwen3.6-27b,"The kip is the official currency of Laos. The capital city of Laos is Vientiane.
Answer: Vientiane",What is the capital city of the country whose currency is the kip?,1300760017
facts,default,2,cot,75,Phnom Penh,Penh,0,-1,0,0,stop,591,526,qwen3.6-27b,"The riel is the official currency of Cambodia. The capital city of Cambodia is Phnom Penh.
Answer: Phnom Penh",What is the capital city of the country whose currency is the riel?,982463815
facts,default,2,cot,76,Lima,Lima,1,-1,0,0,stop,241,210,qwen3.6-27b,"The sol is the official currency of Peru. The capital city of Peru is Lima.
Answer: Lima",What is the capital city of the country whose currency is the sol?,2743493885
facts,default,2,cot,77,Dhaka,Dhaka,1,-1,0,0,stop,262,237,qwen3.6-27b,"The taka is the official currency of Bangladesh. The capital city of Bangladesh is Dhaka.

Answer: Dhaka",What is the capital city of the country whose currency is the taka?,3565245547
facts,default,2,cot,78,Kyiv,Kyiv,1,-1,0,0,stop,784,754,qwen3.6-27b,"The hryvnia is the official currency of Ukraine. The capital city of Ukraine is Kyiv.

Answer: Kyiv",What is the capital city of the country whose currency is the hryvnia?,1144932858
facts,default,2,cot,79,Beijing,Beijing,1,-1,0,0,stop,280,257,qwen3.6-27b,"The yuan is the official currency of China. The capital city of China is Beijing.
Answer: Beijing",What is the capital city of the country whose currency is the yuan?,859404652
facts,default,2,cot,80,Yerevan,Yerevan,1,-1,0,0,stop,466,441,qwen3.6-27b,"The dram is the currency of Armenia. The capital of Armenia is Yerevan.
Answer: Yerevan",What is the capital city of the country whose currency is the dram?,3447577863
facts,default,2,cot,81,Beijing,Beijing,1,-1,0,0,stop,298,276,qwen3.6-27b,"The yuan is the official currency of China. The capital city of China is Beijing.
Answer: Beijing",What is the capital city of the country whose currency is the yuan?,3128618385
facts,default,2,cot,82,Lima,Lima,1,-1,0,0,stop,242,219,qwen3.6-27b,"The sol is the official currency of Peru. The capital city of Peru is Lima.
Answer: Lima",What is the capital city of the country whose currency is the sol?,594787371
facts,default,2,cot,83,Tokyo,Tokyo,1,-1,0,0,stop,250,227,qwen3.6-27b,"The yen is the official currency of Japan. The capital city of Japan is Tokyo.
Answer: Tokyo",What is the capital city of the country whose currency is the yen?,1416924349
facts,default,2,cot,84,Budapest,Budapest,1,-1,0,0,stop,261,240,qwen3.6-27b,"The forint is the currency of Hungary. The capital of Hungary is Budapest.
Answer: Budapest",What is the capital city of the country whose currency is the forint?,3390052638
facts,default,2,cot,85,Seoul,Seoul,1,-1,0,0,stop,719,724,qwen3.6-27b,"The won is the currency of South Korea. The capital of South Korea is Seoul.
Answer: Seoul",What is the capital city of the country whose currency is the won?,3172411784
facts,default,2,cot,86,Hanoi,Hanoi,1,-1,0,0,stop,249,223,qwen3.6-27b,"The dong is the currency of Vietnam. The capital of Vietnam is Hanoi.
Answer: Hanoi",What is the capital city of the country whose currency is the dong?,605976626
facts,default,2,cot,87,Phnom Penh,Penh,0,-1,0,0,stop,515,484,qwen3.6-27b,"The riel is the currency of Cambodia. The capital of Cambodia is Phnom Penh.
Answer: Phnom Penh",What is the capital city of the country whose currency is the riel?,1394165924
facts,default,2,cot,88,Stockholm,Stockholm,1,-1,0,0,stop,1194,1172,qwen3.6-27b,"The krona is the currency of Sweden. The capital of Sweden is Stockholm.
Answer: Stockholm",What is the capital city of the country whose currency is the krona?,3282457909
facts,default,2,cot,89,Jerusalem,Jerusalem,1,-1,0,0,stop,283,258,qwen3.6-27b,"The shekel is the currency of Israel. The capital of Israel is Jerusalem.
Answer: Jerusalem",What is the capital city of the country whose currency is the shekel?,3030476195
facts,default,2,cot,90,Kyiv,Kyiv,1,-1,0,0,stop,754,727,qwen3.6-27b,"The hryvnia is the official currency of Ukraine. The capital city of Ukraine is Kyiv.
Answer: Kyiv",What is the capital city of the country whose currency is the hryvnia?,3563514950
facts,default,2,cot,91,Yangon,Naypyidaw,0,-1,0,0,stop,308,277,qwen3.6-27b,"The kyat is the currency of Myanmar. The capital of Myanmar is Naypyidaw.
Answer: Naypyidaw",What is the capital city of the country whose currency is the kyat?,2741099728
facts,default,2,cot,92,Stockholm,Stockholm,1,-1,0,0,stop,1105,1066,qwen3.6-27b,"The krona is the currency of Sweden. The capital of Sweden is Stockholm.
Answer: Stockholm",What is the capital city of the country whose currency is the krona?,979930474
facts,default,2,cot,93,Budapest,Budapest,1,-1,0,0,stop,688,669,qwen3.6-27b,"The forint is the currency of Hungary. The capital of Hungary is Budapest.
Answer: Budapest",What is the capital city of the country whose currency is the forint?,1299168764
facts,default,2,cot,94,Tbilisi,Tbilisi,1,-1,0,0,stop,785,755,qwen3.6-27b,"The lari is the official currency of Georgia. The capital city of Georgia is Tbilisi.
Answer: Tbilisi",What is the capital city of the country whose currency is the lari?,3540723807
facts,default,2,cot,95,Sofia,Sofia,1,-1,0,0,stop,237,214,qwen3.6-27b,"The lev is the official currency of Bulgaria. The capital city of Bulgaria is Sofia.
Answer: Sofia",What is the capital city of the country whose currency is the lev?,2752256201
facts,default,2,cot,96,Kyiv,Kyiv,1,-1,0,0,stop,704,635,qwen3.6-27b,"The hryvnia is the currency of Ukraine. The capital of Ukraine is Kyiv.
Answer: Kyiv",What is the capital city of the country whose currency is the hryvnia?,1023756659
facts,default,2,cot,97,Accra,Accra,1,-1,0,0,stop,1041,1015,qwen3.6-27b,"The cedi is the official currency of Ghana. The capital city of Ghana is Accra.
Answer: Accra",What is the capital city of the country whose currency is the cedi?,1241676261
facts,default,2,cot,98,Kyiv,Kyiv,1,-1,0,0,stop,296,269,qwen3.6-27b,"The hryvnia is the official currency of Ukraine. The capital city of Ukraine is Kyiv.
Answer: Kyiv",What is the capital city of the country whose currency is the hryvnia?,3669845108
facts,default,2,cot,99,Accra,Accra,1,-1,0,0,stop,917,875,qwen3.6-27b,"The cedi is the currency of Ghana. The capital of Ghana is Accra.
Answer: Accra",What is the capital city of the country whose currency is the cedi?,2914669794
facts,default,2,cot,100,Bangkok,Bangkok,1,-1,0,0,stop,271,249,qwen3.6-27b,"The baht is the currency of Thailand. The capital of Thailand is Bangkok.
Answer: Bangkok",What is the capital city of the country whose currency is the baht?,1705184464
facts,default,2,cot,101,Moscow,Moscow,1,-1,0,0,stop,583,559,qwen3.6-27b,"The ruble is the official currency of Russia. The capital of Russia is Moscow.
Answer: Moscow",What is the capital city of the country whose currency is the ruble?,312753222
facts,default,2,cot,102,Beijing,Beijing,1,-1,0,0,stop,565,559,qwen3.6-27b,"The yuan is the currency of China. The capital of China is Beijing.
Answer: Beijing",What is the capital city of the country whose currency is the yuan?,2343398908
facts,default,2,cot,103,Vientiane,Vientiane,1,-1,0,0,stop,673,630,qwen3.6-27b,"The kip is the official currency of Laos. The capital city of Laos is Vientiane.
Answer: Vientiane",What is the capital city of the country whose currency is the kip?,4239023466
facts,default,2,cot,104,Lima,Lima,1,-1,0,0,stop,556,530,qwen3.6-27b,"The sol is the official currency of Peru. The capital city of Peru is Lima.
Answer: Lima",What is the capital city of the country whose currency is the sol?,1657718985
facts,default,2,cot,105,Kyiv,Kyiv,1,-1,0,0,stop,629,599,qwen3.6-27b,"The hryvnia is the official currency of Ukraine. The capital city of Ukraine is Kyiv.
Answer: Kyiv",What is the capital city of the country whose currency is the hryvnia?,365557855
facts,default,2,cot,106,Prague,Prague,1,-1,0,0,stop,1209,1173,qwen3.6-27b,"The koruna (specifically the Czech koruna) is the official currency of the Czech Republic. The capital city of the Czech Republic is Prague.

Answer: Prague",What is the capital city of the country whose currency is the koruna?,2361436645
facts,default,2,cot,107,Sofia,Sofia,1,-1,0,0,stop,240,217,qwen3.6-27b,"The lev is the official currency of Bulgaria. The capital city of Bulgaria is Sofia.
Answer: Sofia",What is the capital city of the country whose currency is the lev?,4224162163
facts,default,2,cot,108,Hanoi,Hanoi,1,-1,0,0,stop,693,665,qwen3.6-27b,"The dong is the official currency of Vietnam. The capital city of Vietnam is Hanoi.
Answer: Hanoi",What is the capital city of the country whose currency is the dong?,1803060450
facts,default,2,cot,109,Vientiane,Vientiane,1,-1,0,0,stop,318,273,qwen3.6-27b,"The kip is the currency of Laos. The capital of Laos is Vientiane.
Answer: Vientiane",What is the capital city of the country whose currency is the kip?,478131316
facts,default,2,cot,110,Budapest,Budapest,1,-1,0,0,stop,243,221,qwen3.6-27b,"The forint is the currency of Hungary. The capital of Hungary is Budapest.
Answer: Budapest",What is the capital city of the country whose currency is the forint?,2092449169
facts,default,2,cot,111,Bangkok,Bangkok,1,-1,0,0,stop,237,213,qwen3.6-27b,"The baht is the official currency of Thailand. The capital city of Thailand is Bangkok.

Answer: Bangkok",What is the capital city of the country whose currency is the baht?,197070087
facts,default,2,cot,112,Vientiane,Vientiane,1,-1,0,0,stop,317,275,qwen3.6-27b,"The kip is the official currency of Laos. The capital city of Laos is Vientiane.
Answer: Vientiane",What is the capital city of the country whose currency is the kip?,2461424829
facts,default,2,cot,113,Baku,Baku,1,-1,0,0,stop,1672,1636,qwen3.6-27b,"The manat is the currency of Azerbaijan (it is also used in Turkmenistan). The capital of Azerbaijan is Baku.
Answer: Baku",What is the capital city of the country whose currency is the manat?,3853610027
facts,default,2,cot,114,Accra,Accra,1,-1,0,0,stop,626,600,qwen3.6-27b,"The cedi is the official currency of Ghana. The capital city of Ghana is Accra.
Answer: Accra",What is the capital city of the country whose currency is the cedi?,2077620616
facts,default,2,cot,115,Lima,Lima,1,-1,0,0,stop,466,426,qwen3.6-27b,"The sol is the currency of Peru. The capital city of Peru is Lima.
Answer: Lima",What is the capital city of the country whose currency is the sol?,215140638
facts,default,2,cot,116,Addis Ababa,Ababa,0,-1,0,0,stop,340,312,qwen3.6-27b,"The birr is the currency of Ethiopia. The capital of Ethiopia is Addis Ababa.

Answer: Addis Ababa",What is the capital city of the country whose currency is the birr?,2514196644
facts,default,2,cot,117,Phnom Penh,Penh,0,-1,0,0,stop,669,609,qwen3.6-27b,"

The riel is the currency of Cambodia. The capital of Cambodia is Phnom Penh.
Answer: Phnom Penh",What is the capital city of the country whose currency is the riel?,3806111794
facts,default,2,cot,118,Caracas,Caracas,1,-1,0,0,stop,247,223,qwen3.6-27b,"The bolívar is the official currency of Venezuela. The capital city of Venezuela is Caracas.

Answer: Caracas",What is the capital city of the country whose currency is the bolivar?,1919137187
facts,default,2,cot,119,Prague,Prague,1,-1,0,0,stop,379,360,qwen3.6-27b,"The koruna is the currency of the Czech Republic. The capital of the Czech Republic is Prague.
Answer: Prague",What is the capital city of the country whose currency is the koruna?,90473781
facts,default,2,cot,120,Vientiane,Vientiane,1,-1,0,0,stop,340,298,qwen3.6-27b,"The kip is the currency of Laos. The capital city of Laos is Vientiane.
Answer: Vientiane",What is the capital city of the country whose currency is the kip?,1469410898
facts,default,2,cot,121,Astana,Astana,1,-1,0,0,stop,737,713,qwen3.6-27b,"The tenge is the currency of Kazakhstan. The capital of Kazakhstan is Astana.
Answer: Astana",What is the capital city of the country whose currency is the tenge?,546463428
facts,default,2,cot,122,Accra,Accra,1,-1,0,0,stop,309,285,qwen3.6-27b,"The cedi is the currency of Ghana. The capital of Ghana is Accra.
Answer: Accra",What is the capital city of the country whose currency is the cedi?,3113947006
facts,default,2,cot,123,Seoul,Seoul,1,-1,0,0,stop,1036,1065,qwen3.6-27b,"

The won is the official currency of both South Korea and North Korea. South Korea's capital is Seoul, while North Korea's capital is Pyongyang. In most general contexts, this question refers to South Korea.

Answer: Seoul",What is the capital city of the country whose currency is the won?,3466346472
facts,default,2,cot,124,Prague,Prague,1,-1,0,0,stop,311,282,qwen3.6-27b,"The koruna is the currency of the Czech Republic. The capital of the Czech Republic is Prague.
Answer: Prague",What is the capital city of the country whose currency is the koruna?,1358473803
facts,default,2,cot,125,Yangon,Naypyidaw,0,-1,0,0,stop,950,917,qwen3.6-27b,"The kyat is the official currency of Myanmar. The capital city of Myanmar is Naypyidaw.
Answer: Naypyidaw",What is the capital city of the country whose currency is the kyat?,671062749
facts,default,2,cot,126,Abuja,Abuja,1,-1,0,0,stop,724,697,qwen3.6-27b,"The naira is the currency of Nigeria. The capital of Nigeria is Abuja.
Answer: Abuja",What is the capital city of the country whose currency is the naira?,3203844967
facts,default,2,cot,127,Baku,Baku,1,-1,0,0,stop,1649,1602,qwen3.6-27b,"The manat is the currency of Azerbaijan. The capital of Azerbaijan is Baku. (Note: Turkmenistan also uses a currency called the manat, and its capital is Ashgabat.)
Answer: Baku",What is the capital city of the country whose currency is the manat?,3388079089
facts,default,2,cot,128,Yangon,Naypyidaw,0,-1,0,0,stop,615,587,qwen3.6-27b,"The kyat is the currency of Myanmar. The capital of Myanmar is Naypyidaw.
Answer: Naypyidaw",What is the capital city of the country whose currency is the kyat?,1498343008
facts,default,2,cot,129,Tbilisi,Tbilisi,1,-1,0,0,stop,284,248,qwen3.6-27b,"The lari is the official currency of Georgia. The capital city of Georgia is Tbilisi.
Answer: Tbilisi",What is the capital city of the country whose currency is the lari?,776591094
facts,default,2,cot,130,Beijing,Beijing,1,-1,0,0,stop,605,582,qwen3.6-27b,"The yuan is the official currency of China. The capital city of China is Beijing.
Answer: Beijing",What is the capital city of the country whose currency is the yuan?,1317953299
facts,default,2,cot,131,Bucharest,Bucharest,1,-1,0,0,stop,365,328,qwen3.6-27b,"The leu is the currency of Romania. The capital of Romania is Bucharest.
Answer: Bucharest",What is the capital city of the country whose currency is the leu?,965308293
facts,default,2,cot,132,Warsaw,Warsaw,1,-1,0,0,stop,282,261,qwen3.6-27b,"The zloty is the official currency of Poland. The capital city of Poland is Warsaw.

Answer: Warsaw",What is the capital city of the country whose currency is the zloty?,2692759103
facts,default,2,cot,133,Kabul,Kabul,1,-1,0,0,stop,505,480,qwen3.6-27b,"The afghani is the official currency of Afghanistan. The capital city of Afghanistan is Kabul.
Answer: Kabul",What is the capital city of the country whose currency is the afghani?,3615952553
facts,default,2,cot,134,Dhaka,Dhaka,1,-1,0,0,stop,609,586,qwen3.6-27b,"The taka is the currency of Bangladesh. The capital of Bangladesh is Dhaka.
Answer: Dhaka",What is the capital city of the country whose currency is the taka?,1239653130
facts,default,2,cot,135,Jerusalem,Jerusalem,1,-1,0,0,stop,1037,1033,qwen3.6-27b,"Step 1: Identify the country that uses the shekel as its official currency. The shekel (specifically the Israeli new shekel) is the currency of Israel.
Step 2: Determine the capital city of that country. The capital of Israel is Jerusalem.

Answer: Jerusalem",What is the capital city of the country whose currency is the shekel?,1055173532
facts,default,2,cot,136,Hanoi,Hanoi,1,-1,0,0,stop,444,418,qwen3.6-27b,"The dong is the currency of Vietnam. The capital city of Vietnam is Hanoi.
Answer: Hanoi",What is the capital city of the country whose currency is the dong?,2817391142
facts,default,2,cot,137,Bangkok,Bangkok,1,-1,0,0,stop,246,222,qwen3.6-27b,"The baht is the official currency of Thailand. The capital city of Thailand is Bangkok.
Answer: Bangkok",What is the capital city of the country whose currency is the baht?,3505048240
facts,default,2,cot,138,Tbilisi,Tbilisi,1,-1,0,0,stop,634,609,qwen3.6-27b,"The lari is the currency of Georgia. The capital of Georgia is Tbilisi.
Answer: Tbilisi",What is the capital city of the country whose currency is the lari?,1079367457
facts,default,2,cot,139,Seoul,Seoul,1,-1,0,0,stop,291,268,qwen3.6-27b,"The won is the currency of South Korea. The capital of South Korea is Seoul.
Answer: Seoul",What is the capital city of the country whose currency is the won?,928180151
facts,default,2,cot,140,Jerusalem,Jerusalem,1,-1,0,0,stop,829,796,qwen3.6-27b,"The shekel (specifically the Israeli new shekel) is the official currency of Israel. The capital city of Israel is Jerusalem.

Answer: Jerusalem",What is the capital city of the country whose currency is the shekel?,30394836
facts,default,2,cot,141,Kyiv,Kyiv,1,-1,0,0,stop,572,545,qwen3.6-27b,"The hryvnia is the official currency of Ukraine. The capital city of Ukraine is Kyiv.
Answer: Kyiv",What is the capital city of the country whose currency is the hryvnia?,1992882498
facts,default,2,cot,142,Yerevan,Yerevan,1,-1,0,0,stop,758,733,qwen3.6-27b,"The dram is the currency of Armenia. The capital of Armenia is Yerevan.
Answer: Yerevan",What is the capital city of the country whose currency is the dram?,4022446328
facts,default,2,cot,143,Astana,Astana,1,-1,0,0,stop,753,727,qwen3.6-27b,"The tenge is the currency of Kazakhstan. The capital of Kazakhstan is Astana.
Answer: Astana",What is the capital city of the country whose currency is the tenge?,2563151982
facts,default,2,cot,144,Beijing,Beijing,1,-1,0,0,stop,275,256,qwen3.6-27b,"

The yuan is the official currency of China. The capital city of China is Beijing.
Answer: Beijing",What is the capital city of the country whose currency is the yuan?,111283661
facts,default,2,cot,145,Pretoria,,0,-1,0,0,length,4000,3844,qwen3.6-27b,,What is the capital city of the country whose currency is the rand?,1906654555
facts,default,2,cot,146,Sofia,Sofia,1,-1,0,0,stop,242,220,qwen3.6-27b,"

The lev is the official currency of Bulgaria. The capital city of Bulgaria is Sofia.
Answer: Sofia",What is the capital city of the country whose currency is the lev?,3903614177
facts,default,2,cot,147,Kyiv,Kyiv,1,-1,0,0,stop,293,250,qwen3.6-27b,"

The hryvnia is the official currency of Ukraine. The capital city of Ukraine is Kyiv.
Answer: Kyiv",What is the capital city of the country whose currency is the hryvnia?,2678807671
facts,default,2,cot,148,Prague,Prague,1,-1,0,0,stop,314,283,qwen3.6-27b,"The koruna is the currency of the Czech Republic. The capital of the Czech Republic is Prague.
Answer: Prague",What is the capital city of the country whose currency is the koruna?,252985830
facts,default,2,cot,149,Beijing,Beijing,1,-1,0,0,stop,247,224,qwen3.6-27b,"The yuan is the official currency of China. The capital city of China is Beijing.
Answer: Beijing",What is the capital city of the country whose currency is the yuan?,2014540144
facts,default,3,immediate,0,A,A,1,-1,0,0,stop,4,0,qwen3.6-27b,Answer: A,What is the first letter of the capital city of the country whose currency is the tenge?,2863138534
facts,default,3,immediate,1,T,T,1,-1,0,0,stop,4,0,qwen3.6-27b,Answer: T,What is the first letter of the capital city of the country whose currency is the lari?,3719247472
facts,default,3,immediate,2,P,P,1,-1,0,0,stop,4,0,qwen3.6-27b,Answer: P,What is the first letter of the capital city of the country whose currency is the koruna?,1151756234
facts,default,3,immediate,3,L,L,1,-1,0,0,stop,4,0,qwen3.6-27b,Answer: L,What is the first letter of the capital city of the country whose currency is the sol?,866211676
facts,default,3,immediate,4,D,D,1,-1,0,0,stop,4,0,qwen3.6-27b,Answer: D,What is the first letter of the capital city of the country whose currency is the taka?,2915418879
facts,default,3,immediate,5,Y,Y,1,-1,0,0,stop,4,0,qwen3.6-27b,Answer: Y,What is the first letter of the capital city of the country whose currency is the dram?,3670209129
facts,default,3,immediate,6,B,B,1,-1,0,0,stop,4,0,qwen3.6-27b,Answer: B,What is the first letter of the capital city of the country whose currency is the yuan?,1137419219
facts,default,3,immediate,7,K,K,1,-1,0,0,stop,3,0,qwen3.6-27b,Answer: K,What is the first letter of the capital city of the country whose currency is the afghani?,885822277
facts,default,3,immediate,8,W,W,1,-1,0,0,stop,4,0,qwen3.6-27b,Answer: W,What is the first letter of the capital city of the country whose currency is the zloty?,2759036628
facts,default,3,immediate,9,P,P,1,-1,0,0,stop,4,0,qwen3.6-27b,Answer: P,What is the first letter of the capital city of the country whose currency is the rand?,3547643458
facts,default,3,immediate,10,S,R,0,-1,0,0,stop,4,0,qwen3.6-27b,Answer: R,What is the first letter of the capital city of the country whose currency is the krona?,2751660331
facts,default,3,immediate,11,B,B,1,-1,0,0,stop,4,0,qwen3.6-27b,Answer: B,What is the first letter of the capital city of the country whose currency is the yuan?,3540267453
facts,default,3,immediate,12,J,J,1,-1,0,0,stop,4,0,qwen3.6-27b,Answer: J,What is the first letter of the capital city of the country whose currency is the shekel?,1242390535
facts,default,3,immediate,13,A,A,1,-1,0,0,stop,4,0,qwen3.6-27b,Answer: A,What is the first letter of the capital city of the country whose currency is the tenge?,1024086161
facts,default,3,immediate,14,V,V,1,-1,0,0,stop,4,0,qwen3.6-27b,Answer: V,What is the first letter of the capital city of the country whose currency is the kip?,2741945650
facts,default,3,immediate,15,B,B,1,-1,0,0,stop,3,0,qwen3.6-27b,Answer: B,What is the first letter of the capital city of the country whose currency is the leu?,3563713956
facts,default,3,immediate,16,K,K,1,-1,0,0,stop,4,0,qwen3.6-27b,Answer: K,What is the first letter of the capital city of the country whose currency is the afghani?,1298179102
facts,default,3,immediate,17,B,B,1,-1,0,0,stop,4,0,qwen3.6-27b,Answer: B,What is the first letter of the capital city of the country whose currency is the manat?,979866760
facts,default,3,immediate,18,B,B,1,-1,0,0,stop,4,0,qwen3.6-27b,Answer: B,What is the first letter of the capital city of the country whose currency is the yuan?,2866317593
facts,default,3,immediate,19,B,B,1,-1,0,0,stop,4,0,qwen3.6-27b,Answer: B,What is the first letter of the capital city of the country whose currency is the forint?,3722426767
facts,default,3,immediate,20,L,L,1,-1,0,0,stop,4,0,qwen3.6-27b,Answer: L,What is the first letter of the capital city of the country whose currency is the sol?,2402177768
facts,default,3,immediate,21,A,A,1,-1,0,0,stop,4,0,qwen3.6-27b,Answer: A,What is the first letter of the capital city of the country whose currency is the cedi?,4163461758
facts,default,3,immediate,22,J,J,1,-1,0,0,stop,4,0,qwen3.6-27b,Answer: J,What is the first letter of the capital city of the country whose currency is the rupiah?,1629500356
facts,default,3,immediate,23,A,A,1,-1,0,0,stop,4,0,qwen3.6-27b,Answer: A,What is the first letter of the capital city of the country whose currency is the naira?,371655506
facts,default,3,immediate,24,S,S,1,-1,0,0,stop,4,0,qwen3.6-27b,Answer: S,What is the first letter of the capital city of the country whose currency is the lev?,2286130929
facts,default,3,immediate,25,T,T,1,-1,0,0,stop,4,0,qwen3.6-27b,Answer: T,What is the first letter of the capital city of the country whose currency is the yen?,4282689127
facts,default,3,immediate,26,M,M,1,-1,0,0,stop,4,0,qwen3.6-27b,Answer: M,What is the first letter of the capital city of the country whose currency is the ruble?,1716385757
facts,default,3,immediate,27,H,H,1,-1,0,0,stop,3,0,qwen3.6-27b,Answer: H,What is the first letter of the capital city of the country whose currency is the dong?,290113355
facts,default,3,immediate,28,W,W,1,-1,0,0,stop,4,0,qwen3.6-27b,Answer: W,What is the first letter of the capital city of the country whose currency is the zloty?,2180373210
facts,default,3,immediate,29,K,K,1,-1,0,0,stop,4,0,qwen3.6-27b,Answer: K,What is the first letter of the capital city of the country whose currency is the afghani?,4143114828
facts,default,3,immediate,30,J,J,1,-1,0,0,stop,4,0,qwen3.6-27b,Answer: J,What is the first letter of the capital city of the country whose currency is the rupiah?,2520081321
facts,default,3,immediate,31,D,D,1,-1,0,0,stop,4,0,qwen3.6-27b,Answer: D,What is the first letter of the capital city of the country whose currency is the taka?,3778171711
facts,default,3,immediate,32,W,W,1,-1,0,0,stop,4,0,qwen3.6-27b,Answer: W,What is the first letter of the capital city of the country whose currency is the zloty?,2017133189
facts,default,3,immediate,33,K,K,1,-1,0,0,stop,4,0,qwen3.6-27b,Answer: K,What is the first letter of the capital city of the country whose currency is the hryvnia?,255603219
facts,default,3,immediate,34,T,T,1,-1,0,0,stop,4,0,qwen3.6-27b,Answer: T,What is the first letter of the capital city of the country whose currency is the lari?,2438506416
facts,default,3,immediate,35,M,M,1,-1,0,0,stop,4,0,qwen3.6-27b,Answer: M,What is the first letter of the capital city of the country whose currency is the ruble?,3865024294
facts,default,3,immediate,36,B,B,1,-1,0,0,stop,4,0,qwen3.6-27b,Answer: B,What is the first letter of the capital city of the country whose currency is the yuan?,2136393372
facts,default,3,immediate,37,A,A,1,-1,0,0,stop,4,0,qwen3.6-27b,Answer: A,What is the first letter of the capital city of the country whose currency is the tenge?,139589130
facts,default,3,immediate,38,M,M,1,-1,0,0,stop,4,0,qwen3.6-27b,Answer: M,What is the first letter of the capital city of the country whose currency is the ruble?,2565794715
facts,default,3,immediate,39,Y,Y,1,-1,0,0,stop,4,0,qwen3.6-27b,Answer: Y,What is the first letter of the capital city of the country whose currency is the dram?,4025080589
facts,default,3,immediate,40,Y,N,0,-1,0,0,stop,4,0,qwen3.6-27b,Answer: N,What is the first letter of the capital city of the country whose currency is the kyat?,3648320878
facts,default,3,immediate,41,A,A,1,-1,0,0,stop,4,0,qwen3.6-27b,Answer: A,What is the first letter of the capital city of the country whose currency is the birr?,2926822904
facts,default,3,immediate,42,M,M,1,-1,0,0,stop,4,0,qwen3.6-27b,Answer: M,What is the first letter of the capital city of the country whose currency is the ruble?,930780226
facts,default,3,immediate,43,A,A,1,-1,0,0,stop,4,0,qwen3.6-27b,Answer: A,What is the first letter of the capital city of the country whose currency is the cedi?,1081976020
facts,default,3,immediate,44,P,P,1,-1,0,0,stop,4,0,qwen3.6-27b,Answer: P,What is the first letter of the capital city of the country whose currency is the koruna?,3726193015
facts,default,3,immediate,45,L,L,1,-1,0,0,stop,4,0,qwen3.6-27b,Answer: L,What is the first letter of the capital city of the country whose currency is the sol?,2837316065
facts,default,3,immediate,46,K,K,1,-1,0,0,stop,4,0,qwen3.6-27b,Answer: K,What is the first letter of the capital city of the country whose currency is the hryvnia?,806834267
facts,default,3,immediate,47,D,D,1,-1,0,0,stop,4,0,qwen3.6-27b,Answer: D,What is the first letter of the capital city of the country whose currency is the taka?,1192255693
facts,default,3,immediate,48,W,W,1,-1,0,0,stop,4,0,qwen3.6-27b,Answer: W,What is the first letter of the capital city of the country whose currency is the zloty?,3618602332
facts,default,3,immediate,49,A,A,1,-1,0,0,stop,4,0,qwen3.6-27b,Answer: A,What is the first letter of the capital city of the country whose currency is the naira?,2695384522
facts,default,3,immediate,50,S,S,1,-1,0,0,stop,4,0,qwen3.6-27b,Answer: S,What is the first letter of the capital city of the country whose currency is the won?,3228550191
facts,default,3,immediate,51,A,A,1,-1,0,0,stop,3,0,qwen3.6-27b,Answer: A,What is the first letter of the capital city of the country whose currency is the tenge?,3077108921
facts,default,3,immediate,52,J,J,1,-1,0,0,stop,3,0,qwen3.6-27b,Answer: J,What is the first letter of the capital city of the country whose currency is the rupiah?,778151171
facts,default,3,immediate,53,K,K,1,-1,0,0,stop,4,0,qwen3.6-27b,Answer: K,What is the first letter of the capital city of the country whose currency is the afghani?,1499895189
facts,default,3,immediate,54,A,A,1,-1,0,0,stop,4,0,qwen3.6-27b,Answer: A,What is the first letter of the capital city of the country whose currency is the tenge?,3338797110
facts,default,3,immediate,55,L,L,1,-1,0,0,stop,4,0,qwen3.6-27b,Answer: L,What is the first letter of the capital city of the country whose currency is the sol?,2953130144
facts,default,3,immediate,56,J,J,1,-1,0,0,stop,4,0,qwen3.6-27b,Answer: J,What is the first letter of the capital city of the country whose currency is the shekel?,688677146
facts,default,3,immediate,57,A,A,1,-1,0,0,stop,4,0,qwen3.6-27b,Answer: A,What is the first letter of the capital city of the country whose currency is the cedi?,1577800076
facts,default,3,immediate,58,J,J,1,-1,0,0,stop,4,0,qwen3.6-27b,Answer: J,What is the first letter of the capital city of the country whose currency is the rupiah?,3467922461
facts,default,3,immediate,59,L,L,1,-1,0,0,stop,4,0,qwen3.6-27b,Answer: L,What is the first letter of the capital city of the country whose currency is the sol?,3115547787
facts,default,3,immediate,60,B,B,1,-1,0,0,stop,4,0,qwen3.6-27b,Answer: B,What is the first letter of the capital city of the country whose currency is the yuan?,3947010028
facts,default,3,immediate,61,M,M,1,-1,0,0,stop,4,0,qwen3.6-27b,Answer: M,What is the first letter of the capital city of the country whose currency is the ruble?,2621810554
facts,default,3,immediate,62,B,B,1,-1,0,0,stop,4,0,qwen3.6-27b,Answer: B,What is the first letter of the capital city of the country whose currency is the baht?,88929984
facts,default,3,immediate,63,L,L,1,-1,0,0,stop,4,0,qwen3.6-27b,Answer: L,What is the first letter of the capital city of the country whose currency is the sol?,1917568598
facts,default,3,immediate,64,C,C,1,-1,0,0,stop,4,0,qwen3.6-27b,Answer: C,What is the first letter of the capital city of the country whose currency is the bolivar?,3962524661
facts,default,3,immediate,65,J,J,1,-1,0,0,stop,4,0,qwen3.6-27b,Answer: J,What is the first letter of the capital city of the country whose currency is the rupiah?,2603115363
facts,default,3,immediate,66,D,D,1,-1,0,0,stop,4,0,qwen3.6-27b,Answer: D,What is the first letter of the capital city of the country whose currency is the taka?,35730137
facts,default,3,immediate,67,A,A,1,-1,0,0,stop,4,0,qwen3.6-27b,Answer: A,What is the first letter of the capital city of the country whose currency is the cedi?,1965425231
facts,default,3,immediate,68,M,M,1,-1,0,0,stop,3,0,qwen3.6-27b,Answer: M,What is the first letter of the capital city of the country whose currency is the ruble?,3852017630
facts,default,3,immediate,69,A,A,1,-1,0,0,stop,4,0,qwen3.6-27b,Answer: A,What is the first letter of the capital city of the country whose currency is the naira?,2459840328
facts,default,3,immediate,70,A,A,1,-1,0,0,stop,4,0,qwen3.6-27b,Answer: A,What is the first letter of the capital city of the country whose currency is the cedi?,4065961645
facts,default,3,immediate,71,J,J,1,-1,0,0,stop,4,0,qwen3.6-27b,Answer: J,What is the first letter of the capital city of the country whose currency is the rupiah?,2237568571
facts,default,3,immediate,72,B,B,1,-1,0,0,stop,4,0,qwen3.6-27b,Answer: B,What is the first letter of the capital city of the country whose currency is the yuan?,475514753
facts,default,3,immediate,73,P,P,1,-1,0,0,stop,4,0,qwen3.6-27b,Answer: P,What is the first letter of the capital city of the country whose currency is the koruna?,1800468247
facts,default,3,immediate,74,V,V,1,-1,0,0,stop,4,0,qwen3.6-27b,Answer: V,What is the first letter of the capital city of the country whose currency is the kip?,4113851060
facts,default,3,immediate,75,B,B,1,-1,0,0,stop,4,0,qwen3.6-27b,Answer: B,What is the first letter of the capital city of the country whose currency is the baht?,2184401442
facts,default,3,immediate,76,L,L,1,-1,0,0,stop,4,0,qwen3.6-27b,Answer: L,What is the first letter of the capital city of the country whose currency is the sol?,456786840
facts,default,3,immediate,77,J,J,1,-1,0,0,stop,4,0,qwen3.6-27b,Answer: J,What is the first letter of the capital city of the country whose currency is the rupiah?,1815950094
facts,default,3,immediate,78,P,P,1,-1,0,0,stop,4,0,qwen3.6-27b,Answer: P,What is the first letter of the capital city of the country whose currency is the koruna?,4236390047
facts,default,3,immediate,79,P,P,1,-1,0,0,stop,4,0,qwen3.6-27b,Answer: P,What is the first letter of the capital city of the country whose currency is the rand?,2340757001
facts,default,3,immediate,80,A,A,1,-1,0,0,stop,4,0,qwen3.6-27b,Answer: A,What is the first letter of the capital city of the country whose currency is the tenge?,1975630434
facts,default,3,immediate,81,W,W,1,-1,0,0,stop,4,0,qwen3.6-27b,Answer: W,What is the first letter of the capital city of the country whose currency is the zloty?,46566132
facts,default,3,immediate,82,S,S,1,-1,0,0,stop,4,0,qwen3.6-27b,Answer: S,What is the first letter of the capital city of the country whose currency is the won?,2614090574
facts,default,3,immediate,83,L,L,1,-1,0,0,stop,4,0,qwen3.6-27b,Answer: L,What is the first letter of the capital city of the country whose currency is the sol?,3972590552
facts,default,3,immediate,84,S,S,1,-1,0,0,stop,4,0,qwen3.6-27b,Answer: S,What is the first letter of the capital city of the country whose currency is the won?,1923907195
facts,default,3,immediate,85,T,T,1,-1,0,0,stop,4,0,qwen3.6-27b,Answer: T,What is the first letter of the capital city of the country whose currency is the yen?,95112941
facts,default,3,immediate,86,M,M,1,-1,0,0,stop,4,0,qwen3.6-27b,Answer: M,What is the first letter of the capital city of the country whose currency is the ruble?,2627870551
facts,default,3,immediate,87,B,B,1,-1,0,0,stop,4,0,qwen3.6-27b,Answer: B,What is the first letter of the capital city of the country whose currency is the yuan?,3953471425
facts,default,3,immediate,88,M,M,1,-1,0,0,stop,4,0,qwen3.6-27b,Answer: M,What is the first letter of the capital city of the country whose currency is the ruble?,2065314384
facts,default,3,immediate,89,K,K,1,-1,0,0,stop,4,0,qwen3.6-27b,Answer: K,What is the first letter of the capital city of the country whose currency is the afghani?,203227846
facts,default,3,immediate,90,H,H,1,-1,0,0,stop,4,0,qwen3.6-27b,Answer: H,What is the first letter of the capital city of the country whose currency is the dong?,1826261795
facts,default,3,immediate,91,P,P,1,-1,0,0,stop,4,0,qwen3.6-27b,Answer: P,What is the first letter of the capital city of the country whose currency is the koruna?,467516341
facts,default,3,immediate,92,T,T,1,-1,0,0,stop,4,0,qwen3.6-27b,Answer: T,What is the first letter of the capital city of the country whose currency is the yen?,2194991631
facts,default,3,immediate,93,V,V,1,-1,0,0,stop,4,0,qwen3.6-27b,Answer: V,What is the first letter of the capital city of the country whose currency is the kip?,4124301977
facts,default,3,immediate,94,Y,N,0,-1,0,0,stop,4,0,qwen3.6-27b,Answer: N,What is the first letter of the capital city of the country whose currency is the kyat?,1807175482
facts,default,3,immediate,95,L,L,1,-1,0,0,stop,4,0,qwen3.6-27b,Answer: L,What is the first letter of the capital city of the country whose currency is the sol?,481329068
facts,default,3,immediate,96,M,M,1,-1,0,0,stop,4,0,qwen3.6-27b,Answer: M,What is the first letter of the capital city of the country whose currency is the ruble?,2243505686
facts,default,3,immediate,97,V,V,1,-1,0,0,stop,4,0,qwen3.6-27b,Answer: V,What is the first letter of the capital city of the country whose currency is the kip?,4072545920
facts,default,3,immediate,98,K,K,1,-1,0,0,stop,4,0,qwen3.6-27b,Answer: K,What is the first letter of the capital city of the country whose currency is the afghani?,1644233489
facts,default,3,immediate,99,D,D,1,-1,0,0,stop,4,0,qwen3.6-27b,Answer: D,What is the first letter of the capital city of the country whose currency is the taka?,352727943
facts,default,3,immediate,100,S,R,0,-1,0,0,stop,3,0,qwen3.6-27b,Answer: R,What is the first letter of the capital city of the country whose currency is the krona?,1489184096
facts,default,3,immediate,101,K,K,1,-1,0,0,stop,4,0,qwen3.6-27b,Answer: K,What is the first letter of the capital city of the country whose currency is the afghani?,801379830
facts,default,3,immediate,102,V,V,1,-1,0,0,stop,4,0,qwen3.6-27b,Answer: V,What is the first letter of the capital city of the country whose currency is the kip?,3066905676
facts,default,3,immediate,103,T,T,1,-1,0,0,stop,4,0,qwen3.6-27b,Answer: T,What is the first letter of the capital city of the country whose currency is the yen?,3251270874
facts,default,3,immediate,104,B,B,1,-1,0,0,stop,4,0,qwen3.6-27b,Answer: B,What is the first letter of the capital city of the country whose currency is the forint?,1605296505
facts,default,3,immediate,105,H,H,1,-1,0,0,stop,4,0,qwen3.6-27b,Answer: H,What is the first letter of the capital city of the country whose currency is the dong?,682217967
facts,default,3,immediate,106,S,S,1,-1,0,0,stop,4,0,qwen3.6-27b,Answer: S,What is the first letter of the capital city of the country whose currency is the krona?,2980085845
facts,default,3,immediate,107,T,T,1,-1,0,0,stop,4,0,qwen3.6-27b,Answer: T,What is the first letter of the capital city of the country whose currency is the lari?,3332878531
facts,default,3,immediate,108,P,P,1,-1,0,0,stop,4,0,qwen3.6-27b,Answer: P,What is the first letter of the capital city of the country whose currency is the koruna?,1444457810
facts,default,3,immediate,109,A,A,1,-1,0,0,stop,3,0,qwen3.6-27b,Answer: A,What is the first letter of the capital city of the country whose currency is the naira?,555720132
facts,default,3,immediate,110,K,K,1,-1,0,0,stop,4,0,qwen3.6-27b,Answer: K,What is the first letter of the capital city of the country whose currency is the afghani?,1104679969
facts,default,3,immediate,111,K,K,1,-1,0,0,stop,4,0,qwen3.6-27b,Answer: K,What is the first letter of the capital city of the country whose currency is the hryvnia?,920593591
facts,default,3,immediate,112,B,B,1,-1,0,0,stop,4,0,qwen3.6-27b,Answer: B,What is the first letter of the capital city of the country whose currency is the forint?,2950067469
facts,default,3,immediate,113,Y,N,0,-1,0,0,stop,4,0,qwen3.6-27b,Answer: N,What is the first letter of the capital city of the country whose currency is the kyat?,3637593499
facts,default,3,immediate,114,B,B,1,-1,0,0,stop,4,0,qwen3.6-27b,Answer: B,What is the first letter of the capital city of the country whose currency is the manat?,1186320440
facts,default,3,immediate,115,L,L,1,-1,0,0,stop,4,0,qwen3.6-27b,Answer: L,What is the first letter of the capital city of the country whose currency is the sol?,833806510
facts,default,3,immediate,116,D,D,1,-1,0,0,stop,4,0,qwen3.6-27b,Answer: D,What is the first letter of the capital city of the country whose currency is the taka?,2830872852
facts,default,3,immediate,117,B,B,1,-1,0,0,stop,4,0,qwen3.6-27b,Answer: B,What is the first letter of the capital city of the country whose currency is the leu?,3753673090
facts,default,3,immediate,118,D,D,1,-1,0,0,stop,4,0,qwen3.6-27b,Answer: D,What is the first letter of the capital city of the country whose currency is the taka?,1325636627
facts,default,3,immediate,119,B,B,1,-1,0,0,stop,4,0,qwen3.6-27b,Answer: B,What is the first letter of the capital city of the country whose currency is the yuan?,939830405
facts,default,3,immediate,120,W,W,1,-1,0,0,stop,4,0,qwen3.6-27b,Answer: W,What is the first letter of the capital city of the country whose currency is the zloty?,1794459618
facts,default,3,immediate,121,T,T,1,-1,0,0,stop,4,0,qwen3.6-27b,Answer: T,What is the first letter of the capital city of the country whose currency is the lari?,502429556
facts,default,3,immediate,122,D,D,1,-1,0,0,stop,4,0,qwen3.6-27b,Answer: D,What is the first letter of the capital city of the country whose currency is the taka?,2231051982
facts,default,3,immediate,123,Y,Y,1,-1,0,0,stop,4,0,qwen3.6-27b,Answer: Y,What is the first letter of the capital city of the country whose currency is the dram?,4093384280
facts,default,3,immediate,124,Y,Y,1,-1,0,0,stop,4,0,qwen3.6-27b,Answer: Y,What is the first letter of the capital city of the country whose currency is the dram?,1838711803
facts,default,3,immediate,125,H,H,1,-1,0,0,stop,4,0,qwen3.6-27b,Answer: H,What is the first letter of the capital city of the country whose currency is the dong?,446673773
facts,default,3,immediate,126,P,P,1,-1,0,0,stop,4,0,qwen3.6-27b,Answer: P,What is the first letter of the capital city of the country whose currency is the riel?,2207703767
facts,default,3,immediate,127,S,R,0,-1,0,0,stop,4,0,qwen3.6-27b,Answer: R,What is the first letter of the capital city of the country whose currency is the krona?,4103197249
facts,default,3,immediate,128,K,K,1,-1,0,0,stop,4,0,qwen3.6-27b,Answer: K,What is the first letter of the capital city of the country whose currency is the afghani?,1680789456
facts,default,3,immediate,129,S,S,1,-1,0,0,stop,4,0,qwen3.6-27b,Answer: S,What is the first letter of the capital city of the country whose currency is the lev?,321519430
facts,default,3,immediate,130,Y,Y,1,-1,0,0,stop,4,0,qwen3.6-27b,Answer: Y,What is the first letter of the capital city of the country whose currency is the dram?,1945007779
facts,default,3,immediate,131,S,R,0,-1,0,0,stop,4,0,qwen3.6-27b,Answer: R,What is the first letter of the capital city of the country whose currency is the krona?,82396725
facts,default,3,immediate,132,B,B,1,-1,0,0,stop,4,0,qwen3.6-27b,Answer: B,What is the first letter of the capital city of the country whose currency is the baht?,2648709007
facts,default,3,immediate,133,P,P,1,-1,0,0,stop,4,0,qwen3.6-27b,Answer: P,What is the first letter of the capital city of the country whose currency is the riel?,3941017369
facts,default,3,immediate,134,A,A,1,-1,0,0,stop,4,0,qwen3.6-27b,Answer: A,What is the first letter of the capital city of the country whose currency is the tenge?,1954788026
facts,default,3,immediate,135,M,M,1,-1,0,0,stop,4,0,qwen3.6-27b,Answer: M,What is the first letter of the capital city of the country whose currency is the ruble?,59015724
facts,default,3,immediate,136,A,A,1,-1,0,0,stop,4,0,qwen3.6-27b,Answer: A,What is the first letter of the capital city of the country whose currency is the tenge?,2592986006
facts,default,3,immediate,137,C,C,1,-1,0,0,stop,4,0,qwen3.6-27b,Answer: C,What is the first letter of the capital city of the country whose currency is the bolivar?,3985302272
facts,default,3,immediate,138,V,V,1,-1,0,0,stop,4,0,qwen3.6-27b,Answer: V,What is the first letter of the capital city of the country whose currency is the kip?,2100690577
facts,default,3,immediate,139,D,D,1,-1,0,0,stop,4,0,qwen3.6-27b,Answer: D,What is the first letter of the capital city of the country whose currency is the taka?,171101703
facts,default,3,immediate,140,D,D,1,-1,0,0,stop,4,0,qwen3.6-27b,Answer: D,What is the first letter of the capital city of the country whose currency is the taka?,1018159204
facts,default,3,immediate,141,D,D,1,-1,0,0,stop,4,0,qwen3.6-27b,Answer: D,What is the first letter of the capital city of the country whose currency is the taka?,1269354738
facts,default,3,immediate,142,A,A,1,-1,0,0,stop,4,0,qwen3.6-27b,Answer: A,What is the first letter of the capital city of the country whose currency is the birr?,3533799752
facts,default,3,immediate,143,K,K,1,-1,0,0,stop,4,0,qwen3.6-27b,Answer: K,What is the first letter of the capital city of the country whose currency is the hryvnia?,2779165150
facts,default,3,immediate,144,P,P,1,-1,0,0,stop,4,0,qwen3.6-27b,Answer: P,What is the first letter of the capital city of the country whose currency is the riel?,1002579069
facts,default,3,immediate,145,Y,N,0,-1,0,0,stop,3,0,qwen3.6-27b,Answer: N,What is the first letter of the capital city of the country whose currency is the kyat?,1287984363
facts,default,3,immediate,146,C,C,1,-1,0,0,stop,3,0,qwen3.6-27b,Answer: C,What is the first letter of the capital city of the country whose currency is the bolivar?,3586934097
facts,default,3,immediate,147,S,R,0,-1,0,0,stop,4,0,qwen3.6-27b,Answer: R,What is the first letter of the capital city of the country whose currency is the krona?,2731242951
facts,default,3,immediate,148,V,V,1,-1,0,0,stop,4,0,qwen3.6-27b,Answer: V,What is the first letter of the capital city of the country whose currency is the kip?,846489686
facts,default,3,immediate,149,B,B,1,-1,0,0,stop,3,0,qwen3.6-27b,Answer: B,What is the first letter of the capital city of the country whose currency is the forint?,1165187264
facts,default,3,filler,0,A,A,1,-1,0,0,stop,4,0,qwen3.6-27b,Answer: A,"What is the first letter of the capital city of the country whose currency is the tenge?

1 2 3 4 5 6 7 8 9 10 11 12 13 14 15 16 17 18 19 20 21 22 23 24 25 26 27 28 29 30 31 32 33 34 35 36 37 38 39 40 41 42 43 44 45 46 47 48 49 50 51 52 53 54 55 56 57 58 59 60 61 62 63 64 65 66 67 68 69 70 71 72 73 74 75 76 77 78 79 80 81 82 83 84 85 86 87 88 89 90 91 92 93 94 95 96 97 98 99 100",2863138534
facts,default,3,filler,1,T,T,1,-1,0,0,stop,4,0,qwen3.6-27b,Answer: T,"What is the first letter of the capital city of the country whose currency is the lari?

1 2 3 4 5 6 7 8 9 10 11 12 13 14 15 16 17 18 19 20 21 22 23 24 25 26 27 28 29 30 31 32 33 34 35 36 37 38 39 40 41 42 43 44 45 46 47 48 49 50 51 52 53 54 55 56 57 58 59 60 61 62 63 64 65 66 67 68 69 70 71 72 73 74 75 76 77 78 79 80 81 82 83 84 85 86 87 88 89 90 91 92 93 94 95 96 97 98 99 100",3719247472
facts,default,3,filler,2,P,P,1,-1,0,0,stop,4,0,qwen3.6-27b,Answer: P,"What is the first letter of the capital city of the country whose currency is the koruna?

1 2 3 4 5 6 7 8 9 10 11 12 13 14 15 16 17 18 19 20 21 22 23 24 25 26 27 28 29 30 31 32 33 34 35 36 37 38 39 40 41 42 43 44 45 46 47 48 49 50 51 52 53 54 55 56 57 58 59 60 61 62 63 64 65 66 67 68 69 70 71 72 73 74 75 76 77 78 79 80 81 82 83 84 85 86 87 88 89 90 91 92 93 94 95 96 97 98 99 100",1151756234
facts,default,3,filler,3,L,L,1,-1,0,0,stop,4,0,qwen3.6-27b,Answer: L,"What is the first letter of the capital city of the country whose currency is the sol?

1 2 3 4 5 6 7 8 9 10 11 12 13 14 15 16 17 18 19 20 21 22 23 24 25 26 27 28 29 30 31 32 33 34 35 36 37 38 39 40 41 42 43 44 45 46 47 48 49 50 51 52 53 54 55 56 57 58 59 60 61 62 63 64 65 66 67 68 69 70 71 72 73 74 75 76 77 78 79 80 81 82 83 84 85 86 87 88 89 90 91 92 93 94 95 96 97 98 99 100",866211676
facts,default,3,filler,4,D,D,1,-1,0,0,stop,4,0,qwen3.6-27b,Answer: D,"What is the first letter of the capital city of the country whose currency is the taka?

1 2 3 4 5 6 7 8 9 10 11 12 13 14 15 16 17 18 19 20 21 22 23 24 25 26 27 28 29 30 31 32 33 34 35 36 37 38 39 40 41 42 43 44 45 46 47 48 49 50 51 52 53 54 55 56 57 58 59 60 61 62 63 64 65 66 67 68 69 70 71 72 73 74 75 76 77 78 79 80 81 82 83 84 85 86 87 88 89 90 91 92 93 94 95 96 97 98 99 100",2915418879
facts,default,3,filler,5,Y,Y,1,-1,0,0,stop,4,0,qwen3.6-27b,Answer: Y,"What is the first letter of the capital city of the country whose currency is the dram?

1 2 3 4 5 6 7 8 9 10 11 12 13 14 15 16 17 18 19 20 21 22 23 24 25 26 27 28 29 30 31 32 33 34 35 36 37 38 39 40 41 42 43 44 45 46 47 48 49 50 51 52 53 54 55 56 57 58 59 60 61 62 63 64 65 66 67 68 69 70 71 72 73 74 75 76 77 78 79 80 81 82 83 84 85 86 87 88 89 90 91 92 93 94 95 96 97 98 99 100",3670209129
facts,default,3,filler,6,B,B,1,-1,0,0,stop,4,0,qwen3.6-27b,Answer: B,"What is the first letter of the capital city of the country whose currency is the yuan?

1 2 3 4 5 6 7 8 9 10 11 12 13 14 15 16 17 18 19 20 21 22 23 24 25 26 27 28 29 30 31 32 33 34 35 36 37 38 39 40 41 42 43 44 45 46 47 48 49 50 51 52 53 54 55 56 57 58 59 60 61 62 63 64 65 66 67 68 69 70 71 72 73 74 75 76 77 78 79 80 81 82 83 84 85 86 87 88 89 90 91 92 93 94 95 96 97 98 99 100",1137419219
facts,default,3,filler,7,K,K,1,-1,0,0,stop,4,0,qwen3.6-27b,Answer: K,"What is the first letter of the capital city of the country whose currency is the afghani?

1 2 3 4 5 6 7 8 9 10 11 12 13 14 15 16 17 18 19 20 21 22 23 24 25 26 27 28 29 30 31 32 33 34 35 36 37 38 39 40 41 42 43 44 45 46 47 48 49 50 51 52 53 54 55 56 57 58 59 60 61 62 63 64 65 66 67 68 69 70 71 72 73 74 75 76 77 78 79 80 81 82 83 84 85 86 87 88 89 90 91 92 93 94 95 96 97 98 99 100",885822277
facts,default,3,filler,8,W,W,1,-1,0,0,stop,4,0,qwen3.6-27b,Answer: W,"What is the first letter of the capital city of the country whose currency is the zloty?

1 2 3 4 5 6 7 8 9 10 11 12 13 14 15 16 17 18 19 20 21 22 23 24 25 26 27 28 29 30 31 32 33 34 35 36 37 38 39 40 41 42 43 44 45 46 47 48 49 50 51 52 53 54 55 56 57 58 59 60 61 62 63 64 65 66 67 68 69 70 71 72 73 74 75 76 77 78 79 80 81 82 83 84 85 86 87 88 89 90 91 92 93 94 95 96 97 98 99 100",2759036628
facts,default,3,filler,9,P,P,1,-1,0,0,stop,4,0,qwen3.6-27b,Answer: P,"What is the first letter of the capital city of the country whose currency is the rand?

1 2 3 4 5 6 7 8 9 10 11 12 13 14 15 16 17 18 19 20 21 22 23 24 25 26 27 28 29 30 31 32 33 34 35 36 37 38 39 40 41 42 43 44 45 46 47 48 49 50 51 52 53 54 55 56 57 58 59 60 61 62 63 64 65 66 67 68 69 70 71 72 73 74 75 76 77 78 79 80 81 82 83 84 85 86 87 88 89 90 91 92 93 94 95 96 97 98 99 100",3547643458
facts,default,3,filler,10,S,S,1,-1,0,0,stop,4,0,qwen3.6-27b,Answer: S,"What is the first letter of the capital city of the country whose currency is the krona?

1 2 3 4 5 6 7 8 9 10 11 12 13 14 15 16 17 18 19 20 21 22 23 24 25 26 27 28 29 30 31 32 33 34 35 36 37 38 39 40 41 42 43 44 45 46 47 48 49 50 51 52 53 54 55 56 57 58 59 60 61 62 63 64 65 66 67 68 69 70 71 72 73 74 75 76 77 78 79 80 81 82 83 84 85 86 87 88 89 90 91 92 93 94 95 96 97 98 99 100",2751660331
facts,default,3,filler,11,B,B,1,-1,0,0,stop,4,0,qwen3.6-27b,Answer: B,"What is the first letter of the capital city of the country whose currency is the yuan?

1 2 3 4 5 6 7 8 9 10 11 12 13 14 15 16 17 18 19 20 21 22 23 24 25 26 27 28 29 30 31 32 33 34 35 36 37 38 39 40 41 42 43 44 45 46 47 48 49 50 51 52 53 54 55 56 57 58 59 60 61 62 63 64 65 66 67 68 69 70 71 72 73 74 75 76 77 78 79 80 81 82 83 84 85 86 87 88 89 90 91 92 93 94 95 96 97 98 99 100",3540267453
facts,default,3,filler,12,J,J,1,-1,0,0,stop,4,0,qwen3.6-27b,Answer: J,"What is the first letter of the capital city of the country whose currency is the shekel?

1 2 3 4 5 6 7 8 9 10 11 12 13 14 15 16 17 18 19 20 21 22 23 24 25 26 27 28 29 30 31 32 33 34 35 36 37 38 39 40 41 42 43 44 45 46 47 48 49 50 51 52 53 54 55 56 57 58 59 60 61 62 63 64 65 66 67 68 69 70 71 72 73 74 75 76 77 78 79 80 81 82 83 84 85 86 87 88 89 90 91 92 93 94 95 96 97 98 99 100",1242390535
facts,default,3,filler,13,A,A,1,-1,0,0,stop,4,0,qwen3.6-27b,Answer: A,"What is the first letter of the capital city of the country whose currency is the tenge?

1 2 3 4 5 6 7 8 9 10 11 12 13 14 15 16 17 18 19 20 21 22 23 24 25 26 27 28 29 30 31 32 33 34 35 36 37 38 39 40 41 42 43 44 45 46 47 48 49 50 51 52 53 54 55 56 57 58 59 60 61 62 63 64 65 66 67 68 69 70 71 72 73 74 75 76 77 78 79 80 81 82 83 84 85 86 87 88 89 90 91 92 93 94 95 96 97 98 99 100",1024086161
facts,default,3,filler,14,V,V,1,-1,0,0,stop,4,0,qwen3.6-27b,Answer: V,"What is the first letter of the capital city of the country whose currency is the kip?

1 2 3 4 5 6 7 8 9 10 11 12 13 14 15 16 17 18 19 20 21 22 23 24 25 26 27 28 29 30 31 32 33 34 35 36 37 38 39 40 41 42 43 44 45 46 47 48 49 50 51 52 53 54 55 56 57 58 59 60 61 62 63 64 65 66 67 68 69 70 71 72 73 74 75 76 77 78 79 80 81 82 83 84 85 86 87 88 89 90 91 92 93 94 95 96 97 98 99 100",2741945650
facts,default,3,filler,15,B,B,1,-1,0,0,stop,4,0,qwen3.6-27b,Answer: B,"What is the first letter of the capital city of the country whose currency is the leu?

1 2 3 4 5 6 7 8 9 10 11 12 13 14 15 16 17 18 19 20 21 22 23 24 25 26 27 28 29 30 31 32 33 34 35 36 37 38 39 40 41 42 43 44 45 46 47 48 49 50 51 52 53 54 55 56 57 58 59 60 61 62 63 64 65 66 67 68 69 70 71 72 73 74 75 76 77 78 79 80 81 82 83 84 85 86 87 88 89 90 91 92 93 94 95 96 97 98 99 100",3563713956
facts,default,3,filler,16,K,K,1,-1,0,0,stop,4,0,qwen3.6-27b,Answer: K,"What is the first letter of the capital city of the country whose currency is the afghani?

1 2 3 4 5 6 7 8 9 10 11 12 13 14 15 16 17 18 19 20 21 22 23 24 25 26 27 28 29 30 31 32 33 34 35 36 37 38 39 40 41 42 43 44 45 46 47 48 49 50 51 52 53 54 55 56 57 58 59 60 61 62 63 64 65 66 67 68 69 70 71 72 73 74 75 76 77 78 79 80 81 82 83 84 85 86 87 88 89 90 91 92 93 94 95 96 97 98 99 100",1298179102
facts,default,3,filler,17,B,B,1,-1,0,0,stop,4,0,qwen3.6-27b,Answer: B,"What is the first letter of the capital city of the country whose currency is the manat?

1 2 3 4 5 6 7 8 9 10 11 12 13 14 15 16 17 18 19 20 21 22 23 24 25 26 27 28 29 30 31 32 33 34 35 36 37 38 39 40 41 42 43 44 45 46 47 48 49 50 51 52 53 54 55 56 57 58 59 60 61 62 63 64 65 66 67 68 69 70 71 72 73 74 75 76 77 78 79 80 81 82 83 84 85 86 87 88 89 90 91 92 93 94 95 96 97 98 99 100",979866760
facts,default,3,filler,18,B,B,1,-1,0,0,stop,4,0,qwen3.6-27b,Answer: B,"What is the first letter of the capital city of the country whose currency is the yuan?

1 2 3 4 5 6 7 8 9 10 11 12 13 14 15 16 17 18 19 20 21 22 23 24 25 26 27 28 29 30 31 32 33 34 35 36 37 38 39 40 41 42 43 44 45 46 47 48 49 50 51 52 53 54 55 56 57 58 59 60 61 62 63 64 65 66 67 68 69 70 71 72 73 74 75 76 77 78 79 80 81 82 83 84 85 86 87 88 89 90 91 92 93 94 95 96 97 98 99 100",2866317593
facts,default,3,filler,19,B,B,1,-1,0,0,stop,4,0,qwen3.6-27b,Answer: B,"What is the first letter of the capital city of the country whose currency is the forint?

1 2 3 4 5 6 7 8 9 10 11 12 13 14 15 16 17 18 19 20 21 22 23 24 25 26 27 28 29 30 31 32 33 34 35 36 37 38 39 40 41 42 43 44 45 46 47 48 49 50 51 52 53 54 55 56 57 58 59 60 61 62 63 64 65 66 67 68 69 70 71 72 73 74 75 76 77 78 79 80 81 82 83 84 85 86 87 88 89 90 91 92 93 94 95 96 97 98 99 100",3722426767
facts,default,3,filler,20,L,L,1,-1,0,0,stop,3,0,qwen3.6-27b,Answer: L,"What is the first letter of the capital city of the country whose currency is the sol?

1 2 3 4 5 6 7 8 9 10 11 12 13 14 15 16 17 18 19 20 21 22 23 24 25 26 27 28 29 30 31 32 33 34 35 36 37 38 39 40 41 42 43 44 45 46 47 48 49 50 51 52 53 54 55 56 57 58 59 60 61 62 63 64 65 66 67 68 69 70 71 72 73 74 75 76 77 78 79 80 81 82 83 84 85 86 87 88 89 90 91 92 93 94 95 96 97 98 99 100",2402177768
facts,default,3,filler,21,A,A,1,-1,0,0,stop,4,0,qwen3.6-27b,Answer: A,"What is the first letter of the capital city of the country whose currency is the cedi?

1 2 3 4 5 6 7 8 9 10 11 12 13 14 15 16 17 18 19 20 21 22 23 24 25 26 27 28 29 30 31 32 33 34 35 36 37 38 39 40 41 42 43 44 45 46 47 48 49 50 51 52 53 54 55 56 57 58 59 60 61 62 63 64 65 66 67 68 69 70 71 72 73 74 75 76 77 78 79 80 81 82 83 84 85 86 87 88 89 90 91 92 93 94 95 96 97 98 99 100",4163461758
facts,default,3,filler,22,J,J,1,-1,0,0,stop,4,0,qwen3.6-27b,Answer: J,"What is the first letter of the capital city of the country whose currency is the rupiah?

1 2 3 4 5 6 7 8 9 10 11 12 13 14 15 16 17 18 19 20 21 22 23 24 25 26 27 28 29 30 31 32 33 34 35 36 37 38 39 40 41 42 43 44 45 46 47 48 49 50 51 52 53 54 55 56 57 58 59 60 61 62 63 64 65 66 67 68 69 70 71 72 73 74 75 76 77 78 79 80 81 82 83 84 85 86 87 88 89 90 91 92 93 94 95 96 97 98 99 100",1629500356
facts,default,3,filler,23,A,A,1,-1,0,0,stop,4,0,qwen3.6-27b,Answer: A,"What is the first letter of the capital city of the country whose currency is the naira?

1 2 3 4 5 6 7 8 9 10 11 12 13 14 15 16 17 18 19 20 21 22 23 24 25 26 27 28 29 30 31 32 33 34 35 36 37 38 39 40 41 42 43 44 45 46 47 48 49 50 51 52 53 54 55 56 57 58 59 60 61 62 63 64 65 66 67 68 69 70 71 72 73 74 75 76 77 78 79 80 81 82 83 84 85 86 87 88 89 90 91 92 93 94 95 96 97 98 99 100",371655506
facts,default,3,filler,24,S,S,1,-1,0,0,stop,4,0,qwen3.6-27b,Answer: S,"What is the first letter of the capital city of the country whose currency is the lev?

1 2 3 4 5 6 7 8 9 10 11 12 13 14 15 16 17 18 19 20 21 22 23 24 25 26 27 28 29 30 31 32 33 34 35 36 37 38 39 40 41 42 43 44 45 46 47 48 49 50 51 52 53 54 55 56 57 58 59 60 61 62 63 64 65 66 67 68 69 70 71 72 73 74 75 76 77 78 79 80 81 82 83 84 85 86 87 88 89 90 91 92 93 94 95 96 97 98 99 100",2286130929
facts,default,3,filler,25,T,T,1,-1,0,0,stop,4,0,qwen3.6-27b,Answer: T,"What is the first letter of the capital city of the country whose currency is the yen?

1 2 3 4 5 6 7 8 9 10 11 12 13 14 15 16 17 18 19 20 21 22 23 24 25 26 27 28 29 30 31 32 33 34 35 36 37 38 39 40 41 42 43 44 45 46 47 48 49 50 51 52 53 54 55 56 57 58 59 60 61 62 63 64 65 66 67 68 69 70 71 72 73 74 75 76 77 78 79 80 81 82 83 84 85 86 87 88 89 90 91 92 93 94 95 96 97 98 99 100",4282689127
facts,default,3,filler,26,M,M,1,-1,0,0,stop,4,0,qwen3.6-27b,Answer: M,"What is the first letter of the capital city of the country whose currency is the ruble?

1 2 3 4 5 6 7 8 9 10 11 12 13 14 15 16 17 18 19 20 21 22 23 24 25 26 27 28 29 30 31 32 33 34 35 36 37 38 39 40 41 42 43 44 45 46 47 48 49 50 51 52 53 54 55 56 57 58 59 60 61 62 63 64 65 66 67 68 69 70 71 72 73 74 75 76 77 78 79 80 81 82 83 84 85 86 87 88 89 90 91 92 93 94 95 96 97 98 99 100",1716385757
facts,default,3,filler,27,H,H,1,-1,0,0,stop,4,0,qwen3.6-27b,Answer: H,"What is the first letter of the capital city of the country whose currency is the dong?

1 2 3 4 5 6 7 8 9 10 11 12 13 14 15 16 17 18 19 20 21 22 23 24 25 26 27 28 29 30 31 32 33 34 35 36 37 38 39 40 41 42 43 44 45 46 47 48 49 50 51 52 53 54 55 56 57 58 59 60 61 62 63 64 65 66 67 68 69 70 71 72 73 74 75 76 77 78 79 80 81 82 83 84 85 86 87 88 89 90 91 92 93 94 95 96 97 98 99 100",290113355
facts,default,3,filler,28,W,W,1,-1,0,0,stop,4,0,qwen3.6-27b,Answer: W,"What is the first letter of the capital city of the country whose currency is the zloty?

1 2 3 4 5 6 7 8 9 10 11 12 13 14 15 16 17 18 19 20 21 22 23 24 25 26 27 28 29 30 31 32 33 34 35 36 37 38 39 40 41 42 43 44 45 46 47 48 49 50 51 52 53 54 55 56 57 58 59 60 61 62 63 64 65 66 67 68 69 70 71 72 73 74 75 76 77 78 79 80 81 82 83 84 85 86 87 88 89 90 91 92 93 94 95 96 97 98 99 100",2180373210
facts,default,3,filler,29,K,K,1,-1,0,0,stop,4,0,qwen3.6-27b,Answer: K,"What is the first letter of the capital city of the country whose currency is the afghani?

1 2 3 4 5 6 7 8 9 10 11 12 13 14 15 16 17 18 19 20 21 22 23 24 25 26 27 28 29 30 31 32 33 34 35 36 37 38 39 40 41 42 43 44 45 46 47 48 49 50 51 52 53 54 55 56 57 58 59 60 61 62 63 64 65 66 67 68 69 70 71 72 73 74 75 76 77 78 79 80 81 82 83 84 85 86 87 88 89 90 91 92 93 94 95 96 97 98 99 100",4143114828
facts,default,3,filler,30,J,J,1,-1,0,0,stop,4,0,qwen3.6-27b,Answer: J,"What is the first letter of the capital city of the country whose currency is the rupiah?

1 2 3 4 5 6 7 8 9 10 11 12 13 14 15 16 17 18 19 20 21 22 23 24 25 26 27 28 29 30 31 32 33 34 35 36 37 38 39 40 41 42 43 44 45 46 47 48 49 50 51 52 53 54 55 56 57 58 59 60 61 62 63 64 65 66 67 68 69 70 71 72 73 74 75 76 77 78 79 80 81 82 83 84 85 86 87 88 89 90 91 92 93 94 95 96 97 98 99 100",2520081321
facts,default,3,filler,31,D,D,1,-1,0,0,stop,4,0,qwen3.6-27b,Answer: D,"What is the first letter of the capital city of the country whose currency is the taka?

1 2 3 4 5 6 7 8 9 10 11 12 13 14 15 16 17 18 19 20 21 22 23 24 25 26 27 28 29 30 31 32 33 34 35 36 37 38 39 40 41 42 43 44 45 46 47 48 49 50 51 52 53 54 55 56 57 58 59 60 61 62 63 64 65 66 67 68 69 70 71 72 73 74 75 76 77 78 79 80 81 82 83 84 85 86 87 88 89 90 91 92 93 94 95 96 97 98 99 100",3778171711
facts,default,3,filler,32,W,W,1,-1,0,0,stop,4,0,qwen3.6-27b,Answer: W,"What is the first letter of the capital city of the country whose currency is the zloty?

1 2 3 4 5 6 7 8 9 10 11 12 13 14 15 16 17 18 19 20 21 22 23 24 25 26 27 28 29 30 31 32 33 34 35 36 37 38 39 40 41 42 43 44 45 46 47 48 49 50 51 52 53 54 55 56 57 58 59 60 61 62 63 64 65 66 67 68 69 70 71 72 73 74 75 76 77 78 79 80 81 82 83 84 85 86 87 88 89 90 91 92 93 94 95 96 97 98 99 100",2017133189
facts,default,3,filler,33,K,K,1,-1,0,0,stop,4,0,qwen3.6-27b,Answer: K,"What is the first letter of the capital city of the country whose currency is the hryvnia?

1 2 3 4 5 6 7 8 9 10 11 12 13 14 15 16 17 18 19 20 21 22 23 24 25 26 27 28 29 30 31 32 33 34 35 36 37 38 39 40 41 42 43 44 45 46 47 48 49 50 51 52 53 54 55 56 57 58 59 60 61 62 63 64 65 66 67 68 69 70 71 72 73 74 75 76 77 78 79 80 81 82 83 84 85 86 87 88 89 90 91 92 93 94 95 96 97 98 99 100",255603219
facts,default,3,filler,34,T,T,1,-1,0,0,stop,3,0,qwen3.6-27b,Answer: T,"What is the first letter of the capital city of the country whose currency is the lari?

1 2 3 4 5 6 7 8 9 10 11 12 13 14 15 16 17 18 19 20 21 22 23 24 25 26 27 28 29 30 31 32 33 34 35 36 37 38 39 40 41 42 43 44 45 46 47 48 49 50 51 52 53 54 55 56 57 58 59 60 61 62 63 64 65 66 67 68 69 70 71 72 73 74 75 76 77 78 79 80 81 82 83 84 85 86 87 88 89 90 91 92 93 94 95 96 97 98 99 100",2438506416
facts,default,3,filler,35,M,M,1,-1,0,0,stop,4,0,qwen3.6-27b,Answer: M,"What is the first letter of the capital city of the country whose currency is the ruble?

1 2 3 4 5 6 7 8 9 10 11 12 13 14 15 16 17 18 19 20 21 22 23 24 25 26 27 28 29 30 31 32 33 34 35 36 37 38 39 40 41 42 43 44 45 46 47 48 49 50 51 52 53 54 55 56 57 58 59 60 61 62 63 64 65 66 67 68 69 70 71 72 73 74 75 76 77 78 79 80 81 82 83 84 85 86 87 88 89 90 91 92 93 94 95 96 97 98 99 100",3865024294
facts,default,3,filler,36,B,B,1,-1,0,0,stop,4,0,qwen3.6-27b,Answer: B,"What is the first letter of the capital city of the country whose currency is the yuan?

1 2 3 4 5 6 7 8 9 10 11 12 13 14 15 16 17 18 19 20 21 22 23 24 25 26 27 28 29 30 31 32 33 34 35 36 37 38 39 40 41 42 43 44 45 46 47 48 49 50 51 52 53 54 55 56 57 58 59 60 61 62 63 64 65 66 67 68 69 70 71 72 73 74 75 76 77 78 79 80 81 82 83 84 85 86 87 88 89 90 91 92 93 94 95 96 97 98 99 100",2136393372
facts,default,3,filler,37,A,A,1,-1,0,0,stop,4,0,qwen3.6-27b,Answer: A,"What is the first letter of the capital city of the country whose currency is the tenge?

1 2 3 4 5 6 7 8 9 10 11 12 13 14 15 16 17 18 19 20 21 22 23 24 25 26 27 28 29 30 31 32 33 34 35 36 37 38 39 40 41 42 43 44 45 46 47 48 49 50 51 52 53 54 55 56 57 58 59 60 61 62 63 64 65 66 67 68 69 70 71 72 73 74 75 76 77 78 79 80 81 82 83 84 85 86 87 88 89 90 91 92 93 94 95 96 97 98 99 100",139589130
facts,default,3,filler,38,M,M,1,-1,0,0,stop,4,0,qwen3.6-27b,Answer: M,"What is the first letter of the capital city of the country whose currency is the ruble?

1 2 3 4 5 6 7 8 9 10 11 12 13 14 15 16 17 18 19 20 21 22 23 24 25 26 27 28 29 30 31 32 33 34 35 36 37 38 39 40 41 42 43 44 45 46 47 48 49 50 51 52 53 54 55 56 57 58 59 60 61 62 63 64 65 66 67 68 69 70 71 72 73 74 75 76 77 78 79 80 81 82 83 84 85 86 87 88 89 90 91 92 93 94 95 96 97 98 99 100",2565794715
facts,default,3,filler,39,Y,Y,1,-1,0,0,stop,4,0,qwen3.6-27b,Answer: Y,"What is the first letter of the capital city of the country whose currency is the dram?

1 2 3 4 5 6 7 8 9 10 11 12 13 14 15 16 17 18 19 20 21 22 23 24 25 26 27 28 29 30 31 32 33 34 35 36 37 38 39 40 41 42 43 44 45 46 47 48 49 50 51 52 53 54 55 56 57 58 59 60 61 62 63 64 65 66 67 68 69 70 71 72 73 74 75 76 77 78 79 80 81 82 83 84 85 86 87 88 89 90 91 92 93 94 95 96 97 98 99 100",4025080589
facts,default,3,filler,40,Y,N,0,-1,0,0,stop,4,0,qwen3.6-27b,Answer: N,"What is the first letter of the capital city of the country whose currency is the kyat?

1 2 3 4 5 6 7 8 9 10 11 12 13 14 15 16 17 18 19 20 21 22 23 24 25 26 27 28 29 30 31 32 33 34 35 36 37 38 39 40 41 42 43 44 45 46 47 48 49 50 51 52 53 54 55 56 57 58 59 60 61 62 63 64 65 66 67 68 69 70 71 72 73 74 75 76 77 78 79 80 81 82 83 84 85 86 87 88 89 90 91 92 93 94 95 96 97 98 99 100",3648320878
facts,default,3,filler,41,A,A,1,-1,0,0,stop,4,0,qwen3.6-27b,Answer: A,"What is the first letter of the capital city of the country whose currency is the birr?

1 2 3 4 5 6 7 8 9 10 11 12 13 14 15 16 17 18 19 20 21 22 23 24 25 26 27 28 29 30 31 32 33 34 35 36 37 38 39 40 41 42 43 44 45 46 47 48 49 50 51 52 53 54 55 56 57 58 59 60 61 62 63 64 65 66 67 68 69 70 71 72 73 74 75 76 77 78 79 80 81 82 83 84 85 86 87 88 89 90 91 92 93 94 95 96 97 98 99 100",2926822904
facts,default,3,filler,42,M,M,1,-1,0,0,stop,4,0,qwen3.6-27b,Answer: M,"What is the first letter of the capital city of the country whose currency is the ruble?

1 2 3 4 5 6 7 8 9 10 11 12 13 14 15 16 17 18 19 20 21 22 23 24 25 26 27 28 29 30 31 32 33 34 35 36 37 38 39 40 41 42 43 44 45 46 47 48 49 50 51 52 53 54 55 56 57 58 59 60 61 62 63 64 65 66 67 68 69 70 71 72 73 74 75 76 77 78 79 80 81 82 83 84 85 86 87 88 89 90 91 92 93 94 95 96 97 98 99 100",930780226
facts,default,3,filler,43,A,A,1,-1,0,0,stop,4,0,qwen3.6-27b,Answer: A,"What is the first letter of the capital city of the country whose currency is the cedi?

1 2 3 4 5 6 7 8 9 10 11 12 13 14 15 16 17 18 19 20 21 22 23 24 25 26 27 28 29 30 31 32 33 34 35 36 37 38 39 40 41 42 43 44 45 46 47 48 49 50 51 52 53 54 55 56 57 58 59 60 61 62 63 64 65 66 67 68 69 70 71 72 73 74 75 76 77 78 79 80 81 82 83 84 85 86 87 88 89 90 91 92 93 94 95 96 97 98 99 100",1081976020
facts,default,3,filler,44,P,P,1,-1,0,0,stop,4,0,qwen3.6-27b,Answer: P,"What is the first letter of the capital city of the country whose currency is the koruna?

1 2 3 4 5 6 7 8 9 10 11 12 13 14 15 16 17 18 19 20 21 22 23 24 25 26 27 28 29 30 31 32 33 34 35 36 37 38 39 40 41 42 43 44 45 46 47 48 49 50 51 52 53 54 55 56 57 58 59 60 61 62 63 64 65 66 67 68 69 70 71 72 73 74 75 76 77 78 79 80 81 82 83 84 85 86 87 88 89 90 91 92 93 94 95 96 97 98 99 100",3726193015
facts,default,3,filler,45,L,L,1,-1,0,0,stop,3,0,qwen3.6-27b,Answer: L,"What is the first letter of the capital city of the country whose currency is the sol?

1 2 3 4 5 6 7 8 9 10 11 12 13 14 15 16 17 18 19 20 21 22 23 24 25 26 27 28 29 30 31 32 33 34 35 36 37 38 39 40 41 42 43 44 45 46 47 48 49 50 51 52 53 54 55 56 57 58 59 60 61 62 63 64 65 66 67 68 69 70 71 72 73 74 75 76 77 78 79 80 81 82 83 84 85 86 87 88 89 90 91 92 93 94 95 96 97 98 99 100",2837316065
facts,default,3,filler,46,K,K,1,-1,0,0,stop,4,0,qwen3.6-27b,Answer: K,"What is the first letter of the capital city of the country whose currency is the hryvnia?

1 2 3 4 5 6 7 8 9 10 11 12 13 14 15 16 17 18 19 20 21 22 23 24 25 26 27 28 29 30 31 32 33 34 35 36 37 38 39 40 41 42 43 44 45 46 47 48 49 50 51 52 53 54 55 56 57 58 59 60 61 62 63 64 65 66 67 68 69 70 71 72 73 74 75 76 77 78 79 80 81 82 83 84 85 86 87 88 89 90 91 92 93 94 95 96 97 98 99 100",806834267
facts,default,3,filler,47,D,D,1,-1,0,0,stop,4,0,qwen3.6-27b,Answer: D,"What is the first letter of the capital city of the country whose currency is the taka?

1 2 3 4 5 6 7 8 9 10 11 12 13 14 15 16 17 18 19 20 21 22 23 24 25 26 27 28 29 30 31 32 33 34 35 36 37 38 39 40 41 42 43 44 45 46 47 48 49 50 51 52 53 54 55 56 57 58 59 60 61 62 63 64 65 66 67 68 69 70 71 72 73 74 75 76 77 78 79 80 81 82 83 84 85 86 87 88 89 90 91 92 93 94 95 96 97 98 99 100",1192255693
facts,default,3,filler,48,W,W,1,-1,0,0,stop,4,0,qwen3.6-27b,Answer: W,"What is the first letter of the capital city of the country whose currency is the zloty?

1 2 3 4 5 6 7 8 9 10 11 12 13 14 15 16 17 18 19 20 21 22 23 24 25 26 27 28 29 30 31 32 33 34 35 36 37 38 39 40 41 42 43 44 45 46 47 48 49 50 51 52 53 54 55 56 57 58 59 60 61 62 63 64 65 66 67 68 69 70 71 72 73 74 75 76 77 78 79 80 81 82 83 84 85 86 87 88 89 90 91 92 93 94 95 96 97 98 99 100",3618602332
facts,default,3,filler,49,A,A,1,-1,0,0,stop,4,0,qwen3.6-27b,Answer: A,"What is the first letter of the capital city of the country whose currency is the naira?

1 2 3 4 5 6 7 8 9 10 11 12 13 14 15 16 17 18 19 20 21 22 23 24 25 26 27 28 29 30 31 32 33 34 35 36 37 38 39 40 41 42 43 44 45 46 47 48 49 50 51 52 53 54 55 56 57 58 59 60 61 62 63 64 65 66 67 68 69 70 71 72 73 74 75 76 77 78 79 80 81 82 83 84 85 86 87 88 89 90 91 92 93 94 95 96 97 98 99 100",2695384522
facts,default,3,filler,50,S,S,1,-1,0,0,stop,4,0,qwen3.6-27b,Answer: S,"What is the first letter of the capital city of the country whose currency is the won?

1 2 3 4 5 6 7 8 9 10 11 12 13 14 15 16 17 18 19 20 21 22 23 24 25 26 27 28 29 30 31 32 33 34 35 36 37 38 39 40 41 42 43 44 45 46 47 48 49 50 51 52 53 54 55 56 57 58 59 60 61 62 63 64 65 66 67 68 69 70 71 72 73 74 75 76 77 78 79 80 81 82 83 84 85 86 87 88 89 90 91 92 93 94 95 96 97 98 99 100",3228550191
facts,default,3,filler,51,A,A,1,-1,0,0,stop,4,0,qwen3.6-27b,Answer: A,"What is the first letter of the capital city of the country whose currency is the tenge?

1 2 3 4 5 6 7 8 9 10 11 12 13 14 15 16 17 18 19 20 21 22 23 24 25 26 27 28 29 30 31 32 33 34 35 36 37 38 39 40 41 42 43 44 45 46 47 48 49 50 51 52 53 54 55 56 57 58 59 60 61 62 63 64 65 66 67 68 69 70 71 72 73 74 75 76 77 78 79 80 81 82 83 84 85 86 87 88 89 90 91 92 93 94 95 96 97 98 99 100",3077108921
facts,default,3,filler,52,J,J,1,-1,0,0,stop,4,0,qwen3.6-27b,Answer: J,"What is the first letter of the capital city of the country whose currency is the rupiah?

1 2 3 4 5 6 7 8 9 10 11 12 13 14 15 16 17 18 19 20 21 22 23 24 25 26 27 28 29 30 31 32 33 34 35 36 37 38 39 40 41 42 43 44 45 46 47 48 49 50 51 52 53 54 55 56 57 58 59 60 61 62 63 64 65 66 67 68 69 70 71 72 73 74 75 76 77 78 79 80 81 82 83 84 85 86 87 88 89 90 91 92 93 94 95 96 97 98 99 100",778151171
facts,default,3,filler,53,K,K,1,-1,0,0,stop,4,0,qwen3.6-27b,Answer: K,"What is the first letter of the capital city of the country whose currency is the afghani?

1 2 3 4 5 6 7 8 9 10 11 12 13 14 15 16 17 18 19 20 21 22 23 24 25 26 27 28 29 30 31 32 33 34 35 36 37 38 39 40 41 42 43 44 45 46 47 48 49 50 51 52 53 54 55 56 57 58 59 60 61 62 63 64 65 66 67 68 69 70 71 72 73 74 75 76 77 78 79 80 81 82 83 84 85 86 87 88 89 90 91 92 93 94 95 96 97 98 99 100",1499895189
facts,default,3,filler,54,A,A,1,-1,0,0,stop,4,0,qwen3.6-27b,Answer: A,"What is the first letter of the capital city of the country whose currency is the tenge?

1 2 3 4 5 6 7 8 9 10 11 12 13 14 15 16 17 18 19 20 21 22 23 24 25 26 27 28 29 30 31 32 33 34 35 36 37 38 39 40 41 42 43 44 45 46 47 48 49 50 51 52 53 54 55 56 57 58 59 60 61 62 63 64 65 66 67 68 69 70 71 72 73 74 75 76 77 78 79 80 81 82 83 84 85 86 87 88 89 90 91 92 93 94 95 96 97 98 99 100",3338797110
facts,default,3,filler,55,L,L,1,-1,0,0,stop,4,0,qwen3.6-27b,Answer: L,"What is the first letter of the capital city of the country whose currency is the sol?

1 2 3 4 5 6 7 8 9 10 11 12 13 14 15 16 17 18 19 20 21 22 23 24 25 26 27 28 29 30 31 32 33 34 35 36 37 38 39 40 41 42 43 44 45 46 47 48 49 50 51 52 53 54 55 56 57 58 59 60 61 62 63 64 65 66 67 68 69 70 71 72 73 74 75 76 77 78 79 80 81 82 83 84 85 86 87 88 89 90 91 92 93 94 95 96 97 98 99 100",2953130144
facts,default,3,filler,56,J,J,1,-1,0,0,stop,4,0,qwen3.6-27b,Answer: J,"What is the first letter of the capital city of the country whose currency is the shekel?

1 2 3 4 5 6 7 8 9 10 11 12 13 14 15 16 17 18 19 20 21 22 23 24 25 26 27 28 29 30 31 32 33 34 35 36 37 38 39 40 41 42 43 44 45 46 47 48 49 50 51 52 53 54 55 56 57 58 59 60 61 62 63 64 65 66 67 68 69 70 71 72 73 74 75 76 77 78 79 80 81 82 83 84 85 86 87 88 89 90 91 92 93 94 95 96 97 98 99 100",688677146
facts,default,3,filler,57,A,A,1,-1,0,0,stop,4,0,qwen3.6-27b,Answer: A,"What is the first letter of the capital city of the country whose currency is the cedi?

1 2 3 4 5 6 7 8 9 10 11 12 13 14 15 16 17 18 19 20 21 22 23 24 25 26 27 28 29 30 31 32 33 34 35 36 37 38 39 40 41 42 43 44 45 46 47 48 49 50 51 52 53 54 55 56 57 58 59 60 61 62 63 64 65 66 67 68 69 70 71 72 73 74 75 76 77 78 79 80 81 82 83 84 85 86 87 88 89 90 91 92 93 94 95 96 97 98 99 100",1577800076
facts,default,3,filler,58,J,J,1,-1,0,0,stop,3,0,qwen3.6-27b,Answer: J,"What is the first letter of the capital city of the country whose currency is the rupiah?

1 2 3 4 5 6 7 8 9 10 11 12 13 14 15 16 17 18 19 20 21 22 23 24 25 26 27 28 29 30 31 32 33 34 35 36 37 38 39 40 41 42 43 44 45 46 47 48 49 50 51 52 53 54 55 56 57 58 59 60 61 62 63 64 65 66 67 68 69 70 71 72 73 74 75 76 77 78 79 80 81 82 83 84 85 86 87 88 89 90 91 92 93 94 95 96 97 98 99 100",3467922461
facts,default,3,filler,59,L,L,1,-1,0,0,stop,4,0,qwen3.6-27b,Answer: L,"What is the first letter of the capital city of the country whose currency is the sol?

1 2 3 4 5 6 7 8 9 10 11 12 13 14 15 16 17 18 19 20 21 22 23 24 25 26 27 28 29 30 31 32 33 34 35 36 37 38 39 40 41 42 43 44 45 46 47 48 49 50 51 52 53 54 55 56 57 58 59 60 61 62 63 64 65 66 67 68 69 70 71 72 73 74 75 76 77 78 79 80 81 82 83 84 85 86 87 88 89 90 91 92 93 94 95 96 97 98 99 100",3115547787
facts,default,3,filler,60,B,B,1,-1,0,0,stop,4,0,qwen3.6-27b,Answer: B,"What is the first letter of the capital city of the country whose currency is the yuan?

1 2 3 4 5 6 7 8 9 10 11 12 13 14 15 16 17 18 19 20 21 22 23 24 25 26 27 28 29 30 31 32 33 34 35 36 37 38 39 40 41 42 43 44 45 46 47 48 49 50 51 52 53 54 55 56 57 58 59 60 61 62 63 64 65 66 67 68 69 70 71 72 73 74 75 76 77 78 79 80 81 82 83 84 85 86 87 88 89 90 91 92 93 94 95 96 97 98 99 100",3947010028
facts,default,3,filler,61,M,M,1,-1,0,0,stop,4,0,qwen3.6-27b,Answer: M,"What is the first letter of the capital city of the country whose currency is the ruble?

1 2 3 4 5 6 7 8 9 10 11 12 13 14 15 16 17 18 19 20 21 22 23 24 25 26 27 28 29 30 31 32 33 34 35 36 37 38 39 40 41 42 43 44 45 46 47 48 49 50 51 52 53 54 55 56 57 58 59 60 61 62 63 64 65 66 67 68 69 70 71 72 73 74 75 76 77 78 79 80 81 82 83 84 85 86 87 88 89 90 91 92 93 94 95 96 97 98 99 100",2621810554
facts,default,3,filler,62,B,B,1,-1,0,0,stop,4,0,qwen3.6-27b,Answer: B,"What is the first letter of the capital city of the country whose currency is the baht?

1 2 3 4 5 6 7 8 9 10 11 12 13 14 15 16 17 18 19 20 21 22 23 24 25 26 27 28 29 30 31 32 33 34 35 36 37 38 39 40 41 42 43 44 45 46 47 48 49 50 51 52 53 54 55 56 57 58 59 60 61 62 63 64 65 66 67 68 69 70 71 72 73 74 75 76 77 78 79 80 81 82 83 84 85 86 87 88 89 90 91 92 93 94 95 96 97 98 99 100",88929984
facts,default,3,filler,63,L,L,1,-1,0,0,stop,4,0,qwen3.6-27b,Answer: L,"What is the first letter of the capital city of the country whose currency is the sol?

1 2 3 4 5 6 7 8 9 10 11 12 13 14 15 16 17 18 19 20 21 22 23 24 25 26 27 28 29 30 31 32 33 34 35 36 37 38 39 40 41 42 43 44 45 46 47 48 49 50 51 52 53 54 55 56 57 58 59 60 61 62 63 64 65 66 67 68 69 70 71 72 73 74 75 76 77 78 79 80 81 82 83 84 85 86 87 88 89 90 91 92 93 94 95 96 97 98 99 100",1917568598
facts,default,3,filler,64,C,C,1,-1,0,0,stop,4,0,qwen3.6-27b,Answer: C,"What is the first letter of the capital city of the country whose currency is the bolivar?

1 2 3 4 5 6 7 8 9 10 11 12 13 14 15 16 17 18 19 20 21 22 23 24 25 26 27 28 29 30 31 32 33 34 35 36 37 38 39 40 41 42 43 44 45 46 47 48 49 50 51 52 53 54 55 56 57 58 59 60 61 62 63 64 65 66 67 68 69 70 71 72 73 74 75 76 77 78 79 80 81 82 83 84 85 86 87 88 89 90 91 92 93 94 95 96 97 98 99 100",3962524661
facts,default,3,filler,65,J,J,1,-1,0,0,stop,4,0,qwen3.6-27b,Answer: J,"What is the first letter of the capital city of the country whose currency is the rupiah?

1 2 3 4 5 6 7 8 9 10 11 12 13 14 15 16 17 18 19 20 21 22 23 24 25 26 27 28 29 30 31 32 33 34 35 36 37 38 39 40 41 42 43 44 45 46 47 48 49 50 51 52 53 54 55 56 57 58 59 60 61 62 63 64 65 66 67 68 69 70 71 72 73 74 75 76 77 78 79 80 81 82 83 84 85 86 87 88 89 90 91 92 93 94 95 96 97 98 99 100",2603115363
facts,default,3,filler,66,D,D,1,-1,0,0,stop,3,0,qwen3.6-27b,Answer: D,"What is the first letter of the capital city of the country whose currency is the taka?

1 2 3 4 5 6 7 8 9 10 11 12 13 14 15 16 17 18 19 20 21 22 23 24 25 26 27 28 29 30 31 32 33 34 35 36 37 38 39 40 41 42 43 44 45 46 47 48 49 50 51 52 53 54 55 56 57 58 59 60 61 62 63 64 65 66 67 68 69 70 71 72 73 74 75 76 77 78 79 80 81 82 83 84 85 86 87 88 89 90 91 92 93 94 95 96 97 98 99 100",35730137
facts,default,3,filler,67,A,A,1,-1,0,0,stop,4,0,qwen3.6-27b,Answer: A,"What is the first letter of the capital city of the country whose currency is the cedi?

1 2 3 4 5 6 7 8 9 10 11 12 13 14 15 16 17 18 19 20 21 22 23 24 25 26 27 28 29 30 31 32 33 34 35 36 37 38 39 40 41 42 43 44 45 46 47 48 49 50 51 52 53 54 55 56 57 58 59 60 61 62 63 64 65 66 67 68 69 70 71 72 73 74 75 76 77 78 79 80 81 82 83 84 85 86 87 88 89 90 91 92 93 94 95 96 97 98 99 100",1965425231
facts,default,3,filler,68,M,M,1,-1,0,0,stop,4,0,qwen3.6-27b,Answer: M,"What is the first letter of the capital city of the country whose currency is the ruble?

1 2 3 4 5 6 7 8 9 10 11 12 13 14 15 16 17 18 19 20 21 22 23 24 25 26 27 28 29 30 31 32 33 34 35 36 37 38 39 40 41 42 43 44 45 46 47 48 49 50 51 52 53 54 55 56 57 58 59 60 61 62 63 64 65 66 67 68 69 70 71 72 73 74 75 76 77 78 79 80 81 82 83 84 85 86 87 88 89 90 91 92 93 94 95 96 97 98 99 100",3852017630
facts,default,3,filler,69,A,A,1,-1,0,0,stop,3,0,qwen3.6-27b,Answer: A,"What is the first letter of the capital city of the country whose currency is the naira?

1 2 3 4 5 6 7 8 9 10 11 12 13 14 15 16 17 18 19 20 21 22 23 24 25 26 27 28 29 30 31 32 33 34 35 36 37 38 39 40 41 42 43 44 45 46 47 48 49 50 51 52 53 54 55 56 57 58 59 60 61 62 63 64 65 66 67 68 69 70 71 72 73 74 75 76 77 78 79 80 81 82 83 84 85 86 87 88 89 90 91 92 93 94 95 96 97 98 99 100",2459840328
facts,default,3,filler,70,A,A,1,-1,0,0,stop,3,0,qwen3.6-27b,Answer: A,"What is the first letter of the capital city of the country whose currency is the cedi?

1 2 3 4 5 6 7 8 9 10 11 12 13 14 15 16 17 18 19 20 21 22 23 24 25 26 27 28 29 30 31 32 33 34 35 36 37 38 39 40 41 42 43 44 45 46 47 48 49 50 51 52 53 54 55 56 57 58 59 60 61 62 63 64 65 66 67 68 69 70 71 72 73 74 75 76 77 78 79 80 81 82 83 84 85 86 87 88 89 90 91 92 93 94 95 96 97 98 99 100",4065961645
facts,default,3,filler,71,J,J,1,-1,0,0,stop,4,0,qwen3.6-27b,Answer: J,"What is the first letter of the capital city of the country whose currency is the rupiah?

1 2 3 4 5 6 7 8 9 10 11 12 13 14 15 16 17 18 19 20 21 22 23 24 25 26 27 28 29 30 31 32 33 34 35 36 37 38 39 40 41 42 43 44 45 46 47 48 49 50 51 52 53 54 55 56 57 58 59 60 61 62 63 64 65 66 67 68 69 70 71 72 73 74 75 76 77 78 79 80 81 82 83 84 85 86 87 88 89 90 91 92 93 94 95 96 97 98 99 100",2237568571
facts,default,3,filler,72,B,B,1,-1,0,0,stop,4,0,qwen3.6-27b,Answer: B,"What is the first letter of the capital city of the country whose currency is the yuan?

1 2 3 4 5 6 7 8 9 10 11 12 13 14 15 16 17 18 19 20 21 22 23 24 25 26 27 28 29 30 31 32 33 34 35 36 37 38 39 40 41 42 43 44 45 46 47 48 49 50 51 52 53 54 55 56 57 58 59 60 61 62 63 64 65 66 67 68 69 70 71 72 73 74 75 76 77 78 79 80 81 82 83 84 85 86 87 88 89 90 91 92 93 94 95 96 97 98 99 100",475514753
facts,default,3,filler,73,P,P,1,-1,0,0,stop,4,0,qwen3.6-27b,Answer: P,"What is the first letter of the capital city of the country whose currency is the koruna?

1 2 3 4 5 6 7 8 9 10 11 12 13 14 15 16 17 18 19 20 21 22 23 24 25 26 27 28 29 30 31 32 33 34 35 36 37 38 39 40 41 42 43 44 45 46 47 48 49 50 51 52 53 54 55 56 57 58 59 60 61 62 63 64 65 66 67 68 69 70 71 72 73 74 75 76 77 78 79 80 81 82 83 84 85 86 87 88 89 90 91 92 93 94 95 96 97 98 99 100",1800468247
facts,default,3,filler,74,V,V,1,-1,0,0,stop,4,0,qwen3.6-27b,Answer: V,"What is the first letter of the capital city of the country whose currency is the kip?

1 2 3 4 5 6 7 8 9 10 11 12 13 14 15 16 17 18 19 20 21 22 23 24 25 26 27 28 29 30 31 32 33 34 35 36 37 38 39 40 41 42 43 44 45 46 47 48 49 50 51 52 53 54 55 56 57 58 59 60 61 62 63 64 65 66 67 68 69 70 71 72 73 74 75 76 77 78 79 80 81 82 83 84 85 86 87 88 89 90 91 92 93 94 95 96 97 98 99 100",4113851060
facts,default,3,filler,75,B,B,1,-1,0,0,stop,4,0,qwen3.6-27b,Answer: B,"What is the first letter of the capital city of the country whose currency is the baht?

1 2 3 4 5 6 7 8 9 10 11 12 13 14 15 16 17 18 19 20 21 22 23 24 25 26 27 28 29 30 31 32 33 34 35 36 37 38 39 40 41 42 43 44 45 46 47 48 49 50 51 52 53 54 55 56 57 58 59 60 61 62 63 64 65 66 67 68 69 70 71 72 73 74 75 76 77 78 79 80 81 82 83 84 85 86 87 88 89 90 91 92 93 94 95 96 97 98 99 100",2184401442
facts,default,3,filler,76,L,L,1,-1,0,0,stop,3,0,qwen3.6-27b,Answer: L,"What is the first letter of the capital city of the country whose currency is the sol?

1 2 3 4 5 6 7 8 9 10 11 12 13 14 15 16 17 18 19 20 21 22 23 24 25 26 27 28 29 30 31 32 33 34 35 36 37 38 39 40 41 42 43 44 45 46 47 48 49 50 51 52 53 54 55 56 57 58 59 60 61 62 63 64 65 66 67 68 69 70 71 72 73 74 75 76 77 78 79 80 81 82 83 84 85 86 87 88 89 90 91 92 93 94 95 96 97 98 99 100",456786840
facts,default,3,filler,77,J,J,1,-1,0,0,stop,4,0,qwen3.6-27b,Answer: J,"What is the first letter of the capital city of the country whose currency is the rupiah?

1 2 3 4 5 6 7 8 9 10 11 12 13 14 15 16 17 18 19 20 21 22 23 24 25 26 27 28 29 30 31 32 33 34 35 36 37 38 39 40 41 42 43 44 45 46 47 48 49 50 51 52 53 54 55 56 57 58 59 60 61 62 63 64 65 66 67 68 69 70 71 72 73 74 75 76 77 78 79 80 81 82 83 84 85 86 87 88 89 90 91 92 93 94 95 96 97 98 99 100",1815950094
facts,default,3,filler,78,P,P,1,-1,0,0,stop,4,0,qwen3.6-27b,Answer: P,"What is the first letter of the capital city of the country whose currency is the koruna?

1 2 3 4 5 6 7 8 9 10 11 12 13 14 15 16 17 18 19 20 21 22 23 24 25 26 27 28 29 30 31 32 33 34 35 36 37 38 39 40 41 42 43 44 45 46 47 48 49 50 51 52 53 54 55 56 57 58 59 60 61 62 63 64 65 66 67 68 69 70 71 72 73 74 75 76 77 78 79 80 81 82 83 84 85 86 87 88 89 90 91 92 93 94 95 96 97 98 99 100",4236390047
facts,default,3,filler,79,P,P,1,-1,0,0,stop,4,0,qwen3.6-27b,Answer: P,"What is the first letter of the capital city of the country whose currency is the rand?

1 2 3 4 5 6 7 8 9 10 11 12 13 14 15 16 17 18 19 20 21 22 23 24 25 26 27 28 29 30 31 32 33 34 35 36 37 38 39 40 41 42 43 44 45 46 47 48 49 50 51 52 53 54 55 56 57 58 59 60 61 62 63 64 65 66 67 68 69 70 71 72 73 74 75 76 77 78 79 80 81 82 83 84 85 86 87 88 89 90 91 92 93 94 95 96 97 98 99 100",2340757001
facts,default,3,filler,80,A,A,1,-1,0,0,stop,4,0,qwen3.6-27b,Answer: A,"What is the first letter of the capital city of the country whose currency is the tenge?

1 2 3 4 5 6 7 8 9 10 11 12 13 14 15 16 17 18 19 20 21 22 23 24 25 26 27 28 29 30 31 32 33 34 35 36 37 38 39 40 41 42 43 44 45 46 47 48 49 50 51 52 53 54 55 56 57 58 59 60 61 62 63 64 65 66 67 68 69 70 71 72 73 74 75 76 77 78 79 80 81 82 83 84 85 86 87 88 89 90 91 92 93 94 95 96 97 98 99 100",1975630434
facts,default,3,filler,81,W,W,1,-1,0,0,stop,4,0,qwen3.6-27b,Answer: W,"What is the first letter of the capital city of the country whose currency is the zloty?

1 2 3 4 5 6 7 8 9 10 11 12 13 14 15 16 17 18 19 20 21 22 23 24 25 26 27 28 29 30 31 32 33 34 35 36 37 38 39 40 41 42 43 44 45 46 47 48 49 50 51 52 53 54 55 56 57 58 59 60 61 62 63 64 65 66 67 68 69 70 71 72 73 74 75 76 77 78 79 80 81 82 83 84 85 86 87 88 89 90 91 92 93 94 95 96 97 98 99 100",46566132
facts,default,3,filler,82,S,S,1,-1,0,0,stop,4,0,qwen3.6-27b,Answer: S,"What is the first letter of the capital city of the country whose currency is the won?

1 2 3 4 5 6 7 8 9 10 11 12 13 14 15 16 17 18 19 20 21 22 23 24 25 26 27 28 29 30 31 32 33 34 35 36 37 38 39 40 41 42 43 44 45 46 47 48 49 50 51 52 53 54 55 56 57 58 59 60 61 62 63 64 65 66 67 68 69 70 71 72 73 74 75 76 77 78 79 80 81 82 83 84 85 86 87 88 89 90 91 92 93 94 95 96 97 98 99 100",2614090574
facts,default,3,filler,83,L,L,1,-1,0,0,stop,4,0,qwen3.6-27b,Answer: L,"What is the first letter of the capital city of the country whose currency is the sol?

1 2 3 4 5 6 7 8 9 10 11 12 13 14 15 16 17 18 19 20 21 22 23 24 25 26 27 28 29 30 31 32 33 34 35 36 37 38 39 40 41 42 43 44 45 46 47 48 49 50 51 52 53 54 55 56 57 58 59 60 61 62 63 64 65 66 67 68 69 70 71 72 73 74 75 76 77 78 79 80 81 82 83 84 85 86 87 88 89 90 91 92 93 94 95 96 97 98 99 100",3972590552
facts,default,3,filler,84,S,S,1,-1,0,0,stop,4,0,qwen3.6-27b,Answer: S,"What is the first letter of the capital city of the country whose currency is the won?

1 2 3 4 5 6 7 8 9 10 11 12 13 14 15 16 17 18 19 20 21 22 23 24 25 26 27 28 29 30 31 32 33 34 35 36 37 38 39 40 41 42 43 44 45 46 47 48 49 50 51 52 53 54 55 56 57 58 59 60 61 62 63 64 65 66 67 68 69 70 71 72 73 74 75 76 77 78 79 80 81 82 83 84 85 86 87 88 89 90 91 92 93 94 95 96 97 98 99 100",1923907195
facts,default,3,filler,85,T,T,1,-1,0,0,stop,4,0,qwen3.6-27b,Answer: T,"What is the first letter of the capital city of the country whose currency is the yen?

1 2 3 4 5 6 7 8 9 10 11 12 13 14 15 16 17 18 19 20 21 22 23 24 25 26 27 28 29 30 31 32 33 34 35 36 37 38 39 40 41 42 43 44 45 46 47 48 49 50 51 52 53 54 55 56 57 58 59 60 61 62 63 64 65 66 67 68 69 70 71 72 73 74 75 76 77 78 79 80 81 82 83 84 85 86 87 88 89 90 91 92 93 94 95 96 97 98 99 100",95112941
facts,default,3,filler,86,M,M,1,-1,0,0,stop,4,0,qwen3.6-27b,Answer: M,"What is the first letter of the capital city of the country whose currency is the ruble?

1 2 3 4 5 6 7 8 9 10 11 12 13 14 15 16 17 18 19 20 21 22 23 24 25 26 27 28 29 30 31 32 33 34 35 36 37 38 39 40 41 42 43 44 45 46 47 48 49 50 51 52 53 54 55 56 57 58 59 60 61 62 63 64 65 66 67 68 69 70 71 72 73 74 75 76 77 78 79 80 81 82 83 84 85 86 87 88 89 90 91 92 93 94 95 96 97 98 99 100",2627870551
facts,default,3,filler,87,B,B,1,-1,0,0,stop,4,0,qwen3.6-27b,Answer: B,"What is the first letter of the capital city of the country whose currency is the yuan?

1 2 3 4 5 6 7 8 9 10 11 12 13 14 15 16 17 18 19 20 21 22 23 24 25 26 27 28 29 30 31 32 33 34 35 36 37 38 39 40 41 42 43 44 45 46 47 48 49 50 51 52 53 54 55 56 57 58 59 60 61 62 63 64 65 66 67 68 69 70 71 72 73 74 75 76 77 78 79 80 81 82 83 84 85 86 87 88 89 90 91 92 93 94 95 96 97 98 99 100",3953471425
facts,default,3,filler,88,M,M,1,-1,0,0,stop,4,0,qwen3.6-27b,Answer: M,"What is the first letter of the capital city of the country whose currency is the ruble?

1 2 3 4 5 6 7 8 9 10 11 12 13 14 15 16 17 18 19 20 21 22 23 24 25 26 27 28 29 30 31 32 33 34 35 36 37 38 39 40 41 42 43 44 45 46 47 48 49 50 51 52 53 54 55 56 57 58 59 60 61 62 63 64 65 66 67 68 69 70 71 72 73 74 75 76 77 78 79 80 81 82 83 84 85 86 87 88 89 90 91 92 93 94 95 96 97 98 99 100",2065314384
facts,default,3,filler,89,K,K,1,-1,0,0,stop,4,0,qwen3.6-27b,Answer: K,"What is the first letter of the capital city of the country whose currency is the afghani?

1 2 3 4 5 6 7 8 9 10 11 12 13 14 15 16 17 18 19 20 21 22 23 24 25 26 27 28 29 30 31 32 33 34 35 36 37 38 39 40 41 42 43 44 45 46 47 48 49 50 51 52 53 54 55 56 57 58 59 60 61 62 63 64 65 66 67 68 69 70 71 72 73 74 75 76 77 78 79 80 81 82 83 84 85 86 87 88 89 90 91 92 93 94 95 96 97 98 99 100",203227846
facts,default,3,filler,90,H,H,1,-1,0,0,stop,4,0,qwen3.6-27b,Answer: H,"What is the first letter of the capital city of the country whose currency is the dong?

1 2 3 4 5 6 7 8 9 10 11 12 13 14 15 16 17 18 19 20 21 22 23 24 25 26 27 28 29 30 31 32 33 34 35 36 37 38 39 40 41 42 43 44 45 46 47 48 49 50 51 52 53 54 55 56 57 58 59 60 61 62 63 64 65 66 67 68 69 70 71 72 73 74 75 76 77 78 79 80 81 82 83 84 85 86 87 88 89 90 91 92 93 94 95 96 97 98 99 100",1826261795
facts,default,3,filler,91,P,P,1,-1,0,0,stop,4,0,qwen3.6-27b,Answer: P,"What is the first letter of the capital city of the country whose currency is the koruna?

1 2 3 4 5 6 7 8 9 10 11 12 13 14 15 16 17 18 19 20 21 22 23 24 25 26 27 28 29 30 31 32 33 34 35 36 37 38 39 40 41 42 43 44 45 46 47 48 49 50 51 52 53 54 55 56 57 58 59 60 61 62 63 64 65 66 67 68 69 70 71 72 73 74 75 76 77 78 79 80 81 82 83 84 85 86 87 88 89 90 91 92 93 94 95 96 97 98 99 100",467516341
facts,default,3,filler,92,T,T,1,-1,0,0,stop,4,0,qwen3.6-27b,Answer: T,"What is the first letter of the capital city of the country whose currency is the yen?

1 2 3 4 5 6 7 8 9 10 11 12 13 14 15 16 17 18 19 20 21 22 23 24 25 26 27 28 29 30 31 32 33 34 35 36 37 38 39 40 41 42 43 44 45 46 47 48 49 50 51 52 53 54 55 56 57 58 59 60 61 62 63 64 65 66 67 68 69 70 71 72 73 74 75 76 77 78 79 80 81 82 83 84 85 86 87 88 89 90 91 92 93 94 95 96 97 98 99 100",2194991631
facts,default,3,filler,93,V,V,1,-1,0,0,stop,4,0,qwen3.6-27b,Answer: V,"What is the first letter of the capital city of the country whose currency is the kip?

1 2 3 4 5 6 7 8 9 10 11 12 13 14 15 16 17 18 19 20 21 22 23 24 25 26 27 28 29 30 31 32 33 34 35 36 37 38 39 40 41 42 43 44 45 46 47 48 49 50 51 52 53 54 55 56 57 58 59 60 61 62 63 64 65 66 67 68 69 70 71 72 73 74 75 76 77 78 79 80 81 82 83 84 85 86 87 88 89 90 91 92 93 94 95 96 97 98 99 100",4124301977
facts,default,3,filler,94,Y,N,0,-1,0,0,stop,4,0,qwen3.6-27b,Answer: N,"What is the first letter of the capital city of the country whose currency is the kyat?

1 2 3 4 5 6 7 8 9 10 11 12 13 14 15 16 17 18 19 20 21 22 23 24 25 26 27 28 29 30 31 32 33 34 35 36 37 38 39 40 41 42 43 44 45 46 47 48 49 50 51 52 53 54 55 56 57 58 59 60 61 62 63 64 65 66 67 68 69 70 71 72 73 74 75 76 77 78 79 80 81 82 83 84 85 86 87 88 89 90 91 92 93 94 95 96 97 98 99 100",1807175482
facts,default,3,filler,95,L,L,1,-1,0,0,stop,4,0,qwen3.6-27b,Answer: L,"What is the first letter of the capital city of the country whose currency is the sol?

1 2 3 4 5 6 7 8 9 10 11 12 13 14 15 16 17 18 19 20 21 22 23 24 25 26 27 28 29 30 31 32 33 34 35 36 37 38 39 40 41 42 43 44 45 46 47 48 49 50 51 52 53 54 55 56 57 58 59 60 61 62 63 64 65 66 67 68 69 70 71 72 73 74 75 76 77 78 79 80 81 82 83 84 85 86 87 88 89 90 91 92 93 94 95 96 97 98 99 100",481329068
facts,default,3,filler,96,M,M,1,-1,0,0,stop,4,0,qwen3.6-27b,Answer: M,"What is the first letter of the capital city of the country whose currency is the ruble?

1 2 3 4 5 6 7 8 9 10 11 12 13 14 15 16 17 18 19 20 21 22 23 24 25 26 27 28 29 30 31 32 33 34 35 36 37 38 39 40 41 42 43 44 45 46 47 48 49 50 51 52 53 54 55 56 57 58 59 60 61 62 63 64 65 66 67 68 69 70 71 72 73 74 75 76 77 78 79 80 81 82 83 84 85 86 87 88 89 90 91 92 93 94 95 96 97 98 99 100",2243505686
facts,default,3,filler,97,V,V,1,-1,0,0,stop,4,0,qwen3.6-27b,Answer: V,"What is the first letter of the capital city of the country whose currency is the kip?

1 2 3 4 5 6 7 8 9 10 11 12 13 14 15 16 17 18 19 20 21 22 23 24 25 26 27 28 29 30 31 32 33 34 35 36 37 38 39 40 41 42 43 44 45 46 47 48 49 50 51 52 53 54 55 56 57 58 59 60 61 62 63 64 65 66 67 68 69 70 71 72 73 74 75 76 77 78 79 80 81 82 83 84 85 86 87 88 89 90 91 92 93 94 95 96 97 98 99 100",4072545920
facts,default,3,filler,98,K,K,1,-1,0,0,stop,4,0,qwen3.6-27b,Answer: K,"What is the first letter of the capital city of the country whose currency is the afghani?

1 2 3 4 5 6 7 8 9 10 11 12 13 14 15 16 17 18 19 20 21 22 23 24 25 26 27 28 29 30 31 32 33 34 35 36 37 38 39 40 41 42 43 44 45 46 47 48 49 50 51 52 53 54 55 56 57 58 59 60 61 62 63 64 65 66 67 68 69 70 71 72 73 74 75 76 77 78 79 80 81 82 83 84 85 86 87 88 89 90 91 92 93 94 95 96 97 98 99 100",1644233489
facts,default,3,filler,99,D,D,1,-1,0,0,stop,4,0,qwen3.6-27b,Answer: D,"What is the first letter of the capital city of the country whose currency is the taka?

1 2 3 4 5 6 7 8 9 10 11 12 13 14 15 16 17 18 19 20 21 22 23 24 25 26 27 28 29 30 31 32 33 34 35 36 37 38 39 40 41 42 43 44 45 46 47 48 49 50 51 52 53 54 55 56 57 58 59 60 61 62 63 64 65 66 67 68 69 70 71 72 73 74 75 76 77 78 79 80 81 82 83 84 85 86 87 88 89 90 91 92 93 94 95 96 97 98 99 100",352727943
facts,default,3,filler,100,S,S,1,-1,0,0,stop,4,0,qwen3.6-27b,Answer: S,"What is the first letter of the capital city of the country whose currency is the krona?

1 2 3 4 5 6 7 8 9 10 11 12 13 14 15 16 17 18 19 20 21 22 23 24 25 26 27 28 29 30 31 32 33 34 35 36 37 38 39 40 41 42 43 44 45 46 47 48 49 50 51 52 53 54 55 56 57 58 59 60 61 62 63 64 65 66 67 68 69 70 71 72 73 74 75 76 77 78 79 80 81 82 83 84 85 86 87 88 89 90 91 92 93 94 95 96 97 98 99 100",1489184096
facts,default,3,filler,101,K,K,1,-1,0,0,stop,4,0,qwen3.6-27b,Answer: K,"What is the first letter of the capital city of the country whose currency is the afghani?

1 2 3 4 5 6 7 8 9 10 11 12 13 14 15 16 17 18 19 20 21 22 23 24 25 26 27 28 29 30 31 32 33 34 35 36 37 38 39 40 41 42 43 44 45 46 47 48 49 50 51 52 53 54 55 56 57 58 59 60 61 62 63 64 65 66 67 68 69 70 71 72 73 74 75 76 77 78 79 80 81 82 83 84 85 86 87 88 89 90 91 92 93 94 95 96 97 98 99 100",801379830
facts,default,3,filler,102,V,V,1,-1,0,0,stop,4,0,qwen3.6-27b,Answer: V,"What is the first letter of the capital city of the country whose currency is the kip?

1 2 3 4 5 6 7 8 9 10 11 12 13 14 15 16 17 18 19 20 21 22 23 24 25 26 27 28 29 30 31 32 33 34 35 36 37 38 39 40 41 42 43 44 45 46 47 48 49 50 51 52 53 54 55 56 57 58 59 60 61 62 63 64 65 66 67 68 69 70 71 72 73 74 75 76 77 78 79 80 81 82 83 84 85 86 87 88 89 90 91 92 93 94 95 96 97 98 99 100",3066905676
facts,default,3,filler,103,T,T,1,-1,0,0,stop,4,0,qwen3.6-27b,Answer: T,"What is the first letter of the capital city of the country whose currency is the yen?

1 2 3 4 5 6 7 8 9 10 11 12 13 14 15 16 17 18 19 20 21 22 23 24 25 26 27 28 29 30 31 32 33 34 35 36 37 38 39 40 41 42 43 44 45 46 47 48 49 50 51 52 53 54 55 56 57 58 59 60 61 62 63 64 65 66 67 68 69 70 71 72 73 74 75 76 77 78 79 80 81 82 83 84 85 86 87 88 89 90 91 92 93 94 95 96 97 98 99 100",3251270874
facts,default,3,filler,104,B,B,1,-1,0,0,stop,3,0,qwen3.6-27b,Answer: B,"What is the first letter of the capital city of the country whose currency is the forint?

1 2 3 4 5 6 7 8 9 10 11 12 13 14 15 16 17 18 19 20 21 22 23 24 25 26 27 28 29 30 31 32 33 34 35 36 37 38 39 40 41 42 43 44 45 46 47 48 49 50 51 52 53 54 55 56 57 58 59 60 61 62 63 64 65 66 67 68 69 70 71 72 73 74 75 76 77 78 79 80 81 82 83 84 85 86 87 88 89 90 91 92 93 94 95 96 97 98 99 100",1605296505
facts,default,3,filler,105,H,H,1,-1,0,0,stop,4,0,qwen3.6-27b,Answer: H,"What is the first letter of the capital city of the country whose currency is the dong?

1 2 3 4 5 6 7 8 9 10 11 12 13 14 15 16 17 18 19 20 21 22 23 24 25 26 27 28 29 30 31 32 33 34 35 36 37 38 39 40 41 42 43 44 45 46 47 48 49 50 51 52 53 54 55 56 57 58 59 60 61 62 63 64 65 66 67 68 69 70 71 72 73 74 75 76 77 78 79 80 81 82 83 84 85 86 87 88 89 90 91 92 93 94 95 96 97 98 99 100",682217967
facts,default,3,filler,106,S,S,1,-1,0,0,stop,4,0,qwen3.6-27b,Answer: S,"What is the first letter of the capital city of the country whose currency is the krona?

1 2 3 4 5 6 7 8 9 10 11 12 13 14 15 16 17 18 19 20 21 22 23 24 25 26 27 28 29 30 31 32 33 34 35 36 37 38 39 40 41 42 43 44 45 46 47 48 49 50 51 52 53 54 55 56 57 58 59 60 61 62 63 64 65 66 67 68 69 70 71 72 73 74 75 76 77 78 79 80 81 82 83 84 85 86 87 88 89 90 91 92 93 94 95 96 97 98 99 100",2980085845
facts,default,3,filler,107,T,T,1,-1,0,0,stop,4,0,qwen3.6-27b,Answer: T,"What is the first letter of the capital city of the country whose currency is the lari?

1 2 3 4 5 6 7 8 9 10 11 12 13 14 15 16 17 18 19 20 21 22 23 24 25 26 27 28 29 30 31 32 33 34 35 36 37 38 39 40 41 42 43 44 45 46 47 48 49 50 51 52 53 54 55 56 57 58 59 60 61 62 63 64 65 66 67 68 69 70 71 72 73 74 75 76 77 78 79 80 81 82 83 84 85 86 87 88 89 90 91 92 93 94 95 96 97 98 99 100",3332878531
facts,default,3,filler,108,P,P,1,-1,0,0,stop,3,0,qwen3.6-27b,Answer: P,"What is the first letter of the capital city of the country whose currency is the koruna?

1 2 3 4 5 6 7 8 9 10 11 12 13 14 15 16 17 18 19 20 21 22 23 24 25 26 27 28 29 30 31 32 33 34 35 36 37 38 39 40 41 42 43 44 45 46 47 48 49 50 51 52 53 54 55 56 57 58 59 60 61 62 63 64 65 66 67 68 69 70 71 72 73 74 75 76 77 78 79 80 81 82 83 84 85 86 87 88 89 90 91 92 93 94 95 96 97 98 99 100",1444457810
facts,default,3,filler,109,A,A,1,-1,0,0,stop,4,0,qwen3.6-27b,Answer: A,"What is the first letter of the capital city of the country whose currency is the naira?

1 2 3 4 5 6 7 8 9 10 11 12 13 14 15 16 17 18 19 20 21 22 23 24 25 26 27 28 29 30 31 32 33 34 35 36 37 38 39 40 41 42 43 44 45 46 47 48 49 50 51 52 53 54 55 56 57 58 59 60 61 62 63 64 65 66 67 68 69 70 71 72 73 74 75 76 77 78 79 80 81 82 83 84 85 86 87 88 89 90 91 92 93 94 95 96 97 98 99 100",555720132
facts,default,3,filler,110,K,K,1,-1,0,0,stop,4,0,qwen3.6-27b,Answer: K,"What is the first letter of the capital city of the country whose currency is the afghani?

1 2 3 4 5 6 7 8 9 10 11 12 13 14 15 16 17 18 19 20 21 22 23 24 25 26 27 28 29 30 31 32 33 34 35 36 37 38 39 40 41 42 43 44 45 46 47 48 49 50 51 52 53 54 55 56 57 58 59 60 61 62 63 64 65 66 67 68 69 70 71 72 73 74 75 76 77 78 79 80 81 82 83 84 85 86 87 88 89 90 91 92 93 94 95 96 97 98 99 100",1104679969
facts,default,3,filler,111,K,K,1,-1,0,0,stop,4,0,qwen3.6-27b,Answer: K,"What is the first letter of the capital city of the country whose currency is the hryvnia?

1 2 3 4 5 6 7 8 9 10 11 12 13 14 15 16 17 18 19 20 21 22 23 24 25 26 27 28 29 30 31 32 33 34 35 36 37 38 39 40 41 42 43 44 45 46 47 48 49 50 51 52 53 54 55 56 57 58 59 60 61 62 63 64 65 66 67 68 69 70 71 72 73 74 75 76 77 78 79 80 81 82 83 84 85 86 87 88 89 90 91 92 93 94 95 96 97 98 99 100",920593591
facts,default,3,filler,112,B,B,1,-1,0,0,stop,4,0,qwen3.6-27b,Answer: B,"What is the first letter of the capital city of the country whose currency is the forint?

1 2 3 4 5 6 7 8 9 10 11 12 13 14 15 16 17 18 19 20 21 22 23 24 25 26 27 28 29 30 31 32 33 34 35 36 37 38 39 40 41 42 43 44 45 46 47 48 49 50 51 52 53 54 55 56 57 58 59 60 61 62 63 64 65 66 67 68 69 70 71 72 73 74 75 76 77 78 79 80 81 82 83 84 85 86 87 88 89 90 91 92 93 94 95 96 97 98 99 100",2950067469
facts,default,3,filler,113,Y,N,0,-1,0,0,stop,4,0,qwen3.6-27b,Answer: N,"What is the first letter of the capital city of the country whose currency is the kyat?

1 2 3 4 5 6 7 8 9 10 11 12 13 14 15 16 17 18 19 20 21 22 23 24 25 26 27 28 29 30 31 32 33 34 35 36 37 38 39 40 41 42 43 44 45 46 47 48 49 50 51 52 53 54 55 56 57 58 59 60 61 62 63 64 65 66 67 68 69 70 71 72 73 74 75 76 77 78 79 80 81 82 83 84 85 86 87 88 89 90 91 92 93 94 95 96 97 98 99 100",3637593499
facts,default,3,filler,114,B,B,1,-1,0,0,stop,4,0,qwen3.6-27b,Answer: B,"What is the first letter of the capital city of the country whose currency is the manat?

1 2 3 4 5 6 7 8 9 10 11 12 13 14 15 16 17 18 19 20 21 22 23 24 25 26 27 28 29 30 31 32 33 34 35 36 37 38 39 40 41 42 43 44 45 46 47 48 49 50 51 52 53 54 55 56 57 58 59 60 61 62 63 64 65 66 67 68 69 70 71 72 73 74 75 76 77 78 79 80 81 82 83 84 85 86 87 88 89 90 91 92 93 94 95 96 97 98 99 100",1186320440
facts,default,3,filler,115,L,L,1,-1,0,0,stop,4,0,qwen3.6-27b,Answer: L,"What is the first letter of the capital city of the country whose currency is the sol?

1 2 3 4 5 6 7 8 9 10 11 12 13 14 15 16 17 18 19 20 21 22 23 24 25 26 27 28 29 30 31 32 33 34 35 36 37 38 39 40 41 42 43 44 45 46 47 48 49 50 51 52 53 54 55 56 57 58 59 60 61 62 63 64 65 66 67 68 69 70 71 72 73 74 75 76 77 78 79 80 81 82 83 84 85 86 87 88 89 90 91 92 93 94 95 96 97 98 99 100",833806510
facts,default,3,filler,116,D,D,1,-1,0,0,stop,4,0,qwen3.6-27b,Answer: D,"What is the first letter of the capital city of the country whose currency is the taka?

1 2 3 4 5 6 7 8 9 10 11 12 13 14 15 16 17 18 19 20 21 22 23 24 25 26 27 28 29 30 31 32 33 34 35 36 37 38 39 40 41 42 43 44 45 46 47 48 49 50 51 52 53 54 55 56 57 58 59 60 61 62 63 64 65 66 67 68 69 70 71 72 73 74 75 76 77 78 79 80 81 82 83 84 85 86 87 88 89 90 91 92 93 94 95 96 97 98 99 100",2830872852
facts,default,3,filler,117,B,B,1,-1,0,0,stop,4,0,qwen3.6-27b,Answer: B,"What is the first letter of the capital city of the country whose currency is the leu?

1 2 3 4 5 6 7 8 9 10 11 12 13 14 15 16 17 18 19 20 21 22 23 24 25 26 27 28 29 30 31 32 33 34 35 36 37 38 39 40 41 42 43 44 45 46 47 48 49 50 51 52 53 54 55 56 57 58 59 60 61 62 63 64 65 66 67 68 69 70 71 72 73 74 75 76 77 78 79 80 81 82 83 84 85 86 87 88 89 90 91 92 93 94 95 96 97 98 99 100",3753673090
facts,default,3,filler,118,D,D,1,-1,0,0,stop,4,0,qwen3.6-27b,Answer: D,"What is the first letter of the capital city of the country whose currency is the taka?

1 2 3 4 5 6 7 8 9 10 11 12 13 14 15 16 17 18 19 20 21 22 23 24 25 26 27 28 29 30 31 32 33 34 35 36 37 38 39 40 41 42 43 44 45 46 47 48 49 50 51 52 53 54 55 56 57 58 59 60 61 62 63 64 65 66 67 68 69 70 71 72 73 74 75 76 77 78 79 80 81 82 83 84 85 86 87 88 89 90 91 92 93 94 95 96 97 98 99 100",1325636627
facts,default,3,filler,119,B,B,1,-1,0,0,stop,3,0,qwen3.6-27b,Answer: B,"What is the first letter of the capital city of the country whose currency is the yuan?

1 2 3 4 5 6 7 8 9 10 11 12 13 14 15 16 17 18 19 20 21 22 23 24 25 26 27 28 29 30 31 32 33 34 35 36 37 38 39 40 41 42 43 44 45 46 47 48 49 50 51 52 53 54 55 56 57 58 59 60 61 62 63 64 65 66 67 68 69 70 71 72 73 74 75 76 77 78 79 80 81 82 83 84 85 86 87 88 89 90 91 92 93 94 95 96 97 98 99 100",939830405
facts,default,3,filler,120,W,W,1,-1,0,0,stop,4,0,qwen3.6-27b,Answer: W,"What is the first letter of the capital city of the country whose currency is the zloty?

1 2 3 4 5 6 7 8 9 10 11 12 13 14 15 16 17 18 19 20 21 22 23 24 25 26 27 28 29 30 31 32 33 34 35 36 37 38 39 40 41 42 43 44 45 46 47 48 49 50 51 52 53 54 55 56 57 58 59 60 61 62 63 64 65 66 67 68 69 70 71 72 73 74 75 76 77 78 79 80 81 82 83 84 85 86 87 88 89 90 91 92 93 94 95 96 97 98 99 100",1794459618
facts,default,3,filler,121,T,T,1,-1,0,0,stop,4,0,qwen3.6-27b,Answer: T,"What is the first letter of the capital city of the country whose currency is the lari?

1 2 3 4 5 6 7 8 9 10 11 12 13 14 15 16 17 18 19 20 21 22 23 24 25 26 27 28 29 30 31 32 33 34 35 36 37 38 39 40 41 42 43 44 45 46 47 48 49 50 51 52 53 54 55 56 57 58 59 60 61 62 63 64 65 66 67 68 69 70 71 72 73 74 75 76 77 78 79 80 81 82 83 84 85 86 87 88 89 90 91 92 93 94 95 96 97 98 99 100",502429556
facts,default,3,filler,122,D,D,1,-1,0,0,stop,4,0,qwen3.6-27b,Answer: D,"What is the first letter of the capital city of the country whose currency is the taka?

1 2 3 4 5 6 7 8 9 10 11 12 13 14 15 16 17 18 19 20 21 22 23 24 25 26 27 28 29 30 31 32 33 34 35 36 37 38 39 40 41 42 43 44 45 46 47 48 49 50 51 52 53 54 55 56 57 58 59 60 61 62 63 64 65 66 67 68 69 70 71 72 73 74 75 76 77 78 79 80 81 82 83 84 85 86 87 88 89 90 91 92 93 94 95 96 97 98 99 100",2231051982
facts,default,3,filler,123,Y,Y,1,-1,0,0,stop,4,0,qwen3.6-27b,Answer: Y,"What is the first letter of the capital city of the country whose currency is the dram?

1 2 3 4 5 6 7 8 9 10 11 12 13 14 15 16 17 18 19 20 21 22 23 24 25 26 27 28 29 30 31 32 33 34 35 36 37 38 39 40 41 42 43 44 45 46 47 48 49 50 51 52 53 54 55 56 57 58 59 60 61 62 63 64 65 66 67 68 69 70 71 72 73 74 75 76 77 78 79 80 81 82 83 84 85 86 87 88 89 90 91 92 93 94 95 96 97 98 99 100",4093384280
facts,default,3,filler,124,Y,Y,1,-1,0,0,stop,4,0,qwen3.6-27b,Answer: Y,"What is the first letter of the capital city of the country whose currency is the dram?

1 2 3 4 5 6 7 8 9 10 11 12 13 14 15 16 17 18 19 20 21 22 23 24 25 26 27 28 29 30 31 32 33 34 35 36 37 38 39 40 41 42 43 44 45 46 47 48 49 50 51 52 53 54 55 56 57 58 59 60 61 62 63 64 65 66 67 68 69 70 71 72 73 74 75 76 77 78 79 80 81 82 83 84 85 86 87 88 89 90 91 92 93 94 95 96 97 98 99 100",1838711803
facts,default,3,filler,125,H,H,1,-1,0,0,stop,4,0,qwen3.6-27b,Answer: H,"What is the first letter of the capital city of the country whose currency is the dong?

1 2 3 4 5 6 7 8 9 10 11 12 13 14 15 16 17 18 19 20 21 22 23 24 25 26 27 28 29 30 31 32 33 34 35 36 37 38 39 40 41 42 43 44 45 46 47 48 49 50 51 52 53 54 55 56 57 58 59 60 61 62 63 64 65 66 67 68 69 70 71 72 73 74 75 76 77 78 79 80 81 82 83 84 85 86 87 88 89 90 91 92 93 94 95 96 97 98 99 100",446673773
facts,default,3,filler,126,P,P,1,-1,0,0,stop,4,0,qwen3.6-27b,Answer: P,"What is the first letter of the capital city of the country whose currency is the riel?

1 2 3 4 5 6 7 8 9 10 11 12 13 14 15 16 17 18 19 20 21 22 23 24 25 26 27 28 29 30 31 32 33 34 35 36 37 38 39 40 41 42 43 44 45 46 47 48 49 50 51 52 53 54 55 56 57 58 59 60 61 62 63 64 65 66 67 68 69 70 71 72 73 74 75 76 77 78 79 80 81 82 83 84 85 86 87 88 89 90 91 92 93 94 95 96 97 98 99 100",2207703767
facts,default,3,filler,127,S,S,1,-1,0,0,stop,4,0,qwen3.6-27b,Answer: S,"What is the first letter of the capital city of the country whose currency is the krona?

1 2 3 4 5 6 7 8 9 10 11 12 13 14 15 16 17 18 19 20 21 22 23 24 25 26 27 28 29 30 31 32 33 34 35 36 37 38 39 40 41 42 43 44 45 46 47 48 49 50 51 52 53 54 55 56 57 58 59 60 61 62 63 64 65 66 67 68 69 70 71 72 73 74 75 76 77 78 79 80 81 82 83 84 85 86 87 88 89 90 91 92 93 94 95 96 97 98 99 100",4103197249
facts,default,3,filler,128,K,K,1,-1,0,0,stop,4,0,qwen3.6-27b,Answer: K,"What is the first letter of the capital city of the country whose currency is the afghani?

1 2 3 4 5 6 7 8 9 10 11 12 13 14 15 16 17 18 19 20 21 22 23 24 25 26 27 28 29 30 31 32 33 34 35 36 37 38 39 40 41 42 43 44 45 46 47 48 49 50 51 52 53 54 55 56 57 58 59 60 61 62 63 64 65 66 67 68 69 70 71 72 73 74 75 76 77 78 79 80 81 82 83 84 85 86 87 88 89 90 91 92 93 94 95 96 97 98 99 100",1680789456
facts,default,3,filler,129,S,S,1,-1,0,0,stop,3,0,qwen3.6-27b,Answer: S,"What is the first letter of the capital city of the country whose currency is the lev?

1 2 3 4 5 6 7 8 9 10 11 12 13 14 15 16 17 18 19 20 21 22 23 24 25 26 27 28 29 30 31 32 33 34 35 36 37 38 39 40 41 42 43 44 45 46 47 48 49 50 51 52 53 54 55 56 57 58 59 60 61 62 63 64 65 66 67 68 69 70 71 72 73 74 75 76 77 78 79 80 81 82 83 84 85 86 87 88 89 90 91 92 93 94 95 96 97 98 99 100",321519430
facts,default,3,filler,130,Y,E,0,-1,0,0,stop,4,0,qwen3.6-27b,Answer: E,"What is the first letter of the capital city of the country whose currency is the dram?

1 2 3 4 5 6 7 8 9 10 11 12 13 14 15 16 17 18 19 20 21 22 23 24 25 26 27 28 29 30 31 32 33 34 35 36 37 38 39 40 41 42 43 44 45 46 47 48 49 50 51 52 53 54 55 56 57 58 59 60 61 62 63 64 65 66 67 68 69 70 71 72 73 74 75 76 77 78 79 80 81 82 83 84 85 86 87 88 89 90 91 92 93 94 95 96 97 98 99 100",1945007779
facts,default,3,filler,131,S,R,0,-1,0,0,stop,4,0,qwen3.6-27b,Answer: R,"What is the first letter of the capital city of the country whose currency is the krona?

1 2 3 4 5 6 7 8 9 10 11 12 13 14 15 16 17 18 19 20 21 22 23 24 25 26 27 28 29 30 31 32 33 34 35 36 37 38 39 40 41 42 43 44 45 46 47 48 49 50 51 52 53 54 55 56 57 58 59 60 61 62 63 64 65 66 67 68 69 70 71 72 73 74 75 76 77 78 79 80 81 82 83 84 85 86 87 88 89 90 91 92 93 94 95 96 97 98 99 100",82396725
facts,default,3,filler,132,B,B,1,-1,0,0,stop,4,0,qwen3.6-27b,Answer: B,"What is the first letter of the capital city of the country whose currency is the baht?

1 2 3 4 5 6 7 8 9 10 11 12 13 14 15 16 17 18 19 20 21 22 23 24 25 26 27 28 29 30 31 32 33 34 35 36 37 38 39 40 41 42 43 44 45 46 47 48 49 50 51 52 53 54 55 56 57 58 59 60 61 62 63 64 65 66 67 68 69 70 71 72 73 74 75 76 77 78 79 80 81 82 83 84 85 86 87 88 89 90 91 92 93 94 95 96 97 98 99 100",2648709007
facts,default,3,filler,133,P,P,1,-1,0,0,stop,4,0,qwen3.6-27b,Answer: P,"What is the first letter of the capital city of the country whose currency is the riel?

1 2 3 4 5 6 7 8 9 10 11 12 13 14 15 16 17 18 19 20 21 22 23 24 25 26 27 28 29 30 31 32 33 34 35 36 37 38 39 40 41 42 43 44 45 46 47 48 49 50 51 52 53 54 55 56 57 58 59 60 61 62 63 64 65 66 67 68 69 70 71 72 73 74 75 76 77 78 79 80 81 82 83 84 85 86 87 88 89 90 91 92 93 94 95 96 97 98 99 100",3941017369
facts,default,3,filler,134,A,A,1,-1,0,0,stop,4,0,qwen3.6-27b,Answer: A,"What is the first letter of the capital city of the country whose currency is the tenge?

1 2 3 4 5 6 7 8 9 10 11 12 13 14 15 16 17 18 19 20 21 22 23 24 25 26 27 28 29 30 31 32 33 34 35 36 37 38 39 40 41 42 43 44 45 46 47 48 49 50 51 52 53 54 55 56 57 58 59 60 61 62 63 64 65 66 67 68 69 70 71 72 73 74 75 76 77 78 79 80 81 82 83 84 85 86 87 88 89 90 91 92 93 94 95 96 97 98 99 100",1954788026
facts,default,3,filler,135,M,M,1,-1,0,0,stop,4,0,qwen3.6-27b,Answer: M,"What is the first letter of the capital city of the country whose currency is the ruble?

1 2 3 4 5 6 7 8 9 10 11 12 13 14 15 16 17 18 19 20 21 22 23 24 25 26 27 28 29 30 31 32 33 34 35 36 37 38 39 40 41 42 43 44 45 46 47 48 49 50 51 52 53 54 55 56 57 58 59 60 61 62 63 64 65 66 67 68 69 70 71 72 73 74 75 76 77 78 79 80 81 82 83 84 85 86 87 88 89 90 91 92 93 94 95 96 97 98 99 100",59015724
facts,default,3,filler,136,A,A,1,-1,0,0,stop,3,0,qwen3.6-27b,Answer: A,"What is the first letter of the capital city of the country whose currency is the tenge?

1 2 3 4 5 6 7 8 9 10 11 12 13 14 15 16 17 18 19 20 21 22 23 24 25 26 27 28 29 30 31 32 33 34 35 36 37 38 39 40 41 42 43 44 45 46 47 48 49 50 51 52 53 54 55 56 57 58 59 60 61 62 63 64 65 66 67 68 69 70 71 72 73 74 75 76 77 78 79 80 81 82 83 84 85 86 87 88 89 90 91 92 93 94 95 96 97 98 99 100",2592986006
facts,default,3,filler,137,C,C,1,-1,0,0,stop,4,0,qwen3.6-27b,Answer: C,"What is the first letter of the capital city of the country whose currency is the bolivar?

1 2 3 4 5 6 7 8 9 10 11 12 13 14 15 16 17 18 19 20 21 22 23 24 25 26 27 28 29 30 31 32 33 34 35 36 37 38 39 40 41 42 43 44 45 46 47 48 49 50 51 52 53 54 55 56 57 58 59 60 61 62 63 64 65 66 67 68 69 70 71 72 73 74 75 76 77 78 79 80 81 82 83 84 85 86 87 88 89 90 91 92 93 94 95 96 97 98 99 100",3985302272
facts,default,3,filler,138,V,V,1,-1,0,0,stop,4,0,qwen3.6-27b,Answer: V,"What is the first letter of the capital city of the country whose currency is the kip?

1 2 3 4 5 6 7 8 9 10 11 12 13 14 15 16 17 18 19 20 21 22 23 24 25 26 27 28 29 30 31 32 33 34 35 36 37 38 39 40 41 42 43 44 45 46 47 48 49 50 51 52 53 54 55 56 57 58 59 60 61 62 63 64 65 66 67 68 69 70 71 72 73 74 75 76 77 78 79 80 81 82 83 84 85 86 87 88 89 90 91 92 93 94 95 96 97 98 99 100",2100690577
facts,default,3,filler,139,D,D,1,-1,0,0,stop,4,0,qwen3.6-27b,Answer: D,"What is the first letter of the capital city of the country whose currency is the taka?

1 2 3 4 5 6 7 8 9 10 11 12 13 14 15 16 17 18 19 20 21 22 23 24 25 26 27 28 29 30 31 32 33 34 35 36 37 38 39 40 41 42 43 44 45 46 47 48 49 50 51 52 53 54 55 56 57 58 59 60 61 62 63 64 65 66 67 68 69 70 71 72 73 74 75 76 77 78 79 80 81 82 83 84 85 86 87 88 89 90 91 92 93 94 95 96 97 98 99 100",171101703
facts,default,3,filler,140,D,D,1,-1,0,0,stop,4,0,qwen3.6-27b,Answer: D,"What is the first letter of the capital city of the country whose currency is the taka?

1 2 3 4 5 6 7 8 9 10 11 12 13 14 15 16 17 18 19 20 21 22 23 24 25 26 27 28 29 30 31 32 33 34 35 36 37 38 39 40 41 42 43 44 45 46 47 48 49 50 51 52 53 54 55 56 57 58 59 60 61 62 63 64 65 66 67 68 69 70 71 72 73 74 75 76 77 78 79 80 81 82 83 84 85 86 87 88 89 90 91 92 93 94 95 96 97 98 99 100",1018159204
facts,default,3,filler,141,D,D,1,-1,0,0,stop,4,0,qwen3.6-27b,Answer: D,"What is the first letter of the capital city of the country whose currency is the taka?

1 2 3 4 5 6 7 8 9 10 11 12 13 14 15 16 17 18 19 20 21 22 23 24 25 26 27 28 29 30 31 32 33 34 35 36 37 38 39 40 41 42 43 44 45 46 47 48 49 50 51 52 53 54 55 56 57 58 59 60 61 62 63 64 65 66 67 68 69 70 71 72 73 74 75 76 77 78 79 80 81 82 83 84 85 86 87 88 89 90 91 92 93 94 95 96 97 98 99 100",1269354738
facts,default,3,filler,142,A,A,1,-1,0,0,stop,4,0,qwen3.6-27b,Answer: A,"What is the first letter of the capital city of the country whose currency is the birr?

1 2 3 4 5 6 7 8 9 10 11 12 13 14 15 16 17 18 19 20 21 22 23 24 25 26 27 28 29 30 31 32 33 34 35 36 37 38 39 40 41 42 43 44 45 46 47 48 49 50 51 52 53 54 55 56 57 58 59 60 61 62 63 64 65 66 67 68 69 70 71 72 73 74 75 76 77 78 79 80 81 82 83 84 85 86 87 88 89 90 91 92 93 94 95 96 97 98 99 100",3533799752
facts,default,3,filler,143,K,K,1,-1,0,0,stop,4,0,qwen3.6-27b,Answer: K,"What is the first letter of the capital city of the country whose currency is the hryvnia?

1 2 3 4 5 6 7 8 9 10 11 12 13 14 15 16 17 18 19 20 21 22 23 24 25 26 27 28 29 30 31 32 33 34 35 36 37 38 39 40 41 42 43 44 45 46 47 48 49 50 51 52 53 54 55 56 57 58 59 60 61 62 63 64 65 66 67 68 69 70 71 72 73 74 75 76 77 78 79 80 81 82 83 84 85 86 87 88 89 90 91 92 93 94 95 96 97 98 99 100",2779165150
facts,default,3,filler,144,P,P,1,-1,0,0,stop,4,0,qwen3.6-27b,Answer: P,"What is the first letter of the capital city of the country whose currency is the riel?

1 2 3 4 5 6 7 8 9 10 11 12 13 14 15 16 17 18 19 20 21 22 23 24 25 26 27 28 29 30 31 32 33 34 35 36 37 38 39 40 41 42 43 44 45 46 47 48 49 50 51 52 53 54 55 56 57 58 59 60 61 62 63 64 65 66 67 68 69 70 71 72 73 74 75 76 77 78 79 80 81 82 83 84 85 86 87 88 89 90 91 92 93 94 95 96 97 98 99 100",1002579069
facts,default,3,filler,145,Y,N,0,-1,0,0,stop,4,0,qwen3.6-27b,Answer: N,"What is the first letter of the capital city of the country whose currency is the kyat?

1 2 3 4 5 6 7 8 9 10 11 12 13 14 15 16 17 18 19 20 21 22 23 24 25 26 27 28 29 30 31 32 33 34 35 36 37 38 39 40 41 42 43 44 45 46 47 48 49 50 51 52 53 54 55 56 57 58 59 60 61 62 63 64 65 66 67 68 69 70 71 72 73 74 75 76 77 78 79 80 81 82 83 84 85 86 87 88 89 90 91 92 93 94 95 96 97 98 99 100",1287984363
facts,default,3,filler,146,C,C,1,-1,0,0,stop,4,0,qwen3.6-27b,Answer: C,"What is the first letter of the capital city of the country whose currency is the bolivar?

1 2 3 4 5 6 7 8 9 10 11 12 13 14 15 16 17 18 19 20 21 22 23 24 25 26 27 28 29 30 31 32 33 34 35 36 37 38 39 40 41 42 43 44 45 46 47 48 49 50 51 52 53 54 55 56 57 58 59 60 61 62 63 64 65 66 67 68 69 70 71 72 73 74 75 76 77 78 79 80 81 82 83 84 85 86 87 88 89 90 91 92 93 94 95 96 97 98 99 100",3586934097
facts,default,3,filler,147,S,S,1,-1,0,0,stop,4,0,qwen3.6-27b,Answer: S,"What is the first letter of the capital city of the country whose currency is the krona?

1 2 3 4 5 6 7 8 9 10 11 12 13 14 15 16 17 18 19 20 21 22 23 24 25 26 27 28 29 30 31 32 33 34 35 36 37 38 39 40 41 42 43 44 45 46 47 48 49 50 51 52 53 54 55 56 57 58 59 60 61 62 63 64 65 66 67 68 69 70 71 72 73 74 75 76 77 78 79 80 81 82 83 84 85 86 87 88 89 90 91 92 93 94 95 96 97 98 99 100",2731242951
facts,default,3,filler,148,V,V,1,-1,0,0,stop,4,0,qwen3.6-27b,Answer: V,"What is the first letter of the capital city of the country whose currency is the kip?

1 2 3 4 5 6 7 8 9 10 11 12 13 14 15 16 17 18 19 20 21 22 23 24 25 26 27 28 29 30 31 32 33 34 35 36 37 38 39 40 41 42 43 44 45 46 47 48 49 50 51 52 53 54 55 56 57 58 59 60 61 62 63 64 65 66 67 68 69 70 71 72 73 74 75 76 77 78 79 80 81 82 83 84 85 86 87 88 89 90 91 92 93 94 95 96 97 98 99 100",846489686
facts,default,3,filler,149,B,B,1,-1,0,0,stop,4,0,qwen3.6-27b,Answer: B,"What is the first letter of the capital city of the country whose currency is the forint?

1 2 3 4 5 6 7 8 9 10 11 12 13 14 15 16 17 18 19 20 21 22 23 24 25 26 27 28 29 30 31 32 33 34 35 36 37 38 39 40 41 42 43 44 45 46 47 48 49 50 51 52 53 54 55 56 57 58 59 60 61 62 63 64 65 66 67 68 69 70 71 72 73 74 75 76 77 78 79 80 81 82 83 84 85 86 87 88 89 90 91 92 93 94 95 96 97 98 99 100",1165187264
facts,default,3,cot,0,A,A,1,-1,0,0,stop,302,247,qwen3.6-27b,"The tenge is the currency of Kazakhstan. The capital of Kazakhstan is Astana. Its first letter is A.

Answer: A",What is the first letter of the capital city of the country whose currency is the tenge?,2863138534
facts,default,3,cot,1,T,T,1,-1,0,0,stop,249,220,qwen3.6-27b,"The lari is the currency of Georgia. The capital of Georgia is Tbilisi. Its first letter is T.
Answer: T",What is the first letter of the capital city of the country whose currency is the lari?,3719247472
facts,default,3,cot,2,P,,0,-1,0,0,length,4000,3744,qwen3.6-27b,,What is the first letter of the capital city of the country whose currency is the koruna?,1151756234
facts,default,3,cot,3,L,L,1,-1,0,0,stop,252,222,qwen3.6-27b,"The sol is the currency of Peru. The capital of Peru is Lima. Its first letter is L.
Answer: L",What is the first letter of the capital city of the country whose currency is the sol?,866211676
facts,default,3,cot,4,D,D,1,-1,0,0,stop,269,238,qwen3.6-27b,"The taka is the currency of Bangladesh. The capital of Bangladesh is Dhaka. Its first letter is D.
Answer: D",What is the first letter of the capital city of the country whose currency is the taka?,2915418879
facts,default,3,cot,5,Y,,0,-1,0,0,length,4000,3665,qwen3.6-27b,,What is the first letter of the capital city of the country whose currency is the dram?,3670209129
facts,default,3,cot,6,B,B,1,-1,0,0,stop,254,223,qwen3.6-27b,"The yuan is the currency of China. The capital of China is Beijing. Its first letter is B.
Answer: B",What is the first letter of the capital city of the country whose currency is the yuan?,1137419219
facts,default,3,cot,7,K,K,1,-1,0,0,stop,888,830,qwen3.6-27b,"The afghani is the currency of Afghanistan. The capital of Afghanistan is Kabul. Its first letter is K.
Answer: K",What is the first letter of the capital city of the country whose currency is the afghani?,885822277
facts,default,3,cot,8,W,W,1,-1,0,0,stop,288,243,qwen3.6-27b,"The zloty is the currency of Poland. The capital of Poland is Warsaw. Its first letter is W.
Answer: W",What is the first letter of the capital city of the country whose currency is the zloty?,2759036628
facts,default,3,cot,9,P,P,1,-1,0,0,stop,1276,1258,qwen3.6-27b,"The rand is the currency of South Africa. South Africa has three capital cities, but Pretoria is the administrative capital and is most commonly cited as the capital. Its first letter is P.

Answer: P",What is the first letter of the capital city of the country whose currency is the rand?,3547643458
facts,default,3,cot,10,S,S,1,-1,0,0,stop,1219,1191,qwen3.6-27b,"The krona is the currency of Sweden. The capital of Sweden is Stockholm. Its first letter is S.
Answer: S",What is the first letter of the capital city of the country whose currency is the krona?,2751660331
facts,default,3,cot,11,B,B,1,-1,0,0,stop,902,866,qwen3.6-27b,"The yuan is the currency of China. The capital of China is Beijing. Its first letter is B.
Answer: B",What is the first letter of the capital city of the country whose currency is the yuan?,3540267453
facts,default,3,cot,12,J,J,1,-1,0,0,stop,631,600,qwen3.6-27b,"The shekel is the currency of Israel. The capital city of Israel is Jerusalem. The first letter of Jerusalem is J.

Answer: J",What is the first letter of the capital city of the country whose currency is the shekel?,1242390535
facts,default,3,cot,13,A,A,1,-1,0,0,stop,641,549,qwen3.6-27b,"The tenge is the currency of Kazakhstan. The capital of Kazakhstan is Astana. Its first letter is A.

Answer: A",What is the first letter of the capital city of the country whose currency is the tenge?,1024086161
facts,default,3,cot,14,V,V,1,-1,0,0,stop,274,245,qwen3.6-27b,"The kip is the currency of Laos. The capital of Laos is Vientiane. Its first letter is V.

Answer: V",What is the first letter of the capital city of the country whose currency is the kip?,2741945650
facts,default,3,cot,15,B,B,1,-1,0,0,stop,1155,1093,qwen3.6-27b,"The leu is the official currency of Romania. The capital city of Romania is Bucharest. The first letter of Bucharest is B.

Answer: B",What is the first letter of the capital city of the country whose currency is the leu?,3563713956
facts,default,3,cot,16,K,K,1,-1,0,0,stop,216,187,qwen3.6-27b,"The afghani is the currency of Afghanistan. The capital of Afghanistan is Kabul. Its first letter is K.
Answer: K",What is the first letter of the capital city of the country whose currency is the afghani?,1298179102
facts,default,3,cot,17,B,,0,-1,0,0,length,4000,4000,qwen3.6-27b,,What is the first letter of the capital city of the country whose currency is the manat?,979866760
facts,default,3,cot,18,B,B,1,-1,0,0,stop,575,530,qwen3.6-27b,"The yuan is the currency of China. The capital of China is Beijing. Its first letter is B.

Answer: B",What is the first letter of the capital city of the country whose currency is the yuan?,2866317593
facts,default,3,cot,19,B,B,1,-1,0,0,stop,203,173,qwen3.6-27b,"The forint is the currency of Hungary. The capital of Hungary is Budapest. Its first letter is B.
Answer: B",What is the first letter of the capital city of the country whose currency is the forint?,3722426767
facts,default,3,cot,20,L,L,1,-1,0,0,stop,548,477,qwen3.6-27b,"The sol is the currency of Peru. The capital of Peru is Lima. Its first letter is L.

Answer: L",What is the first letter of the capital city of the country whose currency is the sol?,2402177768
facts,default,3,cot,21,A,A,1,-1,0,0,stop,195,166,qwen3.6-27b,"The cedi is the currency of Ghana. The capital of Ghana is Accra. Its first letter is A.
Answer: A",What is the first letter of the capital city of the country whose currency is the cedi?,4163461758
facts,default,3,cot,22,J,J,1,-1,0,0,stop,433,401,qwen3.6-27b,"The rupiah is the currency of Indonesia. The capital of Indonesia is Jakarta. Its first letter is J.

Answer: J",What is the first letter of the capital city of the country whose currency is the rupiah?,1629500356
facts,default,3,cot,23,A,A,1,-1,0,0,stop,266,237,qwen3.6-27b,"The naira is the currency of Nigeria. The capital of Nigeria is Abuja. Its first letter is A.
Answer: A",What is the first letter of the capital city of the country whose currency is the naira?,371655506
facts,default,3,cot,24,S,S,1,-1,0,0,stop,519,491,qwen3.6-27b,"The lev is the currency of Bulgaria. The capital of Bulgaria is Sofia. Its first letter is S.
Answer: S",What is the first letter of the capital city of the country whose currency is the lev?,2286130929
facts,default,3,cot,25,T,T,1,-1,0,0,stop,245,209,qwen3.6-27b,"The yen is the currency of Japan. The capital of Japan is Tokyo. Its first letter is T.
Answer: T",What is the first letter of the capital city of the country whose currency is the yen?,4282689127
facts,default,3,cot,26,M,M,1,-1,0,0,stop,304,276,qwen3.6-27b,"The ruble is the currency of Russia. The capital of Russia is Moscow. Its first letter is M.
Answer: M",What is the first letter of the capital city of the country whose currency is the ruble?,1716385757
facts,default,3,cot,27,H,H,1,-1,0,0,stop,187,159,qwen3.6-27b,"The dong is the currency of Vietnam. The capital of Vietnam is Hanoi. Its first letter is H.
Answer: H",What is the first letter of the capital city of the country whose currency is the dong?,290113355
facts,default,3,cot,28,W,W,1,-1,0,0,stop,564,505,qwen3.6-27b,"The zloty is the currency of Poland. The capital of Poland is Warsaw. Its first letter is W.
Answer: W",What is the first letter of the capital city of the country whose currency is the zloty?,2180373210
facts,default,3,cot,29,K,K,1,-1,0,0,stop,856,823,qwen3.6-27b,"The afghani is the official currency of Afghanistan. The capital city of Afghanistan is Kabul. The first letter of Kabul is K.

Answer: K",What is the first letter of the capital city of the country whose currency is the afghani?,4143114828
facts,default,3,cot,30,J,J,1,-1,0,0,stop,244,211,qwen3.6-27b,"The rupiah is the currency of Indonesia. The capital city of Indonesia is Jakarta. The first letter of Jakarta is J.

Answer: J",What is the first letter of the capital city of the country whose currency is the rupiah?,2520081321
facts,default,3,cot,31,D,D,1,-1,0,0,stop,259,231,qwen3.6-27b,"The taka is the currency of Bangladesh. The capital of Bangladesh is Dhaka. Its first letter is D.
Answer: D",What is the first letter of the capital city of the country whose currency is the taka?,3778171711
facts,default,3,cot,32,W,W,1,-1,0,0,stop,804,775,qwen3.6-27b,"The zloty is the currency of Poland. The capital of Poland is Warsaw. Its first letter is W.

Answer: W",What is the first letter of the capital city of the country whose currency is the zloty?,2017133189
facts,default,3,cot,33,K,K,1,-1,0,0,stop,195,158,qwen3.6-27b,"The hryvnia is the currency of Ukraine. The capital of Ukraine is Kyiv. Its first letter is K.
Answer: K",What is the first letter of the capital city of the country whose currency is the hryvnia?,255603219
facts,default,3,cot,34,T,T,1,-1,0,0,stop,502,470,qwen3.6-27b,"The lari is the currency of Georgia. The capital of Georgia is Tbilisi. Its first letter is T.
Answer: T",What is the first letter of the capital city of the country whose currency is the lari?,2438506416
facts,default,3,cot,35,M,M,1,-1,0,0,stop,491,463,qwen3.6-27b,"The ruble is the currency of Russia. The capital of Russia is Moscow. Its first letter is M.
Answer: M",What is the first letter of the capital city of the country whose currency is the ruble?,3865024294
facts,default,3,cot,36,B,B,1,-1,0,0,stop,370,343,qwen3.6-27b,"The yuan is the currency of China. The capital of China is Beijing. Its first letter is B.
Answer: B",What is the first letter of the capital city of the country whose currency is the yuan?,2136393372
facts,default,3,cot,37,A,A,1,-1,0,0,stop,465,409,qwen3.6-27b,"The tenge is the currency of Kazakhstan. The capital of Kazakhstan is Astana. Its first letter is A.

Answer: A",What is the first letter of the capital city of the country whose currency is the tenge?,139589130
facts,default,3,cot,38,M,M,1,-1,0,0,stop,466,438,qwen3.6-27b,"The ruble is the currency of Russia. The capital of Russia is Moscow. Its first letter is M.
Answer: M",What is the first letter of the capital city of the country whose currency is the ruble?,2565794715
facts,default,3,cot,39,Y,Y,1,-1,0,0,stop,331,302,qwen3.6-27b,"The dram is the currency of Armenia. The capital of Armenia is Yerevan. Its first letter is Y.

Answer: Y",What is the first letter of the capital city of the country whose currency is the dram?,4025080589
facts,default,3,cot,40,Y,N,0,-1,0,0,stop,397,363,qwen3.6-27b,"The kyat is the currency of Myanmar. The capital of Myanmar is Naypyidaw. Its first letter is N.
Answer: N",What is the first letter of the capital city of the country whose currency is the kyat?,3648320878
facts,default,3,cot,41,A,A,1,-1,0,0,stop,423,392,qwen3.6-27b,"The birr is the currency of Ethiopia. The capital of Ethiopia is Addis Ababa. Its first letter is A.
Answer: A",What is the first letter of the capital city of the country whose currency is the birr?,2926822904
facts,default,3,cot,42,M,M,1,-1,0,0,stop,435,407,qwen3.6-27b,"The ruble is the currency of Russia. The capital of Russia is Moscow. Its first letter is M.
Answer: M",What is the first letter of the capital city of the country whose currency is the ruble?,930780226
facts,default,3,cot,43,A,A,1,-1,0,0,stop,211,173,qwen3.6-27b,"The cedi is the currency of Ghana. The capital of Ghana is Accra. Its first letter is A.

Answer: A",What is the first letter of the capital city of the country whose currency is the cedi?,1081976020
facts,default,3,cot,44,P,P,1,-1,0,0,stop,849,779,qwen3.6-27b,"The koruna is the currency of the Czech Republic (Czechia). The capital of Czechia is Prague. Its first letter is P.
Answer: P",What is the first letter of the capital city of the country whose currency is the koruna?,3726193015
facts,default,3,cot,45,L,L,1,-1,0,0,stop,397,336,qwen3.6-27b,"The sol is the currency of Peru. The capital of Peru is Lima. Its first letter is L.
Answer: L",What is the first letter of the capital city of the country whose currency is the sol?,2837316065
facts,default,3,cot,46,K,K,1,-1,0,0,stop,900,865,qwen3.6-27b,"The hryvnia is the official currency of Ukraine. The capital city of Ukraine is Kyiv. The first letter of Kyiv is K.

Answer: K",What is the first letter of the capital city of the country whose currency is the hryvnia?,806834267
facts,default,3,cot,47,D,D,1,-1,0,0,stop,248,216,qwen3.6-27b,"The taka is the currency of Bangladesh. The capital city of Bangladesh is Dhaka. The first letter of Dhaka is D.

Answer: D",What is the first letter of the capital city of the country whose currency is the taka?,1192255693
facts,default,3,cot,48,W,W,1,-1,0,0,stop,272,243,qwen3.6-27b,"The zloty is the currency of Poland. The capital of Poland is Warsaw. Its first letter is W.
Answer: W",What is the first letter of the capital city of the country whose currency is the zloty?,3618602332
facts,default,3,cot,49,A,A,1,-1,0,0,stop,272,225,qwen3.6-27b,"The naira is the currency of Nigeria. The capital of Nigeria is Abuja. Its first letter is A.
Answer: A",What is the first letter of the capital city of the country whose currency is the naira?,2695384522
facts,default,3,cot,50,S,,0,-1,0,0,length,4000,3856,qwen3.6-27b,,What is the first letter of the capital city of the country whose currency is the won?,3228550191
facts,default,3,cot,51,A,A,1,-1,0,0,stop,398,346,qwen3.6-27b,"The tenge is the currency of Kazakhstan. The capital of Kazakhstan is Astana. Its first letter is A.

Answer: A",What is the first letter of the capital city of the country whose currency is the tenge?,3077108921
facts,default,3,cot,52,J,J,1,-1,0,0,stop,989,1011,qwen3.6-27b,"The rupiah is the official currency of Indonesia. The capital city of Indonesia is Jakarta. The first letter of Jakarta is J.

Answer: J",What is the first letter of the capital city of the country whose currency is the rupiah?,778151171
facts,default,3,cot,53,K,K,1,-1,0,0,stop,212,183,qwen3.6-27b,"The afghani is the currency of Afghanistan. The capital of Afghanistan is Kabul. Its first letter is K.
Answer: K",What is the first letter of the capital city of the country whose currency is the afghani?,1499895189
facts,default,3,cot,54,A,A,1,-1,0,0,stop,421,392,qwen3.6-27b,"The tenge is the currency of Kazakhstan. The capital of Kazakhstan is Astana. Its first letter is A.

Answer: A",What is the first letter of the capital city of the country whose currency is the tenge?,3338797110
facts,default,3,cot,55,L,L,1,-1,0,0,stop,358,328,qwen3.6-27b,"The sol is the currency of Peru. The capital city of Peru is Lima. The first letter of Lima is L.

Answer: L",What is the first letter of the capital city of the country whose currency is the sol?,2953130144
facts,default,3,cot,56,J,J,1,-1,0,0,stop,266,238,qwen3.6-27b,"The shekel is the currency of Israel. The capital of Israel is Jerusalem. Its first letter is J.
Answer: J",What is the first letter of the capital city of the country whose currency is the shekel?,688677146
facts,default,3,cot,57,A,A,1,-1,0,0,stop,172,143,qwen3.6-27b,"The cedi is the currency of Ghana. The capital of Ghana is Accra. Its first letter is A.
Answer: A",What is the first letter of the capital city of the country whose currency is the cedi?,1577800076
facts,default,3,cot,58,J,J,1,-1,0,0,stop,532,505,qwen3.6-27b,"The rupiah is the currency of Indonesia. The capital of Indonesia is Jakarta. Its first letter is J.
Answer: J",What is the first letter of the capital city of the country whose currency is the rupiah?,3467922461
facts,default,3,cot,59,L,L,1,-1,0,0,stop,419,392,qwen3.6-27b,"The sol is the currency of Peru. The capital of Peru is Lima. Its first letter is L.

Answer: L",What is the first letter of the capital city of the country whose currency is the sol?,3115547787
facts,default,3,cot,60,B,B,1,-1,0,0,stop,254,223,qwen3.6-27b,"The yuan is the currency of China. The capital of China is Beijing. Its first letter is B.
Answer: B",What is the first letter of the capital city of the country whose currency is the yuan?,3947010028
facts,default,3,cot,61,M,M,1,-1,0,0,stop,454,426,qwen3.6-27b,"The ruble is the currency of Russia. The capital of Russia is Moscow. Its first letter is M.
Answer: M",What is the first letter of the capital city of the country whose currency is the ruble?,2621810554
facts,default,3,cot,62,B,B,1,-1,0,0,stop,215,187,qwen3.6-27b,"The baht is the currency of Thailand. The capital of Thailand is Bangkok. Its first letter is B.

Answer: B",What is the first letter of the capital city of the country whose currency is the baht?,88929984
facts,default,3,cot,63,L,L,1,-1,0,0,stop,363,336,qwen3.6-27b,"The sol is the currency of Peru. The capital of Peru is Lima. Its first letter is L.
Answer: L",What is the first letter of the capital city of the country whose currency is the sol?,1917568598
facts,default,3,cot,64,C,C,1,-1,0,0,stop,203,171,qwen3.6-27b,"The bolívar is the currency of Venezuela. The capital of Venezuela is Caracas. Its first letter is C.
Answer: C",What is the first letter of the capital city of the country whose currency is the bolivar?,3962524661
facts,default,3,cot,65,J,,0,-1,0,0,length,4000,3702,qwen3.6-27b,,What is the first letter of the capital city of the country whose currency is the rupiah?,2603115363
facts,default,3,cot,66,D,D,1,-1,0,0,stop,212,176,qwen3.6-27b,"The taka is the currency of Bangladesh. The capital of Bangladesh is Dhaka. Its first letter is D.

Answer: D",What is the first letter of the capital city of the country whose currency is the taka?,35730137
facts,default,3,cot,67,A,A,1,-1,0,0,stop,248,215,qwen3.6-27b,"The cedi is the currency of Ghana. The capital city of Ghana is Accra. The first letter of Accra is A.

Answer: A",What is the first letter of the capital city of the country whose currency is the cedi?,1965425231
facts,default,3,cot,68,M,M,1,-1,0,0,stop,408,377,qwen3.6-27b,"The ruble is the currency of Russia. The capital of Russia is Moscow. Its first letter is M.
Answer: M",What is the first letter of the capital city of the country whose currency is the ruble?,3852017630
facts,default,3,cot,69,A,A,1,-1,0,0,stop,259,230,qwen3.6-27b,"The naira is the currency of Nigeria. The capital of Nigeria is Abuja. Its first letter is A.
Answer: A",What is the first letter of the capital city of the country whose currency is the naira?,2459840328
facts,default,3,cot,70,A,A,1,-1,0,0,stop,214,185,qwen3.6-27b,"The cedi is the currency of Ghana. The capital of Ghana is Accra. Its first letter is A.

Answer: A",What is the first letter of the capital city of the country whose currency is the cedi?,4065961645
facts,default,3,cot,71,J,J,1,-1,0,0,stop,339,312,qwen3.6-27b,"The rupiah is the currency of Indonesia. The capital of Indonesia is Jakarta. Its first letter is J.
Answer: J",What is the first letter of the capital city of the country whose currency is the rupiah?,2237568571
facts,default,3,cot,72,B,B,1,-1,0,0,stop,829,724,qwen3.6-27b,"The currency known as the yuan (specifically the renminbi) is used in China. The capital city of China is Beijing. The first letter of Beijing is B.

Answer: B",What is the first letter of the capital city of the country whose currency is the yuan?,475514753
facts,default,3,cot,73,P,P,1,-1,0,0,stop,620,588,qwen3.6-27b,"The koruna is the currency of the Czech Republic. The capital of the Czech Republic is Prague. Its first letter is P.
Answer: P",What is the first letter of the capital city of the country whose currency is the koruna?,1800468247
facts,default,3,cot,74,V,V,1,-1,0,0,stop,269,240,qwen3.6-27b,"The kip is the currency of Laos. The capital of Laos is Vientiane. Its first letter is V.

Answer: V",What is the first letter of the capital city of the country whose currency is the kip?,4113851060
facts,default,3,cot,75,B,B,1,-1,0,0,stop,163,135,qwen3.6-27b,"The baht is the currency of Thailand. The capital of Thailand is Bangkok. Its first letter is B.
Answer: B",What is the first letter of the capital city of the country whose currency is the baht?,2184401442
facts,default,3,cot,76,L,L,1,-1,0,0,stop,626,599,qwen3.6-27b,"The sol is the currency of Peru. The capital of Peru is Lima. Its first letter is L.
Answer: L",What is the first letter of the capital city of the country whose currency is the sol?,456786840
facts,default,3,cot,77,J,J,1,-1,0,0,stop,247,210,qwen3.6-27b,"

The rupiah is the currency of Indonesia. The capital of Indonesia is Jakarta. Its first letter is J.

Answer: J",What is the first letter of the capital city of the country whose currency is the rupiah?,1815950094
facts,default,3,cot,78,P,P,1,-1,0,0,stop,1045,986,qwen3.6-27b,"The koruna is the currency of the Czech Republic. The capital of the Czech Republic is Prague. Its first letter is P.
Answer: P",What is the first letter of the capital city of the country whose currency is the koruna?,4236390047
facts,default,3,cot,79,P,,0,-1,0,0,length,4000,4000,qwen3.6-27b,,What is the first letter of the capital city of the country whose currency is the rand?,2340757001
facts,default,3,cot,80,A,A,1,-1,0,0,stop,860,831,qwen3.6-27b,"The tenge is the currency of Kazakhstan. The capital of Kazakhstan is Astana. Its first letter is A.
Answer: A",What is the first letter of the capital city of the country whose currency is the tenge?,1975630434
facts,default,3,cot,81,W,W,1,-1,0,0,stop,257,228,qwen3.6-27b,"The zloty is the currency of Poland. The capital of Poland is Warsaw. Its first letter is W.
Answer: W",What is the first letter of the capital city of the country whose currency is the zloty?,46566132
facts,default,3,cot,82,S,S,1,-1,0,0,stop,736,718,qwen3.6-27b,"The won is the currency of South Korea. The capital of South Korea is Seoul. Its first letter is S.
Answer: S",What is the first letter of the capital city of the country whose currency is the won?,2614090574
facts,default,3,cot,83,L,L,1,-1,0,0,stop,391,361,qwen3.6-27b,"The sol is the currency of Peru. The capital of Peru is Lima. Its first letter is L.
Answer: L",What is the first letter of the capital city of the country whose currency is the sol?,3972590552
facts,default,3,cot,84,S,S,1,-1,0,0,stop,705,676,qwen3.6-27b,"The won is the currency of South Korea. The capital of South Korea is Seoul. Its first letter is S.
Answer: S",What is the first letter of the capital city of the country whose currency is the won?,1923907195
facts,default,3,cot,85,T,T,1,-1,0,0,stop,454,427,qwen3.6-27b,"The yen is the currency of Japan. The capital of Japan is Tokyo. Its first letter is T.
Answer: T",What is the first letter of the capital city of the country whose currency is the yen?,95112941
facts,default,3,cot,86,M,M,1,-1,0,0,stop,214,190,qwen3.6-27b,"The ruble is the currency of Russia. The capital of Russia is Moscow. Its first letter is M.

Answer: M",What is the first letter of the capital city of the country whose currency is the ruble?,2627870551
facts,default,3,cot,87,B,B,1,-1,0,0,stop,363,333,qwen3.6-27b,"The yuan is the currency of China. The capital city of China is Beijing. The first letter of Beijing is B.

Answer: B",What is the first letter of the capital city of the country whose currency is the yuan?,3953471425
facts,default,3,cot,88,M,M,1,-1,0,0,stop,251,223,qwen3.6-27b,"The ruble is the currency of Russia. The capital of Russia is Moscow. Its first letter is M.
Answer: M",What is the first letter of the capital city of the country whose currency is the ruble?,2065314384
facts,default,3,cot,89,K,K,1,-1,0,0,stop,208,178,qwen3.6-27b,"The afghani is the currency of Afghanistan. The capital of Afghanistan is Kabul. Its first letter is K.
Answer: K",What is the first letter of the capital city of the country whose currency is the afghani?,203227846
facts,default,3,cot,90,H,H,1,-1,0,0,stop,269,231,qwen3.6-27b,"The dong is the currency of Vietnam. The capital of Vietnam is Hanoi. Its first letter is H.
Answer: H",What is the first letter of the capital city of the country whose currency is the dong?,1826261795
facts,default,3,cot,91,P,P,1,-1,0,0,stop,642,607,qwen3.6-27b,"The koruna is the currency of the Czech Republic. The capital of the Czech Republic is Prague. Its first letter is P.
Answer: P",What is the first letter of the capital city of the country whose currency is the koruna?,467516341
facts,default,3,cot,92,T,T,1,-1,0,0,stop,217,187,qwen3.6-27b,"The yen is the currency of Japan. The capital of Japan is Tokyo. Its first letter is T.
Answer: T",What is the first letter of the capital city of the country whose currency is the yen?,2194991631
facts,default,3,cot,93,V,V,1,-1,0,0,stop,333,277,qwen3.6-27b,"The kip is the currency of Laos. The capital of Laos is Vientiane. Its first letter is V.
Answer: V",What is the first letter of the capital city of the country whose currency is the kip?,4124301977
facts,default,3,cot,94,Y,N,0,-1,0,0,stop,435,375,qwen3.6-27b,"The kyat is the currency of Myanmar. The capital of Myanmar is Naypyidaw. Its first letter is N.

Answer: N",What is the first letter of the capital city of the country whose currency is the kyat?,1807175482
facts,default,3,cot,95,L,L,1,-1,0,0,stop,436,369,qwen3.6-27b,"The sol is the currency of Peru. The capital of Peru is Lima. Its first letter is L.

Answer: L",What is the first letter of the capital city of the country whose currency is the sol?,481329068
facts,default,3,cot,96,M,M,1,-1,0,0,stop,443,390,qwen3.6-27b,"The ruble is the currency of Russia. The capital of Russia is Moscow. Its first letter is M.
Answer: M",What is the first letter of the capital city of the country whose currency is the ruble?,2243505686
facts,default,3,cot,97,V,V,1,-1,0,0,stop,442,379,qwen3.6-27b,"The kip is the currency of Laos. The capital city of Laos is Vientiane. The first letter of Vientiane is V.

Answer: V",What is the first letter of the capital city of the country whose currency is the kip?,4072545920
facts,default,3,cot,98,K,K,1,-1,0,0,stop,218,184,qwen3.6-27b,"

The afghani is the currency of Afghanistan. The capital of Afghanistan is Kabul. Its first letter is K.

Answer: K",What is the first letter of the capital city of the country whose currency is the afghani?,1644233489
facts,default,3,cot,99,D,D,1,-1,0,0,stop,254,213,qwen3.6-27b,"The taka is the currency of Bangladesh. The capital of Bangladesh is Dhaka. Its first letter is D.
Answer: D",What is the first letter of the capital city of the country whose currency is the taka?,352727943
facts,default,3,cot,100,S,S,1,-1,0,0,stop,1594,1504,qwen3.6-27b,"The krona is the currency of Sweden. The capital of Sweden is Stockholm. Its first letter is S.
Answer: S",What is the first letter of the capital city of the country whose currency is the krona?,1489184096
facts,default,3,cot,101,K,K,1,-1,0,0,stop,269,227,qwen3.6-27b,"The afghani is the currency of Afghanistan. The capital of Afghanistan is Kabul. Its first letter is K.
Answer: K",What is the first letter of the capital city of the country whose currency is the afghani?,801379830
facts,default,3,cot,102,V,V,1,-1,0,0,stop,686,654,qwen3.6-27b,"The kip is the currency of Laos. The capital of Laos is Vientiane. Its first letter is V.
Answer: V",What is the first letter of the capital city of the country whose currency is the kip?,3066905676
facts,default,3,cot,103,T,T,1,-1,0,0,stop,246,219,qwen3.6-27b,"The yen is the currency of Japan. The capital of Japan is Tokyo. Its first letter is T.
Answer: T",What is the first letter of the capital city of the country whose currency is the yen?,3251270874
facts,default,3,cot,104,B,B,1,-1,0,0,stop,1021,1019,qwen3.6-27b,"

The forint is the currency of Hungary. The capital of Hungary is Budapest. Its first letter is B.
Answer: B",What is the first letter of the capital city of the country whose currency is the forint?,1605296505
facts,default,3,cot,105,H,H,1,-1,0,0,stop,215,177,qwen3.6-27b,"The dong is the currency of Vietnam. The capital of Vietnam is Hanoi. Its first letter is H.

Answer: H",What is the first letter of the capital city of the country whose currency is the dong?,682217967
facts,default,3,cot,106,S,S,1,-1,0,0,stop,1231,1166,qwen3.6-27b,"The krona is the currency of Sweden. The capital of Sweden is Stockholm. Its first letter is S.
Answer: S",What is the first letter of the capital city of the country whose currency is the krona?,2980085845
facts,default,3,cot,107,T,T,1,-1,0,0,stop,212,176,qwen3.6-27b,"The lari is the currency of Georgia. The capital of Georgia is Tbilisi. Its first letter is T.
Answer: T",What is the first letter of the capital city of the country whose currency is the lari?,3332878531
facts,default,3,cot,108,P,P,1,-1,0,0,stop,923,874,qwen3.6-27b,"The koruna is the currency of the Czech Republic. The capital of the Czech Republic is Prague. Its first letter is P.
Answer: P",What is the first letter of the capital city of the country whose currency is the koruna?,1444457810
facts,default,3,cot,109,A,A,1,-1,0,0,stop,232,188,qwen3.6-27b,"The naira is the currency of Nigeria. The capital of Nigeria is Abuja. Its first letter is A.
Answer: A",What is the first letter of the capital city of the country whose currency is the naira?,555720132
facts,default,3,cot,110,K,K,1,-1,0,0,stop,212,181,qwen3.6-27b,"The afghani is the currency of Afghanistan. The capital of Afghanistan is Kabul. Its first letter is K.
Answer: K",What is the first letter of the capital city of the country whose currency is the afghani?,1104679969
facts,default,3,cot,111,K,K,1,-1,0,0,stop,214,177,qwen3.6-27b,"The hryvnia is the currency of Ukraine. The capital of Ukraine is Kyiv. Its first letter is K.
Answer: K",What is the first letter of the capital city of the country whose currency is the hryvnia?,920593591
facts,default,3,cot,112,B,B,1,-1,0,0,stop,163,141,qwen3.6-27b,"The forint is the currency of Hungary. The capital of Hungary is Budapest. Its first letter is B.
Answer: B",What is the first letter of the capital city of the country whose currency is the forint?,2950067469
facts,default,3,cot,113,Y,N,0,-1,0,0,stop,389,316,qwen3.6-27b,"The kyat is the currency of Myanmar. The capital of Myanmar is Naypyidaw. Its first letter is N.

Answer: N",What is the first letter of the capital city of the country whose currency is the kyat?,3637593499
facts,default,3,cot,114,B,B,1,-1,0,0,stop,1022,993,qwen3.6-27b,"The manat is the currency of Azerbaijan. The capital of Azerbaijan is Baku. Its first letter is B.
Answer: B",What is the first letter of the capital city of the country whose currency is the manat?,1186320440
facts,default,3,cot,115,L,L,1,-1,0,0,stop,605,551,qwen3.6-27b,"The sol is the currency of Peru. The capital of Peru is Lima. Its first letter is L.
Answer: L",What is the first letter of the capital city of the country whose currency is the sol?,833806510
facts,default,3,cot,116,D,D,1,-1,0,0,stop,659,629,qwen3.6-27b,"The taka is the currency of Bangladesh. The capital of Bangladesh is Dhaka. Its first letter is D.
Answer: D",What is the first letter of the capital city of the country whose currency is the taka?,2830872852
facts,default,3,cot,117,B,B,1,-1,0,0,stop,1108,1030,qwen3.6-27b,"The leu is the currency of Romania. The capital of Romania is Bucharest. Its first letter is B.
Answer: B",What is the first letter of the capital city of the country whose currency is the leu?,3753673090
facts,default,3,cot,118,D,D,1,-1,0,0,stop,704,672,qwen3.6-27b,"The taka is the currency of Bangladesh. The capital city of Bangladesh is Dhaka. The first letter of Dhaka is D.

Answer: D",What is the first letter of the capital city of the country whose currency is the taka?,1325636627
facts,default,3,cot,119,B,B,1,-1,0,0,stop,255,228,qwen3.6-27b,"The yuan is the currency of China. The capital of China is Beijing. Its first letter is B.
Answer: B",What is the first letter of the capital city of the country whose currency is the yuan?,939830405
facts,default,3,cot,120,W,W,1,-1,0,0,stop,282,253,qwen3.6-27b,"The zloty is the currency of Poland. The capital of Poland is Warsaw. Its first letter is W.
Answer: W",What is the first letter of the capital city of the country whose currency is the zloty?,1794459618
facts,default,3,cot,121,T,T,1,-1,0,0,stop,209,172,qwen3.6-27b,"The lari is the currency of Georgia. The capital of Georgia is Tbilisi. Its first letter is T.
Answer: T",What is the first letter of the capital city of the country whose currency is the lari?,502429556
facts,default,3,cot,122,D,D,1,-1,0,0,stop,161,130,qwen3.6-27b,"The taka is the currency of Bangladesh. The capital of Bangladesh is Dhaka. Its first letter is D.
Answer: D",What is the first letter of the capital city of the country whose currency is the taka?,2231051982
facts,default,3,cot,123,Y,Y,1,-1,0,0,stop,389,360,qwen3.6-27b,"The dram is the currency of Armenia. The capital of Armenia is Yerevan. Its first letter is Y.

Answer: Y",What is the first letter of the capital city of the country whose currency is the dram?,4093384280
facts,default,3,cot,124,Y,Y,1,-1,0,0,stop,245,210,qwen3.6-27b,"The dram is the currency of Armenia. The capital of Armenia is Yerevan. Its first letter is Y.
Answer: Y",What is the first letter of the capital city of the country whose currency is the dram?,1838711803
facts,default,3,cot,125,H,H,1,-1,0,0,stop,172,141,qwen3.6-27b,"The dong is the currency of Vietnam. The capital of Vietnam is Hanoi. Its first letter is H.
Answer: H",What is the first letter of the capital city of the country whose currency is the dong?,446673773
facts,default,3,cot,126,P,P,1,-1,0,0,stop,199,168,qwen3.6-27b,"The riel is the currency of Cambodia. The capital of Cambodia is Phnom Penh. Its first letter is P.
Answer: P",What is the first letter of the capital city of the country whose currency is the riel?,2207703767
facts,default,3,cot,127,S,S,1,-1,0,0,stop,1451,1371,qwen3.6-27b,"The krona is the currency of Sweden. The capital of Sweden is Stockholm. Its first letter is S.
Answer: S",What is the first letter of the capital city of the country whose currency is the krona?,4103197249
facts,default,3,cot,128,K,K,1,-1,0,0,stop,266,219,qwen3.6-27b,"The afghani is the currency of Afghanistan. The capital of Afghanistan is Kabul. Its first letter is K.
Answer: K",What is the first letter of the capital city of the country whose currency is the afghani?,1680789456
facts,default,3,cot,129,S,S,1,-1,0,0,stop,367,329,qwen3.6-27b,"The lev is the currency of Bulgaria. The capital of Bulgaria is Sofia. Its first letter is S.

Answer: S",What is the first letter of the capital city of the country whose currency is the lev?,321519430
facts,default,3,cot,130,Y,Y,1,-1,0,0,stop,266,237,qwen3.6-27b,"The dram is the currency of Armenia. The capital of Armenia is Yerevan. Its first letter is Y.

Answer: Y",What is the first letter of the capital city of the country whose currency is the dram?,1945007779
facts,default,3,cot,131,S,S,1,-1,0,0,stop,1583,1543,qwen3.6-27b,"The krona is the currency of Sweden. The capital of Sweden is Stockholm. Its first letter is S.
Answer: S",What is the first letter of the capital city of the country whose currency is the krona?,82396725
facts,default,3,cot,132,B,B,1,-1,0,0,stop,488,483,qwen3.6-27b,Answer: B,What is the first letter of the capital city of the country whose currency is the baht?,2648709007
facts,default,3,cot,133,P,P,1,-1,0,0,stop,675,593,qwen3.6-27b,"The riel is the currency of Cambodia. The capital of Cambodia is Phnom Penh. Its first letter is P.
Answer: P",What is the first letter of the capital city of the country whose currency is the riel?,3941017369
facts,default,3,cot,134,A,A,1,-1,0,0,stop,391,330,qwen3.6-27b,"The tenge is the currency of Kazakhstan. The capital of Kazakhstan is Astana. Its first letter is A.

Answer: A",What is the first letter of the capital city of the country whose currency is the tenge?,1954788026
facts,default,3,cot,135,M,M,1,-1,0,0,stop,525,497,qwen3.6-27b,"The ruble is the currency of Russia. The capital of Russia is Moscow. Its first letter is M.
Answer: M",What is the first letter of the capital city of the country whose currency is the ruble?,59015724
facts,default,3,cot,136,A,A,1,-1,0,0,stop,626,594,qwen3.6-27b,"The tenge is the currency of Kazakhstan. The capital of Kazakhstan is Astana. Its first letter is A.

Answer: A",What is the first letter of the capital city of the country whose currency is the tenge?,2592986006
facts,default,3,cot,137,C,C,1,-1,0,0,stop,203,175,qwen3.6-27b,"The bolívar is the currency of Venezuela. The capital of Venezuela is Caracas. Its first letter is C.
Answer: C",What is the first letter of the capital city of the country whose currency is the bolivar?,3985302272
facts,default,3,cot,138,V,V,1,-1,0,0,stop,371,334,qwen3.6-27b,"The currency known as the kip is used in Laos. The capital city of Laos is Vientiane. The first letter of Vientiane is V.

Answer: V",What is the first letter of the capital city of the country whose currency is the kip?,2100690577
facts,default,3,cot,139,D,D,1,-1,0,0,stop,679,625,qwen3.6-27b,"The taka is the currency of Bangladesh. The capital of Bangladesh is Dhaka. Its first letter is D.
Answer: D",What is the first letter of the capital city of the country whose currency is the taka?,171101703
facts,default,3,cot,140,D,D,1,-1,0,0,stop,247,218,qwen3.6-27b,"The taka is the currency of Bangladesh. The capital of Bangladesh is Dhaka. Its first letter is D.
Answer: D",What is the first letter of the capital city of the country whose currency is the taka?,1018159204
facts,default,3,cot,141,D,D,1,-1,0,0,stop,248,217,qwen3.6-27b,"The taka is the currency of Bangladesh. The capital of Bangladesh is Dhaka. Its first letter is D.
Answer: D",What is the first letter of the capital city of the country whose currency is the taka?,1269354738
facts,default,3,cot,142,A,A,1,-1,0,0,stop,574,483,qwen3.6-27b,"The birr is the currency of Ethiopia. The capital of Ethiopia is Addis Ababa. Its first letter is A.
Answer: A",What is the first letter of the capital city of the country whose currency is the birr?,3533799752
facts,default,3,cot,143,K,K,1,-1,0,0,stop,440,399,qwen3.6-27b,"The hryvnia is the currency of Ukraine. The capital of Ukraine is Kyiv. Its first letter is K.
Answer: K",What is the first letter of the capital city of the country whose currency is the hryvnia?,2779165150
facts,default,3,cot,144,P,P,1,-1,0,0,stop,256,204,qwen3.6-27b,"The riel is the currency of Cambodia. The capital of Cambodia is Phnom Penh. Its first letter is P.
Answer: P",What is the first letter of the capital city of the country whose currency is the riel?,1002579069
facts,default,3,cot,145,Y,N,0,-1,0,0,stop,264,233,qwen3.6-27b,"The kyat is the currency of Myanmar. The capital of Myanmar is Naypyidaw. Its first letter is N.

Answer: N",What is the first letter of the capital city of the country whose currency is the kyat?,1287984363
facts,default,3,cot,146,C,C,1,-1,0,0,stop,270,242,qwen3.6-27b,"The bolivar is the currency of Venezuela. The capital of Venezuela is Caracas. Its first letter is C.
Answer: C",What is the first letter of the capital city of the country whose currency is the bolivar?,3586934097
facts,default,3,cot,147,S,S,1,-1,0,0,stop,990,962,qwen3.6-27b,"The krona is the currency of Sweden. The capital of Sweden is Stockholm. Its first letter is S.
Answer: S",What is the first letter of the capital city of the country whose currency is the krona?,2731242951
facts,default,3,cot,148,V,V,1,-1,0,0,stop,277,248,qwen3.6-27b,"The kip is the currency of Laos. The capital of Laos is Vientiane. Its first letter is V.
Answer: V",What is the first letter of the capital city of the country whose currency is the kip?,846489686
facts,default,3,cot,149,B,B,1,-1,0,0,stop,237,208,qwen3.6-27b,"The forint is the currency of Hungary. The capital of Hungary is Budapest. Its first letter is B.
Answer: B",What is the first letter of the capital city of the country whose currency is the forint?,1165187264
facts,default,4,immediate,0,Sulfur,Nitrogen,0,-1,0,0,stop,5,0,qwen3.6-27b,Answer: Nitrogen,Which chemical element has the symbol that is the first letter of the capital city of the country whose currency is the won?,2951155811
facts,default,4,immediate,1,Boron,Carbon,0,-1,0,0,stop,4,0,qwen3.6-27b,Answer: Carbon,Which chemical element has the symbol that is the first letter of the capital city of the country whose currency is the yuan?,3638567157
facts,default,4,immediate,2,Yttrium,Yttrium,1,-1,0,0,stop,7,0,qwen3.6-27b,Answer: Yttrium,Which chemical element has the symbol that is the first letter of the capital city of the country whose currency is the dram?,1105817935
facts,default,4,immediate,3,Yttrium,Yttrium,1,-1,0,0,stop,7,0,qwen3.6-27b,Answer: Yttrium,Which chemical element has the symbol that is the first letter of the capital city of the country whose currency is the dram?,921584089
facts,default,4,immediate,4,Hydrogen,Vanadium,0,-1,0,0,stop,5,0,qwen3.6-27b,Answer: Vanadium,Which chemical element has the symbol that is the first letter of the capital city of the country whose currency is the dong?,2827670650
facts,default,4,immediate,5,Hydrogen,Boron,0,-1,0,0,stop,5,0,qwen3.6-27b,Answer: Boron,Which chemical element has the symbol that is the first letter of the capital city of the country whose currency is the dong?,3750618348
facts,default,4,immediate,6,Phosphorus,Carbon,0,-1,0,0,stop,4,0,qwen3.6-27b,Answer: Carbon,Which chemical element has the symbol that is the first letter of the capital city of the country whose currency is the koruna?,1183102294
facts,default,4,immediate,7,Phosphorus,Helium,0,-1,0,0,stop,5,0,qwen3.6-27b,Answer: Helium,Which chemical element has the symbol that is the first letter of the capital city of the country whose currency is the rand?,830703040
facts,default,4,immediate,8,Boron,Boron,1,-1,0,0,stop,5,0,qwen3.6-27b,Answer: Boron,Which chemical element has the symbol that is the first letter of the capital city of the country whose currency is the leu?,2705102929
facts,default,4,immediate,9,Hydrogen,,0,-1,0,0,stop,3,0,qwen3.6-27b,Answer:,Which chemical element has the symbol that is the first letter of the capital city of the country whose currency is the dong?,3594234055
facts,default,4,immediate,10,Phosphorus,Phosphorus,1,-1,0,0,stop,6,0,qwen3.6-27b,Answer: Phosphorus,Which chemical element has the symbol that is the first letter of the capital city of the country whose currency is the riel?,970209682
facts,default,4,immediate,11,Phosphorus,,0,-1,0,0,stop,3,0,qwen3.6-27b,Answer:,Which chemical element has the symbol that is the first letter of the capital city of the country whose currency is the riel?,1322453252
facts,default,4,immediate,12,Boron,Phosphorus,0,-1,0,0,stop,6,0,qwen3.6-27b,Answer: Phosphorus,Which chemical element has the symbol that is the first letter of the capital city of the country whose currency is the baht?,3621411006
facts,default,4,immediate,13,Phosphorus,,0,-1,0,0,stop,3,0,qwen3.6-27b,Answer:,Which chemical element has the symbol that is the first letter of the capital city of the country whose currency is the riel?,2698864680
facts,default,4,immediate,14,Sulfur,,0,-1,0,0,stop,3,0,qwen3.6-27b,Answer:,Which chemical element has the symbol that is the first letter of the capital city of the country whose currency is the won?,1052376459
facts,default,4,immediate,15,Tungsten,Potassium,0,-1,0,0,stop,5,0,qwen3.6-27b,Answer: Potassium,Which chemical element has the symbol that is the first letter of the capital city of the country whose currency is the zloty?,1237241117
facts,default,4,immediate,16,Sulfur,,0,-1,0,0,stop,3,0,qwen3.6-27b,Answer:,Which chemical element has the symbol that is the first letter of the capital city of the country whose currency is the won?,3501694119
facts,default,4,immediate,17,Potassium,Boron,0,-1,0,0,stop,5,0,qwen3.6-27b,Answer: Boron,Which chemical element has the symbol that is the first letter of the capital city of the country whose currency is the afghani?,2813373489
facts,default,4,immediate,18,Boron,Boron,1,-1,0,0,stop,4,0,qwen3.6-27b,Answer: Boron,Which chemical element has the symbol that is the first letter of the capital city of the country whose currency is the baht?,923775392
facts,default,4,immediate,19,Sulfur,Nitrogen,0,-1,0,0,stop,5,0,qwen3.6-27b,Answer: Nitrogen,Which chemical element has the symbol that is the first letter of the capital city of the country whose currency is the won?,1074299190
facts,default,4,immediate,20,Sulfur,Nitrogen,0,-1,0,0,stop,5,0,qwen3.6-27b,Answer: Nitrogen,Which chemical element has the symbol that is the first letter of the capital city of the country whose currency is the won?,318335569
facts,default,4,immediate,21,Sulfur,,0,-1,0,0,stop,3,0,qwen3.6-27b,Answer:,Which chemical element has the symbol that is the first letter of the capital city of the country whose currency is the won?,1711168199
facts,default,4,immediate,22,Vanadium,Potassium,0,-1,0,0,stop,5,0,qwen3.6-27b,Answer: Potassium,Which chemical element has the symbol that is the first letter of the capital city of the country whose currency is the kip?,4244048765
facts,default,4,immediate,23,Sulfur,,0,-1,0,0,stop,3,0,qwen3.6-27b,Answer:,Which chemical element has the symbol that is the first letter of the capital city of the country whose currency is the won?,2347777003
facts,default,4,immediate,24,Boron,Boron,1,-1,0,0,stop,5,0,qwen3.6-27b,Answer: Boron,Which chemical element has the symbol that is the first letter of the capital city of the country whose currency is the baht?,362065480
facts,default,4,immediate,25,Boron,Boron,1,-1,0,0,stop,5,0,qwen3.6-27b,Answer: Boron,Which chemical element has the symbol that is the first letter of the capital city of the country whose currency is the manat?,1653841630
facts,default,4,immediate,26,Hydrogen,,0,-1,0,0,stop,3,0,qwen3.6-27b,Answer:,Which chemical element has the symbol that is the first letter of the capital city of the country whose currency is the dong?,4221226852
facts,default,4,immediate,27,Phosphorus,Boron,0,-1,0,0,stop,5,0,qwen3.6-27b,Answer: Boron,Which chemical element has the symbol that is the first letter of the capital city of the country whose currency is the riel?,2359164914
facts,default,4,immediate,28,Yttrium,Yttrium,1,-1,0,0,stop,7,0,qwen3.6-27b,Answer: Yttrium,Which chemical element has the symbol that is the first letter of the capital city of the country whose currency is the dram?,472048227
facts,default,4,immediate,29,Boron,Potassium,0,-1,0,0,stop,5,0,qwen3.6-27b,Answer: Potassium,Which chemical element has the symbol that is the first letter of the capital city of the country whose currency is the baht?,1797640949
facts,default,4,immediate,30,Boron,,0,-1,0,0,stop,3,0,qwen3.6-27b,Answer:,Which chemical element has the symbol that is the first letter of the capital city of the country whose currency is the leu?,199383824
facts,default,4,immediate,31,Yttrium,Yttrium,1,-1,0,0,stop,7,0,qwen3.6-27b,Answer: Yttrium,Which chemical element has the symbol that is the first letter of the capital city of the country whose currency is the kyat?,2095410054
facts,default,4,immediate,32,Carbon,,0,-1,0,0,stop,3,0,qwen3.6-27b,Answer:,Which chemical element has the symbol that is the first letter of the capital city of the country whose currency is the bolivar?,3857463868
facts,default,4,immediate,33,Yttrium,Yttrium,1,-1,0,0,stop,7,0,qwen3.6-27b,Answer: Yttrium,Which chemical element has the symbol that is the first letter of the capital city of the country whose currency is the kyat?,2464877226
facts,default,4,immediate,34,Sulfur,,0,-1,0,0,stop,3,0,qwen3.6-27b,Answer:,Which chemical element has the symbol that is the first letter of the capital city of the country whose currency is the lev?,210738953
facts,default,4,immediate,35,Boron,Nitrogen,0,-1,0,0,stop,5,0,qwen3.6-27b,Answer: Nitrogen,Which chemical element has the symbol that is the first letter of the capital city of the country whose currency is the manat?,2072555423
facts,default,4,immediate,36,Phosphorus,Phosphorus,1,-1,0,0,stop,6,0,qwen3.6-27b,Answer: Phosphorus,Which chemical element has the symbol that is the first letter of the capital city of the country whose currency is the koruna?,3800170021
facts,default,4,immediate,37,Carbon,Boron,0,-1,0,0,stop,5,0,qwen3.6-27b,Answer: Boron,Which chemical element has the symbol that is the first letter of the capital city of the country whose currency is the bolivar?,2508639923
facts,default,4,immediate,38,Phosphorus,,0,-1,0,0,stop,2,0,qwen3.6-27b,Answer:,Which chemical element has the symbol that is the first letter of the capital city of the country whose currency is the koruna?,87675682
facts,default,4,immediate,39,Tungsten,Potassium,0,-1,0,0,stop,5,0,qwen3.6-27b,Answer: Potassium,Which chemical element has the symbol that is the first letter of the capital city of the country whose currency is the zloty?,1916724148
facts,default,4,immediate,40,Yttrium,Hydrogen,0,-1,0,0,stop,5,0,qwen3.6-27b,Answer: Hydrogen,Which chemical element has the symbol that is the first letter of the capital city of the country whose currency is the dram?,1151585751
facts,default,4,immediate,41,Boron,B,0,-1,0,0,stop,4,0,qwen3.6-27b,Answer: B,Which chemical element has the symbol that is the first letter of the capital city of the country whose currency is the manat?,866450753
facts,default,4,immediate,42,Carbon,Carbon,1,-1,0,0,stop,4,0,qwen3.6-27b,Answer: Carbon,Which chemical element has the symbol that is the first letter of the capital city of the country whose currency is the bolivar?,2863508731
facts,default,4,immediate,43,Boron,Boron,1,-1,0,0,stop,5,0,qwen3.6-27b,Answer: Boron,Which chemical element has the symbol that is the first letter of the capital city of the country whose currency is the manat?,3718945901
facts,default,4,immediate,44,Boron,,0,-1,0,0,stop,3,0,qwen3.6-27b,Answer:,Which chemical element has the symbol that is the first letter of the capital city of the country whose currency is the yuan?,1137576398
facts,default,4,immediate,45,Sulfur,Boron,0,-1,0,0,stop,4,0,qwen3.6-27b,Answer: Boron,Which chemical element has the symbol that is the first letter of the capital city of the country whose currency is the lev?,885602648
facts,default,4,immediate,46,Phosphorus,Phosphorus,1,-1,0,0,stop,6,0,qwen3.6-27b,Answer: Phosphorus,Which chemical element has the symbol that is the first letter of the capital city of the country whose currency is the riel?,2915068130
facts,default,4,immediate,47,Tungsten,Polonium,0,-1,0,0,stop,5,0,qwen3.6-27b,Answer: Polonium,Which chemical element has the symbol that is the first letter of the capital city of the country whose currency is the zloty?,3670497396
facts,default,4,immediate,48,Potassium,,0,-1,0,0,stop,2,0,qwen3.6-27b,Answer:,Which chemical element has the symbol that is the first letter of the capital city of the country whose currency is the afghani?,1249396197
facts,default,4,immediate,49,Boron,,0,-1,0,0,stop,3,0,qwen3.6-27b,Answer:,Which chemical element has the symbol that is the first letter of the capital city of the country whose currency is the yuan?,1031763315
facts,default,4,immediate,50,Phosphorus,Boron,0,-1,0,0,stop,5,0,qwen3.6-27b,Answer: Boron,Which chemical element has the symbol that is the first letter of the capital city of the country whose currency is the koruna?,1572404374
facts,default,4,immediate,51,Sulfur,Boron,0,-1,0,0,stop,5,0,qwen3.6-27b,Answer: Boron,Which chemical element has the symbol that is the first letter of the capital city of the country whose currency is the won?,717212672
facts,default,4,immediate,52,Sulfur,,0,-1,0,0,stop,3,0,qwen3.6-27b,Answer:,Which chemical element has the symbol that is the first letter of the capital city of the country whose currency is the krona?,3015089594
facts,default,4,immediate,53,Yttrium,Yttrium,1,-1,0,0,stop,7,0,qwen3.6-27b,Answer: Yttrium,Which chemical element has the symbol that is the first letter of the capital city of the country whose currency is the dram?,3299978540
facts,default,4,immediate,54,Yttrium,,0,-1,0,0,stop,3,0,qwen3.6-27b,Answer:,Which chemical element has the symbol that is the first letter of the capital city of the country whose currency is the dram?,1523923087
facts,default,4,immediate,55,Boron,,0,-1,0,0,stop,3,0,qwen3.6-27b,Answer:,Which chemical element has the symbol that is the first letter of the capital city of the country whose currency is the baht?,768739353
facts,default,4,immediate,56,Tungsten,Tungsten,1,-1,0,0,stop,5,0,qwen3.6-27b,Answer: Tungsten,Which chemical element has the symbol that is the first letter of the capital city of the country whose currency is the zloty?,3034274211
facts,default,4,immediate,57,Sulfur,Sulfur,1,-1,0,0,stop,6,0,qwen3.6-27b,Answer: Sulfur,Which chemical element has the symbol that is the first letter of the capital city of the country whose currency is the lev?,3286001973
facts,default,4,immediate,58,Tungsten,,0,-1,0,0,stop,3,0,qwen3.6-27b,Answer:,Which chemical element has the symbol that is the first letter of the capital city of the country whose currency is the zloty?,1399026852
facts,default,4,immediate,59,Carbon,Boron,0,-1,0,0,stop,5,0,qwen3.6-27b,Answer: Boron,Which chemical element has the symbol that is the first letter of the capital city of the country whose currency is the bolivar?,610550834
facts,default,4,immediate,60,Yttrium,Yttrium,1,-1,0,0,stop,7,0,qwen3.6-27b,Answer: Yttrium,Which chemical element has the symbol that is the first letter of the capital city of the country whose currency is the kyat?,1989521237
facts,default,4,immediate,61,Sulfur,Nitrogen,0,-1,0,0,stop,5,0,qwen3.6-27b,Answer: Nitrogen,Which chemical element has the symbol that is the first letter of the capital city of the country whose currency is the won?,26386371
facts,default,4,immediate,62,Phosphorus,Argon,0,-1,0,0,stop,5,0,qwen3.6-27b,Answer: Argon,Which chemical element has the symbol that is the first letter of the capital city of the country whose currency is the rand?,2560347769
facts,default,4,immediate,63,Yttrium,Yttrium,1,-1,0,0,stop,7,0,qwen3.6-27b,Answer: Yttrium,Which chemical element has the symbol that is the first letter of the capital city of the country whose currency is the dram?,4020043503
facts,default,4,immediate,64,Carbon,Boron,0,-1,0,0,stop,5,0,qwen3.6-27b,Answer: Boron,Which chemical element has the symbol that is the first letter of the capital city of the country whose currency is the bolivar?,1912105804
facts,default,4,immediate,65,Boron,Boron,1,-1,0,0,stop,5,0,qwen3.6-27b,Answer: Boron,Which chemical element has the symbol that is the first letter of the capital city of the country whose currency is the baht?,117398490
facts,default,4,immediate,66,Tungsten,Boron,0,-1,0,0,stop,5,0,qwen3.6-27b,Answer: Boron,Which chemical element has the symbol that is the first letter of the capital city of the country whose currency is the zloty?,2683701856
facts,default,4,immediate,67,Potassium,Uranium,0,-1,0,0,stop,5,0,qwen3.6-27b,Answer: Uranium,Which chemical element has the symbol that is the first letter of the capital city of the country whose currency is the hryvnia?,3908123382
facts,default,4,immediate,68,Sulfur,,0,-1,0,0,stop,2,0,qwen3.6-27b,Answer:,Which chemical element has the symbol that is the first letter of the capital city of the country whose currency is the won?,2018387815
facts,default,4,immediate,69,Phosphorus,Phosphorus,1,-1,0,0,stop,6,0,qwen3.6-27b,Answer: Phosphorus,Which chemical element has the symbol that is the first letter of the capital city of the country whose currency is the riel?,256448497
facts,default,4,immediate,70,Boron,Yttrium,0,-1,0,0,stop,7,0,qwen3.6-27b,Answer: Yttrium,Which chemical element has the symbol that is the first letter of the capital city of the country whose currency is the leu?,1871617556
facts,default,4,immediate,71,Sulfur,,0,-1,0,0,stop,3,0,qwen3.6-27b,Answer:,Which chemical element has the symbol that is the first letter of the capital city of the country whose currency is the krona?,411676290
facts,default,4,immediate,72,Vanadium,Vanadium,1,-1,0,0,stop,5,0,qwen3.6-27b,Answer: Vanadium,Which chemical element has the symbol that is the first letter of the capital city of the country whose currency is the kip?,2172714808
facts,default,4,immediate,73,Carbon,Vanadium,0,-1,0,0,stop,5,0,qwen3.6-27b,Answer: Vanadium,Which chemical element has the symbol that is the first letter of the capital city of the country whose currency is the bolivar?,4136095662
facts,default,4,immediate,74,Boron,Boron,1,-1,0,0,stop,5,0,qwen3.6-27b,Answer: Boron,Which chemical element has the symbol that is the first letter of the capital city of the country whose currency is the leu?,1759730189
facts,default,4,immediate,75,Hydrogen,,0,-1,0,0,stop,3,0,qwen3.6-27b,Answer:,Which chemical element has the symbol that is the first letter of the capital city of the country whose currency is the dong?,535063195
facts,default,4,immediate,76,Phosphorus,,0,-1,0,0,stop,3,0,qwen3.6-27b,Answer:,Which chemical element has the symbol that is the first letter of the capital city of the country whose currency is the koruna?,2263694113
facts,default,4,immediate,77,Boron,Titanium,0,-1,0,0,stop,4,0,qwen3.6-27b,Answer: Titanium,Which chemical element has the symbol that is the first letter of the capital city of the country whose currency is the baht?,4058647479
facts,default,4,immediate,78,Sulfur,,0,-1,0,0,stop,3,0,qwen3.6-27b,Answer:,Which chemical element has the symbol that is the first letter of the capital city of the country whose currency is the lev?,1632966182
facts,default,4,immediate,79,Yttrium,Yttrium,1,-1,0,0,stop,7,0,qwen3.6-27b,Answer: Yttrium,Which chemical element has the symbol that is the first letter of the capital city of the country whose currency is the kyat?,374482608
facts,default,4,immediate,80,Sulfur,Nitrogen,0,-1,0,0,stop,5,0,qwen3.6-27b,Answer: Nitrogen,Which chemical element has the symbol that is the first letter of the capital city of the country whose currency is the won?,3893789403
facts,default,4,immediate,81,Phosphorus,Helium,0,-1,0,0,stop,5,0,qwen3.6-27b,Answer: Helium,Which chemical element has the symbol that is the first letter of the capital city of the country whose currency is the rand?,2668737101
facts,default,4,immediate,82,Vanadium,Carbon,0,-1,0,0,stop,4,0,qwen3.6-27b,Answer: Carbon,Which chemical element has the symbol that is the first letter of the capital city of the country whose currency is the kip?,102294519
facts,default,4,immediate,83,Boron,,0,-1,0,0,stop,2,0,qwen3.6-27b,Answer:,Which chemical element has the symbol that is the first letter of the capital city of the country whose currency is the yuan?,1897911137
facts,default,4,immediate,84,Boron,Sulfur,0,-1,0,0,stop,6,0,qwen3.6-27b,Answer: Sulfur,Which chemical element has the symbol that is the first letter of the capital city of the country whose currency is the manat?,4017833666
facts,default,4,immediate,85,Potassium,,0,-1,0,0,stop,2,0,qwen3.6-27b,Answer:,Which chemical element has the symbol that is the first letter of the capital city of the country whose currency is the afghani?,2558293588
facts,default,4,immediate,86,Carbon,Carbon,1,-1,0,0,stop,4,0,qwen3.6-27b,Answer: Carbon,Which chemical element has the symbol that is the first letter of the capital city of the country whose currency is the bolivar?,24455150
facts,default,4,immediate,87,Yttrium,Yttrium,1,-1,0,0,stop,7,0,qwen3.6-27b,Answer: Yttrium,Which chemical element has the symbol that is the first letter of the capital city of the country whose currency is the kyat?,1987188600
facts,default,4,immediate,88,Potassium,,0,-1,0,0,stop,3,0,qwen3.6-27b,Answer:,Which chemical element has the symbol that is the first letter of the capital city of the country whose currency is the afghani?,3872197353
facts,default,4,immediate,89,Potassium,,0,-1,0,0,stop,3,0,qwen3.6-27b,Answer:,Which chemical element has the symbol that is the first letter of the capital city of the country whose currency is the afghani?,2445949567
facts,default,4,immediate,90,Sulfur,,0,-1,0,0,stop,3,0,qwen3.6-27b,Answer:,Which chemical element has the symbol that is the first letter of the capital city of the country whose currency is the won?,4044207002
facts,default,4,immediate,91,Boron,Boron,1,-1,0,0,stop,4,0,qwen3.6-27b,Answer: Boron,Which chemical element has the symbol that is the first letter of the capital city of the country whose currency is the forint?,2248835852
facts,default,4,immediate,92,Sulfur,Boron,0,-1,0,0,stop,5,0,qwen3.6-27b,Answer: Boron,Which chemical element has the symbol that is the first letter of the capital city of the country whose currency is the lev?,520344246
facts,default,4,immediate,93,Carbon,Carbon,1,-1,0,0,stop,4,0,qwen3.6-27b,Answer: Carbon,Which chemical element has the symbol that is the first letter of the capital city of the country whose currency is the bolivar?,1745150496
facts,default,4,immediate,94,Sulfur,Sulfur,1,-1,0,0,stop,6,0,qwen3.6-27b,Answer: Sulfur,Which chemical element has the symbol that is the first letter of the capital city of the country whose currency is the krona?,4133517187
facts,default,4,immediate,95,Sulfur,Yttrium,0,-1,0,0,stop,7,0,qwen3.6-27b,Answer: Yttrium,Which chemical element has the symbol that is the first letter of the capital city of the country whose currency is the krona?,2171029269
facts,default,4,immediate,96,Yttrium,Potassium,0,-1,0,0,stop,5,0,qwen3.6-27b,Answer: Potassium,Which chemical element has the symbol that is the first letter of the capital city of the country whose currency is the dram?,409867951
facts,default,4,immediate,97,Boron,Boron,1,-1,0,0,stop,5,0,qwen3.6-27b,Answer: Boron,Which chemical element has the symbol that is the first letter of the capital city of the country whose currency is the leu?,1869162041
facts,default,4,immediate,98,Potassium,Boron,0,-1,0,0,stop,5,0,qwen3.6-27b,Answer: Boron,Which chemical element has the symbol that is the first letter of the capital city of the country whose currency is the hryvnia?,4292230056
facts,default,4,immediate,99,Boron,Boron,1,-1,0,0,stop,5,0,qwen3.6-27b,Answer: Boron,Which chemical element has the symbol that is the first letter of the capital city of the country whose currency is the forint?,2295401278
facts,default,4,immediate,100,Sulfur,Sulfur,1,-1,0,0,stop,6,0,qwen3.6-27b,Answer: Sulfur,Which chemical element has the symbol that is the first letter of the capital city of the country whose currency is the lev?,3940809072
facts,default,4,immediate,101,Yttrium,Potassium,0,-1,0,0,stop,5,0,qwen3.6-27b,Answer: Potassium,Which chemical element has the symbol that is the first letter of the capital city of the country whose currency is the dram?,2649016806
facts,default,4,immediate,102,Tungsten,Tungsten,1,-1,0,0,stop,5,0,qwen3.6-27b,Answer: Tungsten,Which chemical element has the symbol that is the first letter of the capital city of the country whose currency is the zloty?,82679900
facts,default,4,immediate,103,Phosphorus,Helium,0,-1,0,0,stop,5,0,qwen3.6-27b,Answer: Helium,Which chemical element has the symbol that is the first letter of the capital city of the country whose currency is the rand?,1944758474
facts,default,4,immediate,104,Phosphorus,Boron,0,-1,0,0,stop,5,0,qwen3.6-27b,Answer: Boron,Which chemical element has the symbol that is the first letter of the capital city of the country whose currency is the koruna?,3985522025
facts,default,4,immediate,105,Yttrium,Yttrium,1,-1,0,0,stop,7,0,qwen3.6-27b,Answer: Yttrium,Which chemical element has the symbol that is the first letter of the capital city of the country whose currency is the kyat?,2592673279
facts,default,4,immediate,106,Yttrium,Argon,0,-1,0,0,stop,5,0,qwen3.6-27b,Answer: Argon,Which chemical element has the symbol that is the first letter of the capital city of the country whose currency is the dram?,58743877
facts,default,4,immediate,107,Boron,Sulfur,0,-1,0,0,stop,6,0,qwen3.6-27b,Answer: Sulfur,Which chemical element has the symbol that is the first letter of the capital city of the country whose currency is the leu?,1955032275
facts,default,4,immediate,108,Yttrium,Yttrium,1,-1,0,0,stop,7,0,qwen3.6-27b,Answer: Yttrium,Which chemical element has the symbol that is the first letter of the capital city of the country whose currency is the kyat?,3828904258
facts,default,4,immediate,109,Hydrogen,Vanadium,0,-1,0,0,stop,5,0,qwen3.6-27b,Answer: Vanadium,Which chemical element has the symbol that is the first letter of the capital city of the country whose currency is the dong?,2470396372
facts,default,4,immediate,110,Phosphorus,Carbon,0,-1,0,0,stop,4,0,qwen3.6-27b,Answer: Carbon,Which chemical element has the symbol that is the first letter of the capital city of the country whose currency is the riel?,4093167665
facts,default,4,immediate,111,Boron,,0,-1,0,0,stop,2,0,qwen3.6-27b,Answer:,Which chemical element has the symbol that is the first letter of the capital city of the country whose currency is the leu?,2231367847
facts,default,4,immediate,112,Carbon,Boron,0,-1,0,0,stop,5,0,qwen3.6-27b,Answer: Boron,Which chemical element has the symbol that is the first letter of the capital city of the country whose currency is the bolivar?,502704413
facts,default,4,immediate,113,Phosphorus,Phosphorus,1,-1,0,0,stop,5,0,qwen3.6-27b,Answer: Phosphorus,Which chemical element has the symbol that is the first letter of the capital city of the country whose currency is the koruna?,1794218379
facts,default,4,immediate,114,Boron,Carbon,0,-1,0,0,stop,4,0,qwen3.6-27b,Answer: Carbon,Which chemical element has the symbol that is the first letter of the capital city of the country whose currency is the manat?,4103408680
facts,default,4,immediate,115,Boron,Boron,1,-1,0,0,stop,5,0,qwen3.6-27b,Answer: Boron,Which chemical element has the symbol that is the first letter of the capital city of the country whose currency is the baht?,2207399102
facts,default,4,immediate,116,Yttrium,Yttrium,1,-1,0,0,stop,7,0,qwen3.6-27b,Answer: Yttrium,Which chemical element has the symbol that is the first letter of the capital city of the country whose currency is the kyat?,446393604
facts,default,4,immediate,117,Phosphorus,Carbon,0,-1,0,0,stop,4,0,qwen3.6-27b,Answer: Carbon,Which chemical element has the symbol that is the first letter of the capital city of the country whose currency is the rand?,1838964114
facts,default,4,immediate,118,Boron,,0,-1,0,0,stop,3,0,qwen3.6-27b,Answer:,Which chemical element has the symbol that is the first letter of the capital city of the country whose currency is the leu?,4246945795
facts,default,4,immediate,119,Tungsten,Potassium,0,-1,0,0,stop,5,0,qwen3.6-27b,Answer: Potassium,Which chemical element has the symbol that is the first letter of the capital city of the country whose currency is the zloty?,2317643925
facts,default,4,immediate,120,Sulfur,Boron,0,-1,0,0,stop,5,0,qwen3.6-27b,Answer: Boron,Which chemical element has the symbol that is the first letter of the capital city of the country whose currency is the won?,3637877746
facts,default,4,immediate,121,Phosphorus,Argon,0,-1,0,0,stop,5,0,qwen3.6-27b,Answer: Argon,Which chemical element has the symbol that is the first letter of the capital city of the country whose currency is the rand?,2949819236
facts,default,4,immediate,122,Sulfur,Boron,0,-1,0,0,stop,5,0,qwen3.6-27b,Answer: Boron,Which chemical element has the symbol that is the first letter of the capital city of the country whose currency is the lev?,920386270
facts,default,4,immediate,123,Yttrium,Yttrium,1,-1,0,0,stop,7,0,qwen3.6-27b,Answer: Yttrium,Which chemical element has the symbol that is the first letter of the capital city of the country whose currency is the kyat?,1104988744
facts,default,4,immediate,124,Yttrium,Yttrium,1,-1,0,0,stop,7,0,qwen3.6-27b,Answer: Yttrium,Which chemical element has the symbol that is the first letter of the capital city of the country whose currency is the dram?,3753402347
facts,default,4,immediate,125,Hydrogen,Hydrogen,1,-1,0,0,stop,5,0,qwen3.6-27b,Answer: Hydrogen,Which chemical element has the symbol that is the first letter of the capital city of the country whose currency is the dong?,2831118205
facts,default,4,immediate,126,Phosphorus,Phosphorus,1,-1,0,0,stop,5,0,qwen3.6-27b,Answer: Phosphorus,Which chemical element has the symbol that is the first letter of the capital city of the country whose currency is the koruna?,834027207
facts,default,4,immediate,127,Sulfur,,0,-1,0,0,stop,2,0,qwen3.6-27b,Answer:,Which chemical element has the symbol that is the first letter of the capital city of the country whose currency is the krona?,1186008657
facts,default,4,immediate,128,Phosphorus,Potassium,0,-1,0,0,stop,5,0,qwen3.6-27b,Answer: Potassium,Which chemical element has the symbol that is the first letter of the capital city of the country whose currency is the riel?,3591246784
facts,default,4,immediate,129,Potassium,,0,-1,0,0,stop,3,0,qwen3.6-27b,Answer:,Which chemical element has the symbol that is the first letter of the capital city of the country whose currency is the afghani?,2701730646
facts,default,4,immediate,130,Hydrogen,,0,-1,0,0,stop,3,0,qwen3.6-27b,Answer:,Which chemical element has the symbol that is the first letter of the capital city of the country whose currency is the dong?,3251546803
facts,default,4,immediate,131,Sulfur,Nitrogen,0,-1,0,0,stop,5,0,qwen3.6-27b,Answer: Nitrogen,Which chemical element has the symbol that is the first letter of the capital city of the country whose currency is the won?,3066665509
facts,default,4,immediate,132,Phosphorus,Potassium,0,-1,0,0,stop,4,0,qwen3.6-27b,Answer: Potassium,Which chemical element has the symbol that is the first letter of the capital city of the country whose currency is the riel?,801164191
facts,default,4,immediate,133,Sulfur,Sulfur,1,-1,0,0,stop,6,0,qwen3.6-27b,Answer: Sulfur,Which chemical element has the symbol that is the first letter of the capital city of the country whose currency is the lev?,1489500937
facts,default,4,immediate,134,Yttrium,Boron,0,-1,0,0,stop,5,0,qwen3.6-27b,Answer: Boron,Which chemical element has the symbol that is the first letter of the capital city of the country whose currency is the dram?,3332599466
facts,default,4,immediate,135,Tungsten,Polonium,0,-1,0,0,stop,5,0,qwen3.6-27b,Answer: Polonium,Which chemical element has the symbol that is the first letter of the capital city of the country whose currency is the zloty?,2980339260
facts,default,4,immediate,136,Yttrium,Sulfur,0,-1,0,0,stop,6,0,qwen3.6-27b,Answer: Sulfur,Which chemical element has the symbol that is the first letter of the capital city of the country whose currency is the kyat?,682430342
facts,default,4,immediate,137,Boron,,0,-1,0,0,stop,3,0,qwen3.6-27b,Answer:,Which chemical element has the symbol that is the first letter of the capital city of the country whose currency is the baht?,1604992784
facts,default,4,immediate,138,Sulfur,Boron,0,-1,0,0,stop,4,0,qwen3.6-27b,Answer: Boron,Which chemical element has the symbol that is the first letter of the capital city of the country whose currency is the lev?,3474268801
facts,default,4,immediate,139,Boron,Boron,1,-1,0,0,stop,5,0,qwen3.6-27b,Answer: Boron,Which chemical element has the symbol that is the first letter of the capital city of the country whose currency is the yuan?,3088192023
facts,default,4,immediate,140,Sulfur,Potassium,0,-1,0,0,stop,5,0,qwen3.6-27b,Answer: Potassium,Which chemical element has the symbol that is the first letter of the capital city of the country whose currency is the krona?,2391751796
facts,default,4,immediate,141,Potassium,,0,-1,0,0,stop,2,0,qwen3.6-27b,Answer:,Which chemical element has the symbol that is the first letter of the capital city of the country whose currency is the afghani?,4186442978
facts,default,4,immediate,142,Tungsten,Potassium,0,-1,0,0,stop,5,0,qwen3.6-27b,Answer: Potassium,Which chemical element has the symbol that is the first letter of the capital city of the country whose currency is the zloty?,1619090776
facts,default,4,immediate,143,Sulfur,Nitrogen,0,-1,0,0,stop,5,0,qwen3.6-27b,Answer: Nitrogen,Which chemical element has the symbol that is the first letter of the capital city of the country whose currency is the won?,394685902
facts,default,4,immediate,144,Phosphorus,Boron,0,-1,0,0,stop,5,0,qwen3.6-27b,Answer: Boron,Which chemical element has the symbol that is the first letter of the capital city of the country whose currency is the riel?,2313353325
facts,default,4,immediate,145,Boron,Boron,1,-1,0,0,stop,4,0,qwen3.6-27b,Answer: Boron,Which chemical element has the symbol that is the first letter of the capital city of the country whose currency is the manat?,4276472059
facts,default,4,immediate,146,Boron,,0,-1,0,0,stop,3,0,qwen3.6-27b,Answer:,Which chemical element has the symbol that is the first letter of the capital city of the country whose currency is the manat?,1743558977
facts,default,4,immediate,147,Vanadium,Yttrium,0,-1,0,0,stop,7,0,qwen3.6-27b,Answer: Yttrium,Which chemical element has the symbol that is the first letter of the capital city of the country whose currency is the kip?,283879895
facts,default,4,immediate,148,Potassium,,0,-1,0,0,stop,3,0,qwen3.6-27b,Answer:,Which chemical element has the symbol that is the first letter of the capital city of the country whose currency is the afghani?,2153034822
facts,default,4,immediate,149,Sulfur,Sulfur,1,-1,0,0,stop,6,0,qwen3.6-27b,Answer: Sulfur,Which chemical element has the symbol that is the first letter of the capital city of the country whose currency is the lev?,4149445840
facts,default,4,filler,0,Sulfur,Sulfur,1,-1,0,0,stop,6,0,qwen3.6-27b,Answer: Sulfur,"Which chemical element has the symbol that is the first letter of the capital city of the country whose currency is the won?

1 2 3 4 5 6 7 8 9 10 11 12 13 14 15 16 17 18 19 20 21 22 23 24 25 26 27 28 29 30 31 32 33 34 35 36 37 38 39 40 41 42 43 44 45 46 47 48 49 50 51 52 53 54 55 56 57 58 59 60 61 62 63 64 65 66 67 68 69 70 71 72 73 74 75 76 77 78 79 80 81 82 83 84 85 86 87 88 89 90 91 92 93 94 95 96 97 98 99 100",2951155811
facts,default,4,filler,1,Boron,Boron,1,-1,0,0,stop,5,0,qwen3.6-27b,Answer: Boron,"Which chemical element has the symbol that is the first letter of the capital city of the country whose currency is the yuan?

1 2 3 4 5 6 7 8 9 10 11 12 13 14 15 16 17 18 19 20 21 22 23 24 25 26 27 28 29 30 31 32 33 34 35 36 37 38 39 40 41 42 43 44 45 46 47 48 49 50 51 52 53 54 55 56 57 58 59 60 61 62 63 64 65 66 67 68 69 70 71 72 73 74 75 76 77 78 79 80 81 82 83 84 85 86 87 88 89 90 91 92 93 94 95 96 97 98 99 100",3638567157
facts,default,4,filler,2,Yttrium,Yttrium,1,-1,0,0,stop,7,0,qwen3.6-27b,Answer: Yttrium,"Which chemical element has the symbol that is the first letter of the capital city of the country whose currency is the dram?

1 2 3 4 5 6 7 8 9 10 11 12 13 14 15 16 17 18 19 20 21 22 23 24 25 26 27 28 29 30 31 32 33 34 35 36 37 38 39 40 41 42 43 44 45 46 47 48 49 50 51 52 53 54 55 56 57 58 59 60 61 62 63 64 65 66 67 68 69 70 71 72 73 74 75 76 77 78 79 80 81 82 83 84 85 86 87 88 89 90 91 92 93 94 95 96 97 98 99 100",1105817935
facts,default,4,filler,3,Yttrium,Yttrium,1,-1,0,0,stop,6,0,qwen3.6-27b,Answer: Yttrium,"Which chemical element has the symbol that is the first letter of the capital city of the country whose currency is the dram?

1 2 3 4 5 6 7 8 9 10 11 12 13 14 15 16 17 18 19 20 21 22 23 24 25 26 27 28 29 30 31 32 33 34 35 36 37 38 39 40 41 42 43 44 45 46 47 48 49 50 51 52 53 54 55 56 57 58 59 60 61 62 63 64 65 66 67 68 69 70 71 72 73 74 75 76 77 78 79 80 81 82 83 84 85 86 87 88 89 90 91 92 93 94 95 96 97 98 99 100",921584089
facts,default,4,filler,4,Hydrogen,H,0,-1,0,0,stop,4,0,qwen3.6-27b,Answer: H,"Which chemical element has the symbol that is the first letter of the capital city of the country whose currency is the dong?

1 2 3 4 5 6 7 8 9 10 11 12 13 14 15 16 17 18 19 20 21 22 23 24 25 26 27 28 29 30 31 32 33 34 35 36 37 38 39 40 41 42 43 44 45 46 47 48 49 50 51 52 53 54 55 56 57 58 59 60 61 62 63 64 65 66 67 68 69 70 71 72 73 74 75 76 77 78 79 80 81 82 83 84 85 86 87 88 89 90 91 92 93 94 95 96 97 98 99 100",2827670650
facts,default,4,filler,5,Hydrogen,H,0,-1,0,0,stop,4,0,qwen3.6-27b,Answer: H,"Which chemical element has the symbol that is the first letter of the capital city of the country whose currency is the dong?

1 2 3 4 5 6 7 8 9 10 11 12 13 14 15 16 17 18 19 20 21 22 23 24 25 26 27 28 29 30 31 32 33 34 35 36 37 38 39 40 41 42 43 44 45 46 47 48 49 50 51 52 53 54 55 56 57 58 59 60 61 62 63 64 65 66 67 68 69 70 71 72 73 74 75 76 77 78 79 80 81 82 83 84 85 86 87 88 89 90 91 92 93 94 95 96 97 98 99 100",3750618348
facts,default,4,filler,6,Phosphorus,Carbon,0,-1,0,0,stop,4,0,qwen3.6-27b,Answer: Carbon,"Which chemical element has the symbol that is the first letter of the capital city of the country whose currency is the koruna?

1 2 3 4 5 6 7 8 9 10 11 12 13 14 15 16 17 18 19 20 21 22 23 24 25 26 27 28 29 30 31 32 33 34 35 36 37 38 39 40 41 42 43 44 45 46 47 48 49 50 51 52 53 54 55 56 57 58 59 60 61 62 63 64 65 66 67 68 69 70 71 72 73 74 75 76 77 78 79 80 81 82 83 84 85 86 87 88 89 90 91 92 93 94 95 96 97 98 99 100",1183102294
facts,default,4,filler,7,Phosphorus,Helium,0,-1,0,0,stop,5,0,qwen3.6-27b,Answer: Helium,"Which chemical element has the symbol that is the first letter of the capital city of the country whose currency is the rand?

1 2 3 4 5 6 7 8 9 10 11 12 13 14 15 16 17 18 19 20 21 22 23 24 25 26 27 28 29 30 31 32 33 34 35 36 37 38 39 40 41 42 43 44 45 46 47 48 49 50 51 52 53 54 55 56 57 58 59 60 61 62 63 64 65 66 67 68 69 70 71 72 73 74 75 76 77 78 79 80 81 82 83 84 85 86 87 88 89 90 91 92 93 94 95 96 97 98 99 100",830703040
facts,default,4,filler,8,Boron,Boron,1,-1,0,0,stop,5,0,qwen3.6-27b,Answer: Boron,"Which chemical element has the symbol that is the first letter of the capital city of the country whose currency is the leu?

1 2 3 4 5 6 7 8 9 10 11 12 13 14 15 16 17 18 19 20 21 22 23 24 25 26 27 28 29 30 31 32 33 34 35 36 37 38 39 40 41 42 43 44 45 46 47 48 49 50 51 52 53 54 55 56 57 58 59 60 61 62 63 64 65 66 67 68 69 70 71 72 73 74 75 76 77 78 79 80 81 82 83 84 85 86 87 88 89 90 91 92 93 94 95 96 97 98 99 100",2705102929
facts,default,4,filler,9,Hydrogen,H,0,-1,0,0,stop,4,0,qwen3.6-27b,Answer: H,"Which chemical element has the symbol that is the first letter of the capital city of the country whose currency is the dong?

1 2 3 4 5 6 7 8 9 10 11 12 13 14 15 16 17 18 19 20 21 22 23 24 25 26 27 28 29 30 31 32 33 34 35 36 37 38 39 40 41 42 43 44 45 46 47 48 49 50 51 52 53 54 55 56 57 58 59 60 61 62 63 64 65 66 67 68 69 70 71 72 73 74 75 76 77 78 79 80 81 82 83 84 85 86 87 88 89 90 91 92 93 94 95 96 97 98 99 100",3594234055
facts,default,4,filler,10,Phosphorus,Phosphorus,1,-1,0,0,stop,6,0,qwen3.6-27b,Answer: Phosphorus,"Which chemical element has the symbol that is the first letter of the capital city of the country whose currency is the riel?

1 2 3 4 5 6 7 8 9 10 11 12 13 14 15 16 17 18 19 20 21 22 23 24 25 26 27 28 29 30 31 32 33 34 35 36 37 38 39 40 41 42 43 44 45 46 47 48 49 50 51 52 53 54 55 56 57 58 59 60 61 62 63 64 65 66 67 68 69 70 71 72 73 74 75 76 77 78 79 80 81 82 83 84 85 86 87 88 89 90 91 92 93 94 95 96 97 98 99 100",970209682
facts,default,4,filler,11,Phosphorus,Phosphorus,1,-1,0,0,stop,6,0,qwen3.6-27b,Answer: Phosphorus,"Which chemical element has the symbol that is the first letter of the capital city of the country whose currency is the riel?

1 2 3 4 5 6 7 8 9 10 11 12 13 14 15 16 17 18 19 20 21 22 23 24 25 26 27 28 29 30 31 32 33 34 35 36 37 38 39 40 41 42 43 44 45 46 47 48 49 50 51 52 53 54 55 56 57 58 59 60 61 62 63 64 65 66 67 68 69 70 71 72 73 74 75 76 77 78 79 80 81 82 83 84 85 86 87 88 89 90 91 92 93 94 95 96 97 98 99 100",1322453252
facts,default,4,filler,12,Boron,Boron,1,-1,0,0,stop,5,0,qwen3.6-27b,Answer: Boron,"Which chemical element has the symbol that is the first letter of the capital city of the country whose currency is the baht?

1 2 3 4 5 6 7 8 9 10 11 12 13 14 15 16 17 18 19 20 21 22 23 24 25 26 27 28 29 30 31 32 33 34 35 36 37 38 39 40 41 42 43 44 45 46 47 48 49 50 51 52 53 54 55 56 57 58 59 60 61 62 63 64 65 66 67 68 69 70 71 72 73 74 75 76 77 78 79 80 81 82 83 84 85 86 87 88 89 90 91 92 93 94 95 96 97 98 99 100",3621411006
facts,default,4,filler,13,Phosphorus,Phosphorus,1,-1,0,0,stop,6,0,qwen3.6-27b,Answer: Phosphorus,"Which chemical element has the symbol that is the first letter of the capital city of the country whose currency is the riel?

1 2 3 4 5 6 7 8 9 10 11 12 13 14 15 16 17 18 19 20 21 22 23 24 25 26 27 28 29 30 31 32 33 34 35 36 37 38 39 40 41 42 43 44 45 46 47 48 49 50 51 52 53 54 55 56 57 58 59 60 61 62 63 64 65 66 67 68 69 70 71 72 73 74 75 76 77 78 79 80 81 82 83 84 85 86 87 88 89 90 91 92 93 94 95 96 97 98 99 100",2698864680
facts,default,4,filler,14,Sulfur,Helium,0,-1,0,0,stop,5,0,qwen3.6-27b,Answer: Helium,"Which chemical element has the symbol that is the first letter of the capital city of the country whose currency is the won?

1 2 3 4 5 6 7 8 9 10 11 12 13 14 15 16 17 18 19 20 21 22 23 24 25 26 27 28 29 30 31 32 33 34 35 36 37 38 39 40 41 42 43 44 45 46 47 48 49 50 51 52 53 54 55 56 57 58 59 60 61 62 63 64 65 66 67 68 69 70 71 72 73 74 75 76 77 78 79 80 81 82 83 84 85 86 87 88 89 90 91 92 93 94 95 96 97 98 99 100",1052376459
facts,default,4,filler,15,Tungsten,Helium,0,-1,0,0,stop,5,0,qwen3.6-27b,Answer: Helium,"Which chemical element has the symbol that is the first letter of the capital city of the country whose currency is the zloty?

1 2 3 4 5 6 7 8 9 10 11 12 13 14 15 16 17 18 19 20 21 22 23 24 25 26 27 28 29 30 31 32 33 34 35 36 37 38 39 40 41 42 43 44 45 46 47 48 49 50 51 52 53 54 55 56 57 58 59 60 61 62 63 64 65 66 67 68 69 70 71 72 73 74 75 76 77 78 79 80 81 82 83 84 85 86 87 88 89 90 91 92 93 94 95 96 97 98 99 100",1237241117
facts,default,4,filler,16,Sulfur,Carbon,0,-1,0,0,stop,4,0,qwen3.6-27b,Answer: Carbon,"Which chemical element has the symbol that is the first letter of the capital city of the country whose currency is the won?

1 2 3 4 5 6 7 8 9 10 11 12 13 14 15 16 17 18 19 20 21 22 23 24 25 26 27 28 29 30 31 32 33 34 35 36 37 38 39 40 41 42 43 44 45 46 47 48 49 50 51 52 53 54 55 56 57 58 59 60 61 62 63 64 65 66 67 68 69 70 71 72 73 74 75 76 77 78 79 80 81 82 83 84 85 86 87 88 89 90 91 92 93 94 95 96 97 98 99 100",3501694119
facts,default,4,filler,17,Potassium,Argon,0,-1,0,0,stop,5,0,qwen3.6-27b,Answer: Argon,"Which chemical element has the symbol that is the first letter of the capital city of the country whose currency is the afghani?

1 2 3 4 5 6 7 8 9 10 11 12 13 14 15 16 17 18 19 20 21 22 23 24 25 26 27 28 29 30 31 32 33 34 35 36 37 38 39 40 41 42 43 44 45 46 47 48 49 50 51 52 53 54 55 56 57 58 59 60 61 62 63 64 65 66 67 68 69 70 71 72 73 74 75 76 77 78 79 80 81 82 83 84 85 86 87 88 89 90 91 92 93 94 95 96 97 98 99 100",2813373489
facts,default,4,filler,18,Boron,Boron,1,-1,0,0,stop,5,0,qwen3.6-27b,Answer: Boron,"Which chemical element has the symbol that is the first letter of the capital city of the country whose currency is the baht?

1 2 3 4 5 6 7 8 9 10 11 12 13 14 15 16 17 18 19 20 21 22 23 24 25 26 27 28 29 30 31 32 33 34 35 36 37 38 39 40 41 42 43 44 45 46 47 48 49 50 51 52 53 54 55 56 57 58 59 60 61 62 63 64 65 66 67 68 69 70 71 72 73 74 75 76 77 78 79 80 81 82 83 84 85 86 87 88 89 90 91 92 93 94 95 96 97 98 99 100",923775392
facts,default,4,filler,19,Sulfur,Helium,0,-1,0,0,stop,5,0,qwen3.6-27b,Answer: Helium,"Which chemical element has the symbol that is the first letter of the capital city of the country whose currency is the won?

1 2 3 4 5 6 7 8 9 10 11 12 13 14 15 16 17 18 19 20 21 22 23 24 25 26 27 28 29 30 31 32 33 34 35 36 37 38 39 40 41 42 43 44 45 46 47 48 49 50 51 52 53 54 55 56 57 58 59 60 61 62 63 64 65 66 67 68 69 70 71 72 73 74 75 76 77 78 79 80 81 82 83 84 85 86 87 88 89 90 91 92 93 94 95 96 97 98 99 100",1074299190
facts,default,4,filler,20,Sulfur,Helium,0,-1,0,0,stop,5,0,qwen3.6-27b,Answer: Helium,"Which chemical element has the symbol that is the first letter of the capital city of the country whose currency is the won?

1 2 3 4 5 6 7 8 9 10 11 12 13 14 15 16 17 18 19 20 21 22 23 24 25 26 27 28 29 30 31 32 33 34 35 36 37 38 39 40 41 42 43 44 45 46 47 48 49 50 51 52 53 54 55 56 57 58 59 60 61 62 63 64 65 66 67 68 69 70 71 72 73 74 75 76 77 78 79 80 81 82 83 84 85 86 87 88 89 90 91 92 93 94 95 96 97 98 99 100",318335569
facts,default,4,filler,21,Sulfur,Helium,0,-1,0,0,stop,5,0,qwen3.6-27b,Answer: Helium,"Which chemical element has the symbol that is the first letter of the capital city of the country whose currency is the won?

1 2 3 4 5 6 7 8 9 10 11 12 13 14 15 16 17 18 19 20 21 22 23 24 25 26 27 28 29 30 31 32 33 34 35 36 37 38 39 40 41 42 43 44 45 46 47 48 49 50 51 52 53 54 55 56 57 58 59 60 61 62 63 64 65 66 67 68 69 70 71 72 73 74 75 76 77 78 79 80 81 82 83 84 85 86 87 88 89 90 91 92 93 94 95 96 97 98 99 100",1711168199
facts,default,4,filler,22,Vanadium,Boron,0,-1,0,0,stop,5,0,qwen3.6-27b,Answer: Boron,"Which chemical element has the symbol that is the first letter of the capital city of the country whose currency is the kip?

1 2 3 4 5 6 7 8 9 10 11 12 13 14 15 16 17 18 19 20 21 22 23 24 25 26 27 28 29 30 31 32 33 34 35 36 37 38 39 40 41 42 43 44 45 46 47 48 49 50 51 52 53 54 55 56 57 58 59 60 61 62 63 64 65 66 67 68 69 70 71 72 73 74 75 76 77 78 79 80 81 82 83 84 85 86 87 88 89 90 91 92 93 94 95 96 97 98 99 100",4244048765
facts,default,4,filler,23,Sulfur,Helium,0,-1,0,0,stop,5,0,qwen3.6-27b,Answer: Helium,"Which chemical element has the symbol that is the first letter of the capital city of the country whose currency is the won?

1 2 3 4 5 6 7 8 9 10 11 12 13 14 15 16 17 18 19 20 21 22 23 24 25 26 27 28 29 30 31 32 33 34 35 36 37 38 39 40 41 42 43 44 45 46 47 48 49 50 51 52 53 54 55 56 57 58 59 60 61 62 63 64 65 66 67 68 69 70 71 72 73 74 75 76 77 78 79 80 81 82 83 84 85 86 87 88 89 90 91 92 93 94 95 96 97 98 99 100",2347777003
facts,default,4,filler,24,Boron,Boron,1,-1,0,0,stop,5,0,qwen3.6-27b,Answer: Boron,"Which chemical element has the symbol that is the first letter of the capital city of the country whose currency is the baht?

1 2 3 4 5 6 7 8 9 10 11 12 13 14 15 16 17 18 19 20 21 22 23 24 25 26 27 28 29 30 31 32 33 34 35 36 37 38 39 40 41 42 43 44 45 46 47 48 49 50 51 52 53 54 55 56 57 58 59 60 61 62 63 64 65 66 67 68 69 70 71 72 73 74 75 76 77 78 79 80 81 82 83 84 85 86 87 88 89 90 91 92 93 94 95 96 97 98 99 100",362065480
facts,default,4,filler,25,Boron,Argon,0,-1,0,0,stop,5,0,qwen3.6-27b,Answer: Argon,"Which chemical element has the symbol that is the first letter of the capital city of the country whose currency is the manat?

1 2 3 4 5 6 7 8 9 10 11 12 13 14 15 16 17 18 19 20 21 22 23 24 25 26 27 28 29 30 31 32 33 34 35 36 37 38 39 40 41 42 43 44 45 46 47 48 49 50 51 52 53 54 55 56 57 58 59 60 61 62 63 64 65 66 67 68 69 70 71 72 73 74 75 76 77 78 79 80 81 82 83 84 85 86 87 88 89 90 91 92 93 94 95 96 97 98 99 100",1653841630
facts,default,4,filler,26,Hydrogen,H,0,-1,0,0,stop,4,0,qwen3.6-27b,Answer: H,"Which chemical element has the symbol that is the first letter of the capital city of the country whose currency is the dong?

1 2 3 4 5 6 7 8 9 10 11 12 13 14 15 16 17 18 19 20 21 22 23 24 25 26 27 28 29 30 31 32 33 34 35 36 37 38 39 40 41 42 43 44 45 46 47 48 49 50 51 52 53 54 55 56 57 58 59 60 61 62 63 64 65 66 67 68 69 70 71 72 73 74 75 76 77 78 79 80 81 82 83 84 85 86 87 88 89 90 91 92 93 94 95 96 97 98 99 100",4221226852
facts,default,4,filler,27,Phosphorus,Boron,0,-1,0,0,stop,5,0,qwen3.6-27b,Answer: Boron,"Which chemical element has the symbol that is the first letter of the capital city of the country whose currency is the riel?

1 2 3 4 5 6 7 8 9 10 11 12 13 14 15 16 17 18 19 20 21 22 23 24 25 26 27 28 29 30 31 32 33 34 35 36 37 38 39 40 41 42 43 44 45 46 47 48 49 50 51 52 53 54 55 56 57 58 59 60 61 62 63 64 65 66 67 68 69 70 71 72 73 74 75 76 77 78 79 80 81 82 83 84 85 86 87 88 89 90 91 92 93 94 95 96 97 98 99 100",2359164914
facts,default,4,filler,28,Yttrium,Yttrium,1,-1,0,0,stop,7,0,qwen3.6-27b,Answer: Yttrium,"Which chemical element has the symbol that is the first letter of the capital city of the country whose currency is the dram?

1 2 3 4 5 6 7 8 9 10 11 12 13 14 15 16 17 18 19 20 21 22 23 24 25 26 27 28 29 30 31 32 33 34 35 36 37 38 39 40 41 42 43 44 45 46 47 48 49 50 51 52 53 54 55 56 57 58 59 60 61 62 63 64 65 66 67 68 69 70 71 72 73 74 75 76 77 78 79 80 81 82 83 84 85 86 87 88 89 90 91 92 93 94 95 96 97 98 99 100",472048227
facts,default,4,filler,29,Boron,Hydrogen,0,-1,0,0,stop,5,0,qwen3.6-27b,Answer: Hydrogen,"Which chemical element has the symbol that is the first letter of the capital city of the country whose currency is the baht?

1 2 3 4 5 6 7 8 9 10 11 12 13 14 15 16 17 18 19 20 21 22 23 24 25 26 27 28 29 30 31 32 33 34 35 36 37 38 39 40 41 42 43 44 45 46 47 48 49 50 51 52 53 54 55 56 57 58 59 60 61 62 63 64 65 66 67 68 69 70 71 72 73 74 75 76 77 78 79 80 81 82 83 84 85 86 87 88 89 90 91 92 93 94 95 96 97 98 99 100",1797640949
facts,default,4,filler,30,Boron,Boron,1,-1,0,0,stop,4,0,qwen3.6-27b,Answer: Boron,"Which chemical element has the symbol that is the first letter of the capital city of the country whose currency is the leu?

1 2 3 4 5 6 7 8 9 10 11 12 13 14 15 16 17 18 19 20 21 22 23 24 25 26 27 28 29 30 31 32 33 34 35 36 37 38 39 40 41 42 43 44 45 46 47 48 49 50 51 52 53 54 55 56 57 58 59 60 61 62 63 64 65 66 67 68 69 70 71 72 73 74 75 76 77 78 79 80 81 82 83 84 85 86 87 88 89 90 91 92 93 94 95 96 97 98 99 100",199383824
facts,default,4,filler,31,Yttrium,Yttrium,1,-1,0,0,stop,7,0,qwen3.6-27b,Answer: Yttrium,"Which chemical element has the symbol that is the first letter of the capital city of the country whose currency is the kyat?

1 2 3 4 5 6 7 8 9 10 11 12 13 14 15 16 17 18 19 20 21 22 23 24 25 26 27 28 29 30 31 32 33 34 35 36 37 38 39 40 41 42 43 44 45 46 47 48 49 50 51 52 53 54 55 56 57 58 59 60 61 62 63 64 65 66 67 68 69 70 71 72 73 74 75 76 77 78 79 80 81 82 83 84 85 86 87 88 89 90 91 92 93 94 95 96 97 98 99 100",2095410054
facts,default,4,filler,32,Carbon,Carbon,1,-1,0,0,stop,4,0,qwen3.6-27b,Answer: Carbon,"Which chemical element has the symbol that is the first letter of the capital city of the country whose currency is the bolivar?

1 2 3 4 5 6 7 8 9 10 11 12 13 14 15 16 17 18 19 20 21 22 23 24 25 26 27 28 29 30 31 32 33 34 35 36 37 38 39 40 41 42 43 44 45 46 47 48 49 50 51 52 53 54 55 56 57 58 59 60 61 62 63 64 65 66 67 68 69 70 71 72 73 74 75 76 77 78 79 80 81 82 83 84 85 86 87 88 89 90 91 92 93 94 95 96 97 98 99 100",3857463868
facts,default,4,filler,33,Yttrium,Yttrium,1,-1,0,0,stop,7,0,qwen3.6-27b,Answer: Yttrium,"Which chemical element has the symbol that is the first letter of the capital city of the country whose currency is the kyat?

1 2 3 4 5 6 7 8 9 10 11 12 13 14 15 16 17 18 19 20 21 22 23 24 25 26 27 28 29 30 31 32 33 34 35 36 37 38 39 40 41 42 43 44 45 46 47 48 49 50 51 52 53 54 55 56 57 58 59 60 61 62 63 64 65 66 67 68 69 70 71 72 73 74 75 76 77 78 79 80 81 82 83 84 85 86 87 88 89 90 91 92 93 94 95 96 97 98 99 100",2464877226
facts,default,4,filler,34,Sulfur,Sodium,0,-1,0,0,stop,4,0,qwen3.6-27b,Answer: Sodium,"Which chemical element has the symbol that is the first letter of the capital city of the country whose currency is the lev?

1 2 3 4 5 6 7 8 9 10 11 12 13 14 15 16 17 18 19 20 21 22 23 24 25 26 27 28 29 30 31 32 33 34 35 36 37 38 39 40 41 42 43 44 45 46 47 48 49 50 51 52 53 54 55 56 57 58 59 60 61 62 63 64 65 66 67 68 69 70 71 72 73 74 75 76 77 78 79 80 81 82 83 84 85 86 87 88 89 90 91 92 93 94 95 96 97 98 99 100",210738953
facts,default,4,filler,35,Boron,Beryllium,0,-1,0,0,stop,7,0,qwen3.6-27b,Answer: Beryllium,"Which chemical element has the symbol that is the first letter of the capital city of the country whose currency is the manat?

1 2 3 4 5 6 7 8 9 10 11 12 13 14 15 16 17 18 19 20 21 22 23 24 25 26 27 28 29 30 31 32 33 34 35 36 37 38 39 40 41 42 43 44 45 46 47 48 49 50 51 52 53 54 55 56 57 58 59 60 61 62 63 64 65 66 67 68 69 70 71 72 73 74 75 76 77 78 79 80 81 82 83 84 85 86 87 88 89 90 91 92 93 94 95 96 97 98 99 100",2072555423
facts,default,4,filler,36,Phosphorus,Phosphorus,1,-1,0,0,stop,6,0,qwen3.6-27b,Answer: Phosphorus,"Which chemical element has the symbol that is the first letter of the capital city of the country whose currency is the koruna?

1 2 3 4 5 6 7 8 9 10 11 12 13 14 15 16 17 18 19 20 21 22 23 24 25 26 27 28 29 30 31 32 33 34 35 36 37 38 39 40 41 42 43 44 45 46 47 48 49 50 51 52 53 54 55 56 57 58 59 60 61 62 63 64 65 66 67 68 69 70 71 72 73 74 75 76 77 78 79 80 81 82 83 84 85 86 87 88 89 90 91 92 93 94 95 96 97 98 99 100",3800170021
facts,default,4,filler,37,Carbon,Carbon,1,-1,0,0,stop,4,0,qwen3.6-27b,Answer: Carbon,"Which chemical element has the symbol that is the first letter of the capital city of the country whose currency is the bolivar?

1 2 3 4 5 6 7 8 9 10 11 12 13 14 15 16 17 18 19 20 21 22 23 24 25 26 27 28 29 30 31 32 33 34 35 36 37 38 39 40 41 42 43 44 45 46 47 48 49 50 51 52 53 54 55 56 57 58 59 60 61 62 63 64 65 66 67 68 69 70 71 72 73 74 75 76 77 78 79 80 81 82 83 84 85 86 87 88 89 90 91 92 93 94 95 96 97 98 99 100",2508639923
facts,default,4,filler,38,Phosphorus,Carbon,0,-1,0,0,stop,4,0,qwen3.6-27b,Answer: Carbon,"Which chemical element has the symbol that is the first letter of the capital city of the country whose currency is the koruna?

1 2 3 4 5 6 7 8 9 10 11 12 13 14 15 16 17 18 19 20 21 22 23 24 25 26 27 28 29 30 31 32 33 34 35 36 37 38 39 40 41 42 43 44 45 46 47 48 49 50 51 52 53 54 55 56 57 58 59 60 61 62 63 64 65 66 67 68 69 70 71 72 73 74 75 76 77 78 79 80 81 82 83 84 85 86 87 88 89 90 91 92 93 94 95 96 97 98 99 100",87675682
facts,default,4,filler,39,Tungsten,Boron,0,-1,0,0,stop,4,0,qwen3.6-27b,Answer: Boron,"Which chemical element has the symbol that is the first letter of the capital city of the country whose currency is the zloty?

1 2 3 4 5 6 7 8 9 10 11 12 13 14 15 16 17 18 19 20 21 22 23 24 25 26 27 28 29 30 31 32 33 34 35 36 37 38 39 40 41 42 43 44 45 46 47 48 49 50 51 52 53 54 55 56 57 58 59 60 61 62 63 64 65 66 67 68 69 70 71 72 73 74 75 76 77 78 79 80 81 82 83 84 85 86 87 88 89 90 91 92 93 94 95 96 97 98 99 100",1916724148
facts,default,4,filler,40,Yttrium,Yttrium,1,-1,0,0,stop,7,0,qwen3.6-27b,Answer: Yttrium,"Which chemical element has the symbol that is the first letter of the capital city of the country whose currency is the dram?

1 2 3 4 5 6 7 8 9 10 11 12 13 14 15 16 17 18 19 20 21 22 23 24 25 26 27 28 29 30 31 32 33 34 35 36 37 38 39 40 41 42 43 44 45 46 47 48 49 50 51 52 53 54 55 56 57 58 59 60 61 62 63 64 65 66 67 68 69 70 71 72 73 74 75 76 77 78 79 80 81 82 83 84 85 86 87 88 89 90 91 92 93 94 95 96 97 98 99 100",1151585751
facts,default,4,filler,41,Boron,Beryllium,0,-1,0,0,stop,7,0,qwen3.6-27b,Answer: Beryllium,"Which chemical element has the symbol that is the first letter of the capital city of the country whose currency is the manat?

1 2 3 4 5 6 7 8 9 10 11 12 13 14 15 16 17 18 19 20 21 22 23 24 25 26 27 28 29 30 31 32 33 34 35 36 37 38 39 40 41 42 43 44 45 46 47 48 49 50 51 52 53 54 55 56 57 58 59 60 61 62 63 64 65 66 67 68 69 70 71 72 73 74 75 76 77 78 79 80 81 82 83 84 85 86 87 88 89 90 91 92 93 94 95 96 97 98 99 100",866450753
facts,default,4,filler,42,Carbon,Carbon,1,-1,0,0,stop,4,0,qwen3.6-27b,Answer: Carbon,"Which chemical element has the symbol that is the first letter of the capital city of the country whose currency is the bolivar?

1 2 3 4 5 6 7 8 9 10 11 12 13 14 15 16 17 18 19 20 21 22 23 24 25 26 27 28 29 30 31 32 33 34 35 36 37 38 39 40 41 42 43 44 45 46 47 48 49 50 51 52 53 54 55 56 57 58 59 60 61 62 63 64 65 66 67 68 69 70 71 72 73 74 75 76 77 78 79 80 81 82 83 84 85 86 87 88 89 90 91 92 93 94 95 96 97 98 99 100",2863508731
facts,default,4,filler,43,Boron,Boron,1,-1,0,0,stop,5,0,qwen3.6-27b,Answer: Boron,"Which chemical element has the symbol that is the first letter of the capital city of the country whose currency is the manat?

1 2 3 4 5 6 7 8 9 10 11 12 13 14 15 16 17 18 19 20 21 22 23 24 25 26 27 28 29 30 31 32 33 34 35 36 37 38 39 40 41 42 43 44 45 46 47 48 49 50 51 52 53 54 55 56 57 58 59 60 61 62 63 64 65 66 67 68 69 70 71 72 73 74 75 76 77 78 79 80 81 82 83 84 85 86 87 88 89 90 91 92 93 94 95 96 97 98 99 100",3718945901
facts,default,4,filler,44,Boron,Carbon,0,-1,0,0,stop,4,0,qwen3.6-27b,Answer: Carbon,"Which chemical element has the symbol that is the first letter of the capital city of the country whose currency is the yuan?

1 2 3 4 5 6 7 8 9 10 11 12 13 14 15 16 17 18 19 20 21 22 23 24 25 26 27 28 29 30 31 32 33 34 35 36 37 38 39 40 41 42 43 44 45 46 47 48 49 50 51 52 53 54 55 56 57 58 59 60 61 62 63 64 65 66 67 68 69 70 71 72 73 74 75 76 77 78 79 80 81 82 83 84 85 86 87 88 89 90 91 92 93 94 95 96 97 98 99 100",1137576398
facts,default,4,filler,45,Sulfur,Boron,0,-1,0,0,stop,5,0,qwen3.6-27b,Answer: Boron,"Which chemical element has the symbol that is the first letter of the capital city of the country whose currency is the lev?

1 2 3 4 5 6 7 8 9 10 11 12 13 14 15 16 17 18 19 20 21 22 23 24 25 26 27 28 29 30 31 32 33 34 35 36 37 38 39 40 41 42 43 44 45 46 47 48 49 50 51 52 53 54 55 56 57 58 59 60 61 62 63 64 65 66 67 68 69 70 71 72 73 74 75 76 77 78 79 80 81 82 83 84 85 86 87 88 89 90 91 92 93 94 95 96 97 98 99 100",885602648
facts,default,4,filler,46,Phosphorus,Phosphorus,1,-1,0,0,stop,6,0,qwen3.6-27b,Answer: Phosphorus,"Which chemical element has the symbol that is the first letter of the capital city of the country whose currency is the riel?

1 2 3 4 5 6 7 8 9 10 11 12 13 14 15 16 17 18 19 20 21 22 23 24 25 26 27 28 29 30 31 32 33 34 35 36 37 38 39 40 41 42 43 44 45 46 47 48 49 50 51 52 53 54 55 56 57 58 59 60 61 62 63 64 65 66 67 68 69 70 71 72 73 74 75 76 77 78 79 80 81 82 83 84 85 86 87 88 89 90 91 92 93 94 95 96 97 98 99 100",2915068130
facts,default,4,filler,47,Tungsten,Polonium,0,-1,0,0,stop,4,0,qwen3.6-27b,Answer: Polonium,"Which chemical element has the symbol that is the first letter of the capital city of the country whose currency is the zloty?

1 2 3 4 5 6 7 8 9 10 11 12 13 14 15 16 17 18 19 20 21 22 23 24 25 26 27 28 29 30 31 32 33 34 35 36 37 38 39 40 41 42 43 44 45 46 47 48 49 50 51 52 53 54 55 56 57 58 59 60 61 62 63 64 65 66 67 68 69 70 71 72 73 74 75 76 77 78 79 80 81 82 83 84 85 86 87 88 89 90 91 92 93 94 95 96 97 98 99 100",3670497396
facts,default,4,filler,48,Potassium,Actinium,0,-1,0,0,stop,5,0,qwen3.6-27b,Answer: Actinium,"Which chemical element has the symbol that is the first letter of the capital city of the country whose currency is the afghani?

1 2 3 4 5 6 7 8 9 10 11 12 13 14 15 16 17 18 19 20 21 22 23 24 25 26 27 28 29 30 31 32 33 34 35 36 37 38 39 40 41 42 43 44 45 46 47 48 49 50 51 52 53 54 55 56 57 58 59 60 61 62 63 64 65 66 67 68 69 70 71 72 73 74 75 76 77 78 79 80 81 82 83 84 85 86 87 88 89 90 91 92 93 94 95 96 97 98 99 100",1249396197
facts,default,4,filler,49,Boron,Boron,1,-1,0,0,stop,5,0,qwen3.6-27b,Answer: Boron,"Which chemical element has the symbol that is the first letter of the capital city of the country whose currency is the yuan?

1 2 3 4 5 6 7 8 9 10 11 12 13 14 15 16 17 18 19 20 21 22 23 24 25 26 27 28 29 30 31 32 33 34 35 36 37 38 39 40 41 42 43 44 45 46 47 48 49 50 51 52 53 54 55 56 57 58 59 60 61 62 63 64 65 66 67 68 69 70 71 72 73 74 75 76 77 78 79 80 81 82 83 84 85 86 87 88 89 90 91 92 93 94 95 96 97 98 99 100",1031763315
facts,default,4,filler,50,Phosphorus,Carbon,0,-1,0,0,stop,4,0,qwen3.6-27b,Answer: Carbon,"Which chemical element has the symbol that is the first letter of the capital city of the country whose currency is the koruna?

1 2 3 4 5 6 7 8 9 10 11 12 13 14 15 16 17 18 19 20 21 22 23 24 25 26 27 28 29 30 31 32 33 34 35 36 37 38 39 40 41 42 43 44 45 46 47 48 49 50 51 52 53 54 55 56 57 58 59 60 61 62 63 64 65 66 67 68 69 70 71 72 73 74 75 76 77 78 79 80 81 82 83 84 85 86 87 88 89 90 91 92 93 94 95 96 97 98 99 100",1572404374
facts,default,4,filler,51,Sulfur,Boron,0,-1,0,0,stop,5,0,qwen3.6-27b,Answer: Boron,"Which chemical element has the symbol that is the first letter of the capital city of the country whose currency is the won?

1 2 3 4 5 6 7 8 9 10 11 12 13 14 15 16 17 18 19 20 21 22 23 24 25 26 27 28 29 30 31 32 33 34 35 36 37 38 39 40 41 42 43 44 45 46 47 48 49 50 51 52 53 54 55 56 57 58 59 60 61 62 63 64 65 66 67 68 69 70 71 72 73 74 75 76 77 78 79 80 81 82 83 84 85 86 87 88 89 90 91 92 93 94 95 96 97 98 99 100",717212672
facts,default,4,filler,52,Sulfur,Helium,0,-1,0,0,stop,5,0,qwen3.6-27b,Answer: Helium,"Which chemical element has the symbol that is the first letter of the capital city of the country whose currency is the krona?

1 2 3 4 5 6 7 8 9 10 11 12 13 14 15 16 17 18 19 20 21 22 23 24 25 26 27 28 29 30 31 32 33 34 35 36 37 38 39 40 41 42 43 44 45 46 47 48 49 50 51 52 53 54 55 56 57 58 59 60 61 62 63 64 65 66 67 68 69 70 71 72 73 74 75 76 77 78 79 80 81 82 83 84 85 86 87 88 89 90 91 92 93 94 95 96 97 98 99 100",3015089594
facts,default,4,filler,53,Yttrium,Yttrium,1,-1,0,0,stop,7,0,qwen3.6-27b,Answer: Yttrium,"Which chemical element has the symbol that is the first letter of the capital city of the country whose currency is the dram?

1 2 3 4 5 6 7 8 9 10 11 12 13 14 15 16 17 18 19 20 21 22 23 24 25 26 27 28 29 30 31 32 33 34 35 36 37 38 39 40 41 42 43 44 45 46 47 48 49 50 51 52 53 54 55 56 57 58 59 60 61 62 63 64 65 66 67 68 69 70 71 72 73 74 75 76 77 78 79 80 81 82 83 84 85 86 87 88 89 90 91 92 93 94 95 96 97 98 99 100",3299978540
facts,default,4,filler,54,Yttrium,Yttrium,1,-1,0,0,stop,7,0,qwen3.6-27b,Answer: Yttrium,"Which chemical element has the symbol that is the first letter of the capital city of the country whose currency is the dram?

1 2 3 4 5 6 7 8 9 10 11 12 13 14 15 16 17 18 19 20 21 22 23 24 25 26 27 28 29 30 31 32 33 34 35 36 37 38 39 40 41 42 43 44 45 46 47 48 49 50 51 52 53 54 55 56 57 58 59 60 61 62 63 64 65 66 67 68 69 70 71 72 73 74 75 76 77 78 79 80 81 82 83 84 85 86 87 88 89 90 91 92 93 94 95 96 97 98 99 100",1523923087
facts,default,4,filler,55,Boron,Boron,1,-1,0,0,stop,4,0,qwen3.6-27b,Answer: Boron,"Which chemical element has the symbol that is the first letter of the capital city of the country whose currency is the baht?

1 2 3 4 5 6 7 8 9 10 11 12 13 14 15 16 17 18 19 20 21 22 23 24 25 26 27 28 29 30 31 32 33 34 35 36 37 38 39 40 41 42 43 44 45 46 47 48 49 50 51 52 53 54 55 56 57 58 59 60 61 62 63 64 65 66 67 68 69 70 71 72 73 74 75 76 77 78 79 80 81 82 83 84 85 86 87 88 89 90 91 92 93 94 95 96 97 98 99 100",768739353
facts,default,4,filler,56,Tungsten,Tungsten,1,-1,0,0,stop,5,0,qwen3.6-27b,Answer: Tungsten,"Which chemical element has the symbol that is the first letter of the capital city of the country whose currency is the zloty?

1 2 3 4 5 6 7 8 9 10 11 12 13 14 15 16 17 18 19 20 21 22 23 24 25 26 27 28 29 30 31 32 33 34 35 36 37 38 39 40 41 42 43 44 45 46 47 48 49 50 51 52 53 54 55 56 57 58 59 60 61 62 63 64 65 66 67 68 69 70 71 72 73 74 75 76 77 78 79 80 81 82 83 84 85 86 87 88 89 90 91 92 93 94 95 96 97 98 99 100",3034274211
facts,default,4,filler,57,Sulfur,Boron,0,-1,0,0,stop,5,0,qwen3.6-27b,Answer: Boron,"Which chemical element has the symbol that is the first letter of the capital city of the country whose currency is the lev?

1 2 3 4 5 6 7 8 9 10 11 12 13 14 15 16 17 18 19 20 21 22 23 24 25 26 27 28 29 30 31 32 33 34 35 36 37 38 39 40 41 42 43 44 45 46 47 48 49 50 51 52 53 54 55 56 57 58 59 60 61 62 63 64 65 66 67 68 69 70 71 72 73 74 75 76 77 78 79 80 81 82 83 84 85 86 87 88 89 90 91 92 93 94 95 96 97 98 99 100",3286001973
facts,default,4,filler,58,Tungsten,Polonium,0,-1,0,0,stop,5,0,qwen3.6-27b,Answer: Polonium,"Which chemical element has the symbol that is the first letter of the capital city of the country whose currency is the zloty?

1 2 3 4 5 6 7 8 9 10 11 12 13 14 15 16 17 18 19 20 21 22 23 24 25 26 27 28 29 30 31 32 33 34 35 36 37 38 39 40 41 42 43 44 45 46 47 48 49 50 51 52 53 54 55 56 57 58 59 60 61 62 63 64 65 66 67 68 69 70 71 72 73 74 75 76 77 78 79 80 81 82 83 84 85 86 87 88 89 90 91 92 93 94 95 96 97 98 99 100",1399026852
facts,default,4,filler,59,Carbon,Boron,0,-1,0,0,stop,5,0,qwen3.6-27b,Answer: Boron,"Which chemical element has the symbol that is the first letter of the capital city of the country whose currency is the bolivar?

1 2 3 4 5 6 7 8 9 10 11 12 13 14 15 16 17 18 19 20 21 22 23 24 25 26 27 28 29 30 31 32 33 34 35 36 37 38 39 40 41 42 43 44 45 46 47 48 49 50 51 52 53 54 55 56 57 58 59 60 61 62 63 64 65 66 67 68 69 70 71 72 73 74 75 76 77 78 79 80 81 82 83 84 85 86 87 88 89 90 91 92 93 94 95 96 97 98 99 100",610550834
facts,default,4,filler,60,Yttrium,Yttrium,1,-1,0,0,stop,7,0,qwen3.6-27b,Answer: Yttrium,"Which chemical element has the symbol that is the first letter of the capital city of the country whose currency is the kyat?

1 2 3 4 5 6 7 8 9 10 11 12 13 14 15 16 17 18 19 20 21 22 23 24 25 26 27 28 29 30 31 32 33 34 35 36 37 38 39 40 41 42 43 44 45 46 47 48 49 50 51 52 53 54 55 56 57 58 59 60 61 62 63 64 65 66 67 68 69 70 71 72 73 74 75 76 77 78 79 80 81 82 83 84 85 86 87 88 89 90 91 92 93 94 95 96 97 98 99 100",1989521237
facts,default,4,filler,61,Sulfur,Seaborgium,0,-1,0,0,stop,7,0,qwen3.6-27b,Answer: Seaborgium,"Which chemical element has the symbol that is the first letter of the capital city of the country whose currency is the won?

1 2 3 4 5 6 7 8 9 10 11 12 13 14 15 16 17 18 19 20 21 22 23 24 25 26 27 28 29 30 31 32 33 34 35 36 37 38 39 40 41 42 43 44 45 46 47 48 49 50 51 52 53 54 55 56 57 58 59 60 61 62 63 64 65 66 67 68 69 70 71 72 73 74 75 76 77 78 79 80 81 82 83 84 85 86 87 88 89 90 91 92 93 94 95 96 97 98 99 100",26386371
facts,default,4,filler,62,Phosphorus,Argon,0,-1,0,0,stop,5,0,qwen3.6-27b,Answer: Argon,"Which chemical element has the symbol that is the first letter of the capital city of the country whose currency is the rand?

1 2 3 4 5 6 7 8 9 10 11 12 13 14 15 16 17 18 19 20 21 22 23 24 25 26 27 28 29 30 31 32 33 34 35 36 37 38 39 40 41 42 43 44 45 46 47 48 49 50 51 52 53 54 55 56 57 58 59 60 61 62 63 64 65 66 67 68 69 70 71 72 73 74 75 76 77 78 79 80 81 82 83 84 85 86 87 88 89 90 91 92 93 94 95 96 97 98 99 100",2560347769
facts,default,4,filler,63,Yttrium,Yttrium,1,-1,0,0,stop,7,0,qwen3.6-27b,Answer: Yttrium,"Which chemical element has the symbol that is the first letter of the capital city of the country whose currency is the dram?

1 2 3 4 5 6 7 8 9 10 11 12 13 14 15 16 17 18 19 20 21 22 23 24 25 26 27 28 29 30 31 32 33 34 35 36 37 38 39 40 41 42 43 44 45 46 47 48 49 50 51 52 53 54 55 56 57 58 59 60 61 62 63 64 65 66 67 68 69 70 71 72 73 74 75 76 77 78 79 80 81 82 83 84 85 86 87 88 89 90 91 92 93 94 95 96 97 98 99 100",4020043503
facts,default,4,filler,64,Carbon,Carbon,1,-1,0,0,stop,4,0,qwen3.6-27b,Answer: Carbon,"Which chemical element has the symbol that is the first letter of the capital city of the country whose currency is the bolivar?

1 2 3 4 5 6 7 8 9 10 11 12 13 14 15 16 17 18 19 20 21 22 23 24 25 26 27 28 29 30 31 32 33 34 35 36 37 38 39 40 41 42 43 44 45 46 47 48 49 50 51 52 53 54 55 56 57 58 59 60 61 62 63 64 65 66 67 68 69 70 71 72 73 74 75 76 77 78 79 80 81 82 83 84 85 86 87 88 89 90 91 92 93 94 95 96 97 98 99 100",1912105804
facts,default,4,filler,65,Boron,Boron,1,-1,0,0,stop,5,0,qwen3.6-27b,Answer: Boron,"Which chemical element has the symbol that is the first letter of the capital city of the country whose currency is the baht?

1 2 3 4 5 6 7 8 9 10 11 12 13 14 15 16 17 18 19 20 21 22 23 24 25 26 27 28 29 30 31 32 33 34 35 36 37 38 39 40 41 42 43 44 45 46 47 48 49 50 51 52 53 54 55 56 57 58 59 60 61 62 63 64 65 66 67 68 69 70 71 72 73 74 75 76 77 78 79 80 81 82 83 84 85 86 87 88 89 90 91 92 93 94 95 96 97 98 99 100",117398490
facts,default,4,filler,66,Tungsten,Boron,0,-1,0,0,stop,5,0,qwen3.6-27b,Answer: Boron,"Which chemical element has the symbol that is the first letter of the capital city of the country whose currency is the zloty?

1 2 3 4 5 6 7 8 9 10 11 12 13 14 15 16 17 18 19 20 21 22 23 24 25 26 27 28 29 30 31 32 33 34 35 36 37 38 39 40 41 42 43 44 45 46 47 48 49 50 51 52 53 54 55 56 57 58 59 60 61 62 63 64 65 66 67 68 69 70 71 72 73 74 75 76 77 78 79 80 81 82 83 84 85 86 87 88 89 90 91 92 93 94 95 96 97 98 99 100",2683701856
facts,default,4,filler,67,Potassium,Krypton,0,-1,0,0,stop,5,0,qwen3.6-27b,Answer: Krypton,"Which chemical element has the symbol that is the first letter of the capital city of the country whose currency is the hryvnia?

1 2 3 4 5 6 7 8 9 10 11 12 13 14 15 16 17 18 19 20 21 22 23 24 25 26 27 28 29 30 31 32 33 34 35 36 37 38 39 40 41 42 43 44 45 46 47 48 49 50 51 52 53 54 55 56 57 58 59 60 61 62 63 64 65 66 67 68 69 70 71 72 73 74 75 76 77 78 79 80 81 82 83 84 85 86 87 88 89 90 91 92 93 94 95 96 97 98 99 100",3908123382
facts,default,4,filler,68,Sulfur,Helium,0,-1,0,0,stop,5,0,qwen3.6-27b,Answer: Helium,"Which chemical element has the symbol that is the first letter of the capital city of the country whose currency is the won?

1 2 3 4 5 6 7 8 9 10 11 12 13 14 15 16 17 18 19 20 21 22 23 24 25 26 27 28 29 30 31 32 33 34 35 36 37 38 39 40 41 42 43 44 45 46 47 48 49 50 51 52 53 54 55 56 57 58 59 60 61 62 63 64 65 66 67 68 69 70 71 72 73 74 75 76 77 78 79 80 81 82 83 84 85 86 87 88 89 90 91 92 93 94 95 96 97 98 99 100",2018387815
facts,default,4,filler,69,Phosphorus,Phosphorus,1,-1,0,0,stop,6,0,qwen3.6-27b,Answer: Phosphorus,"Which chemical element has the symbol that is the first letter of the capital city of the country whose currency is the riel?

1 2 3 4 5 6 7 8 9 10 11 12 13 14 15 16 17 18 19 20 21 22 23 24 25 26 27 28 29 30 31 32 33 34 35 36 37 38 39 40 41 42 43 44 45 46 47 48 49 50 51 52 53 54 55 56 57 58 59 60 61 62 63 64 65 66 67 68 69 70 71 72 73 74 75 76 77 78 79 80 81 82 83 84 85 86 87 88 89 90 91 92 93 94 95 96 97 98 99 100",256448497
facts,default,4,filler,70,Boron,Boron,1,-1,0,0,stop,5,0,qwen3.6-27b,Answer: Boron,"Which chemical element has the symbol that is the first letter of the capital city of the country whose currency is the leu?

1 2 3 4 5 6 7 8 9 10 11 12 13 14 15 16 17 18 19 20 21 22 23 24 25 26 27 28 29 30 31 32 33 34 35 36 37 38 39 40 41 42 43 44 45 46 47 48 49 50 51 52 53 54 55 56 57 58 59 60 61 62 63 64 65 66 67 68 69 70 71 72 73 74 75 76 77 78 79 80 81 82 83 84 85 86 87 88 89 90 91 92 93 94 95 96 97 98 99 100",1871617556
facts,default,4,filler,71,Sulfur,Helium,0,-1,0,0,stop,5,0,qwen3.6-27b,Answer: Helium,"Which chemical element has the symbol that is the first letter of the capital city of the country whose currency is the krona?

1 2 3 4 5 6 7 8 9 10 11 12 13 14 15 16 17 18 19 20 21 22 23 24 25 26 27 28 29 30 31 32 33 34 35 36 37 38 39 40 41 42 43 44 45 46 47 48 49 50 51 52 53 54 55 56 57 58 59 60 61 62 63 64 65 66 67 68 69 70 71 72 73 74 75 76 77 78 79 80 81 82 83 84 85 86 87 88 89 90 91 92 93 94 95 96 97 98 99 100",411676290
facts,default,4,filler,72,Vanadium,Vanadium,1,-1,0,0,stop,5,0,qwen3.6-27b,Answer: Vanadium,"Which chemical element has the symbol that is the first letter of the capital city of the country whose currency is the kip?

1 2 3 4 5 6 7 8 9 10 11 12 13 14 15 16 17 18 19 20 21 22 23 24 25 26 27 28 29 30 31 32 33 34 35 36 37 38 39 40 41 42 43 44 45 46 47 48 49 50 51 52 53 54 55 56 57 58 59 60 61 62 63 64 65 66 67 68 69 70 71 72 73 74 75 76 77 78 79 80 81 82 83 84 85 86 87 88 89 90 91 92 93 94 95 96 97 98 99 100",2172714808
facts,default,4,filler,73,Carbon,Carbon,1,-1,0,0,stop,4,0,qwen3.6-27b,Answer: Carbon,"Which chemical element has the symbol that is the first letter of the capital city of the country whose currency is the bolivar?

1 2 3 4 5 6 7 8 9 10 11 12 13 14 15 16 17 18 19 20 21 22 23 24 25 26 27 28 29 30 31 32 33 34 35 36 37 38 39 40 41 42 43 44 45 46 47 48 49 50 51 52 53 54 55 56 57 58 59 60 61 62 63 64 65 66 67 68 69 70 71 72 73 74 75 76 77 78 79 80 81 82 83 84 85 86 87 88 89 90 91 92 93 94 95 96 97 98 99 100",4136095662
facts,default,4,filler,74,Boron,Boron,1,-1,0,0,stop,5,0,qwen3.6-27b,Answer: Boron,"Which chemical element has the symbol that is the first letter of the capital city of the country whose currency is the leu?

1 2 3 4 5 6 7 8 9 10 11 12 13 14 15 16 17 18 19 20 21 22 23 24 25 26 27 28 29 30 31 32 33 34 35 36 37 38 39 40 41 42 43 44 45 46 47 48 49 50 51 52 53 54 55 56 57 58 59 60 61 62 63 64 65 66 67 68 69 70 71 72 73 74 75 76 77 78 79 80 81 82 83 84 85 86 87 88 89 90 91 92 93 94 95 96 97 98 99 100",1759730189
facts,default,4,filler,75,Hydrogen,Hahnium,0,-1,0,0,stop,6,0,qwen3.6-27b,Answer: Hahnium,"Which chemical element has the symbol that is the first letter of the capital city of the country whose currency is the dong?

1 2 3 4 5 6 7 8 9 10 11 12 13 14 15 16 17 18 19 20 21 22 23 24 25 26 27 28 29 30 31 32 33 34 35 36 37 38 39 40 41 42 43 44 45 46 47 48 49 50 51 52 53 54 55 56 57 58 59 60 61 62 63 64 65 66 67 68 69 70 71 72 73 74 75 76 77 78 79 80 81 82 83 84 85 86 87 88 89 90 91 92 93 94 95 96 97 98 99 100",535063195
facts,default,4,filler,76,Phosphorus,Carbon,0,-1,0,0,stop,3,0,qwen3.6-27b,Answer: Carbon,"Which chemical element has the symbol that is the first letter of the capital city of the country whose currency is the koruna?

1 2 3 4 5 6 7 8 9 10 11 12 13 14 15 16 17 18 19 20 21 22 23 24 25 26 27 28 29 30 31 32 33 34 35 36 37 38 39 40 41 42 43 44 45 46 47 48 49 50 51 52 53 54 55 56 57 58 59 60 61 62 63 64 65 66 67 68 69 70 71 72 73 74 75 76 77 78 79 80 81 82 83 84 85 86 87 88 89 90 91 92 93 94 95 96 97 98 99 100",2263694113
facts,default,4,filler,77,Boron,Thorium,0,-1,0,0,stop,5,0,qwen3.6-27b,Answer: Thorium,"Which chemical element has the symbol that is the first letter of the capital city of the country whose currency is the baht?

1 2 3 4 5 6 7 8 9 10 11 12 13 14 15 16 17 18 19 20 21 22 23 24 25 26 27 28 29 30 31 32 33 34 35 36 37 38 39 40 41 42 43 44 45 46 47 48 49 50 51 52 53 54 55 56 57 58 59 60 61 62 63 64 65 66 67 68 69 70 71 72 73 74 75 76 77 78 79 80 81 82 83 84 85 86 87 88 89 90 91 92 93 94 95 96 97 98 99 100",4058647479
facts,default,4,filler,78,Sulfur,Boron,0,-1,0,0,stop,5,0,qwen3.6-27b,Answer: Boron,"Which chemical element has the symbol that is the first letter of the capital city of the country whose currency is the lev?

1 2 3 4 5 6 7 8 9 10 11 12 13 14 15 16 17 18 19 20 21 22 23 24 25 26 27 28 29 30 31 32 33 34 35 36 37 38 39 40 41 42 43 44 45 46 47 48 49 50 51 52 53 54 55 56 57 58 59 60 61 62 63 64 65 66 67 68 69 70 71 72 73 74 75 76 77 78 79 80 81 82 83 84 85 86 87 88 89 90 91 92 93 94 95 96 97 98 99 100",1632966182
facts,default,4,filler,79,Yttrium,Yttrium,1,-1,0,0,stop,7,0,qwen3.6-27b,Answer: Yttrium,"Which chemical element has the symbol that is the first letter of the capital city of the country whose currency is the kyat?

1 2 3 4 5 6 7 8 9 10 11 12 13 14 15 16 17 18 19 20 21 22 23 24 25 26 27 28 29 30 31 32 33 34 35 36 37 38 39 40 41 42 43 44 45 46 47 48 49 50 51 52 53 54 55 56 57 58 59 60 61 62 63 64 65 66 67 68 69 70 71 72 73 74 75 76 77 78 79 80 81 82 83 84 85 86 87 88 89 90 91 92 93 94 95 96 97 98 99 100",374482608
facts,default,4,filler,80,Sulfur,Helium,0,-1,0,0,stop,5,0,qwen3.6-27b,Answer: Helium,"Which chemical element has the symbol that is the first letter of the capital city of the country whose currency is the won?

1 2 3 4 5 6 7 8 9 10 11 12 13 14 15 16 17 18 19 20 21 22 23 24 25 26 27 28 29 30 31 32 33 34 35 36 37 38 39 40 41 42 43 44 45 46 47 48 49 50 51 52 53 54 55 56 57 58 59 60 61 62 63 64 65 66 67 68 69 70 71 72 73 74 75 76 77 78 79 80 81 82 83 84 85 86 87 88 89 90 91 92 93 94 95 96 97 98 99 100",3893789403
facts,default,4,filler,81,Phosphorus,Helium,0,-1,0,0,stop,5,0,qwen3.6-27b,Answer: Helium,"Which chemical element has the symbol that is the first letter of the capital city of the country whose currency is the rand?

1 2 3 4 5 6 7 8 9 10 11 12 13 14 15 16 17 18 19 20 21 22 23 24 25 26 27 28 29 30 31 32 33 34 35 36 37 38 39 40 41 42 43 44 45 46 47 48 49 50 51 52 53 54 55 56 57 58 59 60 61 62 63 64 65 66 67 68 69 70 71 72 73 74 75 76 77 78 79 80 81 82 83 84 85 86 87 88 89 90 91 92 93 94 95 96 97 98 99 100",2668737101
facts,default,4,filler,82,Vanadium,V,0,-1,0,0,stop,4,0,qwen3.6-27b,Answer: V,"Which chemical element has the symbol that is the first letter of the capital city of the country whose currency is the kip?

1 2 3 4 5 6 7 8 9 10 11 12 13 14 15 16 17 18 19 20 21 22 23 24 25 26 27 28 29 30 31 32 33 34 35 36 37 38 39 40 41 42 43 44 45 46 47 48 49 50 51 52 53 54 55 56 57 58 59 60 61 62 63 64 65 66 67 68 69 70 71 72 73 74 75 76 77 78 79 80 81 82 83 84 85 86 87 88 89 90 91 92 93 94 95 96 97 98 99 100",102294519
facts,default,4,filler,83,Boron,Carbon,0,-1,0,0,stop,4,0,qwen3.6-27b,Answer: Carbon,"Which chemical element has the symbol that is the first letter of the capital city of the country whose currency is the yuan?

1 2 3 4 5 6 7 8 9 10 11 12 13 14 15 16 17 18 19 20 21 22 23 24 25 26 27 28 29 30 31 32 33 34 35 36 37 38 39 40 41 42 43 44 45 46 47 48 49 50 51 52 53 54 55 56 57 58 59 60 61 62 63 64 65 66 67 68 69 70 71 72 73 74 75 76 77 78 79 80 81 82 83 84 85 86 87 88 89 90 91 92 93 94 95 96 97 98 99 100",1897911137
facts,default,4,filler,84,Boron,Boron,1,-1,0,0,stop,5,0,qwen3.6-27b,Answer: Boron,"Which chemical element has the symbol that is the first letter of the capital city of the country whose currency is the manat?

1 2 3 4 5 6 7 8 9 10 11 12 13 14 15 16 17 18 19 20 21 22 23 24 25 26 27 28 29 30 31 32 33 34 35 36 37 38 39 40 41 42 43 44 45 46 47 48 49 50 51 52 53 54 55 56 57 58 59 60 61 62 63 64 65 66 67 68 69 70 71 72 73 74 75 76 77 78 79 80 81 82 83 84 85 86 87 88 89 90 91 92 93 94 95 96 97 98 99 100",4017833666
facts,default,4,filler,85,Potassium,Helium,0,-1,0,0,stop,5,0,qwen3.6-27b,Answer: Helium,"Which chemical element has the symbol that is the first letter of the capital city of the country whose currency is the afghani?

1 2 3 4 5 6 7 8 9 10 11 12 13 14 15 16 17 18 19 20 21 22 23 24 25 26 27 28 29 30 31 32 33 34 35 36 37 38 39 40 41 42 43 44 45 46 47 48 49 50 51 52 53 54 55 56 57 58 59 60 61 62 63 64 65 66 67 68 69 70 71 72 73 74 75 76 77 78 79 80 81 82 83 84 85 86 87 88 89 90 91 92 93 94 95 96 97 98 99 100",2558293588
facts,default,4,filler,86,Carbon,Carbon,1,-1,0,0,stop,4,0,qwen3.6-27b,Answer: Carbon,"Which chemical element has the symbol that is the first letter of the capital city of the country whose currency is the bolivar?

1 2 3 4 5 6 7 8 9 10 11 12 13 14 15 16 17 18 19 20 21 22 23 24 25 26 27 28 29 30 31 32 33 34 35 36 37 38 39 40 41 42 43 44 45 46 47 48 49 50 51 52 53 54 55 56 57 58 59 60 61 62 63 64 65 66 67 68 69 70 71 72 73 74 75 76 77 78 79 80 81 82 83 84 85 86 87 88 89 90 91 92 93 94 95 96 97 98 99 100",24455150
facts,default,4,filler,87,Yttrium,Nitrogen,0,-1,0,0,stop,5,0,qwen3.6-27b,Answer: Nitrogen,"Which chemical element has the symbol that is the first letter of the capital city of the country whose currency is the kyat?

1 2 3 4 5 6 7 8 9 10 11 12 13 14 15 16 17 18 19 20 21 22 23 24 25 26 27 28 29 30 31 32 33 34 35 36 37 38 39 40 41 42 43 44 45 46 47 48 49 50 51 52 53 54 55 56 57 58 59 60 61 62 63 64 65 66 67 68 69 70 71 72 73 74 75 76 77 78 79 80 81 82 83 84 85 86 87 88 89 90 91 92 93 94 95 96 97 98 99 100",1987188600
facts,default,4,filler,88,Potassium,Helium,0,-1,0,0,stop,5,0,qwen3.6-27b,Answer: Helium,"Which chemical element has the symbol that is the first letter of the capital city of the country whose currency is the afghani?

1 2 3 4 5 6 7 8 9 10 11 12 13 14 15 16 17 18 19 20 21 22 23 24 25 26 27 28 29 30 31 32 33 34 35 36 37 38 39 40 41 42 43 44 45 46 47 48 49 50 51 52 53 54 55 56 57 58 59 60 61 62 63 64 65 66 67 68 69 70 71 72 73 74 75 76 77 78 79 80 81 82 83 84 85 86 87 88 89 90 91 92 93 94 95 96 97 98 99 100",3872197353
facts,default,4,filler,89,Potassium,Actinium,0,-1,0,0,stop,5,0,qwen3.6-27b,Answer: Actinium,"Which chemical element has the symbol that is the first letter of the capital city of the country whose currency is the afghani?

1 2 3 4 5 6 7 8 9 10 11 12 13 14 15 16 17 18 19 20 21 22 23 24 25 26 27 28 29 30 31 32 33 34 35 36 37 38 39 40 41 42 43 44 45 46 47 48 49 50 51 52 53 54 55 56 57 58 59 60 61 62 63 64 65 66 67 68 69 70 71 72 73 74 75 76 77 78 79 80 81 82 83 84 85 86 87 88 89 90 91 92 93 94 95 96 97 98 99 100",2445949567
facts,default,4,filler,90,Sulfur,Helium,0,-1,0,0,stop,5,0,qwen3.6-27b,Answer: Helium,"Which chemical element has the symbol that is the first letter of the capital city of the country whose currency is the won?

1 2 3 4 5 6 7 8 9 10 11 12 13 14 15 16 17 18 19 20 21 22 23 24 25 26 27 28 29 30 31 32 33 34 35 36 37 38 39 40 41 42 43 44 45 46 47 48 49 50 51 52 53 54 55 56 57 58 59 60 61 62 63 64 65 66 67 68 69 70 71 72 73 74 75 76 77 78 79 80 81 82 83 84 85 86 87 88 89 90 91 92 93 94 95 96 97 98 99 100",4044207002
facts,default,4,filler,91,Boron,Boron,1,-1,0,0,stop,5,0,qwen3.6-27b,Answer: Boron,"Which chemical element has the symbol that is the first letter of the capital city of the country whose currency is the forint?

1 2 3 4 5 6 7 8 9 10 11 12 13 14 15 16 17 18 19 20 21 22 23 24 25 26 27 28 29 30 31 32 33 34 35 36 37 38 39 40 41 42 43 44 45 46 47 48 49 50 51 52 53 54 55 56 57 58 59 60 61 62 63 64 65 66 67 68 69 70 71 72 73 74 75 76 77 78 79 80 81 82 83 84 85 86 87 88 89 90 91 92 93 94 95 96 97 98 99 100",2248835852
facts,default,4,filler,92,Sulfur,Boron,0,-1,0,0,stop,4,0,qwen3.6-27b,Answer: Boron,"Which chemical element has the symbol that is the first letter of the capital city of the country whose currency is the lev?

1 2 3 4 5 6 7 8 9 10 11 12 13 14 15 16 17 18 19 20 21 22 23 24 25 26 27 28 29 30 31 32 33 34 35 36 37 38 39 40 41 42 43 44 45 46 47 48 49 50 51 52 53 54 55 56 57 58 59 60 61 62 63 64 65 66 67 68 69 70 71 72 73 74 75 76 77 78 79 80 81 82 83 84 85 86 87 88 89 90 91 92 93 94 95 96 97 98 99 100",520344246
facts,default,4,filler,93,Carbon,Carbon,1,-1,0,0,stop,4,0,qwen3.6-27b,Answer: Carbon,"Which chemical element has the symbol that is the first letter of the capital city of the country whose currency is the bolivar?

1 2 3 4 5 6 7 8 9 10 11 12 13 14 15 16 17 18 19 20 21 22 23 24 25 26 27 28 29 30 31 32 33 34 35 36 37 38 39 40 41 42 43 44 45 46 47 48 49 50 51 52 53 54 55 56 57 58 59 60 61 62 63 64 65 66 67 68 69 70 71 72 73 74 75 76 77 78 79 80 81 82 83 84 85 86 87 88 89 90 91 92 93 94 95 96 97 98 99 100",1745150496
facts,default,4,filler,94,Sulfur,Sulfur,1,-1,0,0,stop,5,0,qwen3.6-27b,Answer: Sulfur,"Which chemical element has the symbol that is the first letter of the capital city of the country whose currency is the krona?

1 2 3 4 5 6 7 8 9 10 11 12 13 14 15 16 17 18 19 20 21 22 23 24 25 26 27 28 29 30 31 32 33 34 35 36 37 38 39 40 41 42 43 44 45 46 47 48 49 50 51 52 53 54 55 56 57 58 59 60 61 62 63 64 65 66 67 68 69 70 71 72 73 74 75 76 77 78 79 80 81 82 83 84 85 86 87 88 89 90 91 92 93 94 95 96 97 98 99 100",4133517187
facts,default,4,filler,95,Sulfur,Helium,0,-1,0,0,stop,5,0,qwen3.6-27b,Answer: Helium,"Which chemical element has the symbol that is the first letter of the capital city of the country whose currency is the krona?

1 2 3 4 5 6 7 8 9 10 11 12 13 14 15 16 17 18 19 20 21 22 23 24 25 26 27 28 29 30 31 32 33 34 35 36 37 38 39 40 41 42 43 44 45 46 47 48 49 50 51 52 53 54 55 56 57 58 59 60 61 62 63 64 65 66 67 68 69 70 71 72 73 74 75 76 77 78 79 80 81 82 83 84 85 86 87 88 89 90 91 92 93 94 95 96 97 98 99 100",2171029269
facts,default,4,filler,96,Yttrium,Yttrium,1,-1,0,0,stop,6,0,qwen3.6-27b,Answer: Yttrium,"Which chemical element has the symbol that is the first letter of the capital city of the country whose currency is the dram?

1 2 3 4 5 6 7 8 9 10 11 12 13 14 15 16 17 18 19 20 21 22 23 24 25 26 27 28 29 30 31 32 33 34 35 36 37 38 39 40 41 42 43 44 45 46 47 48 49 50 51 52 53 54 55 56 57 58 59 60 61 62 63 64 65 66 67 68 69 70 71 72 73 74 75 76 77 78 79 80 81 82 83 84 85 86 87 88 89 90 91 92 93 94 95 96 97 98 99 100",409867951
facts,default,4,filler,97,Boron,Boron,1,-1,0,0,stop,5,0,qwen3.6-27b,Answer: Boron,"Which chemical element has the symbol that is the first letter of the capital city of the country whose currency is the leu?

1 2 3 4 5 6 7 8 9 10 11 12 13 14 15 16 17 18 19 20 21 22 23 24 25 26 27 28 29 30 31 32 33 34 35 36 37 38 39 40 41 42 43 44 45 46 47 48 49 50 51 52 53 54 55 56 57 58 59 60 61 62 63 64 65 66 67 68 69 70 71 72 73 74 75 76 77 78 79 80 81 82 83 84 85 86 87 88 89 90 91 92 93 94 95 96 97 98 99 100",1869162041
facts,default,4,filler,98,Potassium,Krypton,0,-1,0,0,stop,5,0,qwen3.6-27b,Answer: Krypton,"Which chemical element has the symbol that is the first letter of the capital city of the country whose currency is the hryvnia?

1 2 3 4 5 6 7 8 9 10 11 12 13 14 15 16 17 18 19 20 21 22 23 24 25 26 27 28 29 30 31 32 33 34 35 36 37 38 39 40 41 42 43 44 45 46 47 48 49 50 51 52 53 54 55 56 57 58 59 60 61 62 63 64 65 66 67 68 69 70 71 72 73 74 75 76 77 78 79 80 81 82 83 84 85 86 87 88 89 90 91 92 93 94 95 96 97 98 99 100",4292230056
facts,default,4,filler,99,Boron,Helium,0,-1,0,0,stop,5,0,qwen3.6-27b,Answer: Helium,"Which chemical element has the symbol that is the first letter of the capital city of the country whose currency is the forint?

1 2 3 4 5 6 7 8 9 10 11 12 13 14 15 16 17 18 19 20 21 22 23 24 25 26 27 28 29 30 31 32 33 34 35 36 37 38 39 40 41 42 43 44 45 46 47 48 49 50 51 52 53 54 55 56 57 58 59 60 61 62 63 64 65 66 67 68 69 70 71 72 73 74 75 76 77 78 79 80 81 82 83 84 85 86 87 88 89 90 91 92 93 94 95 96 97 98 99 100",2295401278
facts,default,4,filler,100,Sulfur,Sulfur,1,-1,0,0,stop,6,0,qwen3.6-27b,Answer: Sulfur,"Which chemical element has the symbol that is the first letter of the capital city of the country whose currency is the lev?

1 2 3 4 5 6 7 8 9 10 11 12 13 14 15 16 17 18 19 20 21 22 23 24 25 26 27 28 29 30 31 32 33 34 35 36 37 38 39 40 41 42 43 44 45 46 47 48 49 50 51 52 53 54 55 56 57 58 59 60 61 62 63 64 65 66 67 68 69 70 71 72 73 74 75 76 77 78 79 80 81 82 83 84 85 86 87 88 89 90 91 92 93 94 95 96 97 98 99 100",3940809072
facts,default,4,filler,101,Yttrium,Yttrium,1,-1,0,0,stop,7,0,qwen3.6-27b,Answer: Yttrium,"Which chemical element has the symbol that is the first letter of the capital city of the country whose currency is the dram?

1 2 3 4 5 6 7 8 9 10 11 12 13 14 15 16 17 18 19 20 21 22 23 24 25 26 27 28 29 30 31 32 33 34 35 36 37 38 39 40 41 42 43 44 45 46 47 48 49 50 51 52 53 54 55 56 57 58 59 60 61 62 63 64 65 66 67 68 69 70 71 72 73 74 75 76 77 78 79 80 81 82 83 84 85 86 87 88 89 90 91 92 93 94 95 96 97 98 99 100",2649016806
facts,default,4,filler,102,Tungsten,Tungsten,1,-1,0,0,stop,5,0,qwen3.6-27b,Answer: Tungsten,"Which chemical element has the symbol that is the first letter of the capital city of the country whose currency is the zloty?

1 2 3 4 5 6 7 8 9 10 11 12 13 14 15 16 17 18 19 20 21 22 23 24 25 26 27 28 29 30 31 32 33 34 35 36 37 38 39 40 41 42 43 44 45 46 47 48 49 50 51 52 53 54 55 56 57 58 59 60 61 62 63 64 65 66 67 68 69 70 71 72 73 74 75 76 77 78 79 80 81 82 83 84 85 86 87 88 89 90 91 92 93 94 95 96 97 98 99 100",82679900
facts,default,4,filler,103,Phosphorus,Helium,0,-1,0,0,stop,5,0,qwen3.6-27b,Answer: Helium,"Which chemical element has the symbol that is the first letter of the capital city of the country whose currency is the rand?

1 2 3 4 5 6 7 8 9 10 11 12 13 14 15 16 17 18 19 20 21 22 23 24 25 26 27 28 29 30 31 32 33 34 35 36 37 38 39 40 41 42 43 44 45 46 47 48 49 50 51 52 53 54 55 56 57 58 59 60 61 62 63 64 65 66 67 68 69 70 71 72 73 74 75 76 77 78 79 80 81 82 83 84 85 86 87 88 89 90 91 92 93 94 95 96 97 98 99 100",1944758474
facts,default,4,filler,104,Phosphorus,Boron,0,-1,0,0,stop,5,0,qwen3.6-27b,Answer: Boron,"Which chemical element has the symbol that is the first letter of the capital city of the country whose currency is the koruna?

1 2 3 4 5 6 7 8 9 10 11 12 13 14 15 16 17 18 19 20 21 22 23 24 25 26 27 28 29 30 31 32 33 34 35 36 37 38 39 40 41 42 43 44 45 46 47 48 49 50 51 52 53 54 55 56 57 58 59 60 61 62 63 64 65 66 67 68 69 70 71 72 73 74 75 76 77 78 79 80 81 82 83 84 85 86 87 88 89 90 91 92 93 94 95 96 97 98 99 100",3985522025
facts,default,4,filler,105,Yttrium,Yttrium,1,-1,0,0,stop,7,0,qwen3.6-27b,Answer: Yttrium,"Which chemical element has the symbol that is the first letter of the capital city of the country whose currency is the kyat?

1 2 3 4 5 6 7 8 9 10 11 12 13 14 15 16 17 18 19 20 21 22 23 24 25 26 27 28 29 30 31 32 33 34 35 36 37 38 39 40 41 42 43 44 45 46 47 48 49 50 51 52 53 54 55 56 57 58 59 60 61 62 63 64 65 66 67 68 69 70 71 72 73 74 75 76 77 78 79 80 81 82 83 84 85 86 87 88 89 90 91 92 93 94 95 96 97 98 99 100",2592673279
facts,default,4,filler,106,Yttrium,Yttrium,1,-1,0,0,stop,7,0,qwen3.6-27b,Answer: Yttrium,"Which chemical element has the symbol that is the first letter of the capital city of the country whose currency is the dram?

1 2 3 4 5 6 7 8 9 10 11 12 13 14 15 16 17 18 19 20 21 22 23 24 25 26 27 28 29 30 31 32 33 34 35 36 37 38 39 40 41 42 43 44 45 46 47 48 49 50 51 52 53 54 55 56 57 58 59 60 61 62 63 64 65 66 67 68 69 70 71 72 73 74 75 76 77 78 79 80 81 82 83 84 85 86 87 88 89 90 91 92 93 94 95 96 97 98 99 100",58743877
facts,default,4,filler,107,Boron,Boron,1,-1,0,0,stop,5,0,qwen3.6-27b,Answer: Boron,"Which chemical element has the symbol that is the first letter of the capital city of the country whose currency is the leu?

1 2 3 4 5 6 7 8 9 10 11 12 13 14 15 16 17 18 19 20 21 22 23 24 25 26 27 28 29 30 31 32 33 34 35 36 37 38 39 40 41 42 43 44 45 46 47 48 49 50 51 52 53 54 55 56 57 58 59 60 61 62 63 64 65 66 67 68 69 70 71 72 73 74 75 76 77 78 79 80 81 82 83 84 85 86 87 88 89 90 91 92 93 94 95 96 97 98 99 100",1955032275
facts,default,4,filler,108,Yttrium,Yttrium,1,-1,0,0,stop,7,0,qwen3.6-27b,Answer: Yttrium,"Which chemical element has the symbol that is the first letter of the capital city of the country whose currency is the kyat?

1 2 3 4 5 6 7 8 9 10 11 12 13 14 15 16 17 18 19 20 21 22 23 24 25 26 27 28 29 30 31 32 33 34 35 36 37 38 39 40 41 42 43 44 45 46 47 48 49 50 51 52 53 54 55 56 57 58 59 60 61 62 63 64 65 66 67 68 69 70 71 72 73 74 75 76 77 78 79 80 81 82 83 84 85 86 87 88 89 90 91 92 93 94 95 96 97 98 99 100",3828904258
facts,default,4,filler,109,Hydrogen,Hahnium,0,-1,0,0,stop,6,0,qwen3.6-27b,Answer: Hahnium,"Which chemical element has the symbol that is the first letter of the capital city of the country whose currency is the dong?

1 2 3 4 5 6 7 8 9 10 11 12 13 14 15 16 17 18 19 20 21 22 23 24 25 26 27 28 29 30 31 32 33 34 35 36 37 38 39 40 41 42 43 44 45 46 47 48 49 50 51 52 53 54 55 56 57 58 59 60 61 62 63 64 65 66 67 68 69 70 71 72 73 74 75 76 77 78 79 80 81 82 83 84 85 86 87 88 89 90 91 92 93 94 95 96 97 98 99 100",2470396372
facts,default,4,filler,110,Phosphorus,Phosphorus,1,-1,0,0,stop,6,0,qwen3.6-27b,Answer: Phosphorus,"Which chemical element has the symbol that is the first letter of the capital city of the country whose currency is the riel?

1 2 3 4 5 6 7 8 9 10 11 12 13 14 15 16 17 18 19 20 21 22 23 24 25 26 27 28 29 30 31 32 33 34 35 36 37 38 39 40 41 42 43 44 45 46 47 48 49 50 51 52 53 54 55 56 57 58 59 60 61 62 63 64 65 66 67 68 69 70 71 72 73 74 75 76 77 78 79 80 81 82 83 84 85 86 87 88 89 90 91 92 93 94 95 96 97 98 99 100",4093167665
facts,default,4,filler,111,Boron,Yttrium,0,-1,0,0,stop,7,0,qwen3.6-27b,Answer: Yttrium,"Which chemical element has the symbol that is the first letter of the capital city of the country whose currency is the leu?

1 2 3 4 5 6 7 8 9 10 11 12 13 14 15 16 17 18 19 20 21 22 23 24 25 26 27 28 29 30 31 32 33 34 35 36 37 38 39 40 41 42 43 44 45 46 47 48 49 50 51 52 53 54 55 56 57 58 59 60 61 62 63 64 65 66 67 68 69 70 71 72 73 74 75 76 77 78 79 80 81 82 83 84 85 86 87 88 89 90 91 92 93 94 95 96 97 98 99 100",2231367847
facts,default,4,filler,112,Carbon,Carbon,1,-1,0,0,stop,4,0,qwen3.6-27b,Answer: Carbon,"Which chemical element has the symbol that is the first letter of the capital city of the country whose currency is the bolivar?

1 2 3 4 5 6 7 8 9 10 11 12 13 14 15 16 17 18 19 20 21 22 23 24 25 26 27 28 29 30 31 32 33 34 35 36 37 38 39 40 41 42 43 44 45 46 47 48 49 50 51 52 53 54 55 56 57 58 59 60 61 62 63 64 65 66 67 68 69 70 71 72 73 74 75 76 77 78 79 80 81 82 83 84 85 86 87 88 89 90 91 92 93 94 95 96 97 98 99 100",502704413
facts,default,4,filler,113,Phosphorus,Phosphorus,1,-1,0,0,stop,6,0,qwen3.6-27b,Answer: Phosphorus,"Which chemical element has the symbol that is the first letter of the capital city of the country whose currency is the koruna?

1 2 3 4 5 6 7 8 9 10 11 12 13 14 15 16 17 18 19 20 21 22 23 24 25 26 27 28 29 30 31 32 33 34 35 36 37 38 39 40 41 42 43 44 45 46 47 48 49 50 51 52 53 54 55 56 57 58 59 60 61 62 63 64 65 66 67 68 69 70 71 72 73 74 75 76 77 78 79 80 81 82 83 84 85 86 87 88 89 90 91 92 93 94 95 96 97 98 99 100",1794218379
facts,default,4,filler,114,Boron,Argon,0,-1,0,0,stop,5,0,qwen3.6-27b,Answer: Argon,"Which chemical element has the symbol that is the first letter of the capital city of the country whose currency is the manat?

1 2 3 4 5 6 7 8 9 10 11 12 13 14 15 16 17 18 19 20 21 22 23 24 25 26 27 28 29 30 31 32 33 34 35 36 37 38 39 40 41 42 43 44 45 46 47 48 49 50 51 52 53 54 55 56 57 58 59 60 61 62 63 64 65 66 67 68 69 70 71 72 73 74 75 76 77 78 79 80 81 82 83 84 85 86 87 88 89 90 91 92 93 94 95 96 97 98 99 100",4103408680
facts,default,4,filler,115,Boron,Boron,1,-1,0,0,stop,5,0,qwen3.6-27b,Answer: Boron,"Which chemical element has the symbol that is the first letter of the capital city of the country whose currency is the baht?

1 2 3 4 5 6 7 8 9 10 11 12 13 14 15 16 17 18 19 20 21 22 23 24 25 26 27 28 29 30 31 32 33 34 35 36 37 38 39 40 41 42 43 44 45 46 47 48 49 50 51 52 53 54 55 56 57 58 59 60 61 62 63 64 65 66 67 68 69 70 71 72 73 74 75 76 77 78 79 80 81 82 83 84 85 86 87 88 89 90 91 92 93 94 95 96 97 98 99 100",2207399102
facts,default,4,filler,116,Yttrium,Yttrium,1,-1,0,0,stop,7,0,qwen3.6-27b,Answer: Yttrium,"Which chemical element has the symbol that is the first letter of the capital city of the country whose currency is the kyat?

1 2 3 4 5 6 7 8 9 10 11 12 13 14 15 16 17 18 19 20 21 22 23 24 25 26 27 28 29 30 31 32 33 34 35 36 37 38 39 40 41 42 43 44 45 46 47 48 49 50 51 52 53 54 55 56 57 58 59 60 61 62 63 64 65 66 67 68 69 70 71 72 73 74 75 76 77 78 79 80 81 82 83 84 85 86 87 88 89 90 91 92 93 94 95 96 97 98 99 100",446393604
facts,default,4,filler,117,Phosphorus,Carbon,0,-1,0,0,stop,4,0,qwen3.6-27b,Answer: Carbon,"Which chemical element has the symbol that is the first letter of the capital city of the country whose currency is the rand?

1 2 3 4 5 6 7 8 9 10 11 12 13 14 15 16 17 18 19 20 21 22 23 24 25 26 27 28 29 30 31 32 33 34 35 36 37 38 39 40 41 42 43 44 45 46 47 48 49 50 51 52 53 54 55 56 57 58 59 60 61 62 63 64 65 66 67 68 69 70 71 72 73 74 75 76 77 78 79 80 81 82 83 84 85 86 87 88 89 90 91 92 93 94 95 96 97 98 99 100",1838964114
facts,default,4,filler,118,Boron,Boron,1,-1,0,0,stop,5,0,qwen3.6-27b,Answer: Boron,"Which chemical element has the symbol that is the first letter of the capital city of the country whose currency is the leu?

1 2 3 4 5 6 7 8 9 10 11 12 13 14 15 16 17 18 19 20 21 22 23 24 25 26 27 28 29 30 31 32 33 34 35 36 37 38 39 40 41 42 43 44 45 46 47 48 49 50 51 52 53 54 55 56 57 58 59 60 61 62 63 64 65 66 67 68 69 70 71 72 73 74 75 76 77 78 79 80 81 82 83 84 85 86 87 88 89 90 91 92 93 94 95 96 97 98 99 100",4246945795
facts,default,4,filler,119,Tungsten,Helium,0,-1,0,0,stop,5,0,qwen3.6-27b,Answer: Helium,"Which chemical element has the symbol that is the first letter of the capital city of the country whose currency is the zloty?

1 2 3 4 5 6 7 8 9 10 11 12 13 14 15 16 17 18 19 20 21 22 23 24 25 26 27 28 29 30 31 32 33 34 35 36 37 38 39 40 41 42 43 44 45 46 47 48 49 50 51 52 53 54 55 56 57 58 59 60 61 62 63 64 65 66 67 68 69 70 71 72 73 74 75 76 77 78 79 80 81 82 83 84 85 86 87 88 89 90 91 92 93 94 95 96 97 98 99 100",2317643925
facts,default,4,filler,120,Sulfur,Helium,0,-1,0,0,stop,5,0,qwen3.6-27b,Answer: Helium,"Which chemical element has the symbol that is the first letter of the capital city of the country whose currency is the won?

1 2 3 4 5 6 7 8 9 10 11 12 13 14 15 16 17 18 19 20 21 22 23 24 25 26 27 28 29 30 31 32 33 34 35 36 37 38 39 40 41 42 43 44 45 46 47 48 49 50 51 52 53 54 55 56 57 58 59 60 61 62 63 64 65 66 67 68 69 70 71 72 73 74 75 76 77 78 79 80 81 82 83 84 85 86 87 88 89 90 91 92 93 94 95 96 97 98 99 100",3637877746
facts,default,4,filler,121,Phosphorus,Argon,0,-1,0,0,stop,5,0,qwen3.6-27b,Answer: Argon,"Which chemical element has the symbol that is the first letter of the capital city of the country whose currency is the rand?

1 2 3 4 5 6 7 8 9 10 11 12 13 14 15 16 17 18 19 20 21 22 23 24 25 26 27 28 29 30 31 32 33 34 35 36 37 38 39 40 41 42 43 44 45 46 47 48 49 50 51 52 53 54 55 56 57 58 59 60 61 62 63 64 65 66 67 68 69 70 71 72 73 74 75 76 77 78 79 80 81 82 83 84 85 86 87 88 89 90 91 92 93 94 95 96 97 98 99 100",2949819236
facts,default,4,filler,122,Sulfur,Boron,0,-1,0,0,stop,5,0,qwen3.6-27b,Answer: Boron,"Which chemical element has the symbol that is the first letter of the capital city of the country whose currency is the lev?

1 2 3 4 5 6 7 8 9 10 11 12 13 14 15 16 17 18 19 20 21 22 23 24 25 26 27 28 29 30 31 32 33 34 35 36 37 38 39 40 41 42 43 44 45 46 47 48 49 50 51 52 53 54 55 56 57 58 59 60 61 62 63 64 65 66 67 68 69 70 71 72 73 74 75 76 77 78 79 80 81 82 83 84 85 86 87 88 89 90 91 92 93 94 95 96 97 98 99 100",920386270
facts,default,4,filler,123,Yttrium,Yttrium,1,-1,0,0,stop,7,0,qwen3.6-27b,Answer: Yttrium,"Which chemical element has the symbol that is the first letter of the capital city of the country whose currency is the kyat?

1 2 3 4 5 6 7 8 9 10 11 12 13 14 15 16 17 18 19 20 21 22 23 24 25 26 27 28 29 30 31 32 33 34 35 36 37 38 39 40 41 42 43 44 45 46 47 48 49 50 51 52 53 54 55 56 57 58 59 60 61 62 63 64 65 66 67 68 69 70 71 72 73 74 75 76 77 78 79 80 81 82 83 84 85 86 87 88 89 90 91 92 93 94 95 96 97 98 99 100",1104988744
facts,default,4,filler,124,Yttrium,Yttrium,1,-1,0,0,stop,6,0,qwen3.6-27b,Answer: Yttrium,"Which chemical element has the symbol that is the first letter of the capital city of the country whose currency is the dram?

1 2 3 4 5 6 7 8 9 10 11 12 13 14 15 16 17 18 19 20 21 22 23 24 25 26 27 28 29 30 31 32 33 34 35 36 37 38 39 40 41 42 43 44 45 46 47 48 49 50 51 52 53 54 55 56 57 58 59 60 61 62 63 64 65 66 67 68 69 70 71 72 73 74 75 76 77 78 79 80 81 82 83 84 85 86 87 88 89 90 91 92 93 94 95 96 97 98 99 100",3753402347
facts,default,4,filler,125,Hydrogen,Hydrogen,1,-1,0,0,stop,5,0,qwen3.6-27b,Answer: Hydrogen,"Which chemical element has the symbol that is the first letter of the capital city of the country whose currency is the dong?

1 2 3 4 5 6 7 8 9 10 11 12 13 14 15 16 17 18 19 20 21 22 23 24 25 26 27 28 29 30 31 32 33 34 35 36 37 38 39 40 41 42 43 44 45 46 47 48 49 50 51 52 53 54 55 56 57 58 59 60 61 62 63 64 65 66 67 68 69 70 71 72 73 74 75 76 77 78 79 80 81 82 83 84 85 86 87 88 89 90 91 92 93 94 95 96 97 98 99 100",2831118205
facts,default,4,filler,126,Phosphorus,Phosphorus,1,-1,0,0,stop,6,0,qwen3.6-27b,Answer: Phosphorus,"Which chemical element has the symbol that is the first letter of the capital city of the country whose currency is the koruna?

1 2 3 4 5 6 7 8 9 10 11 12 13 14 15 16 17 18 19 20 21 22 23 24 25 26 27 28 29 30 31 32 33 34 35 36 37 38 39 40 41 42 43 44 45 46 47 48 49 50 51 52 53 54 55 56 57 58 59 60 61 62 63 64 65 66 67 68 69 70 71 72 73 74 75 76 77 78 79 80 81 82 83 84 85 86 87 88 89 90 91 92 93 94 95 96 97 98 99 100",834027207
facts,default,4,filler,127,Sulfur,Helium,0,-1,0,0,stop,5,0,qwen3.6-27b,Answer: Helium,"Which chemical element has the symbol that is the first letter of the capital city of the country whose currency is the krona?

1 2 3 4 5 6 7 8 9 10 11 12 13 14 15 16 17 18 19 20 21 22 23 24 25 26 27 28 29 30 31 32 33 34 35 36 37 38 39 40 41 42 43 44 45 46 47 48 49 50 51 52 53 54 55 56 57 58 59 60 61 62 63 64 65 66 67 68 69 70 71 72 73 74 75 76 77 78 79 80 81 82 83 84 85 86 87 88 89 90 91 92 93 94 95 96 97 98 99 100",1186008657
facts,default,4,filler,128,Phosphorus,Phosphorus,1,-1,0,0,stop,6,0,qwen3.6-27b,Answer: Phosphorus,"Which chemical element has the symbol that is the first letter of the capital city of the country whose currency is the riel?

1 2 3 4 5 6 7 8 9 10 11 12 13 14 15 16 17 18 19 20 21 22 23 24 25 26 27 28 29 30 31 32 33 34 35 36 37 38 39 40 41 42 43 44 45 46 47 48 49 50 51 52 53 54 55 56 57 58 59 60 61 62 63 64 65 66 67 68 69 70 71 72 73 74 75 76 77 78 79 80 81 82 83 84 85 86 87 88 89 90 91 92 93 94 95 96 97 98 99 100",3591246784
facts,default,4,filler,129,Potassium,Helium,0,-1,0,0,stop,5,0,qwen3.6-27b,Answer: Helium,"Which chemical element has the symbol that is the first letter of the capital city of the country whose currency is the afghani?

1 2 3 4 5 6 7 8 9 10 11 12 13 14 15 16 17 18 19 20 21 22 23 24 25 26 27 28 29 30 31 32 33 34 35 36 37 38 39 40 41 42 43 44 45 46 47 48 49 50 51 52 53 54 55 56 57 58 59 60 61 62 63 64 65 66 67 68 69 70 71 72 73 74 75 76 77 78 79 80 81 82 83 84 85 86 87 88 89 90 91 92 93 94 95 96 97 98 99 100",2701730646
facts,default,4,filler,130,Hydrogen,Helium,0,-1,0,0,stop,4,0,qwen3.6-27b,Answer: Helium,"Which chemical element has the symbol that is the first letter of the capital city of the country whose currency is the dong?

1 2 3 4 5 6 7 8 9 10 11 12 13 14 15 16 17 18 19 20 21 22 23 24 25 26 27 28 29 30 31 32 33 34 35 36 37 38 39 40 41 42 43 44 45 46 47 48 49 50 51 52 53 54 55 56 57 58 59 60 61 62 63 64 65 66 67 68 69 70 71 72 73 74 75 76 77 78 79 80 81 82 83 84 85 86 87 88 89 90 91 92 93 94 95 96 97 98 99 100",3251546803
facts,default,4,filler,131,Sulfur,Helium,0,-1,0,0,stop,5,0,qwen3.6-27b,Answer: Helium,"Which chemical element has the symbol that is the first letter of the capital city of the country whose currency is the won?

1 2 3 4 5 6 7 8 9 10 11 12 13 14 15 16 17 18 19 20 21 22 23 24 25 26 27 28 29 30 31 32 33 34 35 36 37 38 39 40 41 42 43 44 45 46 47 48 49 50 51 52 53 54 55 56 57 58 59 60 61 62 63 64 65 66 67 68 69 70 71 72 73 74 75 76 77 78 79 80 81 82 83 84 85 86 87 88 89 90 91 92 93 94 95 96 97 98 99 100",3066665509
facts,default,4,filler,132,Phosphorus,Phosphorus,1,-1,0,0,stop,6,0,qwen3.6-27b,Answer: Phosphorus,"Which chemical element has the symbol that is the first letter of the capital city of the country whose currency is the riel?

1 2 3 4 5 6 7 8 9 10 11 12 13 14 15 16 17 18 19 20 21 22 23 24 25 26 27 28 29 30 31 32 33 34 35 36 37 38 39 40 41 42 43 44 45 46 47 48 49 50 51 52 53 54 55 56 57 58 59 60 61 62 63 64 65 66 67 68 69 70 71 72 73 74 75 76 77 78 79 80 81 82 83 84 85 86 87 88 89 90 91 92 93 94 95 96 97 98 99 100",801164191
facts,default,4,filler,133,Sulfur,Sulfur,1,-1,0,0,stop,6,0,qwen3.6-27b,Answer: Sulfur,"Which chemical element has the symbol that is the first letter of the capital city of the country whose currency is the lev?

1 2 3 4 5 6 7 8 9 10 11 12 13 14 15 16 17 18 19 20 21 22 23 24 25 26 27 28 29 30 31 32 33 34 35 36 37 38 39 40 41 42 43 44 45 46 47 48 49 50 51 52 53 54 55 56 57 58 59 60 61 62 63 64 65 66 67 68 69 70 71 72 73 74 75 76 77 78 79 80 81 82 83 84 85 86 87 88 89 90 91 92 93 94 95 96 97 98 99 100",1489500937
facts,default,4,filler,134,Yttrium,Yttrium,1,-1,0,0,stop,7,0,qwen3.6-27b,Answer: Yttrium,"Which chemical element has the symbol that is the first letter of the capital city of the country whose currency is the dram?

1 2 3 4 5 6 7 8 9 10 11 12 13 14 15 16 17 18 19 20 21 22 23 24 25 26 27 28 29 30 31 32 33 34 35 36 37 38 39 40 41 42 43 44 45 46 47 48 49 50 51 52 53 54 55 56 57 58 59 60 61 62 63 64 65 66 67 68 69 70 71 72 73 74 75 76 77 78 79 80 81 82 83 84 85 86 87 88 89 90 91 92 93 94 95 96 97 98 99 100",3332599466
facts,default,4,filler,135,Tungsten,Polonium,0,-1,0,0,stop,5,0,qwen3.6-27b,Answer: Polonium,"Which chemical element has the symbol that is the first letter of the capital city of the country whose currency is the zloty?

1 2 3 4 5 6 7 8 9 10 11 12 13 14 15 16 17 18 19 20 21 22 23 24 25 26 27 28 29 30 31 32 33 34 35 36 37 38 39 40 41 42 43 44 45 46 47 48 49 50 51 52 53 54 55 56 57 58 59 60 61 62 63 64 65 66 67 68 69 70 71 72 73 74 75 76 77 78 79 80 81 82 83 84 85 86 87 88 89 90 91 92 93 94 95 96 97 98 99 100",2980339260
facts,default,4,filler,136,Yttrium,Sulfur,0,-1,0,0,stop,6,0,qwen3.6-27b,Answer: Sulfur,"Which chemical element has the symbol that is the first letter of the capital city of the country whose currency is the kyat?

1 2 3 4 5 6 7 8 9 10 11 12 13 14 15 16 17 18 19 20 21 22 23 24 25 26 27 28 29 30 31 32 33 34 35 36 37 38 39 40 41 42 43 44 45 46 47 48 49 50 51 52 53 54 55 56 57 58 59 60 61 62 63 64 65 66 67 68 69 70 71 72 73 74 75 76 77 78 79 80 81 82 83 84 85 86 87 88 89 90 91 92 93 94 95 96 97 98 99 100",682430342
facts,default,4,filler,137,Boron,Thorium,0,-1,0,0,stop,5,0,qwen3.6-27b,Answer: Thorium,"Which chemical element has the symbol that is the first letter of the capital city of the country whose currency is the baht?

1 2 3 4 5 6 7 8 9 10 11 12 13 14 15 16 17 18 19 20 21 22 23 24 25 26 27 28 29 30 31 32 33 34 35 36 37 38 39 40 41 42 43 44 45 46 47 48 49 50 51 52 53 54 55 56 57 58 59 60 61 62 63 64 65 66 67 68 69 70 71 72 73 74 75 76 77 78 79 80 81 82 83 84 85 86 87 88 89 90 91 92 93 94 95 96 97 98 99 100",1604992784
facts,default,4,filler,138,Sulfur,Boron,0,-1,0,0,stop,5,0,qwen3.6-27b,Answer: Boron,"Which chemical element has the symbol that is the first letter of the capital city of the country whose currency is the lev?

1 2 3 4 5 6 7 8 9 10 11 12 13 14 15 16 17 18 19 20 21 22 23 24 25 26 27 28 29 30 31 32 33 34 35 36 37 38 39 40 41 42 43 44 45 46 47 48 49 50 51 52 53 54 55 56 57 58 59 60 61 62 63 64 65 66 67 68 69 70 71 72 73 74 75 76 77 78 79 80 81 82 83 84 85 86 87 88 89 90 91 92 93 94 95 96 97 98 99 100",3474268801
facts,default,4,filler,139,Boron,Boron,1,-1,0,0,stop,5,0,qwen3.6-27b,Answer: Boron,"Which chemical element has the symbol that is the first letter of the capital city of the country whose currency is the yuan?

1 2 3 4 5 6 7 8 9 10 11 12 13 14 15 16 17 18 19 20 21 22 23 24 25 26 27 28 29 30 31 32 33 34 35 36 37 38 39 40 41 42 43 44 45 46 47 48 49 50 51 52 53 54 55 56 57 58 59 60 61 62 63 64 65 66 67 68 69 70 71 72 73 74 75 76 77 78 79 80 81 82 83 84 85 86 87 88 89 90 91 92 93 94 95 96 97 98 99 100",3088192023
facts,default,4,filler,140,Sulfur,Helium,0,-1,0,0,stop,5,0,qwen3.6-27b,Answer: Helium,"Which chemical element has the symbol that is the first letter of the capital city of the country whose currency is the krona?

1 2 3 4 5 6 7 8 9 10 11 12 13 14 15 16 17 18 19 20 21 22 23 24 25 26 27 28 29 30 31 32 33 34 35 36 37 38 39 40 41 42 43 44 45 46 47 48 49 50 51 52 53 54 55 56 57 58 59 60 61 62 63 64 65 66 67 68 69 70 71 72 73 74 75 76 77 78 79 80 81 82 83 84 85 86 87 88 89 90 91 92 93 94 95 96 97 98 99 100",2391751796
facts,default,4,filler,141,Potassium,Argon,0,-1,0,0,stop,5,0,qwen3.6-27b,Answer: Argon,"Which chemical element has the symbol that is the first letter of the capital city of the country whose currency is the afghani?

1 2 3 4 5 6 7 8 9 10 11 12 13 14 15 16 17 18 19 20 21 22 23 24 25 26 27 28 29 30 31 32 33 34 35 36 37 38 39 40 41 42 43 44 45 46 47 48 49 50 51 52 53 54 55 56 57 58 59 60 61 62 63 64 65 66 67 68 69 70 71 72 73 74 75 76 77 78 79 80 81 82 83 84 85 86 87 88 89 90 91 92 93 94 95 96 97 98 99 100",4186442978
facts,default,4,filler,142,Tungsten,Polonium,0,-1,0,0,stop,5,0,qwen3.6-27b,Answer: Polonium,"Which chemical element has the symbol that is the first letter of the capital city of the country whose currency is the zloty?

1 2 3 4 5 6 7 8 9 10 11 12 13 14 15 16 17 18 19 20 21 22 23 24 25 26 27 28 29 30 31 32 33 34 35 36 37 38 39 40 41 42 43 44 45 46 47 48 49 50 51 52 53 54 55 56 57 58 59 60 61 62 63 64 65 66 67 68 69 70 71 72 73 74 75 76 77 78 79 80 81 82 83 84 85 86 87 88 89 90 91 92 93 94 95 96 97 98 99 100",1619090776
facts,default,4,filler,143,Sulfur,Helium,0,-1,0,0,stop,5,0,qwen3.6-27b,Answer: Helium,"Which chemical element has the symbol that is the first letter of the capital city of the country whose currency is the won?

1 2 3 4 5 6 7 8 9 10 11 12 13 14 15 16 17 18 19 20 21 22 23 24 25 26 27 28 29 30 31 32 33 34 35 36 37 38 39 40 41 42 43 44 45 46 47 48 49 50 51 52 53 54 55 56 57 58 59 60 61 62 63 64 65 66 67 68 69 70 71 72 73 74 75 76 77 78 79 80 81 82 83 84 85 86 87 88 89 90 91 92 93 94 95 96 97 98 99 100",394685902
facts,default,4,filler,144,Phosphorus,Boron,0,-1,0,0,stop,5,0,qwen3.6-27b,Answer: Boron,"Which chemical element has the symbol that is the first letter of the capital city of the country whose currency is the riel?

1 2 3 4 5 6 7 8 9 10 11 12 13 14 15 16 17 18 19 20 21 22 23 24 25 26 27 28 29 30 31 32 33 34 35 36 37 38 39 40 41 42 43 44 45 46 47 48 49 50 51 52 53 54 55 56 57 58 59 60 61 62 63 64 65 66 67 68 69 70 71 72 73 74 75 76 77 78 79 80 81 82 83 84 85 86 87 88 89 90 91 92 93 94 95 96 97 98 99 100",2313353325
facts,default,4,filler,145,Boron,Boron,1,-1,0,0,stop,5,0,qwen3.6-27b,Answer: Boron,"Which chemical element has the symbol that is the first letter of the capital city of the country whose currency is the manat?

1 2 3 4 5 6 7 8 9 10 11 12 13 14 15 16 17 18 19 20 21 22 23 24 25 26 27 28 29 30 31 32 33 34 35 36 37 38 39 40 41 42 43 44 45 46 47 48 49 50 51 52 53 54 55 56 57 58 59 60 61 62 63 64 65 66 67 68 69 70 71 72 73 74 75 76 77 78 79 80 81 82 83 84 85 86 87 88 89 90 91 92 93 94 95 96 97 98 99 100",4276472059
facts,default,4,filler,146,Boron,Beryllium,0,-1,0,0,stop,7,0,qwen3.6-27b,Answer: Beryllium,"Which chemical element has the symbol that is the first letter of the capital city of the country whose currency is the manat?

1 2 3 4 5 6 7 8 9 10 11 12 13 14 15 16 17 18 19 20 21 22 23 24 25 26 27 28 29 30 31 32 33 34 35 36 37 38 39 40 41 42 43 44 45 46 47 48 49 50 51 52 53 54 55 56 57 58 59 60 61 62 63 64 65 66 67 68 69 70 71 72 73 74 75 76 77 78 79 80 81 82 83 84 85 86 87 88 89 90 91 92 93 94 95 96 97 98 99 100",1743558977
facts,default,4,filler,147,Vanadium,Yttrium,0,-1,0,0,stop,7,0,qwen3.6-27b,Answer: Yttrium,"Which chemical element has the symbol that is the first letter of the capital city of the country whose currency is the kip?

1 2 3 4 5 6 7 8 9 10 11 12 13 14 15 16 17 18 19 20 21 22 23 24 25 26 27 28 29 30 31 32 33 34 35 36 37 38 39 40 41 42 43 44 45 46 47 48 49 50 51 52 53 54 55 56 57 58 59 60 61 62 63 64 65 66 67 68 69 70 71 72 73 74 75 76 77 78 79 80 81 82 83 84 85 86 87 88 89 90 91 92 93 94 95 96 97 98 99 100",283879895
facts,default,4,filler,148,Potassium,Actinium,0,-1,0,0,stop,5,0,qwen3.6-27b,Answer: Actinium,"Which chemical element has the symbol that is the first letter of the capital city of the country whose currency is the afghani?

1 2 3 4 5 6 7 8 9 10 11 12 13 14 15 16 17 18 19 20 21 22 23 24 25 26 27 28 29 30 31 32 33 34 35 36 37 38 39 40 41 42 43 44 45 46 47 48 49 50 51 52 53 54 55 56 57 58 59 60 61 62 63 64 65 66 67 68 69 70 71 72 73 74 75 76 77 78 79 80 81 82 83 84 85 86 87 88 89 90 91 92 93 94 95 96 97 98 99 100",2153034822
facts,default,4,filler,149,Sulfur,Sulfur,1,-1,0,0,stop,6,0,qwen3.6-27b,Answer: Sulfur,"Which chemical element has the symbol that is the first letter of the capital city of the country whose currency is the lev?

1 2 3 4 5 6 7 8 9 10 11 12 13 14 15 16 17 18 19 20 21 22 23 24 25 26 27 28 29 30 31 32 33 34 35 36 37 38 39 40 41 42 43 44 45 46 47 48 49 50 51 52 53 54 55 56 57 58 59 60 61 62 63 64 65 66 67 68 69 70 71 72 73 74 75 76 77 78 79 80 81 82 83 84 85 86 87 88 89 90 91 92 93 94 95 96 97 98 99 100",4149445840
facts,default,4,cot,0,Sulfur,Sulfur,1,-1,0,0,stop,953,909,qwen3.6-27b,"The won is the currency of South Korea. The capital of South Korea is Seoul. Its first letter is S, and S is the symbol for Sulfur.
Answer: Sulfur",Which chemical element has the symbol that is the first letter of the capital city of the country whose currency is the won?,2951155811
facts,default,4,cot,1,Boron,Boron,1,-1,0,0,stop,296,243,qwen3.6-27b,"The yuan is the currency of China. The capital of China is Beijing. Its first letter is B, and B is the symbol for Boron.
Answer: Boron",Which chemical element has the symbol that is the first letter of the capital city of the country whose currency is the yuan?,3638567157
facts,default,4,cot,2,Yttrium,Yttrium,1,-1,0,0,stop,260,216,qwen3.6-27b,"The dram is the currency of Armenia. The capital of Armenia is Yerevan. Its first letter is Y, and Y is the chemical symbol for Yttrium.

Answer: Yttrium",Which chemical element has the symbol that is the first letter of the capital city of the country whose currency is the dram?,1105817935
facts,default,4,cot,3,Yttrium,Yttrium,1,-1,0,0,stop,990,944,qwen3.6-27b,"The dram is the currency of Armenia. The capital of Armenia is Yerevan. Its first letter is Y, and Y is the symbol for Yttrium.
Answer: Yttrium",Which chemical element has the symbol that is the first letter of the capital city of the country whose currency is the dram?,921584089
facts,default,4,cot,4,Hydrogen,Hydrogen,1,-1,0,0,stop,236,186,qwen3.6-27b,"The dong is the currency of Vietnam. The capital of Vietnam is Hanoi. Its first letter is H, and H is the symbol for Hydrogen.
Answer: Hydrogen",Which chemical element has the symbol that is the first letter of the capital city of the country whose currency is the dong?,2827670650
facts,default,4,cot,5,Hydrogen,Hydrogen,1,-1,0,0,stop,230,192,qwen3.6-27b,"The dong is the currency of Vietnam. The capital of Vietnam is Hanoi. Its first letter is H, and H is the symbol for Hydrogen.
Answer: Hydrogen",Which chemical element has the symbol that is the first letter of the capital city of the country whose currency is the dong?,3750618348
facts,default,4,cot,6,Phosphorus,Phosphorus,1,-1,0,0,stop,1075,1033,qwen3.6-27b,"The koruna is the currency of the Czech Republic. The capital of the Czech Republic is Prague. Its first letter is P, and P is the chemical symbol for Phosphorus.

Answer: Phosphorus",Which chemical element has the symbol that is the first letter of the capital city of the country whose currency is the koruna?,1183102294
facts,default,4,cot,7,Phosphorus,Phosphorus,1,-1,0,0,stop,1098,1079,qwen3.6-27b,"The rand is the currency of South Africa. The capital of South Africa is Pretoria. Its first letter is P, and P is the symbol for Phosphorus.
Answer: Phosphorus",Which chemical element has the symbol that is the first letter of the capital city of the country whose currency is the rand?,830703040
facts,default,4,cot,8,Boron,Boron,1,-1,0,0,stop,1005,966,qwen3.6-27b,"The leu is the currency of Romania. The capital of Romania is Bucharest. Its first letter is B, and B is the symbol for Boron.
Answer: Boron",Which chemical element has the symbol that is the first letter of the capital city of the country whose currency is the leu?,2705102929
facts,default,4,cot,9,Hydrogen,Hydrogen,1,-1,0,0,stop,279,233,qwen3.6-27b,"The dong is the currency of Vietnam. The capital of Vietnam is Hanoi. Its first letter is H, and H is the symbol for Hydrogen.
Answer: Hydrogen",Which chemical element has the symbol that is the first letter of the capital city of the country whose currency is the dong?,3594234055
facts,default,4,cot,10,Phosphorus,Phosphorus,1,-1,0,0,stop,935,889,qwen3.6-27b,"The riel is the currency of Cambodia. The capital of Cambodia is Phnom Penh. Its first letter is P, and P is the symbol for Phosphorus.
Answer: Phosphorus",Which chemical element has the symbol that is the first letter of the capital city of the country whose currency is the riel?,970209682
facts,default,4,cot,11,Phosphorus,Phosphorus,1,-1,0,0,stop,1244,1138,qwen3.6-27b,"The riel is the currency of Cambodia. The capital of Cambodia is Phnom Penh. Its first letter is P, and P is the symbol for Phosphorus.
Answer: Phosphorus",Which chemical element has the symbol that is the first letter of the capital city of the country whose currency is the riel?,1322453252
facts,default,4,cot,12,Boron,Boron,1,-1,0,0,stop,232,181,qwen3.6-27b,"The baht is the currency of Thailand. The capital of Thailand is Bangkok. Its first letter is B, and B is the symbol for Boron.
Answer: Boron",Which chemical element has the symbol that is the first letter of the capital city of the country whose currency is the baht?,3621411006
facts,default,4,cot,13,Phosphorus,Phosphorus,1,-1,0,0,stop,847,804,qwen3.6-27b,"The riel is the currency of Cambodia. The capital of Cambodia is Phnom Penh. Its first letter is P, and P is the symbol for Phosphorus.
Answer: Phosphorus",Which chemical element has the symbol that is the first letter of the capital city of the country whose currency is the riel?,2698864680
facts,default,4,cot,14,Sulfur,Sulfur,1,-1,0,0,stop,1170,1129,qwen3.6-27b,"The won is the currency of South Korea. The capital of South Korea is Seoul. Its first letter is S, and S is the symbol for Sulfur.
Answer: Sulfur",Which chemical element has the symbol that is the first letter of the capital city of the country whose currency is the won?,1052376459
facts,default,4,cot,15,Tungsten,Tungsten,1,-1,0,0,stop,240,194,qwen3.6-27b,"The zloty is the currency of Poland. The capital of Poland is Warsaw. Its first letter is W, and W is the chemical symbol for Tungsten.
Answer: Tungsten",Which chemical element has the symbol that is the first letter of the capital city of the country whose currency is the zloty?,1237241117
facts,default,4,cot,16,Sulfur,Sulfur,1,-1,0,0,stop,787,723,qwen3.6-27b,"The won is the currency of South Korea. The capital of South Korea is Seoul. Its first letter is S, and S is the symbol for Sulfur.
Answer: Sulfur",Which chemical element has the symbol that is the first letter of the capital city of the country whose currency is the won?,3501694119
facts,default,4,cot,17,Potassium,Potassium,1,-1,0,0,stop,522,483,qwen3.6-27b,"The afghani is the currency of Afghanistan. The capital of Afghanistan is Kabul. Its first letter is K, and K is the symbol for Potassium.
Answer: Potassium",Which chemical element has the symbol that is the first letter of the capital city of the country whose currency is the afghani?,2813373489
facts,default,4,cot,18,Boron,Boron,1,-1,0,0,stop,858,820,qwen3.6-27b,"The baht is the currency of Thailand. The capital of Thailand is Bangkok. Its first letter is B, and B is the symbol for Boron.
Answer: Boron",Which chemical element has the symbol that is the first letter of the capital city of the country whose currency is the baht?,923775392
facts,default,4,cot,19,Sulfur,Sulfur,1,-1,0,0,stop,1124,1046,qwen3.6-27b,"The won is the currency of South Korea. The capital of South Korea is Seoul. Its first letter is S, and S is the symbol for Sulfur.
Answer: Sulfur",Which chemical element has the symbol that is the first letter of the capital city of the country whose currency is the won?,1074299190
facts,default,4,cot,20,Sulfur,Sulfur,1,-1,0,0,stop,910,830,qwen3.6-27b,"The won is the currency of South Korea. The capital of South Korea is Seoul. Its first letter is S, and S is the chemical symbol for Sulfur.

Answer: Sulfur",Which chemical element has the symbol that is the first letter of the capital city of the country whose currency is the won?,318335569
facts,default,4,cot,21,Sulfur,Sulfur,1,-1,0,0,stop,908,867,qwen3.6-27b,"The won is the currency of South Korea. The capital of South Korea is Seoul. Its first letter is S, and S is the symbol for Sulfur.
Answer: Sulfur",Which chemical element has the symbol that is the first letter of the capital city of the country whose currency is the won?,1711168199
facts,default,4,cot,22,Vanadium,Vanadium,1,-1,0,0,stop,817,778,qwen3.6-27b,"The kip is the currency of Laos. The capital of Laos is Vientiane. Its first letter is V, and V is the symbol for Vanadium.
Answer: Vanadium",Which chemical element has the symbol that is the first letter of the capital city of the country whose currency is the kip?,4244048765
facts,default,4,cot,23,Sulfur,Sulfur,1,-1,0,0,stop,838,796,qwen3.6-27b,"The won is the currency of South Korea. The capital of South Korea is Seoul. Its first letter is S, and S is the chemical symbol for Sulfur.

Answer: Sulfur",Which chemical element has the symbol that is the first letter of the capital city of the country whose currency is the won?,2347777003
facts,default,4,cot,24,Boron,Boron,1,-1,0,0,stop,216,178,qwen3.6-27b,"The baht is the currency of Thailand. The capital of Thailand is Bangkok. Its first letter is B, and B is the symbol for Boron.
Answer: Boron",Which chemical element has the symbol that is the first letter of the capital city of the country whose currency is the baht?,362065480
facts,default,4,cot,25,Boron,Boron,1,-1,0,0,stop,1113,1025,qwen3.6-27b,"The manat is the currency of Azerbaijan. The capital of Azerbaijan is Baku. Its first letter is B, and B is the symbol for Boron.
Answer: Boron",Which chemical element has the symbol that is the first letter of the capital city of the country whose currency is the manat?,1653841630
facts,default,4,cot,26,Hydrogen,Hydrogen,1,-1,0,0,stop,233,185,qwen3.6-27b,"The dong is the currency of Vietnam. The capital of Vietnam is Hanoi. Its first letter is H, and H is the symbol for Hydrogen.
Answer: Hydrogen",Which chemical element has the symbol that is the first letter of the capital city of the country whose currency is the dong?,4221226852
facts,default,4,cot,27,Phosphorus,Phosphorus,1,-1,0,0,stop,748,705,qwen3.6-27b,"The riel is the currency of Cambodia. The capital of Cambodia is Phnom Penh. Its first letter is P, and P is the symbol for Phosphorus.
Answer: Phosphorus",Which chemical element has the symbol that is the first letter of the capital city of the country whose currency is the riel?,2359164914
facts,default,4,cot,28,Yttrium,Yttrium,1,-1,0,0,stop,1186,1139,qwen3.6-27b,"The dram is the currency of Armenia. The capital of Armenia is Yerevan. The first letter of Yerevan is Y, which is the chemical symbol for Yttrium.

Answer: Yttrium",Which chemical element has the symbol that is the first letter of the capital city of the country whose currency is the dram?,472048227
facts,default,4,cot,29,Boron,Boron,1,-1,0,0,stop,604,566,qwen3.6-27b,"The baht is the currency of Thailand. The capital of Thailand is Bangkok. Its first letter is B, and B is the symbol for Boron.

Answer: Boron",Which chemical element has the symbol that is the first letter of the capital city of the country whose currency is the baht?,1797640949
facts,default,4,cot,30,Boron,Boron,1,-1,0,0,stop,964,887,qwen3.6-27b,"The leu is the currency of Romania. The capital of Romania is Bucharest. Its first letter is B, and B is the symbol for Boron.
Answer: Boron",Which chemical element has the symbol that is the first letter of the capital city of the country whose currency is the leu?,199383824
facts,default,4,cot,31,Yttrium,Nitrogen,0,-1,0,0,stop,782,738,qwen3.6-27b,"The kyat is the currency of Myanmar. The capital of Myanmar is Naypyidaw. Its first letter is N, and N is the symbol for Nitrogen.
Answer: Nitrogen",Which chemical element has the symbol that is the first letter of the capital city of the country whose currency is the kyat?,2095410054
facts,default,4,cot,32,Carbon,Carbon,1,-1,0,0,stop,329,286,qwen3.6-27b,"The bolivar is the currency of Venezuela. The capital of Venezuela is Caracas. Its first letter is C, and C is the chemical symbol for Carbon.

Answer: Carbon",Which chemical element has the symbol that is the first letter of the capital city of the country whose currency is the bolivar?,3857463868
facts,default,4,cot,33,Yttrium,Nitrogen,0,-1,0,0,stop,912,827,qwen3.6-27b,"The kyat is the currency of Myanmar. The capital of Myanmar is Naypyidaw. Its first letter is N, and N is the symbol for Nitrogen.
Answer: Nitrogen",Which chemical element has the symbol that is the first letter of the capital city of the country whose currency is the kyat?,2464877226
facts,default,4,cot,34,Sulfur,Sulfur,1,-1,0,0,stop,234,178,qwen3.6-27b,"The lev is the currency of Bulgaria. The capital of Bulgaria is Sofia. Its first letter is S, and S is the symbol for Sulfur.
Answer: Sulfur",Which chemical element has the symbol that is the first letter of the capital city of the country whose currency is the lev?,210738953
facts,default,4,cot,35,Boron,Boron,1,-1,0,0,stop,909,869,qwen3.6-27b,"The manat is the currency of Azerbaijan. The capital of Azerbaijan is Baku. Its first letter is B, and B is the chemical symbol for Boron.

Answer: Boron",Which chemical element has the symbol that is the first letter of the capital city of the country whose currency is the manat?,2072555423
facts,default,4,cot,36,Phosphorus,Phosphorus,1,-1,0,0,stop,1145,1098,qwen3.6-27b,"The koruna is the currency of the Czech Republic. The capital of the Czech Republic is Prague. Its first letter is P, which is the chemical symbol for Phosphorus.

Answer: Phosphorus",Which chemical element has the symbol that is the first letter of the capital city of the country whose currency is the koruna?,3800170021
facts,default,4,cot,37,Carbon,Carbon,1,-1,0,0,stop,233,194,qwen3.6-27b,"The bolívar is the currency of Venezuela. The capital of Venezuela is Caracas. Its first letter is C, and C is the symbol for Carbon.
Answer: Carbon",Which chemical element has the symbol that is the first letter of the capital city of the country whose currency is the bolivar?,2508639923
facts,default,4,cot,38,Phosphorus,Phosphorus,1,-1,0,0,stop,1193,1135,qwen3.6-27b,"The koruna is the currency of the Czech Republic. The capital of the Czech Republic is Prague. Its first letter is P, and P is the chemical symbol for Phosphorus.

Answer: Phosphorus",Which chemical element has the symbol that is the first letter of the capital city of the country whose currency is the koruna?,87675682
facts,default,4,cot,39,Tungsten,Tungsten,1,-1,0,0,stop,364,296,qwen3.6-27b,"The zloty is the currency of Poland. The capital of Poland is Warsaw. Its first letter is W, and W is the chemical symbol for Tungsten.

Answer: Tungsten",Which chemical element has the symbol that is the first letter of the capital city of the country whose currency is the zloty?,1916724148
facts,default,4,cot,40,Yttrium,Yttrium,1,-1,0,0,stop,258,214,qwen3.6-27b,"The dram is the currency of Armenia. The capital of Armenia is Yerevan. Its first letter is Y, and Y is the chemical symbol for Yttrium.

Answer: Yttrium",Which chemical element has the symbol that is the first letter of the capital city of the country whose currency is the dram?,1151585751
facts,default,4,cot,41,Boron,Boron,1,-1,0,0,stop,1080,1004,qwen3.6-27b,"The manat is the currency of Azerbaijan. The capital of Azerbaijan is Baku. Its first letter is B, and B is the symbol for Boron.
Answer: Boron",Which chemical element has the symbol that is the first letter of the capital city of the country whose currency is the manat?,866450753
facts,default,4,cot,42,Carbon,Carbon,1,-1,0,0,stop,224,188,qwen3.6-27b,"The bolívar is the currency of Venezuela. The capital of Venezuela is Caracas. Its first letter is C, and C is the symbol for Carbon.
Answer: Carbon",Which chemical element has the symbol that is the first letter of the capital city of the country whose currency is the bolivar?,2863508731
facts,default,4,cot,43,Boron,Boron,1,-1,0,0,stop,1142,1099,qwen3.6-27b,"The manat is the currency of Azerbaijan. The capital of Azerbaijan is Baku. Its first letter is B, and B is the chemical symbol for Boron.
Answer: Boron",Which chemical element has the symbol that is the first letter of the capital city of the country whose currency is the manat?,3718945901
facts,default,4,cot,44,Boron,The,0,-1,0,0,error,705,692,qwen3.6-27b,The yuan is the currency of China. The capital of,Which chemical element has the symbol that is the first letter of the capital city of the country whose currency is the yuan?,1137576398
facts,default,4,cot,45,Sulfur,Sulfur,1,-1,0,0,stop,246,207,qwen3.6-27b,"The lev is the currency of Bulgaria. The capital of Bulgaria is Sofia. Its first letter is S, and S is the symbol for Sulfur.
Answer: Sulfur",Which chemical element has the symbol that is the first letter of the capital city of the country whose currency is the lev?,885602648
facts,default,4,cot,46,Phosphorus,Phosphorus,1,-1,0,0,stop,737,661,qwen3.6-27b,"The riel is the currency of Cambodia. The capital of Cambodia is Phnom Penh. Its first letter is P, and P is the symbol for Phosphorus.
Answer: Phosphorus",Which chemical element has the symbol that is the first letter of the capital city of the country whose currency is the riel?,2915068130
facts,default,4,cot,47,Tungsten,Tungsten,1,-1,0,0,stop,374,334,qwen3.6-27b,"The zloty is the currency of Poland. The capital of Poland is Warsaw. Its first letter is W, and W is the chemical symbol for Tungsten.

Answer: Tungsten",Which chemical element has the symbol that is the first letter of the capital city of the country whose currency is the zloty?,3670497396
facts,default,4,cot,48,Potassium,Potassium,1,-1,0,0,stop,358,319,qwen3.6-27b,"The afghani is the currency of Afghanistan. The capital of Afghanistan is Kabul. Its first letter is K, and K is the symbol for Potassium.

Answer: Potassium",Which chemical element has the symbol that is the first letter of the capital city of the country whose currency is the afghani?,1249396197
facts,default,4,cot,49,Boron,Boron,1,-1,0,0,stop,226,172,qwen3.6-27b,"The yuan is the currency of China. The capital of China is Beijing. Its first letter is B, and B is the chemical symbol for Boron.

Answer: Boron",Which chemical element has the symbol that is the first letter of the capital city of the country whose currency is the yuan?,1031763315
facts,default,4,cot,50,Phosphorus,Phosphorus,1,-1,0,0,stop,585,540,qwen3.6-27b,"The koruna is the currency of the Czech Republic. The capital of the Czech Republic is Prague. Its first letter is P, and P is the chemical symbol for Phosphorus.

Answer: Phosphorus",Which chemical element has the symbol that is the first letter of the capital city of the country whose currency is the koruna?,1572404374
facts,default,4,cot,51,Sulfur,Sulfur,1,-1,0,0,stop,1193,1152,qwen3.6-27b,"The won is the currency of South Korea. The capital of South Korea is Seoul. Its first letter is S, and S is the symbol for Sulfur.
Answer: Sulfur",Which chemical element has the symbol that is the first letter of the capital city of the country whose currency is the won?,717212672
facts,default,4,cot,52,Sulfur,Sulfur,1,-1,0,0,stop,1804,1764,qwen3.6-27b,"The krona is the currency of Sweden. The capital of Sweden is Stockholm. Its first letter is S, and S is the symbol for Sulfur.
Answer: Sulfur",Which chemical element has the symbol that is the first letter of the capital city of the country whose currency is the krona?,3015089594
facts,default,4,cot,53,Yttrium,Yttrium,1,-1,0,0,stop,294,225,qwen3.6-27b,"The dram is the currency of Armenia. The capital of Armenia is Yerevan. Its first letter is Y, and Y is the chemical symbol for Yttrium.

Answer: Yttrium",Which chemical element has the symbol that is the first letter of the capital city of the country whose currency is the dram?,3299978540
facts,default,4,cot,54,Yttrium,Yttrium,1,-1,0,0,stop,930,887,qwen3.6-27b,"The dram is the currency of Armenia. The capital of Armenia is Yerevan. Its first letter is Y, and Y is the symbol for Yttrium.
Answer: Yttrium",Which chemical element has the symbol that is the first letter of the capital city of the country whose currency is the dram?,1523923087
facts,default,4,cot,55,Boron,Boron,1,-1,0,0,stop,230,179,qwen3.6-27b,"The baht is the currency of Thailand. The capital of Thailand is Bangkok. Its first letter is B, and B is the symbol for Boron.
Answer: Boron",Which chemical element has the symbol that is the first letter of the capital city of the country whose currency is the baht?,768739353
facts,default,4,cot,56,Tungsten,Tungsten,1,-1,0,0,stop,730,673,qwen3.6-27b,"The zloty is the currency of Poland. The capital of Poland is Warsaw. Its first letter is W, and W is the symbol for Tungsten.

Answer: Tungsten",Which chemical element has the symbol that is the first letter of the capital city of the country whose currency is the zloty?,3034274211
facts,default,4,cot,57,Sulfur,Sulfur,1,-1,0,0,stop,226,187,qwen3.6-27b,"The lev is the currency of Bulgaria. The capital of Bulgaria is Sofia. Its first letter is S, and S is the symbol for Sulfur.
Answer: Sulfur",Which chemical element has the symbol that is the first letter of the capital city of the country whose currency is the lev?,3286001973
facts,default,4,cot,58,Tungsten,Tungsten,1,-1,0,0,stop,739,700,qwen3.6-27b,"The zloty is the currency of Poland. The capital of Poland is Warsaw. Its first letter is W, and W is the symbol for Tungsten.
Answer: Tungsten",Which chemical element has the symbol that is the first letter of the capital city of the country whose currency is the zloty?,1399026852
facts,default,4,cot,59,Carbon,Carbon,1,-1,0,0,stop,232,193,qwen3.6-27b,"The bolívar is the currency of Venezuela. The capital of Venezuela is Caracas. Its first letter is C, and C is the symbol for Carbon.
Answer: Carbon",Which chemical element has the symbol that is the first letter of the capital city of the country whose currency is the bolivar?,610550834
facts,default,4,cot,60,Yttrium,,0,-1,0,0,length,4000,4000,qwen3.6-27b,,Which chemical element has the symbol that is the first letter of the capital city of the country whose currency is the kyat?,1989521237
facts,default,4,cot,61,Sulfur,Sulfur,1,-1,0,0,stop,1136,1094,qwen3.6-27b,"The won is the currency of South Korea. The capital of South Korea is Seoul. Its first letter is S, and S is the chemical symbol for Sulfur.

Answer: Sulfur",Which chemical element has the symbol that is the first letter of the capital city of the country whose currency is the won?,26386371
facts,default,4,cot,62,Phosphorus,,0,-1,0,0,length,4000,4000,qwen3.6-27b,,Which chemical element has the symbol that is the first letter of the capital city of the country whose currency is the rand?,2560347769
facts,default,4,cot,63,Yttrium,Yttrium,1,-1,0,0,stop,300,237,qwen3.6-27b,"

The dram is the currency of Armenia. The capital of Armenia is Yerevan. Its first letter is Y, and Y is the chemical symbol for Yttrium.

Answer: Yttrium",Which chemical element has the symbol that is the first letter of the capital city of the country whose currency is the dram?,4020043503
facts,default,4,cot,64,Carbon,Carbon,1,-1,0,0,stop,226,190,qwen3.6-27b,"The bolívar is the currency of Venezuela. The capital of Venezuela is Caracas. Its first letter is C, and C is the symbol for Carbon.
Answer: Carbon",Which chemical element has the symbol that is the first letter of the capital city of the country whose currency is the bolivar?,1912105804
facts,default,4,cot,65,Boron,Boron,1,-1,0,0,stop,884,837,qwen3.6-27b,"The baht is the currency of Thailand. The capital city of Thailand is Bangkok. The first letter of Bangkok is B. The chemical element with the atomic symbol B is Boron.

Answer: Boron",Which chemical element has the symbol that is the first letter of the capital city of the country whose currency is the baht?,117398490
facts,default,4,cot,66,Tungsten,Tungsten,1,-1,0,0,stop,514,474,qwen3.6-27b,"The zloty is the currency of Poland. The capital of Poland is Warsaw. Its first letter is W, and W is the chemical symbol for Tungsten.
Answer: Tungsten",Which chemical element has the symbol that is the first letter of the capital city of the country whose currency is the zloty?,2683701856
facts,default,4,cot,67,Potassium,Potassium,1,-1,0,0,stop,730,682,qwen3.6-27b,"The hryvnia is the currency of Ukraine. The capital of Ukraine is Kyiv. Its first letter is K, and K is the chemical symbol for Potassium.
Answer: Potassium",Which chemical element has the symbol that is the first letter of the capital city of the country whose currency is the hryvnia?,3908123382
facts,default,4,cot,68,Sulfur,Sulfur,1,-1,0,0,stop,1006,965,qwen3.6-27b,"The won is the currency of South Korea. The capital of South Korea is Seoul. Its first letter is S, and S is the symbol for Sulfur.
Answer: Sulfur",Which chemical element has the symbol that is the first letter of the capital city of the country whose currency is the won?,2018387815
facts,default,4,cot,69,Phosphorus,,0,-1,0,0,length,4000,4000,qwen3.6-27b,,Which chemical element has the symbol that is the first letter of the capital city of the country whose currency is the riel?,256448497
facts,default,4,cot,70,Boron,Boron,1,-1,0,0,stop,1249,1209,qwen3.6-27b,"The leu is the currency of Romania. The capital of Romania is Bucharest. Its first letter is B, and B is the chemical symbol for Boron.
Answer: Boron",Which chemical element has the symbol that is the first letter of the capital city of the country whose currency is the leu?,1871617556
facts,default,4,cot,71,Sulfur,Sulfur,1,-1,0,0,stop,1503,1380,qwen3.6-27b,"The krona is the currency of Sweden. The capital of Sweden is Stockholm. Its first letter is S, and S is the symbol for Sulfur.
Answer: Sulfur",Which chemical element has the symbol that is the first letter of the capital city of the country whose currency is the krona?,411676290
facts,default,4,cot,72,Vanadium,Vanadium,1,-1,0,0,stop,984,944,qwen3.6-27b,"The kip is the currency of Laos. The capital of Laos is Vientiane. Its first letter is V, and V is the chemical symbol for Vanadium.

Answer: Vanadium",Which chemical element has the symbol that is the first letter of the capital city of the country whose currency is the kip?,2172714808
facts,default,4,cot,73,Carbon,Carbon,1,-1,0,0,stop,230,188,qwen3.6-27b,"The bolívar is the currency of Venezuela. The capital of Venezuela is Caracas. Its first letter is C, and C is the symbol for Carbon.
Answer: Carbon",Which chemical element has the symbol that is the first letter of the capital city of the country whose currency is the bolivar?,4136095662
facts,default,4,cot,74,Boron,Boron,1,-1,0,0,stop,980,938,qwen3.6-27b,"The leu is the currency of Romania. The capital of Romania is Bucharest. Its first letter is B, and B is the symbol for Boron.
Answer: Boron",Which chemical element has the symbol that is the first letter of the capital city of the country whose currency is the leu?,1759730189
facts,default,4,cot,75,Hydrogen,Hydrogen,1,-1,0,0,stop,230,192,qwen3.6-27b,"The dong is the currency of Vietnam. The capital of Vietnam is Hanoi. Its first letter is H, and H is the symbol for Hydrogen.
Answer: Hydrogen",Which chemical element has the symbol that is the first letter of the capital city of the country whose currency is the dong?,535063195
facts,default,4,cot,76,Phosphorus,Phosphorus,1,-1,0,0,stop,700,643,qwen3.6-27b,"The koruna is the currency of the Czech Republic. The capital of the Czech Republic is Prague. Its first letter is P, and P is the chemical symbol for Phosphorus.

Answer: Phosphorus",Which chemical element has the symbol that is the first letter of the capital city of the country whose currency is the koruna?,2263694113
facts,default,4,cot,77,Boron,Boron,1,-1,0,0,stop,326,285,qwen3.6-27b,"The baht is the currency of Thailand. The capital of Thailand is Bangkok. Its first letter is B, and B is the symbol for Boron.

Answer: Boron",Which chemical element has the symbol that is the first letter of the capital city of the country whose currency is the baht?,4058647479
facts,default,4,cot,78,Sulfur,Sulfur,1,-1,0,0,stop,724,650,qwen3.6-27b,"The lev is the currency of Bulgaria. The capital of Bulgaria is Sofia. Its first letter is S, and S is the symbol for Sulfur.
Answer: Sulfur",Which chemical element has the symbol that is the first letter of the capital city of the country whose currency is the lev?,1632966182
facts,default,4,cot,79,Yttrium,Nitrogen,0,-1,0,0,stop,1283,1121,qwen3.6-27b,"The kyat is the currency of Myanmar. The capital of Myanmar is Naypyidaw. Its first letter is N, and N is the symbol for Nitrogen.
Answer: Nitrogen",Which chemical element has the symbol that is the first letter of the capital city of the country whose currency is the kyat?,374482608
facts,default,4,cot,80,Sulfur,Sulfur,1,-1,0,0,stop,1455,1414,qwen3.6-27b,"The won is the currency of South Korea. The capital of South Korea is Seoul. Its first letter is S, and S is the symbol for Sulfur.
Answer: Sulfur",Which chemical element has the symbol that is the first letter of the capital city of the country whose currency is the won?,3893789403
facts,default,4,cot,81,Phosphorus,Phosphorus,1,-1,0,0,stop,1245,1201,qwen3.6-27b,"The rand is the currency of South Africa. The capital of South Africa is Pretoria. Its first letter is P, and P is the symbol for Phosphorus.
Answer: Phosphorus",Which chemical element has the symbol that is the first letter of the capital city of the country whose currency is the rand?,2668737101
facts,default,4,cot,82,Vanadium,Vanadium,1,-1,0,0,stop,254,200,qwen3.6-27b,"The kip is the currency of Laos. The capital of Laos is Vientiane. Its first letter is V, and V is the symbol for Vanadium.
Answer: Vanadium",Which chemical element has the symbol that is the first letter of the capital city of the country whose currency is the kip?,102294519
facts,default,4,cot,83,Boron,The,0,-1,0,0,error,184,172,qwen3.6-27b,The yuan is the currency of China. The capital,Which chemical element has the symbol that is the first letter of the capital city of the country whose currency is the yuan?,1897911137
facts,default,4,cot,84,Boron,Boron,1,-1,0,0,stop,469,400,qwen3.6-27b,"The manat is the currency of Azerbaijan. The capital of Azerbaijan is Baku. Its first letter is B, and B is the chemical symbol for Boron.

Answer: Boron",Which chemical element has the symbol that is the first letter of the capital city of the country whose currency is the manat?,4017833666
facts,default,4,cot,85,Potassium,Potassium,1,-1,0,0,stop,593,542,qwen3.6-27b,"The afghani is the currency of Afghanistan. The capital of Afghanistan is Kabul. Its first letter is K, and K is the chemical symbol for Potassium.

Answer: Potassium",Which chemical element has the symbol that is the first letter of the capital city of the country whose currency is the afghani?,2558293588
facts,default,4,cot,86,Carbon,Carbon,1,-1,0,0,stop,215,176,qwen3.6-27b,"The bolívar is the currency of Venezuela. The capital of Venezuela is Caracas. Its first letter is C, and C is the symbol for Carbon.
Answer: Carbon",Which chemical element has the symbol that is the first letter of the capital city of the country whose currency is the bolivar?,24455150
facts,default,4,cot,87,Yttrium,Nitrogen,0,-1,0,0,stop,262,199,qwen3.6-27b,"The kyat is the currency of Myanmar. The capital of Myanmar is Naypyidaw. Its first letter is N, and N is the symbol for Nitrogen.
Answer: Nitrogen",Which chemical element has the symbol that is the first letter of the capital city of the country whose currency is the kyat?,1987188600
facts,default,4,cot,88,Potassium,Potassium,1,-1,0,0,stop,282,242,qwen3.6-27b,"The afghani is the currency of Afghanistan. The capital of Afghanistan is Kabul. Its first letter is K, and K is the chemical symbol for Potassium.

Answer: Potassium",Which chemical element has the symbol that is the first letter of the capital city of the country whose currency is the afghani?,3872197353
facts,default,4,cot,89,Potassium,Potassium,1,-1,0,0,stop,301,261,qwen3.6-27b,"The afghani is the currency of Afghanistan. The capital of Afghanistan is Kabul. Its first letter is K, and K is the chemical symbol for Potassium.

Answer: Potassium",Which chemical element has the symbol that is the first letter of the capital city of the country whose currency is the afghani?,2445949567
facts,default,4,cot,90,Sulfur,Sulfur,1,-1,0,0,stop,1273,1229,qwen3.6-27b,"The won is the currency of South Korea. The capital of South Korea is Seoul. Its first letter is S, and S is the symbol for Sulfur.
Answer: Sulfur",Which chemical element has the symbol that is the first letter of the capital city of the country whose currency is the won?,4044207002
facts,default,4,cot,91,Boron,Boron,1,-1,0,0,stop,2946,2670,qwen3.6-27b,"The forint is the currency of Hungary. The capital of Hungary is Budapest. Its first letter is B, and B is the symbol for Boron.

Answer: Boron",Which chemical element has the symbol that is the first letter of the capital city of the country whose currency is the forint?,2248835852
facts,default,4,cot,92,Sulfur,Sulfur,1,-1,0,0,stop,626,586,qwen3.6-27b,"The lev is the currency of Bulgaria. The capital of Bulgaria is Sofia. Its first letter is S, and S is the chemical symbol for Sulfur.
Answer: Sulfur",Which chemical element has the symbol that is the first letter of the capital city of the country whose currency is the lev?,520344246
facts,default,4,cot,93,Carbon,Carbon,1,-1,0,0,stop,232,193,qwen3.6-27b,"The bolívar is the currency of Venezuela. The capital of Venezuela is Caracas. Its first letter is C, and C is the symbol for Carbon.
Answer: Carbon",Which chemical element has the symbol that is the first letter of the capital city of the country whose currency is the bolivar?,1745150496
facts,default,4,cot,94,Sulfur,Sulfur,1,-1,0,0,stop,1247,1129,qwen3.6-27b,"The krona is the currency of Sweden. The capital of Sweden is Stockholm. The first letter of Stockholm is S, which is the chemical symbol for Sulfur.

Answer: Sulfur",Which chemical element has the symbol that is the first letter of the capital city of the country whose currency is the krona?,4133517187
facts,default,4,cot,95,Sulfur,Sulfur,1,-1,0,0,stop,1511,1371,qwen3.6-27b,"The krona is the currency of Sweden. The capital of Sweden is Stockholm. Its first letter is S, and S is the symbol for Sulfur.
Answer: Sulfur",Which chemical element has the symbol that is the first letter of the capital city of the country whose currency is the krona?,2171029269
facts,default,4,cot,96,Yttrium,Yttrium,1,-1,0,0,stop,236,175,qwen3.6-27b,"The dram is the currency of Armenia. The capital of Armenia is Yerevan. Its first letter is Y, and Y is the symbol for Yttrium.
Answer: Yttrium",Which chemical element has the symbol that is the first letter of the capital city of the country whose currency is the dram?,409867951
facts,default,4,cot,97,Boron,Boron,1,-1,0,0,stop,1146,1107,qwen3.6-27b,"The leu is the currency of Romania. The capital of Romania is Bucharest. Its first letter is B, and B is the symbol for Boron.
Answer: Boron",Which chemical element has the symbol that is the first letter of the capital city of the country whose currency is the leu?,1869162041
facts,default,4,cot,98,Potassium,Potassium,1,-1,0,0,stop,284,237,qwen3.6-27b,"

The hryvnia is the currency of Ukraine. The capital of Ukraine is Kyiv. Its first letter is K, and K is the chemical symbol for Potassium.

Answer: Potassium",Which chemical element has the symbol that is the first letter of the capital city of the country whose currency is the hryvnia?,4292230056
facts,default,4,cot,99,Boron,Boron,1,-1,0,0,stop,287,251,qwen3.6-27b,"The forint is the currency of Hungary. The capital of Hungary is Budapest. Its first letter is B, and B is the symbol for Boron.
Answer: Boron",Which chemical element has the symbol that is the first letter of the capital city of the country whose currency is the forint?,2295401278
facts,default,4,cot,100,Sulfur,Sulfur,1,-1,0,0,stop,1095,1054,qwen3.6-27b,"The lev is the currency of Bulgaria. The capital of Bulgaria is Sofia. The first letter of Sofia is S, which is the chemical symbol for Sulfur.

Answer: Sulfur",Which chemical element has the symbol that is the first letter of the capital city of the country whose currency is the lev?,3940809072
facts,default,4,cot,101,Yttrium,Yttrium,1,-1,0,0,stop,822,720,qwen3.6-27b,"The dram is the currency of Armenia. The capital of Armenia is Yerevan. Its first letter is Y, and Y is the symbol for Yttrium.
Answer: Yttrium",Which chemical element has the symbol that is the first letter of the capital city of the country whose currency is the dram?,2649016806
facts,default,4,cot,102,Tungsten,Tungsten,1,-1,0,0,stop,1001,958,qwen3.6-27b,"The zloty is the currency of Poland. The capital of Poland is Warsaw. The first letter of Warsaw is W. The chemical element with the symbol W is Tungsten.

Answer: Tungsten",Which chemical element has the symbol that is the first letter of the capital city of the country whose currency is the zloty?,82679900
facts,default,4,cot,103,Phosphorus,Phosphorus,1,-1,0,0,stop,1154,1118,qwen3.6-27b,"The rand is the currency of South Africa. The administrative capital of South Africa is Pretoria. Its first letter is P, and P is the chemical symbol for Phosphorus.

Answer: Phosphorus",Which chemical element has the symbol that is the first letter of the capital city of the country whose currency is the rand?,1944758474
facts,default,4,cot,104,Phosphorus,Phosphorus,1,-1,0,0,stop,1081,1032,qwen3.6-27b,"The koruna is the currency of the Czech Republic. The capital of the Czech Republic is Prague. Its first letter is P, and P is the chemical symbol for Phosphorus.

Answer: Phosphorus",Which chemical element has the symbol that is the first letter of the capital city of the country whose currency is the koruna?,3985522025
facts,default,4,cot,105,Yttrium,Nitrogen,0,-1,0,0,stop,1646,1600,qwen3.6-27b,"The kyat is the currency of Myanmar. The current capital of Myanmar is Naypyidaw. Its first letter is N, and N is the chemical symbol for Nitrogen.

Answer: Nitrogen",Which chemical element has the symbol that is the first letter of the capital city of the country whose currency is the kyat?,2592673279
facts,default,4,cot,106,Yttrium,Yttrium,1,-1,0,0,stop,234,164,qwen3.6-27b,"The dram is the currency of Armenia. The capital of Armenia is Yerevan. Its first letter is Y, and Y is the chemical symbol for Yttrium.

Answer: Yttrium",Which chemical element has the symbol that is the first letter of the capital city of the country whose currency is the dram?,58743877
facts,default,4,cot,107,Boron,Boron,1,-1,0,0,stop,1108,1069,qwen3.6-27b,"The leu is the currency of Romania. The capital of Romania is Bucharest. Its first letter is B, and B is the symbol for Boron.
Answer: Boron",Which chemical element has the symbol that is the first letter of the capital city of the country whose currency is the leu?,1955032275
facts,default,4,cot,108,Yttrium,Nitrogen,0,-1,0,0,stop,1669,1504,qwen3.6-27b,"The kyat is the currency of Myanmar. The current capital of Myanmar is Naypyidaw. The first letter of Naypyidaw is N, which is the chemical symbol for Nitrogen.

Answer: Nitrogen",Which chemical element has the symbol that is the first letter of the capital city of the country whose currency is the kyat?,3828904258
facts,default,4,cot,109,Hydrogen,Hydrogen,1,-1,0,0,stop,230,181,qwen3.6-27b,"The dong is the currency of Vietnam. The capital of Vietnam is Hanoi. Its first letter is H, and H is the symbol for Hydrogen.
Answer: Hydrogen",Which chemical element has the symbol that is the first letter of the capital city of the country whose currency is the dong?,2470396372
facts,default,4,cot,110,Phosphorus,Phosphorus,1,-1,0,0,stop,353,309,qwen3.6-27b,"The riel is the currency of Cambodia. The capital of Cambodia is Phnom Penh. Its first letter is P, and P is the chemical symbol for Phosphorus.

Answer: Phosphorus",Which chemical element has the symbol that is the first letter of the capital city of the country whose currency is the riel?,4093167665
facts,default,4,cot,111,Boron,Boron,1,-1,0,0,stop,1218,1179,qwen3.6-27b,"The leu is the currency of Romania. The capital of Romania is Bucharest. Its first letter is B, and B is the symbol for Boron.
Answer: Boron",Which chemical element has the symbol that is the first letter of the capital city of the country whose currency is the leu?,2231367847
facts,default,4,cot,112,Carbon,Carbon,1,-1,0,0,stop,335,298,qwen3.6-27b,"The bolívar is the currency of Venezuela. The capital of Venezuela is Caracas. Its first letter is C, and C is the chemical symbol for Carbon.

Answer: Carbon",Which chemical element has the symbol that is the first letter of the capital city of the country whose currency is the bolivar?,502704413
facts,default,4,cot,113,Phosphorus,Phosphorus,1,-1,0,0,stop,1022,974,qwen3.6-27b,"The koruna is the currency of the Czech Republic. The capital of the Czech Republic is Prague. The first letter of Prague is P. The chemical element with the symbol P is Phosphorus.

Answer: Phosphorus",Which chemical element has the symbol that is the first letter of the capital city of the country whose currency is the koruna?,1794218379
facts,default,4,cot,114,Boron,Boron,1,-1,0,0,stop,702,621,qwen3.6-27b,"The manat is the currency of Azerbaijan. The capital of Azerbaijan is Baku. Its first letter is B, and B is the chemical symbol for Boron.

Answer: Boron",Which chemical element has the symbol that is the first letter of the capital city of the country whose currency is the manat?,4103408680
facts,default,4,cot,115,Boron,Boron,1,-1,0,0,stop,206,168,qwen3.6-27b,"The baht is the currency of Thailand. The capital of Thailand is Bangkok. Its first letter is B, and B is the symbol for Boron.
Answer: Boron",Which chemical element has the symbol that is the first letter of the capital city of the country whose currency is the baht?,2207399102
facts,default,4,cot,116,Yttrium,,0,-1,0,0,length,4000,4000,qwen3.6-27b,,Which chemical element has the symbol that is the first letter of the capital city of the country whose currency is the kyat?,446393604
facts,default,4,cot,117,Phosphorus,Phosphorus,1,-1,0,0,stop,919,877,qwen3.6-27b,"The rand is the currency of South Africa. The capital of South Africa is Pretoria. Its first letter is P, and P is the symbol for Phosphorus.
Answer: Phosphorus",Which chemical element has the symbol that is the first letter of the capital city of the country whose currency is the rand?,1838964114
facts,default,4,cot,118,Boron,Boron,1,-1,0,0,stop,887,835,qwen3.6-27b,"The leu is the currency of Romania. The capital of Romania is Bucharest. Its first letter is B, and B is the symbol for Boron.
Answer: Boron",Which chemical element has the symbol that is the first letter of the capital city of the country whose currency is the leu?,4246945795
facts,default,4,cot,119,Tungsten,Tungsten,1,-1,0,0,stop,232,192,qwen3.6-27b,"The zloty is the currency of Poland. The capital of Poland is Warsaw. Its first letter is W, and W is the chemical symbol for Tungsten.

Answer: Tungsten",Which chemical element has the symbol that is the first letter of the capital city of the country whose currency is the zloty?,2317643925
facts,default,4,cot,120,Sulfur,Sulfur,1,-1,0,0,stop,1005,886,qwen3.6-27b,"The won is the currency of South Korea. The capital of South Korea is Seoul. Its first letter is S, and S is the symbol for Sulfur.
Answer: Sulfur",Which chemical element has the symbol that is the first letter of the capital city of the country whose currency is the won?,3637877746
facts,default,4,cot,121,Phosphorus,,0,-1,0,0,length,4000,4000,qwen3.6-27b,,Which chemical element has the symbol that is the first letter of the capital city of the country whose currency is the rand?,2949819236
facts,default,4,cot,122,Sulfur,Sulfur,1,-1,0,0,stop,240,182,qwen3.6-27b,"The lev is the currency of Bulgaria. The capital of Bulgaria is Sofia. Its first letter is S, and S is the symbol for Sulfur.
Answer: Sulfur",Which chemical element has the symbol that is the first letter of the capital city of the country whose currency is the lev?,920386270
facts,default,4,cot,123,Yttrium,Nitrogen,0,-1,0,0,stop,995,950,qwen3.6-27b,"The kyat is the currency of Myanmar. The capital of Myanmar is Naypyidaw. Its first letter is N, and N is the chemical symbol for Nitrogen.
Answer: Nitrogen",Which chemical element has the symbol that is the first letter of the capital city of the country whose currency is the kyat?,1104988744
facts,default,4,cot,124,Yttrium,Yttrium,1,-1,0,0,stop,980,867,qwen3.6-27b,"

The dram is the currency of Armenia. The capital city of Armenia is Yerevan. The first letter of Yerevan is Y, which is the chemical symbol for Yttrium.

Answer: Yttrium",Which chemical element has the symbol that is the first letter of the capital city of the country whose currency is the dram?,3753402347
facts,default,4,cot,125,Hydrogen,,0,-1,0,0,length,4000,3653,qwen3.6-27b,,Which chemical element has the symbol that is the first letter of the capital city of the country whose currency is the dong?,2831118205
facts,default,4,cot,126,Phosphorus,Phosphorus,1,-1,0,0,stop,1269,1223,qwen3.6-27b,"The koruna is the currency of the Czech Republic. The capital of the Czech Republic is Prague. The first letter of Prague is P, which is the chemical symbol for Phosphorus.

Answer: Phosphorus",Which chemical element has the symbol that is the first letter of the capital city of the country whose currency is the koruna?,834027207
facts,default,4,cot,127,Sulfur,Sulfur,1,-1,0,0,stop,1132,1092,qwen3.6-27b,"The krona is the currency of Sweden. The capital of Sweden is Stockholm. Its first letter is S, and S is the symbol for Sulfur.
Answer: Sulfur",Which chemical element has the symbol that is the first letter of the capital city of the country whose currency is the krona?,1186008657
facts,default,4,cot,128,Phosphorus,Phosphorus,1,-1,0,0,stop,851,807,qwen3.6-27b,"The riel is the currency of Cambodia. The capital of Cambodia is Phnom Penh. Its first letter is P, and P is the chemical symbol for Phosphorus.

Answer: Phosphorus",Which chemical element has the symbol that is the first letter of the capital city of the country whose currency is the riel?,3591246784
facts,default,4,cot,129,Potassium,Potassium,1,-1,0,0,stop,819,787,qwen3.6-27b,"The afghani is the currency of Afghanistan. The capital of Afghanistan is Kabul. Its first letter is K, and K is the symbol for Potassium.
Answer: Potassium",Which chemical element has the symbol that is the first letter of the capital city of the country whose currency is the afghani?,2701730646
facts,default,4,cot,130,Hydrogen,Hydrogen,1,-1,0,0,stop,1169,1130,qwen3.6-27b,"The dong is the currency of Vietnam. The capital of Vietnam is Hanoi. Its first letter is H, and H is the chemical symbol for Hydrogen.

Answer: Hydrogen",Which chemical element has the symbol that is the first letter of the capital city of the country whose currency is the dong?,3251546803
facts,default,4,cot,131,Sulfur,Sulfur,1,-1,0,0,stop,922,852,qwen3.6-27b,"The won is the currency of South Korea. The capital of South Korea is Seoul. Its first letter is S, and S is the symbol for Sulfur.
Answer: Sulfur",Which chemical element has the symbol that is the first letter of the capital city of the country whose currency is the won?,3066665509
facts,default,4,cot,132,Phosphorus,Phosphorus,1,-1,0,0,stop,687,609,qwen3.6-27b,"The riel is the currency of Cambodia. The capital of Cambodia is Phnom Penh. Its first letter is P, and P is the chemical symbol for Phosphorus.

Answer: Phosphorus",Which chemical element has the symbol that is the first letter of the capital city of the country whose currency is the riel?,801164191
facts,default,4,cot,133,Sulfur,Sulfur,1,-1,0,0,stop,906,841,qwen3.6-27b,"The lev is the currency of Bulgaria. The capital of Bulgaria is Sofia. Its first letter is S, and S is the chemical symbol for Sulfur.

Answer: Sulfur",Which chemical element has the symbol that is the first letter of the capital city of the country whose currency is the lev?,1489500937
facts,default,4,cot,134,Yttrium,Yttrium,1,-1,0,0,stop,316,239,qwen3.6-27b,"The dram is the currency of Armenia. The capital of Armenia is Yerevan. Its first letter is Y, and Y is the chemical symbol for Yttrium.

Answer: Yttrium",Which chemical element has the symbol that is the first letter of the capital city of the country whose currency is the dram?,3332599466
facts,default,4,cot,135,Tungsten,Tungsten,1,-1,0,0,stop,859,768,qwen3.6-27b,"The zloty is the currency of Poland. The capital of Poland is Warsaw. Its first letter is W, and W is the symbol for Tungsten.
Answer: Tungsten",Which chemical element has the symbol that is the first letter of the capital city of the country whose currency is the zloty?,2980339260
facts,default,4,cot,136,Yttrium,Nitrogen,0,-1,0,0,stop,848,754,qwen3.6-27b,"The kyat is the currency of Myanmar. The capital of Myanmar is Naypyidaw. Its first letter is N, and N is the chemical symbol for Nitrogen.

Answer: Nitrogen",Which chemical element has the symbol that is the first letter of the capital city of the country whose currency is the kyat?,682430342
facts,default,4,cot,137,Boron,Boron,1,-1,0,0,stop,231,193,qwen3.6-27b,"The baht is the currency of Thailand. The capital of Thailand is Bangkok. Its first letter is B, and B is the symbol for Boron.
Answer: Boron",Which chemical element has the symbol that is the first letter of the capital city of the country whose currency is the baht?,1604992784
facts,default,4,cot,138,Sulfur,Sulfur,1,-1,0,0,stop,280,240,qwen3.6-27b,"The lev is the currency of Bulgaria. The capital of Bulgaria is Sofia. Its first letter is S, and S is the chemical symbol for Sulfur.

Answer: Sulfur",Which chemical element has the symbol that is the first letter of the capital city of the country whose currency is the lev?,3474268801
facts,default,4,cot,139,Boron,Boron,1,-1,0,0,stop,222,185,qwen3.6-27b,"The yuan is the currency of China. The capital of China is Beijing. Its first letter is B, and B is the symbol for Boron.
Answer: Boron",Which chemical element has the symbol that is the first letter of the capital city of the country whose currency is the yuan?,3088192023
facts,default,4,cot,140,Sulfur,Sulfur,1,-1,0,0,stop,1405,1253,qwen3.6-27b,"The krona is the currency of Sweden. The capital of Sweden is Stockholm. Its first letter is S, and S is the chemical symbol for Sulfur.
Answer: Sulfur",Which chemical element has the symbol that is the first letter of the capital city of the country whose currency is the krona?,2391751796
facts,default,4,cot,141,Potassium,Potassium,1,-1,0,0,stop,244,204,qwen3.6-27b,"The afghani is the currency of Afghanistan. The capital of Afghanistan is Kabul. Its first letter is K, and K is the chemical symbol for Potassium.

Answer: Potassium",Which chemical element has the symbol that is the first letter of the capital city of the country whose currency is the afghani?,4186442978
facts,default,4,cot,142,Tungsten,Tungsten,1,-1,0,0,stop,291,251,qwen3.6-27b,"The zloty is the currency of Poland. The capital of Poland is Warsaw. Its first letter is W, and W is the chemical symbol for Tungsten.

Answer: Tungsten",Which chemical element has the symbol that is the first letter of the capital city of the country whose currency is the zloty?,1619090776
facts,default,4,cot,143,Sulfur,Sulfur,1,-1,0,0,stop,1304,1237,qwen3.6-27b,"The won is the currency of South Korea. The capital of South Korea is Seoul. Its first letter is S, and S is the symbol for Sulfur.
Answer: Sulfur",Which chemical element has the symbol that is the first letter of the capital city of the country whose currency is the won?,394685902
facts,default,4,cot,144,Phosphorus,Phosphorus,1,-1,0,0,stop,1144,1097,qwen3.6-27b,"The riel is the currency of Cambodia. The capital of Cambodia is Phnom Penh. Its first letter is P, and P is the chemical symbol for Phosphorus.
Answer: Phosphorus",Which chemical element has the symbol that is the first letter of the capital city of the country whose currency is the riel?,2313353325
facts,default,4,cot,145,Boron,Boron,1,-1,0,0,stop,1263,1218,qwen3.6-27b,"The manat is the currency of Azerbaijan. The capital of Azerbaijan is Baku. The first letter of Baku is B, which is the chemical symbol for Boron.

Answer: Boron",Which chemical element has the symbol that is the first letter of the capital city of the country whose currency is the manat?,4276472059
facts,default,4,cot,146,Boron,Boron,1,-1,0,0,stop,276,213,qwen3.6-27b,"The manat is the currency of Azerbaijan. The capital of Azerbaijan is Baku. Its first letter is B, and B is the chemical symbol for Boron.

Answer: Boron",Which chemical element has the symbol that is the first letter of the capital city of the country whose currency is the manat?,1743558977
facts,default,4,cot,147,Vanadium,Vanadium,1,-1,0,0,stop,328,288,qwen3.6-27b,"The kip is the currency of Laos. The capital of Laos is Vientiane. Its first letter is V, and V is the chemical symbol for Vanadium.

Answer: Vanadium",Which chemical element has the symbol that is the first letter of the capital city of the country whose currency is the kip?,283879895
facts,default,4,cot,148,Potassium,Potassium,1,-1,0,0,stop,244,199,qwen3.6-27b,"The afghani is the currency of Afghanistan. The capital of Afghanistan is Kabul. Its first letter is K, and K is the chemical symbol for Potassium.

Answer: Potassium",Which chemical element has the symbol that is the first letter of the capital city of the country whose currency is the afghani?,2153034822
facts,default,4,cot,149,Sulfur,Sulfur,1,-1,0,0,stop,1005,964,qwen3.6-27b,"The lev is the currency of Bulgaria. The capital of Bulgaria is Sofia. The first letter of Sofia is S, which is the chemical symbol for Sulfur.

Answer: Sulfur",Which chemical element has the symbol that is the first letter of the capital city of the country whose currency is the lev?,4149445840
facts,default,5,immediate,0,19,1,0,-1,0,0,stop,4,0,qwen3.6-27b,Answer: 1,What is the atomic number of the chemical element whose symbol is the first letter of the capital city of the country whose currency is the hryvnia?,2921691732
facts,default,5,immediate,1,6,1,0,-1,0,0,stop,5,0,qwen3.6-27b,Answer: 1,What is the atomic number of the chemical element whose symbol is the first letter of the capital city of the country whose currency is the bolivar?,3642903234
facts,default,5,immediate,2,5,1,0,-1,0,0,stop,5,0,qwen3.6-27b,Answer: 1,What is the atomic number of the chemical element whose symbol is the first letter of the capital city of the country whose currency is the yuan?,1076566904
facts,default,5,immediate,3,5,1,0,-1,0,0,stop,5,0,qwen3.6-27b,Answer: 1,What is the atomic number of the chemical element whose symbol is the first letter of the capital city of the country whose currency is the yuan?,925641710
facts,default,5,immediate,4,6,15,0,-1,0,0,stop,6,0,qwen3.6-27b,Answer: 15,What is the atomic number of the chemical element whose symbol is the first letter of the capital city of the country whose currency is the bolivar?,2840116813
facts,default,5,immediate,5,16,5,0,-1,0,0,stop,5,0,qwen3.6-27b,Answer: 5,What is the atomic number of the chemical element whose symbol is the first letter of the capital city of the country whose currency is the krona?,3729755867
facts,default,5,immediate,6,19,1,0,-1,0,0,stop,5,0,qwen3.6-27b,Answer: 1,What is the atomic number of the chemical element whose symbol is the first letter of the capital city of the country whose currency is the afghani?,1195827041
facts,default,5,immediate,7,15,1,0,-1,0,0,stop,5,0,qwen3.6-27b,Answer: 1,What is the atomic number of the chemical element whose symbol is the first letter of the capital city of the country whose currency is the rand?,809627639
facts,default,5,immediate,8,74,1,0,-1,0,0,stop,5,0,qwen3.6-27b,Answer: 1,What is the atomic number of the chemical element whose symbol is the first letter of the capital city of the country whose currency is the zloty?,2701062758
facts,default,5,immediate,9,19,1,0,-1,0,0,stop,5,0,qwen3.6-27b,Answer: 1,What is the atomic number of the chemical element whose symbol is the first letter of the capital city of the country whose currency is the hryvnia?,3623469808
facts,default,5,immediate,10,1,1,1,-1,0,0,stop,5,0,qwen3.6-27b,Answer: 1,What is the atomic number of the chemical element whose symbol is the first letter of the capital city of the country whose currency is the dong?,2171100919
facts,default,5,immediate,11,16,1,0,-1,0,0,stop,5,0,qwen3.6-27b,Answer: 1,What is the atomic number of the chemical element whose symbol is the first letter of the capital city of the country whose currency is the lev?,4134497889
facts,default,5,immediate,12,16,1,0,-1,0,0,stop,5,0,qwen3.6-27b,Answer: 1,What is the atomic number of the chemical element whose symbol is the first letter of the capital city of the country whose currency is the lev?,1868971995
facts,default,5,immediate,13,5,1,0,-1,0,0,stop,5,0,qwen3.6-27b,Answer: 1,What is the atomic number of the chemical element whose symbol is the first letter of the capital city of the country whose currency is the leu?,409014093
facts,default,5,immediate,14,15,15,1,-1,0,0,stop,6,0,qwen3.6-27b,Answer: 15,What is the atomic number of the chemical element whose symbol is the first letter of the capital city of the country whose currency is the riel?,2248514286
facts,default,5,immediate,15,5,1,0,-1,0,0,stop,5,0,qwen3.6-27b,Answer: 1,What is the atomic number of the chemical element whose symbol is the first letter of the capital city of the country whose currency is the manat?,4043483768
facts,default,5,immediate,16,5,1,0,-1,0,0,stop,5,0,qwen3.6-27b,Answer: 1,What is the atomic number of the chemical element whose symbol is the first letter of the capital city of the country whose currency is the yuan?,1745615810
facts,default,5,immediate,17,19,1,0,-1,0,0,stop,5,0,qwen3.6-27b,Answer: 1,What is the atomic number of the chemical element whose symbol is the first letter of the capital city of the country whose currency is the afghani?,520932180
facts,default,5,immediate,18,1,1,1,-1,0,0,stop,5,0,qwen3.6-27b,Answer: 1,What is the atomic number of the chemical element whose symbol is the first letter of the capital city of the country whose currency is the dong?,2410927813
facts,default,5,immediate,19,6,1,0,-1,0,0,stop,5,0,qwen3.6-27b,Answer: 1,What is the atomic number of the chemical element whose symbol is the first letter of the capital city of the country whose currency is the bolivar?,4172605011
facts,default,5,immediate,20,1,1,1,-1,0,0,stop,5,0,qwen3.6-27b,Answer: 1,What is the atomic number of the chemical element whose symbol is the first letter of the capital city of the country whose currency is the dong?,2856652084
facts,default,5,immediate,21,5,13,0,-1,0,0,stop,6,0,qwen3.6-27b,Answer: 13,What is the atomic number of the chemical element whose symbol is the first letter of the capital city of the country whose currency is the manat?,3712105890
facts,default,5,immediate,22,5,1,0,-1,0,0,stop,5,0,qwen3.6-27b,Answer: 1,What is the atomic number of the chemical element whose symbol is the first letter of the capital city of the country whose currency is the baht?,1145793560
facts,default,5,immediate,23,15,16,0,-1,0,0,stop,6,0,qwen3.6-27b,Answer: 16,What is the atomic number of the chemical element whose symbol is the first letter of the capital city of the country whose currency is the koruna?,860642446
facts,default,5,immediate,24,15,1,0,-1,0,0,stop,5,0,qwen3.6-27b,Answer: 1,What is the atomic number of the chemical element whose symbol is the first letter of the capital city of the country whose currency is the koruna?,2905131309
facts,default,5,immediate,25,16,1,0,-1,0,0,stop,5,0,qwen3.6-27b,Answer: 1,What is the atomic number of the chemical element whose symbol is the first letter of the capital city of the country whose currency is the won?,3660577211
facts,default,5,immediate,26,1,16,0,-1,0,0,stop,6,0,qwen3.6-27b,Answer: 16,What is the atomic number of the chemical element whose symbol is the first letter of the capital city of the country whose currency is the dong?,1126606849
facts,default,5,immediate,27,5,1,0,-1,0,0,stop,5,0,qwen3.6-27b,Answer: 1,What is the atomic number of the chemical element whose symbol is the first letter of the capital city of the country whose currency is the forint?,874616983
facts,default,5,immediate,28,15,1,0,-1,0,0,stop,5,0,qwen3.6-27b,Answer: 1,What is the atomic number of the chemical element whose symbol is the first letter of the capital city of the country whose currency is the koruna?,2761852166
facts,default,5,immediate,29,15,2,0,-1,0,0,stop,5,0,qwen3.6-27b,Answer: 2,What is the atomic number of the chemical element whose symbol is the first letter of the capital city of the country whose currency is the koruna?,3550066064
facts,default,5,immediate,30,74,1,0,-1,0,0,stop,5,0,qwen3.6-27b,Answer: 1,What is the atomic number of the chemical element whose symbol is the first letter of the capital city of the country whose currency is the zloty?,3009297525
facts,default,5,immediate,31,5,5,1,-1,0,0,stop,4,0,qwen3.6-27b,Answer: 5,What is the atomic number of the chemical element whose symbol is the first letter of the capital city of the country whose currency is the manat?,3294170339
facts,default,5,immediate,32,5,16,0,-1,0,0,stop,6,0,qwen3.6-27b,Answer: 16,What is the atomic number of the chemical element whose symbol is the first letter of the capital city of the country whose currency is the baht?,1565547865
facts,default,5,immediate,33,19,1,0,-1,0,0,stop,5,0,qwen3.6-27b,Answer: 1,What is the atomic number of the chemical element whose symbol is the first letter of the capital city of the country whose currency is the afghani?,710372815
facts,default,5,immediate,34,19,1,0,-1,0,0,stop,5,0,qwen3.6-27b,Answer: 1,What is the atomic number of the chemical element whose symbol is the first letter of the capital city of the country whose currency is the hryvnia?,3023304812
facts,default,5,immediate,35,23,1,0,-1,0,0,stop,5,0,qwen3.6-27b,Answer: 1,What is the atomic number of the chemical element whose symbol is the first letter of the capital city of the country whose currency is the kip?,3275016442
facts,default,5,immediate,36,16,1,0,-1,0,0,stop,5,0,qwen3.6-27b,Answer: 1,What is the atomic number of the chemical element whose symbol is the first letter of the capital city of the country whose currency is the won?,1513986368
facts,default,5,immediate,37,39,1,0,-1,0,0,stop,5,0,qwen3.6-27b,Answer: 1,What is the atomic number of the chemical element whose symbol is the first letter of the capital city of the country whose currency is the kyat?,758819286
facts,default,5,immediate,38,39,1,0,-1,0,0,stop,4,0,qwen3.6-27b,Answer: 1,What is the atomic number of the chemical element whose symbol is the first letter of the capital city of the country whose currency is the kyat?,3179656263
facts,default,5,immediate,39,5,1,0,-1,0,0,stop,4,0,qwen3.6-27b,Answer: 1,What is the atomic number of the chemical element whose symbol is the first letter of the capital city of the country whose currency is the leu?,3397551313
facts,default,5,immediate,40,16,1,0,-1,0,0,stop,5,0,qwen3.6-27b,Answer: 1,What is the atomic number of the chemical element whose symbol is the first letter of the capital city of the country whose currency is the krona?,4229933746
facts,default,5,immediate,41,16,1,0,-1,0,0,stop,5,0,qwen3.6-27b,Answer: 1,What is the atomic number of the chemical element whose symbol is the first letter of the capital city of the country whose currency is the won?,2333645348
facts,default,5,immediate,42,5,5,1,-1,0,0,stop,4,0,qwen3.6-27b,Answer: 5,What is the atomic number of the chemical element whose symbol is the first letter of the capital city of the country whose currency is the yuan?,303156126
facts,default,5,immediate,43,5,1,0,-1,0,0,stop,5,0,qwen3.6-27b,Answer: 1,What is the atomic number of the chemical element whose symbol is the first letter of the capital city of the country whose currency is the baht?,1696004872
facts,default,5,immediate,44,5,16,0,-1,0,0,stop,6,0,qwen3.6-27b,Answer: 16,What is the atomic number of the chemical element whose symbol is the first letter of the capital city of the country whose currency is the leu?,4218580651
facts,default,5,immediate,45,23,1,0,-1,0,0,stop,4,0,qwen3.6-27b,Answer: 1,What is the atomic number of the chemical element whose symbol is the first letter of the capital city of the country whose currency is the kip?,2356502077
facts,default,5,immediate,46,1,1,1,-1,0,0,stop,5,0,qwen3.6-27b,Answer: 1,What is the atomic number of the chemical element whose symbol is the first letter of the capital city of the country whose currency is the dong?,360451975
facts,default,5,immediate,47,5,1,0,-1,0,0,stop,5,0,qwen3.6-27b,Answer: 1,What is the atomic number of the chemical element whose symbol is the first letter of the capital city of the country whose currency is the baht?,1652244241
facts,default,5,immediate,48,39,1,0,-1,0,0,stop,5,0,qwen3.6-27b,Answer: 1,What is the atomic number of the chemical element whose symbol is the first letter of the capital city of the country whose currency is the dram?,4072940160
facts,default,5,immediate,49,15,15,1,-1,0,0,stop,6,0,qwen3.6-27b,Answer: 15,What is the atomic number of the chemical element whose symbol is the first letter of the capital city of the country whose currency is the riel?,2244153878
facts,default,5,immediate,50,5,15,0,-1,0,0,stop,6,0,qwen3.6-27b,Answer: 15,What is the atomic number of the chemical element whose symbol is the first letter of the capital city of the country whose currency is the forint?,3842284531
facts,default,5,immediate,51,15,1,0,-1,0,0,stop,5,0,qwen3.6-27b,Answer: 1,What is the atomic number of the chemical element whose symbol is the first letter of the capital city of the country whose currency is the rand?,2449714021
facts,default,5,immediate,52,16,1,0,-1,0,0,stop,4,0,qwen3.6-27b,Answer: 1,What is the atomic number of the chemical element whose symbol is the first letter of the capital city of the country whose currency is the krona?,185268959
facts,default,5,immediate,53,1,1,1,-1,0,0,stop,5,0,qwen3.6-27b,Answer: 1,What is the atomic number of the chemical element whose symbol is the first letter of the capital city of the country whose currency is the dong?,2081278537
facts,default,5,immediate,54,23,23,1,-1,0,0,stop,6,0,qwen3.6-27b,Answer: 23,What is the atomic number of the chemical element whose symbol is the first letter of the capital city of the country whose currency is the kip?,3798556650
facts,default,5,immediate,55,16,16,1,-1,0,0,stop,6,0,qwen3.6-27b,Answer: 16,What is the atomic number of the chemical element whose symbol is the first letter of the capital city of the country whose currency is the lev?,2507042684
facts,default,5,immediate,56,16,1,0,-1,0,0,stop,5,0,qwen3.6-27b,Answer: 1,What is the atomic number of the chemical element whose symbol is the first letter of the capital city of the country whose currency is the lev?,208092870
facts,default,5,immediate,57,39,1,0,-1,0,0,stop,5,0,qwen3.6-27b,Answer: 1,What is the atomic number of the chemical element whose symbol is the first letter of the capital city of the country whose currency is the kyat?,2069892688
facts,default,5,immediate,58,23,1,0,-1,0,0,stop,5,0,qwen3.6-27b,Answer: 1,What is the atomic number of the chemical element whose symbol is the first letter of the capital city of the country whose currency is the kip?,3957265345
facts,default,5,immediate,59,39,1,0,-1,0,0,stop,5,0,qwen3.6-27b,Answer: 1,What is the atomic number of the chemical element whose symbol is the first letter of the capital city of the country whose currency is the dram?,2631410519
facts,default,5,immediate,60,39,1,0,-1,0,0,stop,5,0,qwen3.6-27b,Answer: 1,What is the atomic number of the chemical element whose symbol is the first letter of the capital city of the country whose currency is the kyat?,3458844720
facts,default,5,immediate,61,16,1,0,-1,0,0,stop,5,0,qwen3.6-27b,Answer: 1,What is the atomic number of the chemical element whose symbol is the first letter of the capital city of the country whose currency is the lev?,3106863270
facts,default,5,immediate,62,19,1,0,-1,0,0,stop,5,0,qwen3.6-27b,Answer: 1,What is the atomic number of the chemical element whose symbol is the first letter of the capital city of the country whose currency is the afghani?,539470108
facts,default,5,immediate,63,16,1,0,-1,0,0,stop,5,0,qwen3.6-27b,Answer: 1,What is the atomic number of the chemical element whose symbol is the first letter of the capital city of the country whose currency is the won?,1461754250
facts,default,5,immediate,64,5,1,0,-1,0,0,stop,5,0,qwen3.6-27b,Answer: 1,What is the atomic number of the chemical element whose symbol is the first letter of the capital city of the country whose currency is the forint?,3376679977
facts,default,5,immediate,65,39,5,0,-1,0,0,stop,5,0,qwen3.6-27b,Answer: 5,What is the atomic number of the chemical element whose symbol is the first letter of the capital city of the country whose currency is the kyat?,3192077503
facts,default,5,immediate,66,15,5,0,-1,0,0,stop,5,0,qwen3.6-27b,Answer: 5,What is the atomic number of the chemical element whose symbol is the first letter of the capital city of the country whose currency is the rand?,659188997
facts,default,5,immediate,67,5,1,0,-1,0,0,stop,5,0,qwen3.6-27b,Answer: 1,What is the atomic number of the chemical element whose symbol is the first letter of the capital city of the country whose currency is the baht?,1347247507
facts,default,5,immediate,68,1,1,1,-1,0,0,stop,4,0,qwen3.6-27b,Answer: 1,What is the atomic number of the chemical element whose symbol is the first letter of the capital city of the country whose currency is the dong?,3237101570
facts,default,5,immediate,69,23,1,0,-1,0,0,stop,5,0,qwen3.6-27b,Answer: 1,What is the atomic number of the chemical element whose symbol is the first letter of the capital city of the country whose currency is the kip?,3086315668
facts,default,5,immediate,70,6,1,0,-1,0,0,stop,5,0,qwen3.6-27b,Answer: 1,What is the atomic number of the chemical element whose symbol is the first letter of the capital city of the country whose currency is the bolivar?,3610442097
facts,default,5,immediate,71,19,16,0,-1,0,0,stop,6,0,qwen3.6-27b,Answer: 16,What is the atomic number of the chemical element whose symbol is the first letter of the capital city of the country whose currency is the hryvnia?,2687879655
facts,default,5,immediate,72,1,1,1,-1,0,0,stop,5,0,qwen3.6-27b,Answer: 1,What is the atomic number of the chemical element whose symbol is the first letter of the capital city of the country whose currency is the dong?,960272477
facts,default,5,immediate,73,6,1,0,-1,0,0,stop,5,0,qwen3.6-27b,Answer: 1,What is the atomic number of the chemical element whose symbol is the first letter of the capital city of the country whose currency is the bolivar?,1312532683
facts,default,5,immediate,74,19,5,0,-1,0,0,stop,5,0,qwen3.6-27b,Answer: 5,What is the atomic number of the chemical element whose symbol is the first letter of the capital city of the country whose currency is the hryvnia?,3495902568
facts,default,5,immediate,75,74,74,1,-1,0,0,stop,6,0,qwen3.6-27b,Answer: 74,What is the atomic number of the chemical element whose symbol is the first letter of the capital city of the country whose currency is the zloty?,2807565822
facts,default,5,immediate,76,16,1,0,-1,0,0,stop,5,0,qwen3.6-27b,Answer: 1,What is the atomic number of the chemical element whose symbol is the first letter of the capital city of the country whose currency is the won?,1045519428
facts,default,5,immediate,77,39,1,0,-1,0,0,stop,5,0,qwen3.6-27b,Answer: 1,What is the atomic number of the chemical element whose symbol is the first letter of the capital city of the country whose currency is the kyat?,1230400722
facts,default,5,immediate,78,23,23,1,-1,0,0,stop,6,0,qwen3.6-27b,Answer: 23,What is the atomic number of the chemical element whose symbol is the first letter of the capital city of the country whose currency is the kip?,3655954755
facts,default,5,immediate,79,19,1,0,-1,0,0,stop,5,0,qwen3.6-27b,Answer: 1,What is the atomic number of the chemical element whose symbol is the first letter of the capital city of the country whose currency is the afghani?,2934850005
facts,default,5,immediate,80,19,1,0,-1,0,0,stop,5,0,qwen3.6-27b,Answer: 1,What is the atomic number of the chemical element whose symbol is the first letter of the capital city of the country whose currency is the hryvnia?,1353377214
facts,default,5,immediate,81,5,1,0,-1,0,0,stop,5,0,qwen3.6-27b,Answer: 1,What is the atomic number of the chemical element whose symbol is the first letter of the capital city of the country whose currency is the leu?,665703720
facts,default,5,immediate,82,5,1,0,-1,0,0,stop,5,0,qwen3.6-27b,Answer: 1,What is the atomic number of the chemical element whose symbol is the first letter of the capital city of the country whose currency is the baht?,3198452882
facts,default,5,immediate,83,1,13,0,-1,0,0,stop,6,0,qwen3.6-27b,Answer: 13,What is the atomic number of the chemical element whose symbol is the first letter of the capital city of the country whose currency is the dong?,3382948868
facts,default,5,immediate,84,16,1,0,-1,0,0,stop,5,0,qwen3.6-27b,Answer: 1,What is the atomic number of the chemical element whose symbol is the first letter of the capital city of the country whose currency is the krona?,1472668071
facts,default,5,immediate,85,1,1,1,-1,0,0,stop,5,0,qwen3.6-27b,Answer: 1,What is the atomic number of the chemical element whose symbol is the first letter of the capital city of the country whose currency is the dong?,549458225
facts,default,5,immediate,86,5,1,0,-1,0,0,stop,5,0,qwen3.6-27b,Answer: 1,What is the atomic number of the chemical element whose symbol is the first letter of the capital city of the country whose currency is the forint?,3116974219
facts,default,5,immediate,87,16,1,0,-1,0,0,stop,5,0,qwen3.6-27b,Answer: 1,What is the atomic number of the chemical element whose symbol is the first letter of the capital city of the country whose currency is the won?,3469635613
facts,default,5,immediate,88,16,1,0,-1,0,0,stop,5,0,qwen3.6-27b,Answer: 1,What is the atomic number of the chemical element whose symbol is the first letter of the capital city of the country whose currency is the won?,1584491916
facts,default,5,immediate,89,19,35,0,-1,0,0,stop,6,0,qwen3.6-27b,Answer: 35,What is the atomic number of the chemical element whose symbol is the first letter of the capital city of the country whose currency is the hryvnia?,695622938
facts,default,5,immediate,90,19,1,0,-1,0,0,stop,5,0,qwen3.6-27b,Answer: 1,What is the atomic number of the chemical element whose symbol is the first letter of the capital city of the country whose currency is the hryvnia?,1236391167
facts,default,5,immediate,91,39,1,0,-1,0,0,stop,5,0,qwen3.6-27b,Answer: 1,What is the atomic number of the chemical element whose symbol is the first letter of the capital city of the country whose currency is the kyat?,1052173417
facts,default,5,immediate,92,74,16,0,-1,0,0,stop,6,0,qwen3.6-27b,Answer: 16,What is the atomic number of the chemical element whose symbol is the first letter of the capital city of the country whose currency is the zloty?,2814358995
facts,default,5,immediate,93,15,1,0,-1,0,0,stop,5,0,qwen3.6-27b,Answer: 1,What is the atomic number of the chemical element whose symbol is the first letter of the capital city of the country whose currency is the rand?,3501753669
facts,default,5,immediate,94,19,15,0,-1,0,0,stop,6,0,qwen3.6-27b,Answer: 15,What is the atomic number of the chemical element whose symbol is the first letter of the capital city of the country whose currency is the afghani?,1323045094
facts,default,5,immediate,95,15,1,0,-1,0,0,stop,5,0,qwen3.6-27b,Answer: 1,What is the atomic number of the chemical element whose symbol is the first letter of the capital city of the country whose currency is the riel?,970662000
facts,default,5,immediate,96,39,1,0,-1,0,0,stop,5,0,qwen3.6-27b,Answer: 1,What is the atomic number of the chemical element whose symbol is the first letter of the capital city of the country whose currency is the kyat?,2698146250
facts,default,5,immediate,97,1,1,1,-1,0,0,stop,5,0,qwen3.6-27b,Answer: 1,What is the atomic number of the chemical element whose symbol is the first letter of the capital city of the country whose currency is the dong?,3621077340
facts,default,5,immediate,98,15,1,0,-1,0,0,stop,5,0,qwen3.6-27b,Answer: 1,What is the atomic number of the chemical element whose symbol is the first letter of the capital city of the country whose currency is the rand?,1198152909
facts,default,5,immediate,99,5,1,0,-1,0,0,stop,5,0,qwen3.6-27b,Answer: 1,What is the atomic number of the chemical element whose symbol is the first letter of the capital city of the country whose currency is the leu?,812477531
facts,default,5,immediate,100,15,1,0,-1,0,0,stop,5,0,qwen3.6-27b,Answer: 1,What is the atomic number of the chemical element whose symbol is the first letter of the capital city of the country whose currency is the koruna?,3615740096
facts,default,5,immediate,101,74,35,0,-1,0,0,stop,6,0,qwen3.6-27b,Answer: 35,What is the atomic number of the chemical element whose symbol is the first letter of the capital city of the country whose currency is the zloty?,2693062742
facts,default,5,immediate,102,19,1,0,-1,0,0,stop,5,0,qwen3.6-27b,Answer: 1,What is the atomic number of the chemical element whose symbol is the first letter of the capital city of the country whose currency is the hryvnia?,965587436
facts,default,5,immediate,103,15,2,0,-1,0,0,stop,5,0,qwen3.6-27b,Answer: 2,What is the atomic number of the chemical element whose symbol is the first letter of the capital city of the country whose currency is the koruna?,1317699962
facts,default,5,immediate,104,1,1,1,-1,0,0,stop,5,0,qwen3.6-27b,Answer: 1,What is the atomic number of the chemical element whose symbol is the first letter of the capital city of the country whose currency is the dong?,3505263833
facts,default,5,immediate,105,16,16,1,-1,0,0,stop,6,0,qwen3.6-27b,Answer: 16,What is the atomic number of the chemical element whose symbol is the first letter of the capital city of the country whose currency is the lev?,2817074255
facts,default,5,immediate,106,1,1,1,-1,0,0,stop,5,0,qwen3.6-27b,Answer: 1,What is the atomic number of the chemical element whose symbol is the first letter of the capital city of the country whose currency is the dong?,1054897653
facts,default,5,immediate,107,19,1,0,-1,0,0,stop,5,0,qwen3.6-27b,Answer: 1,What is the atomic number of the chemical element whose symbol is the first letter of the capital city of the country whose currency is the afghani?,1239893347
facts,default,5,immediate,108,39,1,0,-1,0,0,stop,4,0,qwen3.6-27b,Answer: 1,What is the atomic number of the chemical element whose symbol is the first letter of the capital city of the country whose currency is the dram?,3646445810
facts,default,5,immediate,109,74,1,0,-1,0,0,stop,5,0,qwen3.6-27b,Answer: 1,What is the atomic number of the chemical element whose symbol is the first letter of the capital city of the country whose currency is the zloty?,2925488228
facts,default,5,immediate,110,5,1,0,-1,0,0,stop,5,0,qwen3.6-27b,Answer: 1,What is the atomic number of the chemical element whose symbol is the first letter of the capital city of the country whose currency is the forint?,3466125697
facts,default,5,immediate,111,15,1,0,-1,0,0,stop,5,0,qwen3.6-27b,Answer: 1,What is the atomic number of the chemical element whose symbol is the first letter of the capital city of the country whose currency is the rand?,3114258711
facts,default,5,immediate,112,15,1,0,-1,0,0,stop,5,0,qwen3.6-27b,Answer: 1,What is the atomic number of the chemical element whose symbol is the first letter of the capital city of the country whose currency is the koruna?,546734253
facts,default,5,immediate,113,39,1,0,-1,0,0,stop,5,0,qwen3.6-27b,Answer: 1,What is the atomic number of the chemical element whose symbol is the first letter of the capital city of the country whose currency is the dram?,1469165627
facts,default,5,immediate,114,5,13,0,-1,0,0,stop,6,0,qwen3.6-27b,Answer: 13,What is the atomic number of the chemical element whose symbol is the first letter of the capital city of the country whose currency is the baht?,3388286360
facts,default,5,immediate,115,5,6,0,-1,0,0,stop,5,0,qwen3.6-27b,Answer: 6,What is the atomic number of the chemical element whose symbol is the first letter of the capital city of the country whose currency is the yuan?,3203536142
facts,default,5,immediate,116,16,1,0,-1,0,0,stop,5,0,qwen3.6-27b,Answer: 1,What is the atomic number of the chemical element whose symbol is the first letter of the capital city of the country whose currency is the lev?,670778548
facts,default,5,immediate,117,23,13,0,-1,0,0,stop,6,0,qwen3.6-27b,Answer: 13,What is the atomic number of the chemical element whose symbol is the first letter of the capital city of the country whose currency is the kip?,1358722082
facts,default,5,immediate,118,74,1,0,-1,0,0,stop,5,0,qwen3.6-27b,Answer: 1,What is the atomic number of the chemical element whose symbol is the first letter of the capital city of the country whose currency is the zloty?,3225643443
facts,default,5,immediate,119,15,79,0,-1,0,0,stop,6,0,qwen3.6-27b,Answer: 79,What is the atomic number of the chemical element whose symbol is the first letter of the capital city of the country whose currency is the rand?,3074709797
facts,default,5,immediate,120,15,74,0,-1,0,0,stop,6,0,qwen3.6-27b,Answer: 74,What is the atomic number of the chemical element whose symbol is the first letter of the capital city of the country whose currency is the koruna?,3853890114
facts,default,5,immediate,121,6,1,0,-1,0,0,stop,5,0,qwen3.6-27b,Answer: 1,What is the atomic number of the chemical element whose symbol is the first letter of the capital city of the country whose currency is the bolivar?,2461172436
facts,default,5,immediate,122,1,26,0,-1,0,0,stop,6,0,qwen3.6-27b,Answer: 26,What is the atomic number of the chemical element whose symbol is the first letter of the capital city of the country whose currency is the dong?,196858734
facts,default,5,immediate,123,15,1,0,-1,0,0,stop,4,0,qwen3.6-27b,Answer: 1,What is the atomic number of the chemical element whose symbol is the first letter of the capital city of the country whose currency is the koruna?,2092753912
facts,default,5,immediate,124,15,1,0,-1,0,0,stop,5,0,qwen3.6-27b,Answer: 1,What is the atomic number of the chemical element whose symbol is the first letter of the capital city of the country whose currency is the riel?,3805836891
facts,default,5,immediate,125,5,1,0,-1,0,0,stop,5,0,qwen3.6-27b,Answer: 1,What is the atomic number of the chemical element whose symbol is the first letter of the capital city of the country whose currency is the forint?,2514437837
facts,default,5,immediate,126,5,5,1,-1,0,0,stop,5,0,qwen3.6-27b,Answer: 5,What is the atomic number of the chemical element whose symbol is the first letter of the capital city of the country whose currency is the baht?,215357303
facts,default,5,immediate,127,15,1,0,-1,0,0,stop,5,0,qwen3.6-27b,Answer: 1,What is the atomic number of the chemical element whose symbol is the first letter of the capital city of the country whose currency is the koruna?,2077304801
facts,default,5,immediate,128,39,1,0,-1,0,0,stop,5,0,qwen3.6-27b,Answer: 1,What is the atomic number of the chemical element whose symbol is the first letter of the capital city of the country whose currency is the dram?,3949869680
facts,default,5,immediate,129,39,1,0,-1,0,0,stop,5,0,qwen3.6-27b,Answer: 1,What is the atomic number of the chemical element whose symbol is the first letter of the capital city of the country whose currency is the dram?,2624129766
facts,default,5,immediate,130,5,1,0,-1,0,0,stop,5,0,qwen3.6-27b,Answer: 1,What is the atomic number of the chemical element whose symbol is the first letter of the capital city of the country whose currency is the manat?,4239295235
facts,default,5,immediate,131,19,1,0,-1,0,0,stop,5,0,qwen3.6-27b,Answer: 1,What is the atomic number of the chemical element whose symbol is the first letter of the capital city of the country whose currency is the hryvnia?,2343154581
facts,default,5,immediate,132,39,1,0,-1,0,0,stop,5,0,qwen3.6-27b,Answer: 1,What is the atomic number of the chemical element whose symbol is the first letter of the capital city of the country whose currency is the dram?,312533551
facts,default,5,immediate,133,15,15,1,-1,0,0,stop,6,0,qwen3.6-27b,Answer: 15,What is the atomic number of the chemical element whose symbol is the first letter of the capital city of the country whose currency is the rand?,1705497273
facts,default,5,immediate,134,15,1,0,-1,0,0,stop,5,0,qwen3.6-27b,Answer: 1,What is the atomic number of the chemical element whose symbol is the first letter of the capital city of the country whose currency is the riel?,4223878938
facts,default,5,immediate,135,5,5,1,-1,0,0,stop,5,0,qwen3.6-27b,Answer: 5,What is the atomic number of the chemical element whose symbol is the first letter of the capital city of the country whose currency is the baht?,2361685900
facts,default,5,immediate,136,16,16,1,-1,0,0,stop,6,0,qwen3.6-27b,Answer: 16,What is the atomic number of the chemical element whose symbol is the first letter of the capital city of the country whose currency is the krona?,365766198
facts,default,5,immediate,137,19,1,0,-1,0,0,stop,5,0,qwen3.6-27b,Answer: 1,What is the atomic number of the chemical element whose symbol is the first letter of the capital city of the country whose currency is the hryvnia?,1657411232
facts,default,5,immediate,138,19,19,1,-1,0,0,stop,6,0,qwen3.6-27b,Answer: 19,What is the atomic number of the chemical element whose symbol is the first letter of the capital city of the country whose currency is the hryvnia?,4067756849
facts,default,5,immediate,139,16,1,0,-1,0,0,stop,5,0,qwen3.6-27b,Answer: 1,What is the atomic number of the chemical element whose symbol is the first letter of the capital city of the country whose currency is the lev?,2238856103
facts,default,5,immediate,140,15,2,0,-1,0,0,stop,4,0,qwen3.6-27b,Answer: 2,What is the atomic number of the chemical element whose symbol is the first letter of the capital city of the country whose currency is the koruna?,3018790340
facts,default,5,immediate,141,19,1,0,-1,0,0,stop,5,0,qwen3.6-27b,Answer: 1,What is the atomic number of the chemical element whose symbol is the first letter of the capital city of the country whose currency is the hryvnia?,3303548242
facts,default,5,immediate,142,16,1,0,-1,0,0,stop,5,0,qwen3.6-27b,Answer: 1,What is the atomic number of the chemical element whose symbol is the first letter of the capital city of the country whose currency is the won?,1575056616
facts,default,5,immediate,143,39,39,1,-1,0,0,stop,6,0,qwen3.6-27b,Answer: 39,What is the atomic number of the chemical element whose symbol is the first letter of the capital city of the country whose currency is the kyat?,719733886
facts,default,5,immediate,144,74,1,0,-1,0,0,stop,5,0,qwen3.6-27b,Answer: 1,What is the atomic number of the chemical element whose symbol is the first letter of the capital city of the country whose currency is the zloty?,3028472285
facts,default,5,immediate,145,1,1,1,-1,0,0,stop,4,0,qwen3.6-27b,Answer: 1,What is the atomic number of the chemical element whose symbol is the first letter of the capital city of the country whose currency is the dong?,3280331083
facts,default,5,immediate,146,5,5,1,-1,0,0,stop,5,0,qwen3.6-27b,Answer: 5,What is the atomic number of the chemical element whose symbol is the first letter of the capital city of the country whose currency is the baht?,1519169777
facts,default,5,immediate,147,5,1,0,-1,0,0,stop,5,0,qwen3.6-27b,Answer: 1,What is the atomic number of the chemical element whose symbol is the first letter of the capital city of the country whose currency is the forint?,764117095
facts,default,5,immediate,148,6,1,0,-1,0,0,stop,4,0,qwen3.6-27b,Answer: 1,What is the atomic number of the chemical element whose symbol is the first letter of the capital city of the country whose currency is the bolivar?,3174342134
facts,default,5,immediate,149,39,5,0,-1,0,0,stop,5,0,qwen3.6-27b,Answer: 5,What is the atomic number of the chemical element whose symbol is the first letter of the capital city of the country whose currency is the kyat?,3392384352
facts,default,5,filler,0,19,1,0,-1,0,0,stop,5,0,qwen3.6-27b,Answer: 1,"What is the atomic number of the chemical element whose symbol is the first letter of the capital city of the country whose currency is the hryvnia?

1 2 3 4 5 6 7 8 9 10 11 12 13 14 15 16 17 18 19 20 21 22 23 24 25 26 27 28 29 30 31 32 33 34 35 36 37 38 39 40 41 42 43 44 45 46 47 48 49 50 51 52 53 54 55 56 57 58 59 60 61 62 63 64 65 66 67 68 69 70 71 72 73 74 75 76 77 78 79 80 81 82 83 84 85 86 87 88 89 90 91 92 93 94 95 96 97 98 99 100",2921691732
facts,default,5,filler,1,6,1,0,-1,0,0,stop,5,0,qwen3.6-27b,Answer: 1,"What is the atomic number of the chemical element whose symbol is the first letter of the capital city of the country whose currency is the bolivar?

1 2 3 4 5 6 7 8 9 10 11 12 13 14 15 16 17 18 19 20 21 22 23 24 25 26 27 28 29 30 31 32 33 34 35 36 37 38 39 40 41 42 43 44 45 46 47 48 49 50 51 52 53 54 55 56 57 58 59 60 61 62 63 64 65 66 67 68 69 70 71 72 73 74 75 76 77 78 79 80 81 82 83 84 85 86 87 88 89 90 91 92 93 94 95 96 97 98 99 100",3642903234
facts,default,5,filler,2,5,1,0,-1,0,0,stop,5,0,qwen3.6-27b,Answer: 1,"What is the atomic number of the chemical element whose symbol is the first letter of the capital city of the country whose currency is the yuan?

1 2 3 4 5 6 7 8 9 10 11 12 13 14 15 16 17 18 19 20 21 22 23 24 25 26 27 28 29 30 31 32 33 34 35 36 37 38 39 40 41 42 43 44 45 46 47 48 49 50 51 52 53 54 55 56 57 58 59 60 61 62 63 64 65 66 67 68 69 70 71 72 73 74 75 76 77 78 79 80 81 82 83 84 85 86 87 88 89 90 91 92 93 94 95 96 97 98 99 100",1076566904
facts,default,5,filler,3,5,1,0,-1,0,0,stop,5,0,qwen3.6-27b,Answer: 1,"What is the atomic number of the chemical element whose symbol is the first letter of the capital city of the country whose currency is the yuan?

1 2 3 4 5 6 7 8 9 10 11 12 13 14 15 16 17 18 19 20 21 22 23 24 25 26 27 28 29 30 31 32 33 34 35 36 37 38 39 40 41 42 43 44 45 46 47 48 49 50 51 52 53 54 55 56 57 58 59 60 61 62 63 64 65 66 67 68 69 70 71 72 73 74 75 76 77 78 79 80 81 82 83 84 85 86 87 88 89 90 91 92 93 94 95 96 97 98 99 100",925641710
facts,default,5,filler,4,6,15,0,-1,0,0,stop,6,0,qwen3.6-27b,Answer: 15,"What is the atomic number of the chemical element whose symbol is the first letter of the capital city of the country whose currency is the bolivar?

1 2 3 4 5 6 7 8 9 10 11 12 13 14 15 16 17 18 19 20 21 22 23 24 25 26 27 28 29 30 31 32 33 34 35 36 37 38 39 40 41 42 43 44 45 46 47 48 49 50 51 52 53 54 55 56 57 58 59 60 61 62 63 64 65 66 67 68 69 70 71 72 73 74 75 76 77 78 79 80 81 82 83 84 85 86 87 88 89 90 91 92 93 94 95 96 97 98 99 100",2840116813
facts,default,5,filler,5,16,1,0,-1,0,0,stop,5,0,qwen3.6-27b,Answer: 1,"What is the atomic number of the chemical element whose symbol is the first letter of the capital city of the country whose currency is the krona?

1 2 3 4 5 6 7 8 9 10 11 12 13 14 15 16 17 18 19 20 21 22 23 24 25 26 27 28 29 30 31 32 33 34 35 36 37 38 39 40 41 42 43 44 45 46 47 48 49 50 51 52 53 54 55 56 57 58 59 60 61 62 63 64 65 66 67 68 69 70 71 72 73 74 75 76 77 78 79 80 81 82 83 84 85 86 87 88 89 90 91 92 93 94 95 96 97 98 99 100",3729755867
facts,default,5,filler,6,19,1,0,-1,0,0,stop,5,0,qwen3.6-27b,Answer: 1,"What is the atomic number of the chemical element whose symbol is the first letter of the capital city of the country whose currency is the afghani?

1 2 3 4 5 6 7 8 9 10 11 12 13 14 15 16 17 18 19 20 21 22 23 24 25 26 27 28 29 30 31 32 33 34 35 36 37 38 39 40 41 42 43 44 45 46 47 48 49 50 51 52 53 54 55 56 57 58 59 60 61 62 63 64 65 66 67 68 69 70 71 72 73 74 75 76 77 78 79 80 81 82 83 84 85 86 87 88 89 90 91 92 93 94 95 96 97 98 99 100",1195827041
facts,default,5,filler,7,15,2,0,-1,0,0,stop,5,0,qwen3.6-27b,Answer: 2,"What is the atomic number of the chemical element whose symbol is the first letter of the capital city of the country whose currency is the rand?

1 2 3 4 5 6 7 8 9 10 11 12 13 14 15 16 17 18 19 20 21 22 23 24 25 26 27 28 29 30 31 32 33 34 35 36 37 38 39 40 41 42 43 44 45 46 47 48 49 50 51 52 53 54 55 56 57 58 59 60 61 62 63 64 65 66 67 68 69 70 71 72 73 74 75 76 77 78 79 80 81 82 83 84 85 86 87 88 89 90 91 92 93 94 95 96 97 98 99 100",809627639
facts,default,5,filler,8,74,1,0,-1,0,0,stop,5,0,qwen3.6-27b,Answer: 1,"What is the atomic number of the chemical element whose symbol is the first letter of the capital city of the country whose currency is the zloty?

1 2 3 4 5 6 7 8 9 10 11 12 13 14 15 16 17 18 19 20 21 22 23 24 25 26 27 28 29 30 31 32 33 34 35 36 37 38 39 40 41 42 43 44 45 46 47 48 49 50 51 52 53 54 55 56 57 58 59 60 61 62 63 64 65 66 67 68 69 70 71 72 73 74 75 76 77 78 79 80 81 82 83 84 85 86 87 88 89 90 91 92 93 94 95 96 97 98 99 100",2701062758
facts,default,5,filler,9,19,1,0,-1,0,0,stop,5,0,qwen3.6-27b,Answer: 1,"What is the atomic number of the chemical element whose symbol is the first letter of the capital city of the country whose currency is the hryvnia?

1 2 3 4 5 6 7 8 9 10 11 12 13 14 15 16 17 18 19 20 21 22 23 24 25 26 27 28 29 30 31 32 33 34 35 36 37 38 39 40 41 42 43 44 45 46 47 48 49 50 51 52 53 54 55 56 57 58 59 60 61 62 63 64 65 66 67 68 69 70 71 72 73 74 75 76 77 78 79 80 81 82 83 84 85 86 87 88 89 90 91 92 93 94 95 96 97 98 99 100",3623469808
facts,default,5,filler,10,1,1,1,-1,0,0,stop,5,0,qwen3.6-27b,Answer: 1,"What is the atomic number of the chemical element whose symbol is the first letter of the capital city of the country whose currency is the dong?

1 2 3 4 5 6 7 8 9 10 11 12 13 14 15 16 17 18 19 20 21 22 23 24 25 26 27 28 29 30 31 32 33 34 35 36 37 38 39 40 41 42 43 44 45 46 47 48 49 50 51 52 53 54 55 56 57 58 59 60 61 62 63 64 65 66 67 68 69 70 71 72 73 74 75 76 77 78 79 80 81 82 83 84 85 86 87 88 89 90 91 92 93 94 95 96 97 98 99 100",2171100919
facts,default,5,filler,11,16,1,0,-1,0,0,stop,5,0,qwen3.6-27b,Answer: 1,"What is the atomic number of the chemical element whose symbol is the first letter of the capital city of the country whose currency is the lev?

1 2 3 4 5 6 7 8 9 10 11 12 13 14 15 16 17 18 19 20 21 22 23 24 25 26 27 28 29 30 31 32 33 34 35 36 37 38 39 40 41 42 43 44 45 46 47 48 49 50 51 52 53 54 55 56 57 58 59 60 61 62 63 64 65 66 67 68 69 70 71 72 73 74 75 76 77 78 79 80 81 82 83 84 85 86 87 88 89 90 91 92 93 94 95 96 97 98 99 100",4134497889
facts,default,5,filler,12,16,1,0,-1,0,0,stop,5,0,qwen3.6-27b,Answer: 1,"What is the atomic number of the chemical element whose symbol is the first letter of the capital city of the country whose currency is the lev?

1 2 3 4 5 6 7 8 9 10 11 12 13 14 15 16 17 18 19 20 21 22 23 24 25 26 27 28 29 30 31 32 33 34 35 36 37 38 39 40 41 42 43 44 45 46 47 48 49 50 51 52 53 54 55 56 57 58 59 60 61 62 63 64 65 66 67 68 69 70 71 72 73 74 75 76 77 78 79 80 81 82 83 84 85 86 87 88 89 90 91 92 93 94 95 96 97 98 99 100",1868971995
facts,default,5,filler,13,5,1,0,-1,0,0,stop,4,0,qwen3.6-27b,Answer: 1,"What is the atomic number of the chemical element whose symbol is the first letter of the capital city of the country whose currency is the leu?

1 2 3 4 5 6 7 8 9 10 11 12 13 14 15 16 17 18 19 20 21 22 23 24 25 26 27 28 29 30 31 32 33 34 35 36 37 38 39 40 41 42 43 44 45 46 47 48 49 50 51 52 53 54 55 56 57 58 59 60 61 62 63 64 65 66 67 68 69 70 71 72 73 74 75 76 77 78 79 80 81 82 83 84 85 86 87 88 89 90 91 92 93 94 95 96 97 98 99 100",409014093
facts,default,5,filler,14,15,1,0,-1,0,0,stop,5,0,qwen3.6-27b,Answer: 1,"What is the atomic number of the chemical element whose symbol is the first letter of the capital city of the country whose currency is the riel?

1 2 3 4 5 6 7 8 9 10 11 12 13 14 15 16 17 18 19 20 21 22 23 24 25 26 27 28 29 30 31 32 33 34 35 36 37 38 39 40 41 42 43 44 45 46 47 48 49 50 51 52 53 54 55 56 57 58 59 60 61 62 63 64 65 66 67 68 69 70 71 72 73 74 75 76 77 78 79 80 81 82 83 84 85 86 87 88 89 90 91 92 93 94 95 96 97 98 99 100",2248514286
facts,default,5,filler,15,5,1,0,-1,0,0,stop,5,0,qwen3.6-27b,Answer: 1,"What is the atomic number of the chemical element whose symbol is the first letter of the capital city of the country whose currency is the manat?

1 2 3 4 5 6 7 8 9 10 11 12 13 14 15 16 17 18 19 20 21 22 23 24 25 26 27 28 29 30 31 32 33 34 35 36 37 38 39 40 41 42 43 44 45 46 47 48 49 50 51 52 53 54 55 56 57 58 59 60 61 62 63 64 65 66 67 68 69 70 71 72 73 74 75 76 77 78 79 80 81 82 83 84 85 86 87 88 89 90 91 92 93 94 95 96 97 98 99 100",4043483768
facts,default,5,filler,16,5,1,0,-1,0,0,stop,5,0,qwen3.6-27b,Answer: 1,"What is the atomic number of the chemical element whose symbol is the first letter of the capital city of the country whose currency is the yuan?

1 2 3 4 5 6 7 8 9 10 11 12 13 14 15 16 17 18 19 20 21 22 23 24 25 26 27 28 29 30 31 32 33 34 35 36 37 38 39 40 41 42 43 44 45 46 47 48 49 50 51 52 53 54 55 56 57 58 59 60 61 62 63 64 65 66 67 68 69 70 71 72 73 74 75 76 77 78 79 80 81 82 83 84 85 86 87 88 89 90 91 92 93 94 95 96 97 98 99 100",1745615810
facts,default,5,filler,17,19,1,0,-1,0,0,stop,5,0,qwen3.6-27b,Answer: 1,"What is the atomic number of the chemical element whose symbol is the first letter of the capital city of the country whose currency is the afghani?

1 2 3 4 5 6 7 8 9 10 11 12 13 14 15 16 17 18 19 20 21 22 23 24 25 26 27 28 29 30 31 32 33 34 35 36 37 38 39 40 41 42 43 44 45 46 47 48 49 50 51 52 53 54 55 56 57 58 59 60 61 62 63 64 65 66 67 68 69 70 71 72 73 74 75 76 77 78 79 80 81 82 83 84 85 86 87 88 89 90 91 92 93 94 95 96 97 98 99 100",520932180
facts,default,5,filler,18,1,1,1,-1,0,0,stop,5,0,qwen3.6-27b,Answer: 1,"What is the atomic number of the chemical element whose symbol is the first letter of the capital city of the country whose currency is the dong?

1 2 3 4 5 6 7 8 9 10 11 12 13 14 15 16 17 18 19 20 21 22 23 24 25 26 27 28 29 30 31 32 33 34 35 36 37 38 39 40 41 42 43 44 45 46 47 48 49 50 51 52 53 54 55 56 57 58 59 60 61 62 63 64 65 66 67 68 69 70 71 72 73 74 75 76 77 78 79 80 81 82 83 84 85 86 87 88 89 90 91 92 93 94 95 96 97 98 99 100",2410927813
facts,default,5,filler,19,6,1,0,-1,0,0,stop,5,0,qwen3.6-27b,Answer: 1,"What is the atomic number of the chemical element whose symbol is the first letter of the capital city of the country whose currency is the bolivar?

1 2 3 4 5 6 7 8 9 10 11 12 13 14 15 16 17 18 19 20 21 22 23 24 25 26 27 28 29 30 31 32 33 34 35 36 37 38 39 40 41 42 43 44 45 46 47 48 49 50 51 52 53 54 55 56 57 58 59 60 61 62 63 64 65 66 67 68 69 70 71 72 73 74 75 76 77 78 79 80 81 82 83 84 85 86 87 88 89 90 91 92 93 94 95 96 97 98 99 100",4172605011
facts,default,5,filler,20,1,1,1,-1,0,0,stop,5,0,qwen3.6-27b,Answer: 1,"What is the atomic number of the chemical element whose symbol is the first letter of the capital city of the country whose currency is the dong?

1 2 3 4 5 6 7 8 9 10 11 12 13 14 15 16 17 18 19 20 21 22 23 24 25 26 27 28 29 30 31 32 33 34 35 36 37 38 39 40 41 42 43 44 45 46 47 48 49 50 51 52 53 54 55 56 57 58 59 60 61 62 63 64 65 66 67 68 69 70 71 72 73 74 75 76 77 78 79 80 81 82 83 84 85 86 87 88 89 90 91 92 93 94 95 96 97 98 99 100",2856652084
facts,default,5,filler,21,5,1,0,-1,0,0,stop,5,0,qwen3.6-27b,Answer: 1,"What is the atomic number of the chemical element whose symbol is the first letter of the capital city of the country whose currency is the manat?

1 2 3 4 5 6 7 8 9 10 11 12 13 14 15 16 17 18 19 20 21 22 23 24 25 26 27 28 29 30 31 32 33 34 35 36 37 38 39 40 41 42 43 44 45 46 47 48 49 50 51 52 53 54 55 56 57 58 59 60 61 62 63 64 65 66 67 68 69 70 71 72 73 74 75 76 77 78 79 80 81 82 83 84 85 86 87 88 89 90 91 92 93 94 95 96 97 98 99 100",3712105890
facts,default,5,filler,22,5,1,0,-1,0,0,stop,5,0,qwen3.6-27b,Answer: 1,"What is the atomic number of the chemical element whose symbol is the first letter of the capital city of the country whose currency is the baht?

1 2 3 4 5 6 7 8 9 10 11 12 13 14 15 16 17 18 19 20 21 22 23 24 25 26 27 28 29 30 31 32 33 34 35 36 37 38 39 40 41 42 43 44 45 46 47 48 49 50 51 52 53 54 55 56 57 58 59 60 61 62 63 64 65 66 67 68 69 70 71 72 73 74 75 76 77 78 79 80 81 82 83 84 85 86 87 88 89 90 91 92 93 94 95 96 97 98 99 100",1145793560
facts,default,5,filler,23,15,1,0,-1,0,0,stop,5,0,qwen3.6-27b,Answer: 1,"What is the atomic number of the chemical element whose symbol is the first letter of the capital city of the country whose currency is the koruna?

1 2 3 4 5 6 7 8 9 10 11 12 13 14 15 16 17 18 19 20 21 22 23 24 25 26 27 28 29 30 31 32 33 34 35 36 37 38 39 40 41 42 43 44 45 46 47 48 49 50 51 52 53 54 55 56 57 58 59 60 61 62 63 64 65 66 67 68 69 70 71 72 73 74 75 76 77 78 79 80 81 82 83 84 85 86 87 88 89 90 91 92 93 94 95 96 97 98 99 100",860642446
facts,default,5,filler,24,15,1,0,-1,0,0,stop,4,0,qwen3.6-27b,Answer: 1,"What is the atomic number of the chemical element whose symbol is the first letter of the capital city of the country whose currency is the koruna?

1 2 3 4 5 6 7 8 9 10 11 12 13 14 15 16 17 18 19 20 21 22 23 24 25 26 27 28 29 30 31 32 33 34 35 36 37 38 39 40 41 42 43 44 45 46 47 48 49 50 51 52 53 54 55 56 57 58 59 60 61 62 63 64 65 66 67 68 69 70 71 72 73 74 75 76 77 78 79 80 81 82 83 84 85 86 87 88 89 90 91 92 93 94 95 96 97 98 99 100",2905131309
facts,default,5,filler,25,16,1,0,-1,0,0,stop,5,0,qwen3.6-27b,Answer: 1,"What is the atomic number of the chemical element whose symbol is the first letter of the capital city of the country whose currency is the won?

1 2 3 4 5 6 7 8 9 10 11 12 13 14 15 16 17 18 19 20 21 22 23 24 25 26 27 28 29 30 31 32 33 34 35 36 37 38 39 40 41 42 43 44 45 46 47 48 49 50 51 52 53 54 55 56 57 58 59 60 61 62 63 64 65 66 67 68 69 70 71 72 73 74 75 76 77 78 79 80 81 82 83 84 85 86 87 88 89 90 91 92 93 94 95 96 97 98 99 100",3660577211
facts,default,5,filler,26,1,16,0,-1,0,0,stop,6,0,qwen3.6-27b,Answer: 16,"What is the atomic number of the chemical element whose symbol is the first letter of the capital city of the country whose currency is the dong?

1 2 3 4 5 6 7 8 9 10 11 12 13 14 15 16 17 18 19 20 21 22 23 24 25 26 27 28 29 30 31 32 33 34 35 36 37 38 39 40 41 42 43 44 45 46 47 48 49 50 51 52 53 54 55 56 57 58 59 60 61 62 63 64 65 66 67 68 69 70 71 72 73 74 75 76 77 78 79 80 81 82 83 84 85 86 87 88 89 90 91 92 93 94 95 96 97 98 99 100",1126606849
facts,default,5,filler,27,5,1,0,-1,0,0,stop,5,0,qwen3.6-27b,Answer: 1,"What is the atomic number of the chemical element whose symbol is the first letter of the capital city of the country whose currency is the forint?

1 2 3 4 5 6 7 8 9 10 11 12 13 14 15 16 17 18 19 20 21 22 23 24 25 26 27 28 29 30 31 32 33 34 35 36 37 38 39 40 41 42 43 44 45 46 47 48 49 50 51 52 53 54 55 56 57 58 59 60 61 62 63 64 65 66 67 68 69 70 71 72 73 74 75 76 77 78 79 80 81 82 83 84 85 86 87 88 89 90 91 92 93 94 95 96 97 98 99 100",874616983
facts,default,5,filler,28,15,5,0,-1,0,0,stop,5,0,qwen3.6-27b,Answer: 5,"What is the atomic number of the chemical element whose symbol is the first letter of the capital city of the country whose currency is the koruna?

1 2 3 4 5 6 7 8 9 10 11 12 13 14 15 16 17 18 19 20 21 22 23 24 25 26 27 28 29 30 31 32 33 34 35 36 37 38 39 40 41 42 43 44 45 46 47 48 49 50 51 52 53 54 55 56 57 58 59 60 61 62 63 64 65 66 67 68 69 70 71 72 73 74 75 76 77 78 79 80 81 82 83 84 85 86 87 88 89 90 91 92 93 94 95 96 97 98 99 100",2761852166
facts,default,5,filler,29,15,2,0,-1,0,0,stop,5,0,qwen3.6-27b,Answer: 2,"What is the atomic number of the chemical element whose symbol is the first letter of the capital city of the country whose currency is the koruna?

1 2 3 4 5 6 7 8 9 10 11 12 13 14 15 16 17 18 19 20 21 22 23 24 25 26 27 28 29 30 31 32 33 34 35 36 37 38 39 40 41 42 43 44 45 46 47 48 49 50 51 52 53 54 55 56 57 58 59 60 61 62 63 64 65 66 67 68 69 70 71 72 73 74 75 76 77 78 79 80 81 82 83 84 85 86 87 88 89 90 91 92 93 94 95 96 97 98 99 100",3550066064
facts,default,5,filler,30,74,8,0,-1,0,0,stop,5,0,qwen3.6-27b,Answer: 8,"What is the atomic number of the chemical element whose symbol is the first letter of the capital city of the country whose currency is the zloty?

1 2 3 4 5 6 7 8 9 10 11 12 13 14 15 16 17 18 19 20 21 22 23 24 25 26 27 28 29 30 31 32 33 34 35 36 37 38 39 40 41 42 43 44 45 46 47 48 49 50 51 52 53 54 55 56 57 58 59 60 61 62 63 64 65 66 67 68 69 70 71 72 73 74 75 76 77 78 79 80 81 82 83 84 85 86 87 88 89 90 91 92 93 94 95 96 97 98 99 100",3009297525
facts,default,5,filler,31,5,5,1,-1,0,0,stop,5,0,qwen3.6-27b,Answer: 5,"What is the atomic number of the chemical element whose symbol is the first letter of the capital city of the country whose currency is the manat?

1 2 3 4 5 6 7 8 9 10 11 12 13 14 15 16 17 18 19 20 21 22 23 24 25 26 27 28 29 30 31 32 33 34 35 36 37 38 39 40 41 42 43 44 45 46 47 48 49 50 51 52 53 54 55 56 57 58 59 60 61 62 63 64 65 66 67 68 69 70 71 72 73 74 75 76 77 78 79 80 81 82 83 84 85 86 87 88 89 90 91 92 93 94 95 96 97 98 99 100",3294170339
facts,default,5,filler,32,5,16,0,-1,0,0,stop,6,0,qwen3.6-27b,Answer: 16,"What is the atomic number of the chemical element whose symbol is the first letter of the capital city of the country whose currency is the baht?

1 2 3 4 5 6 7 8 9 10 11 12 13 14 15 16 17 18 19 20 21 22 23 24 25 26 27 28 29 30 31 32 33 34 35 36 37 38 39 40 41 42 43 44 45 46 47 48 49 50 51 52 53 54 55 56 57 58 59 60 61 62 63 64 65 66 67 68 69 70 71 72 73 74 75 76 77 78 79 80 81 82 83 84 85 86 87 88 89 90 91 92 93 94 95 96 97 98 99 100",1565547865
facts,default,5,filler,33,19,1,0,-1,0,0,stop,5,0,qwen3.6-27b,Answer: 1,"What is the atomic number of the chemical element whose symbol is the first letter of the capital city of the country whose currency is the afghani?

1 2 3 4 5 6 7 8 9 10 11 12 13 14 15 16 17 18 19 20 21 22 23 24 25 26 27 28 29 30 31 32 33 34 35 36 37 38 39 40 41 42 43 44 45 46 47 48 49 50 51 52 53 54 55 56 57 58 59 60 61 62 63 64 65 66 67 68 69 70 71 72 73 74 75 76 77 78 79 80 81 82 83 84 85 86 87 88 89 90 91 92 93 94 95 96 97 98 99 100",710372815
facts,default,5,filler,34,19,1,0,-1,0,0,stop,5,0,qwen3.6-27b,Answer: 1,"What is the atomic number of the chemical element whose symbol is the first letter of the capital city of the country whose currency is the hryvnia?

1 2 3 4 5 6 7 8 9 10 11 12 13 14 15 16 17 18 19 20 21 22 23 24 25 26 27 28 29 30 31 32 33 34 35 36 37 38 39 40 41 42 43 44 45 46 47 48 49 50 51 52 53 54 55 56 57 58 59 60 61 62 63 64 65 66 67 68 69 70 71 72 73 74 75 76 77 78 79 80 81 82 83 84 85 86 87 88 89 90 91 92 93 94 95 96 97 98 99 100",3023304812
facts,default,5,filler,35,23,1,0,-1,0,0,stop,5,0,qwen3.6-27b,Answer: 1,"What is the atomic number of the chemical element whose symbol is the first letter of the capital city of the country whose currency is the kip?

1 2 3 4 5 6 7 8 9 10 11 12 13 14 15 16 17 18 19 20 21 22 23 24 25 26 27 28 29 30 31 32 33 34 35 36 37 38 39 40 41 42 43 44 45 46 47 48 49 50 51 52 53 54 55 56 57 58 59 60 61 62 63 64 65 66 67 68 69 70 71 72 73 74 75 76 77 78 79 80 81 82 83 84 85 86 87 88 89 90 91 92 93 94 95 96 97 98 99 100",3275016442
facts,default,5,filler,36,16,1,0,-1,0,0,stop,5,0,qwen3.6-27b,Answer: 1,"What is the atomic number of the chemical element whose symbol is the first letter of the capital city of the country whose currency is the won?

1 2 3 4 5 6 7 8 9 10 11 12 13 14 15 16 17 18 19 20 21 22 23 24 25 26 27 28 29 30 31 32 33 34 35 36 37 38 39 40 41 42 43 44 45 46 47 48 49 50 51 52 53 54 55 56 57 58 59 60 61 62 63 64 65 66 67 68 69 70 71 72 73 74 75 76 77 78 79 80 81 82 83 84 85 86 87 88 89 90 91 92 93 94 95 96 97 98 99 100",1513986368
facts,default,5,filler,37,39,1,0,-1,0,0,stop,5,0,qwen3.6-27b,Answer: 1,"What is the atomic number of the chemical element whose symbol is the first letter of the capital city of the country whose currency is the kyat?

1 2 3 4 5 6 7 8 9 10 11 12 13 14 15 16 17 18 19 20 21 22 23 24 25 26 27 28 29 30 31 32 33 34 35 36 37 38 39 40 41 42 43 44 45 46 47 48 49 50 51 52 53 54 55 56 57 58 59 60 61 62 63 64 65 66 67 68 69 70 71 72 73 74 75 76 77 78 79 80 81 82 83 84 85 86 87 88 89 90 91 92 93 94 95 96 97 98 99 100",758819286
facts,default,5,filler,38,39,1,0,-1,0,0,stop,4,0,qwen3.6-27b,Answer: 1,"What is the atomic number of the chemical element whose symbol is the first letter of the capital city of the country whose currency is the kyat?

1 2 3 4 5 6 7 8 9 10 11 12 13 14 15 16 17 18 19 20 21 22 23 24 25 26 27 28 29 30 31 32 33 34 35 36 37 38 39 40 41 42 43 44 45 46 47 48 49 50 51 52 53 54 55 56 57 58 59 60 61 62 63 64 65 66 67 68 69 70 71 72 73 74 75 76 77 78 79 80 81 82 83 84 85 86 87 88 89 90 91 92 93 94 95 96 97 98 99 100",3179656263
facts,default,5,filler,39,5,1,0,-1,0,0,stop,5,0,qwen3.6-27b,Answer: 1,"What is the atomic number of the chemical element whose symbol is the first letter of the capital city of the country whose currency is the leu?

1 2 3 4 5 6 7 8 9 10 11 12 13 14 15 16 17 18 19 20 21 22 23 24 25 26 27 28 29 30 31 32 33 34 35 36 37 38 39 40 41 42 43 44 45 46 47 48 49 50 51 52 53 54 55 56 57 58 59 60 61 62 63 64 65 66 67 68 69 70 71 72 73 74 75 76 77 78 79 80 81 82 83 84 85 86 87 88 89 90 91 92 93 94 95 96 97 98 99 100",3397551313
facts,default,5,filler,40,16,1,0,-1,0,0,stop,5,0,qwen3.6-27b,Answer: 1,"What is the atomic number of the chemical element whose symbol is the first letter of the capital city of the country whose currency is the krona?

1 2 3 4 5 6 7 8 9 10 11 12 13 14 15 16 17 18 19 20 21 22 23 24 25 26 27 28 29 30 31 32 33 34 35 36 37 38 39 40 41 42 43 44 45 46 47 48 49 50 51 52 53 54 55 56 57 58 59 60 61 62 63 64 65 66 67 68 69 70 71 72 73 74 75 76 77 78 79 80 81 82 83 84 85 86 87 88 89 90 91 92 93 94 95 96 97 98 99 100",4229933746
facts,default,5,filler,41,16,1,0,-1,0,0,stop,5,0,qwen3.6-27b,Answer: 1,"What is the atomic number of the chemical element whose symbol is the first letter of the capital city of the country whose currency is the won?

1 2 3 4 5 6 7 8 9 10 11 12 13 14 15 16 17 18 19 20 21 22 23 24 25 26 27 28 29 30 31 32 33 34 35 36 37 38 39 40 41 42 43 44 45 46 47 48 49 50 51 52 53 54 55 56 57 58 59 60 61 62 63 64 65 66 67 68 69 70 71 72 73 74 75 76 77 78 79 80 81 82 83 84 85 86 87 88 89 90 91 92 93 94 95 96 97 98 99 100",2333645348
facts,default,5,filler,42,5,5,1,-1,0,0,stop,5,0,qwen3.6-27b,Answer: 5,"What is the atomic number of the chemical element whose symbol is the first letter of the capital city of the country whose currency is the yuan?

1 2 3 4 5 6 7 8 9 10 11 12 13 14 15 16 17 18 19 20 21 22 23 24 25 26 27 28 29 30 31 32 33 34 35 36 37 38 39 40 41 42 43 44 45 46 47 48 49 50 51 52 53 54 55 56 57 58 59 60 61 62 63 64 65 66 67 68 69 70 71 72 73 74 75 76 77 78 79 80 81 82 83 84 85 86 87 88 89 90 91 92 93 94 95 96 97 98 99 100",303156126
facts,default,5,filler,43,5,1,0,-1,0,0,stop,5,0,qwen3.6-27b,Answer: 1,"What is the atomic number of the chemical element whose symbol is the first letter of the capital city of the country whose currency is the baht?

1 2 3 4 5 6 7 8 9 10 11 12 13 14 15 16 17 18 19 20 21 22 23 24 25 26 27 28 29 30 31 32 33 34 35 36 37 38 39 40 41 42 43 44 45 46 47 48 49 50 51 52 53 54 55 56 57 58 59 60 61 62 63 64 65 66 67 68 69 70 71 72 73 74 75 76 77 78 79 80 81 82 83 84 85 86 87 88 89 90 91 92 93 94 95 96 97 98 99 100",1696004872
facts,default,5,filler,44,5,16,0,-1,0,0,stop,6,0,qwen3.6-27b,Answer: 16,"What is the atomic number of the chemical element whose symbol is the first letter of the capital city of the country whose currency is the leu?

1 2 3 4 5 6 7 8 9 10 11 12 13 14 15 16 17 18 19 20 21 22 23 24 25 26 27 28 29 30 31 32 33 34 35 36 37 38 39 40 41 42 43 44 45 46 47 48 49 50 51 52 53 54 55 56 57 58 59 60 61 62 63 64 65 66 67 68 69 70 71 72 73 74 75 76 77 78 79 80 81 82 83 84 85 86 87 88 89 90 91 92 93 94 95 96 97 98 99 100",4218580651
facts,default,5,filler,45,23,1,0,-1,0,0,stop,5,0,qwen3.6-27b,Answer: 1,"What is the atomic number of the chemical element whose symbol is the first letter of the capital city of the country whose currency is the kip?

1 2 3 4 5 6 7 8 9 10 11 12 13 14 15 16 17 18 19 20 21 22 23 24 25 26 27 28 29 30 31 32 33 34 35 36 37 38 39 40 41 42 43 44 45 46 47 48 49 50 51 52 53 54 55 56 57 58 59 60 61 62 63 64 65 66 67 68 69 70 71 72 73 74 75 76 77 78 79 80 81 82 83 84 85 86 87 88 89 90 91 92 93 94 95 96 97 98 99 100",2356502077
facts,default,5,filler,46,1,1,1,-1,0,0,stop,5,0,qwen3.6-27b,Answer: 1,"What is the atomic number of the chemical element whose symbol is the first letter of the capital city of the country whose currency is the dong?

1 2 3 4 5 6 7 8 9 10 11 12 13 14 15 16 17 18 19 20 21 22 23 24 25 26 27 28 29 30 31 32 33 34 35 36 37 38 39 40 41 42 43 44 45 46 47 48 49 50 51 52 53 54 55 56 57 58 59 60 61 62 63 64 65 66 67 68 69 70 71 72 73 74 75 76 77 78 79 80 81 82 83 84 85 86 87 88 89 90 91 92 93 94 95 96 97 98 99 100",360451975
facts,default,5,filler,47,5,3,0,-1,0,0,stop,5,0,qwen3.6-27b,Answer: 3,"What is the atomic number of the chemical element whose symbol is the first letter of the capital city of the country whose currency is the baht?

1 2 3 4 5 6 7 8 9 10 11 12 13 14 15 16 17 18 19 20 21 22 23 24 25 26 27 28 29 30 31 32 33 34 35 36 37 38 39 40 41 42 43 44 45 46 47 48 49 50 51 52 53 54 55 56 57 58 59 60 61 62 63 64 65 66 67 68 69 70 71 72 73 74 75 76 77 78 79 80 81 82 83 84 85 86 87 88 89 90 91 92 93 94 95 96 97 98 99 100",1652244241
facts,default,5,filler,48,39,1,0,-1,0,0,stop,5,0,qwen3.6-27b,Answer: 1,"What is the atomic number of the chemical element whose symbol is the first letter of the capital city of the country whose currency is the dram?

1 2 3 4 5 6 7 8 9 10 11 12 13 14 15 16 17 18 19 20 21 22 23 24 25 26 27 28 29 30 31 32 33 34 35 36 37 38 39 40 41 42 43 44 45 46 47 48 49 50 51 52 53 54 55 56 57 58 59 60 61 62 63 64 65 66 67 68 69 70 71 72 73 74 75 76 77 78 79 80 81 82 83 84 85 86 87 88 89 90 91 92 93 94 95 96 97 98 99 100",4072940160
facts,default,5,filler,49,15,15,1,-1,0,0,stop,6,0,qwen3.6-27b,Answer: 15,"What is the atomic number of the chemical element whose symbol is the first letter of the capital city of the country whose currency is the riel?

1 2 3 4 5 6 7 8 9 10 11 12 13 14 15 16 17 18 19 20 21 22 23 24 25 26 27 28 29 30 31 32 33 34 35 36 37 38 39 40 41 42 43 44 45 46 47 48 49 50 51 52 53 54 55 56 57 58 59 60 61 62 63 64 65 66 67 68 69 70 71 72 73 74 75 76 77 78 79 80 81 82 83 84 85 86 87 88 89 90 91 92 93 94 95 96 97 98 99 100",2244153878
facts,default,5,filler,50,5,1,0,-1,0,0,stop,5,0,qwen3.6-27b,Answer: 1,"What is the atomic number of the chemical element whose symbol is the first letter of the capital city of the country whose currency is the forint?

1 2 3 4 5 6 7 8 9 10 11 12 13 14 15 16 17 18 19 20 21 22 23 24 25 26 27 28 29 30 31 32 33 34 35 36 37 38 39 40 41 42 43 44 45 46 47 48 49 50 51 52 53 54 55 56 57 58 59 60 61 62 63 64 65 66 67 68 69 70 71 72 73 74 75 76 77 78 79 80 81 82 83 84 85 86 87 88 89 90 91 92 93 94 95 96 97 98 99 100",3842284531
facts,default,5,filler,51,15,1,0,-1,0,0,stop,5,0,qwen3.6-27b,Answer: 1,"What is the atomic number of the chemical element whose symbol is the first letter of the capital city of the country whose currency is the rand?

1 2 3 4 5 6 7 8 9 10 11 12 13 14 15 16 17 18 19 20 21 22 23 24 25 26 27 28 29 30 31 32 33 34 35 36 37 38 39 40 41 42 43 44 45 46 47 48 49 50 51 52 53 54 55 56 57 58 59 60 61 62 63 64 65 66 67 68 69 70 71 72 73 74 75 76 77 78 79 80 81 82 83 84 85 86 87 88 89 90 91 92 93 94 95 96 97 98 99 100",2449714021
facts,default,5,filler,52,16,1,0,-1,0,0,stop,5,0,qwen3.6-27b,Answer: 1,"What is the atomic number of the chemical element whose symbol is the first letter of the capital city of the country whose currency is the krona?

1 2 3 4 5 6 7 8 9 10 11 12 13 14 15 16 17 18 19 20 21 22 23 24 25 26 27 28 29 30 31 32 33 34 35 36 37 38 39 40 41 42 43 44 45 46 47 48 49 50 51 52 53 54 55 56 57 58 59 60 61 62 63 64 65 66 67 68 69 70 71 72 73 74 75 76 77 78 79 80 81 82 83 84 85 86 87 88 89 90 91 92 93 94 95 96 97 98 99 100",185268959
facts,default,5,filler,53,1,1,1,-1,0,0,stop,5,0,qwen3.6-27b,Answer: 1,"What is the atomic number of the chemical element whose symbol is the first letter of the capital city of the country whose currency is the dong?

1 2 3 4 5 6 7 8 9 10 11 12 13 14 15 16 17 18 19 20 21 22 23 24 25 26 27 28 29 30 31 32 33 34 35 36 37 38 39 40 41 42 43 44 45 46 47 48 49 50 51 52 53 54 55 56 57 58 59 60 61 62 63 64 65 66 67 68 69 70 71 72 73 74 75 76 77 78 79 80 81 82 83 84 85 86 87 88 89 90 91 92 93 94 95 96 97 98 99 100",2081278537
facts,default,5,filler,54,23,23,1,-1,0,0,stop,6,0,qwen3.6-27b,Answer: 23,"What is the atomic number of the chemical element whose symbol is the first letter of the capital city of the country whose currency is the kip?

1 2 3 4 5 6 7 8 9 10 11 12 13 14 15 16 17 18 19 20 21 22 23 24 25 26 27 28 29 30 31 32 33 34 35 36 37 38 39 40 41 42 43 44 45 46 47 48 49 50 51 52 53 54 55 56 57 58 59 60 61 62 63 64 65 66 67 68 69 70 71 72 73 74 75 76 77 78 79 80 81 82 83 84 85 86 87 88 89 90 91 92 93 94 95 96 97 98 99 100",3798556650
facts,default,5,filler,55,16,16,1,-1,0,0,stop,6,0,qwen3.6-27b,Answer: 16,"What is the atomic number of the chemical element whose symbol is the first letter of the capital city of the country whose currency is the lev?

1 2 3 4 5 6 7 8 9 10 11 12 13 14 15 16 17 18 19 20 21 22 23 24 25 26 27 28 29 30 31 32 33 34 35 36 37 38 39 40 41 42 43 44 45 46 47 48 49 50 51 52 53 54 55 56 57 58 59 60 61 62 63 64 65 66 67 68 69 70 71 72 73 74 75 76 77 78 79 80 81 82 83 84 85 86 87 88 89 90 91 92 93 94 95 96 97 98 99 100",2507042684
facts,default,5,filler,56,16,1,0,-1,0,0,stop,5,0,qwen3.6-27b,Answer: 1,"What is the atomic number of the chemical element whose symbol is the first letter of the capital city of the country whose currency is the lev?

1 2 3 4 5 6 7 8 9 10 11 12 13 14 15 16 17 18 19 20 21 22 23 24 25 26 27 28 29 30 31 32 33 34 35 36 37 38 39 40 41 42 43 44 45 46 47 48 49 50 51 52 53 54 55 56 57 58 59 60 61 62 63 64 65 66 67 68 69 70 71 72 73 74 75 76 77 78 79 80 81 82 83 84 85 86 87 88 89 90 91 92 93 94 95 96 97 98 99 100",208092870
facts,default,5,filler,57,39,1,0,-1,0,0,stop,5,0,qwen3.6-27b,Answer: 1,"What is the atomic number of the chemical element whose symbol is the first letter of the capital city of the country whose currency is the kyat?

1 2 3 4 5 6 7 8 9 10 11 12 13 14 15 16 17 18 19 20 21 22 23 24 25 26 27 28 29 30 31 32 33 34 35 36 37 38 39 40 41 42 43 44 45 46 47 48 49 50 51 52 53 54 55 56 57 58 59 60 61 62 63 64 65 66 67 68 69 70 71 72 73 74 75 76 77 78 79 80 81 82 83 84 85 86 87 88 89 90 91 92 93 94 95 96 97 98 99 100",2069892688
facts,default,5,filler,58,23,1,0,-1,0,0,stop,5,0,qwen3.6-27b,Answer: 1,"What is the atomic number of the chemical element whose symbol is the first letter of the capital city of the country whose currency is the kip?

1 2 3 4 5 6 7 8 9 10 11 12 13 14 15 16 17 18 19 20 21 22 23 24 25 26 27 28 29 30 31 32 33 34 35 36 37 38 39 40 41 42 43 44 45 46 47 48 49 50 51 52 53 54 55 56 57 58 59 60 61 62 63 64 65 66 67 68 69 70 71 72 73 74 75 76 77 78 79 80 81 82 83 84 85 86 87 88 89 90 91 92 93 94 95 96 97 98 99 100",3957265345
facts,default,5,filler,59,39,1,0,-1,0,0,stop,4,0,qwen3.6-27b,Answer: 1,"What is the atomic number of the chemical element whose symbol is the first letter of the capital city of the country whose currency is the dram?

1 2 3 4 5 6 7 8 9 10 11 12 13 14 15 16 17 18 19 20 21 22 23 24 25 26 27 28 29 30 31 32 33 34 35 36 37 38 39 40 41 42 43 44 45 46 47 48 49 50 51 52 53 54 55 56 57 58 59 60 61 62 63 64 65 66 67 68 69 70 71 72 73 74 75 76 77 78 79 80 81 82 83 84 85 86 87 88 89 90 91 92 93 94 95 96 97 98 99 100",2631410519
facts,default,5,filler,60,39,1,0,-1,0,0,stop,5,0,qwen3.6-27b,Answer: 1,"What is the atomic number of the chemical element whose symbol is the first letter of the capital city of the country whose currency is the kyat?

1 2 3 4 5 6 7 8 9 10 11 12 13 14 15 16 17 18 19 20 21 22 23 24 25 26 27 28 29 30 31 32 33 34 35 36 37 38 39 40 41 42 43 44 45 46 47 48 49 50 51 52 53 54 55 56 57 58 59 60 61 62 63 64 65 66 67 68 69 70 71 72 73 74 75 76 77 78 79 80 81 82 83 84 85 86 87 88 89 90 91 92 93 94 95 96 97 98 99 100",3458844720
facts,default,5,filler,61,16,1,0,-1,0,0,stop,5,0,qwen3.6-27b,Answer: 1,"What is the atomic number of the chemical element whose symbol is the first letter of the capital city of the country whose currency is the lev?

1 2 3 4 5 6 7 8 9 10 11 12 13 14 15 16 17 18 19 20 21 22 23 24 25 26 27 28 29 30 31 32 33 34 35 36 37 38 39 40 41 42 43 44 45 46 47 48 49 50 51 52 53 54 55 56 57 58 59 60 61 62 63 64 65 66 67 68 69 70 71 72 73 74 75 76 77 78 79 80 81 82 83 84 85 86 87 88 89 90 91 92 93 94 95 96 97 98 99 100",3106863270
facts,default,5,filler,62,19,1,0,-1,0,0,stop,5,0,qwen3.6-27b,Answer: 1,"What is the atomic number of the chemical element whose symbol is the first letter of the capital city of the country whose currency is the afghani?

1 2 3 4 5 6 7 8 9 10 11 12 13 14 15 16 17 18 19 20 21 22 23 24 25 26 27 28 29 30 31 32 33 34 35 36 37 38 39 40 41 42 43 44 45 46 47 48 49 50 51 52 53 54 55 56 57 58 59 60 61 62 63 64 65 66 67 68 69 70 71 72 73 74 75 76 77 78 79 80 81 82 83 84 85 86 87 88 89 90 91 92 93 94 95 96 97 98 99 100",539470108
facts,default,5,filler,63,16,1,0,-1,0,0,stop,5,0,qwen3.6-27b,Answer: 1,"What is the atomic number of the chemical element whose symbol is the first letter of the capital city of the country whose currency is the won?

1 2 3 4 5 6 7 8 9 10 11 12 13 14 15 16 17 18 19 20 21 22 23 24 25 26 27 28 29 30 31 32 33 34 35 36 37 38 39 40 41 42 43 44 45 46 47 48 49 50 51 52 53 54 55 56 57 58 59 60 61 62 63 64 65 66 67 68 69 70 71 72 73 74 75 76 77 78 79 80 81 82 83 84 85 86 87 88 89 90 91 92 93 94 95 96 97 98 99 100",1461754250
facts,default,5,filler,64,5,1,0,-1,0,0,stop,5,0,qwen3.6-27b,Answer: 1,"What is the atomic number of the chemical element whose symbol is the first letter of the capital city of the country whose currency is the forint?

1 2 3 4 5 6 7 8 9 10 11 12 13 14 15 16 17 18 19 20 21 22 23 24 25 26 27 28 29 30 31 32 33 34 35 36 37 38 39 40 41 42 43 44 45 46 47 48 49 50 51 52 53 54 55 56 57 58 59 60 61 62 63 64 65 66 67 68 69 70 71 72 73 74 75 76 77 78 79 80 81 82 83 84 85 86 87 88 89 90 91 92 93 94 95 96 97 98 99 100",3376679977
facts,default,5,filler,65,39,5,0,-1,0,0,stop,5,0,qwen3.6-27b,Answer: 5,"What is the atomic number of the chemical element whose symbol is the first letter of the capital city of the country whose currency is the kyat?

1 2 3 4 5 6 7 8 9 10 11 12 13 14 15 16 17 18 19 20 21 22 23 24 25 26 27 28 29 30 31 32 33 34 35 36 37 38 39 40 41 42 43 44 45 46 47 48 49 50 51 52 53 54 55 56 57 58 59 60 61 62 63 64 65 66 67 68 69 70 71 72 73 74 75 76 77 78 79 80 81 82 83 84 85 86 87 88 89 90 91 92 93 94 95 96 97 98 99 100",3192077503
facts,default,5,filler,66,15,1,0,-1,0,0,stop,5,0,qwen3.6-27b,Answer: 1,"What is the atomic number of the chemical element whose symbol is the first letter of the capital city of the country whose currency is the rand?

1 2 3 4 5 6 7 8 9 10 11 12 13 14 15 16 17 18 19 20 21 22 23 24 25 26 27 28 29 30 31 32 33 34 35 36 37 38 39 40 41 42 43 44 45 46 47 48 49 50 51 52 53 54 55 56 57 58 59 60 61 62 63 64 65 66 67 68 69 70 71 72 73 74 75 76 77 78 79 80 81 82 83 84 85 86 87 88 89 90 91 92 93 94 95 96 97 98 99 100",659188997
facts,default,5,filler,67,5,1,0,-1,0,0,stop,5,0,qwen3.6-27b,Answer: 1,"What is the atomic number of the chemical element whose symbol is the first letter of the capital city of the country whose currency is the baht?

1 2 3 4 5 6 7 8 9 10 11 12 13 14 15 16 17 18 19 20 21 22 23 24 25 26 27 28 29 30 31 32 33 34 35 36 37 38 39 40 41 42 43 44 45 46 47 48 49 50 51 52 53 54 55 56 57 58 59 60 61 62 63 64 65 66 67 68 69 70 71 72 73 74 75 76 77 78 79 80 81 82 83 84 85 86 87 88 89 90 91 92 93 94 95 96 97 98 99 100",1347247507
facts,default,5,filler,68,1,1,1,-1,0,0,stop,4,0,qwen3.6-27b,Answer: 1,"What is the atomic number of the chemical element whose symbol is the first letter of the capital city of the country whose currency is the dong?

1 2 3 4 5 6 7 8 9 10 11 12 13 14 15 16 17 18 19 20 21 22 23 24 25 26 27 28 29 30 31 32 33 34 35 36 37 38 39 40 41 42 43 44 45 46 47 48 49 50 51 52 53 54 55 56 57 58 59 60 61 62 63 64 65 66 67 68 69 70 71 72 73 74 75 76 77 78 79 80 81 82 83 84 85 86 87 88 89 90 91 92 93 94 95 96 97 98 99 100",3237101570
facts,default,5,filler,69,23,1,0,-1,0,0,stop,4,0,qwen3.6-27b,Answer: 1,"What is the atomic number of the chemical element whose symbol is the first letter of the capital city of the country whose currency is the kip?

1 2 3 4 5 6 7 8 9 10 11 12 13 14 15 16 17 18 19 20 21 22 23 24 25 26 27 28 29 30 31 32 33 34 35 36 37 38 39 40 41 42 43 44 45 46 47 48 49 50 51 52 53 54 55 56 57 58 59 60 61 62 63 64 65 66 67 68 69 70 71 72 73 74 75 76 77 78 79 80 81 82 83 84 85 86 87 88 89 90 91 92 93 94 95 96 97 98 99 100",3086315668
facts,default,5,filler,70,6,1,0,-1,0,0,stop,5,0,qwen3.6-27b,Answer: 1,"What is the atomic number of the chemical element whose symbol is the first letter of the capital city of the country whose currency is the bolivar?

1 2 3 4 5 6 7 8 9 10 11 12 13 14 15 16 17 18 19 20 21 22 23 24 25 26 27 28 29 30 31 32 33 34 35 36 37 38 39 40 41 42 43 44 45 46 47 48 49 50 51 52 53 54 55 56 57 58 59 60 61 62 63 64 65 66 67 68 69 70 71 72 73 74 75 76 77 78 79 80 81 82 83 84 85 86 87 88 89 90 91 92 93 94 95 96 97 98 99 100",3610442097
facts,default,5,filler,71,19,16,0,-1,0,0,stop,6,0,qwen3.6-27b,Answer: 16,"What is the atomic number of the chemical element whose symbol is the first letter of the capital city of the country whose currency is the hryvnia?

1 2 3 4 5 6 7 8 9 10 11 12 13 14 15 16 17 18 19 20 21 22 23 24 25 26 27 28 29 30 31 32 33 34 35 36 37 38 39 40 41 42 43 44 45 46 47 48 49 50 51 52 53 54 55 56 57 58 59 60 61 62 63 64 65 66 67 68 69 70 71 72 73 74 75 76 77 78 79 80 81 82 83 84 85 86 87 88 89 90 91 92 93 94 95 96 97 98 99 100",2687879655
facts,default,5,filler,72,1,1,1,-1,0,0,stop,5,0,qwen3.6-27b,Answer: 1,"What is the atomic number of the chemical element whose symbol is the first letter of the capital city of the country whose currency is the dong?

1 2 3 4 5 6 7 8 9 10 11 12 13 14 15 16 17 18 19 20 21 22 23 24 25 26 27 28 29 30 31 32 33 34 35 36 37 38 39 40 41 42 43 44 45 46 47 48 49 50 51 52 53 54 55 56 57 58 59 60 61 62 63 64 65 66 67 68 69 70 71 72 73 74 75 76 77 78 79 80 81 82 83 84 85 86 87 88 89 90 91 92 93 94 95 96 97 98 99 100",960272477
facts,default,5,filler,73,6,1,0,-1,0,0,stop,5,0,qwen3.6-27b,Answer: 1,"What is the atomic number of the chemical element whose symbol is the first letter of the capital city of the country whose currency is the bolivar?

1 2 3 4 5 6 7 8 9 10 11 12 13 14 15 16 17 18 19 20 21 22 23 24 25 26 27 28 29 30 31 32 33 34 35 36 37 38 39 40 41 42 43 44 45 46 47 48 49 50 51 52 53 54 55 56 57 58 59 60 61 62 63 64 65 66 67 68 69 70 71 72 73 74 75 76 77 78 79 80 81 82 83 84 85 86 87 88 89 90 91 92 93 94 95 96 97 98 99 100",1312532683
facts,default,5,filler,74,19,1,0,-1,0,0,stop,5,0,qwen3.6-27b,Answer: 1,"What is the atomic number of the chemical element whose symbol is the first letter of the capital city of the country whose currency is the hryvnia?

1 2 3 4 5 6 7 8 9 10 11 12 13 14 15 16 17 18 19 20 21 22 23 24 25 26 27 28 29 30 31 32 33 34 35 36 37 38 39 40 41 42 43 44 45 46 47 48 49 50 51 52 53 54 55 56 57 58 59 60 61 62 63 64 65 66 67 68 69 70 71 72 73 74 75 76 77 78 79 80 81 82 83 84 85 86 87 88 89 90 91 92 93 94 95 96 97 98 99 100",3495902568
facts,default,5,filler,75,74,74,1,-1,0,0,stop,6,0,qwen3.6-27b,Answer: 74,"What is the atomic number of the chemical element whose symbol is the first letter of the capital city of the country whose currency is the zloty?

1 2 3 4 5 6 7 8 9 10 11 12 13 14 15 16 17 18 19 20 21 22 23 24 25 26 27 28 29 30 31 32 33 34 35 36 37 38 39 40 41 42 43 44 45 46 47 48 49 50 51 52 53 54 55 56 57 58 59 60 61 62 63 64 65 66 67 68 69 70 71 72 73 74 75 76 77 78 79 80 81 82 83 84 85 86 87 88 89 90 91 92 93 94 95 96 97 98 99 100",2807565822
facts,default,5,filler,76,16,1,0,-1,0,0,stop,5,0,qwen3.6-27b,Answer: 1,"What is the atomic number of the chemical element whose symbol is the first letter of the capital city of the country whose currency is the won?

1 2 3 4 5 6 7 8 9 10 11 12 13 14 15 16 17 18 19 20 21 22 23 24 25 26 27 28 29 30 31 32 33 34 35 36 37 38 39 40 41 42 43 44 45 46 47 48 49 50 51 52 53 54 55 56 57 58 59 60 61 62 63 64 65 66 67 68 69 70 71 72 73 74 75 76 77 78 79 80 81 82 83 84 85 86 87 88 89 90 91 92 93 94 95 96 97 98 99 100",1045519428
facts,default,5,filler,77,39,1,0,-1,0,0,stop,5,0,qwen3.6-27b,Answer: 1,"What is the atomic number of the chemical element whose symbol is the first letter of the capital city of the country whose currency is the kyat?

1 2 3 4 5 6 7 8 9 10 11 12 13 14 15 16 17 18 19 20 21 22 23 24 25 26 27 28 29 30 31 32 33 34 35 36 37 38 39 40 41 42 43 44 45 46 47 48 49 50 51 52 53 54 55 56 57 58 59 60 61 62 63 64 65 66 67 68 69 70 71 72 73 74 75 76 77 78 79 80 81 82 83 84 85 86 87 88 89 90 91 92 93 94 95 96 97 98 99 100",1230400722
facts,default,5,filler,78,23,23,1,-1,0,0,stop,6,0,qwen3.6-27b,Answer: 23,"What is the atomic number of the chemical element whose symbol is the first letter of the capital city of the country whose currency is the kip?

1 2 3 4 5 6 7 8 9 10 11 12 13 14 15 16 17 18 19 20 21 22 23 24 25 26 27 28 29 30 31 32 33 34 35 36 37 38 39 40 41 42 43 44 45 46 47 48 49 50 51 52 53 54 55 56 57 58 59 60 61 62 63 64 65 66 67 68 69 70 71 72 73 74 75 76 77 78 79 80 81 82 83 84 85 86 87 88 89 90 91 92 93 94 95 96 97 98 99 100",3655954755
facts,default,5,filler,79,19,1,0,-1,0,0,stop,5,0,qwen3.6-27b,Answer: 1,"What is the atomic number of the chemical element whose symbol is the first letter of the capital city of the country whose currency is the afghani?

1 2 3 4 5 6 7 8 9 10 11 12 13 14 15 16 17 18 19 20 21 22 23 24 25 26 27 28 29 30 31 32 33 34 35 36 37 38 39 40 41 42 43 44 45 46 47 48 49 50 51 52 53 54 55 56 57 58 59 60 61 62 63 64 65 66 67 68 69 70 71 72 73 74 75 76 77 78 79 80 81 82 83 84 85 86 87 88 89 90 91 92 93 94 95 96 97 98 99 100",2934850005
facts,default,5,filler,80,19,1,0,-1,0,0,stop,4,0,qwen3.6-27b,Answer: 1,"What is the atomic number of the chemical element whose symbol is the first letter of the capital city of the country whose currency is the hryvnia?

1 2 3 4 5 6 7 8 9 10 11 12 13 14 15 16 17 18 19 20 21 22 23 24 25 26 27 28 29 30 31 32 33 34 35 36 37 38 39 40 41 42 43 44 45 46 47 48 49 50 51 52 53 54 55 56 57 58 59 60 61 62 63 64 65 66 67 68 69 70 71 72 73 74 75 76 77 78 79 80 81 82 83 84 85 86 87 88 89 90 91 92 93 94 95 96 97 98 99 100",1353377214
facts,default,5,filler,81,5,1,0,-1,0,0,stop,5,0,qwen3.6-27b,Answer: 1,"What is the atomic number of the chemical element whose symbol is the first letter of the capital city of the country whose currency is the leu?

1 2 3 4 5 6 7 8 9 10 11 12 13 14 15 16 17 18 19 20 21 22 23 24 25 26 27 28 29 30 31 32 33 34 35 36 37 38 39 40 41 42 43 44 45 46 47 48 49 50 51 52 53 54 55 56 57 58 59 60 61 62 63 64 65 66 67 68 69 70 71 72 73 74 75 76 77 78 79 80 81 82 83 84 85 86 87 88 89 90 91 92 93 94 95 96 97 98 99 100",665703720
facts,default,5,filler,82,5,1,0,-1,0,0,stop,5,0,qwen3.6-27b,Answer: 1,"What is the atomic number of the chemical element whose symbol is the first letter of the capital city of the country whose currency is the baht?

1 2 3 4 5 6 7 8 9 10 11 12 13 14 15 16 17 18 19 20 21 22 23 24 25 26 27 28 29 30 31 32 33 34 35 36 37 38 39 40 41 42 43 44 45 46 47 48 49 50 51 52 53 54 55 56 57 58 59 60 61 62 63 64 65 66 67 68 69 70 71 72 73 74 75 76 77 78 79 80 81 82 83 84 85 86 87 88 89 90 91 92 93 94 95 96 97 98 99 100",3198452882
facts,default,5,filler,83,1,1,1,-1,0,0,stop,5,0,qwen3.6-27b,Answer: 1,"What is the atomic number of the chemical element whose symbol is the first letter of the capital city of the country whose currency is the dong?

1 2 3 4 5 6 7 8 9 10 11 12 13 14 15 16 17 18 19 20 21 22 23 24 25 26 27 28 29 30 31 32 33 34 35 36 37 38 39 40 41 42 43 44 45 46 47 48 49 50 51 52 53 54 55 56 57 58 59 60 61 62 63 64 65 66 67 68 69 70 71 72 73 74 75 76 77 78 79 80 81 82 83 84 85 86 87 88 89 90 91 92 93 94 95 96 97 98 99 100",3382948868
facts,default,5,filler,84,16,1,0,-1,0,0,stop,5,0,qwen3.6-27b,Answer: 1,"What is the atomic number of the chemical element whose symbol is the first letter of the capital city of the country whose currency is the krona?

1 2 3 4 5 6 7 8 9 10 11 12 13 14 15 16 17 18 19 20 21 22 23 24 25 26 27 28 29 30 31 32 33 34 35 36 37 38 39 40 41 42 43 44 45 46 47 48 49 50 51 52 53 54 55 56 57 58 59 60 61 62 63 64 65 66 67 68 69 70 71 72 73 74 75 76 77 78 79 80 81 82 83 84 85 86 87 88 89 90 91 92 93 94 95 96 97 98 99 100",1472668071
facts,default,5,filler,85,1,1,1,-1,0,0,stop,5,0,qwen3.6-27b,Answer: 1,"What is the atomic number of the chemical element whose symbol is the first letter of the capital city of the country whose currency is the dong?

1 2 3 4 5 6 7 8 9 10 11 12 13 14 15 16 17 18 19 20 21 22 23 24 25 26 27 28 29 30 31 32 33 34 35 36 37 38 39 40 41 42 43 44 45 46 47 48 49 50 51 52 53 54 55 56 57 58 59 60 61 62 63 64 65 66 67 68 69 70 71 72 73 74 75 76 77 78 79 80 81 82 83 84 85 86 87 88 89 90 91 92 93 94 95 96 97 98 99 100",549458225
facts,default,5,filler,86,5,2,0,-1,0,0,stop,5,0,qwen3.6-27b,Answer: 2,"What is the atomic number of the chemical element whose symbol is the first letter of the capital city of the country whose currency is the forint?

1 2 3 4 5 6 7 8 9 10 11 12 13 14 15 16 17 18 19 20 21 22 23 24 25 26 27 28 29 30 31 32 33 34 35 36 37 38 39 40 41 42 43 44 45 46 47 48 49 50 51 52 53 54 55 56 57 58 59 60 61 62 63 64 65 66 67 68 69 70 71 72 73 74 75 76 77 78 79 80 81 82 83 84 85 86 87 88 89 90 91 92 93 94 95 96 97 98 99 100",3116974219
facts,default,5,filler,87,16,1,0,-1,0,0,stop,5,0,qwen3.6-27b,Answer: 1,"What is the atomic number of the chemical element whose symbol is the first letter of the capital city of the country whose currency is the won?

1 2 3 4 5 6 7 8 9 10 11 12 13 14 15 16 17 18 19 20 21 22 23 24 25 26 27 28 29 30 31 32 33 34 35 36 37 38 39 40 41 42 43 44 45 46 47 48 49 50 51 52 53 54 55 56 57 58 59 60 61 62 63 64 65 66 67 68 69 70 71 72 73 74 75 76 77 78 79 80 81 82 83 84 85 86 87 88 89 90 91 92 93 94 95 96 97 98 99 100",3469635613
facts,default,5,filler,88,16,1,0,-1,0,0,stop,5,0,qwen3.6-27b,Answer: 1,"What is the atomic number of the chemical element whose symbol is the first letter of the capital city of the country whose currency is the won?

1 2 3 4 5 6 7 8 9 10 11 12 13 14 15 16 17 18 19 20 21 22 23 24 25 26 27 28 29 30 31 32 33 34 35 36 37 38 39 40 41 42 43 44 45 46 47 48 49 50 51 52 53 54 55 56 57 58 59 60 61 62 63 64 65 66 67 68 69 70 71 72 73 74 75 76 77 78 79 80 81 82 83 84 85 86 87 88 89 90 91 92 93 94 95 96 97 98 99 100",1584491916
facts,default,5,filler,89,19,2,0,-1,0,0,stop,5,0,qwen3.6-27b,Answer: 2,"What is the atomic number of the chemical element whose symbol is the first letter of the capital city of the country whose currency is the hryvnia?

1 2 3 4 5 6 7 8 9 10 11 12 13 14 15 16 17 18 19 20 21 22 23 24 25 26 27 28 29 30 31 32 33 34 35 36 37 38 39 40 41 42 43 44 45 46 47 48 49 50 51 52 53 54 55 56 57 58 59 60 61 62 63 64 65 66 67 68 69 70 71 72 73 74 75 76 77 78 79 80 81 82 83 84 85 86 87 88 89 90 91 92 93 94 95 96 97 98 99 100",695622938
facts,default,5,filler,90,19,1,0,-1,0,0,stop,5,0,qwen3.6-27b,Answer: 1,"What is the atomic number of the chemical element whose symbol is the first letter of the capital city of the country whose currency is the hryvnia?

1 2 3 4 5 6 7 8 9 10 11 12 13 14 15 16 17 18 19 20 21 22 23 24 25 26 27 28 29 30 31 32 33 34 35 36 37 38 39 40 41 42 43 44 45 46 47 48 49 50 51 52 53 54 55 56 57 58 59 60 61 62 63 64 65 66 67 68 69 70 71 72 73 74 75 76 77 78 79 80 81 82 83 84 85 86 87 88 89 90 91 92 93 94 95 96 97 98 99 100",1236391167
facts,default,5,filler,91,39,1,0,-1,0,0,stop,4,0,qwen3.6-27b,Answer: 1,"What is the atomic number of the chemical element whose symbol is the first letter of the capital city of the country whose currency is the kyat?

1 2 3 4 5 6 7 8 9 10 11 12 13 14 15 16 17 18 19 20 21 22 23 24 25 26 27 28 29 30 31 32 33 34 35 36 37 38 39 40 41 42 43 44 45 46 47 48 49 50 51 52 53 54 55 56 57 58 59 60 61 62 63 64 65 66 67 68 69 70 71 72 73 74 75 76 77 78 79 80 81 82 83 84 85 86 87 88 89 90 91 92 93 94 95 96 97 98 99 100",1052173417
facts,default,5,filler,92,74,1,0,-1,0,0,stop,5,0,qwen3.6-27b,Answer: 1,"What is the atomic number of the chemical element whose symbol is the first letter of the capital city of the country whose currency is the zloty?

1 2 3 4 5 6 7 8 9 10 11 12 13 14 15 16 17 18 19 20 21 22 23 24 25 26 27 28 29 30 31 32 33 34 35 36 37 38 39 40 41 42 43 44 45 46 47 48 49 50 51 52 53 54 55 56 57 58 59 60 61 62 63 64 65 66 67 68 69 70 71 72 73 74 75 76 77 78 79 80 81 82 83 84 85 86 87 88 89 90 91 92 93 94 95 96 97 98 99 100",2814358995
facts,default,5,filler,93,15,1,0,-1,0,0,stop,5,0,qwen3.6-27b,Answer: 1,"What is the atomic number of the chemical element whose symbol is the first letter of the capital city of the country whose currency is the rand?

1 2 3 4 5 6 7 8 9 10 11 12 13 14 15 16 17 18 19 20 21 22 23 24 25 26 27 28 29 30 31 32 33 34 35 36 37 38 39 40 41 42 43 44 45 46 47 48 49 50 51 52 53 54 55 56 57 58 59 60 61 62 63 64 65 66 67 68 69 70 71 72 73 74 75 76 77 78 79 80 81 82 83 84 85 86 87 88 89 90 91 92 93 94 95 96 97 98 99 100",3501753669
facts,default,5,filler,94,19,1,0,-1,0,0,stop,5,0,qwen3.6-27b,Answer: 1,"What is the atomic number of the chemical element whose symbol is the first letter of the capital city of the country whose currency is the afghani?

1 2 3 4 5 6 7 8 9 10 11 12 13 14 15 16 17 18 19 20 21 22 23 24 25 26 27 28 29 30 31 32 33 34 35 36 37 38 39 40 41 42 43 44 45 46 47 48 49 50 51 52 53 54 55 56 57 58 59 60 61 62 63 64 65 66 67 68 69 70 71 72 73 74 75 76 77 78 79 80 81 82 83 84 85 86 87 88 89 90 91 92 93 94 95 96 97 98 99 100",1323045094
facts,default,5,filler,95,15,1,0,-1,0,0,stop,5,0,qwen3.6-27b,Answer: 1,"What is the atomic number of the chemical element whose symbol is the first letter of the capital city of the country whose currency is the riel?

1 2 3 4 5 6 7 8 9 10 11 12 13 14 15 16 17 18 19 20 21 22 23 24 25 26 27 28 29 30 31 32 33 34 35 36 37 38 39 40 41 42 43 44 45 46 47 48 49 50 51 52 53 54 55 56 57 58 59 60 61 62 63 64 65 66 67 68 69 70 71 72 73 74 75 76 77 78 79 80 81 82 83 84 85 86 87 88 89 90 91 92 93 94 95 96 97 98 99 100",970662000
facts,default,5,filler,96,39,1,0,-1,0,0,stop,5,0,qwen3.6-27b,Answer: 1,"What is the atomic number of the chemical element whose symbol is the first letter of the capital city of the country whose currency is the kyat?

1 2 3 4 5 6 7 8 9 10 11 12 13 14 15 16 17 18 19 20 21 22 23 24 25 26 27 28 29 30 31 32 33 34 35 36 37 38 39 40 41 42 43 44 45 46 47 48 49 50 51 52 53 54 55 56 57 58 59 60 61 62 63 64 65 66 67 68 69 70 71 72 73 74 75 76 77 78 79 80 81 82 83 84 85 86 87 88 89 90 91 92 93 94 95 96 97 98 99 100",2698146250
facts,default,5,filler,97,1,1,1,-1,0,0,stop,5,0,qwen3.6-27b,Answer: 1,"What is the atomic number of the chemical element whose symbol is the first letter of the capital city of the country whose currency is the dong?

1 2 3 4 5 6 7 8 9 10 11 12 13 14 15 16 17 18 19 20 21 22 23 24 25 26 27 28 29 30 31 32 33 34 35 36 37 38 39 40 41 42 43 44 45 46 47 48 49 50 51 52 53 54 55 56 57 58 59 60 61 62 63 64 65 66 67 68 69 70 71 72 73 74 75 76 77 78 79 80 81 82 83 84 85 86 87 88 89 90 91 92 93 94 95 96 97 98 99 100",3621077340
facts,default,5,filler,98,15,1,0,-1,0,0,stop,5,0,qwen3.6-27b,Answer: 1,"What is the atomic number of the chemical element whose symbol is the first letter of the capital city of the country whose currency is the rand?

1 2 3 4 5 6 7 8 9 10 11 12 13 14 15 16 17 18 19 20 21 22 23 24 25 26 27 28 29 30 31 32 33 34 35 36 37 38 39 40 41 42 43 44 45 46 47 48 49 50 51 52 53 54 55 56 57 58 59 60 61 62 63 64 65 66 67 68 69 70 71 72 73 74 75 76 77 78 79 80 81 82 83 84 85 86 87 88 89 90 91 92 93 94 95 96 97 98 99 100",1198152909
facts,default,5,filler,99,5,1,0,-1,0,0,stop,4,0,qwen3.6-27b,Answer: 1,"What is the atomic number of the chemical element whose symbol is the first letter of the capital city of the country whose currency is the leu?

1 2 3 4 5 6 7 8 9 10 11 12 13 14 15 16 17 18 19 20 21 22 23 24 25 26 27 28 29 30 31 32 33 34 35 36 37 38 39 40 41 42 43 44 45 46 47 48 49 50 51 52 53 54 55 56 57 58 59 60 61 62 63 64 65 66 67 68 69 70 71 72 73 74 75 76 77 78 79 80 81 82 83 84 85 86 87 88 89 90 91 92 93 94 95 96 97 98 99 100",812477531
facts,default,5,filler,100,15,1,0,-1,0,0,stop,5,0,qwen3.6-27b,Answer: 1,"What is the atomic number of the chemical element whose symbol is the first letter of the capital city of the country whose currency is the koruna?

1 2 3 4 5 6 7 8 9 10 11 12 13 14 15 16 17 18 19 20 21 22 23 24 25 26 27 28 29 30 31 32 33 34 35 36 37 38 39 40 41 42 43 44 45 46 47 48 49 50 51 52 53 54 55 56 57 58 59 60 61 62 63 64 65 66 67 68 69 70 71 72 73 74 75 76 77 78 79 80 81 82 83 84 85 86 87 88 89 90 91 92 93 94 95 96 97 98 99 100",3615740096
facts,default,5,filler,101,74,35,0,-1,0,0,stop,6,0,qwen3.6-27b,Answer: 35,"What is the atomic number of the chemical element whose symbol is the first letter of the capital city of the country whose currency is the zloty?

1 2 3 4 5 6 7 8 9 10 11 12 13 14 15 16 17 18 19 20 21 22 23 24 25 26 27 28 29 30 31 32 33 34 35 36 37 38 39 40 41 42 43 44 45 46 47 48 49 50 51 52 53 54 55 56 57 58 59 60 61 62 63 64 65 66 67 68 69 70 71 72 73 74 75 76 77 78 79 80 81 82 83 84 85 86 87 88 89 90 91 92 93 94 95 96 97 98 99 100",2693062742
facts,default,5,filler,102,19,1,0,-1,0,0,stop,5,0,qwen3.6-27b,Answer: 1,"What is the atomic number of the chemical element whose symbol is the first letter of the capital city of the country whose currency is the hryvnia?

1 2 3 4 5 6 7 8 9 10 11 12 13 14 15 16 17 18 19 20 21 22 23 24 25 26 27 28 29 30 31 32 33 34 35 36 37 38 39 40 41 42 43 44 45 46 47 48 49 50 51 52 53 54 55 56 57 58 59 60 61 62 63 64 65 66 67 68 69 70 71 72 73 74 75 76 77 78 79 80 81 82 83 84 85 86 87 88 89 90 91 92 93 94 95 96 97 98 99 100",965587436
facts,default,5,filler,103,15,2,0,-1,0,0,stop,5,0,qwen3.6-27b,Answer: 2,"What is the atomic number of the chemical element whose symbol is the first letter of the capital city of the country whose currency is the koruna?

1 2 3 4 5 6 7 8 9 10 11 12 13 14 15 16 17 18 19 20 21 22 23 24 25 26 27 28 29 30 31 32 33 34 35 36 37 38 39 40 41 42 43 44 45 46 47 48 49 50 51 52 53 54 55 56 57 58 59 60 61 62 63 64 65 66 67 68 69 70 71 72 73 74 75 76 77 78 79 80 81 82 83 84 85 86 87 88 89 90 91 92 93 94 95 96 97 98 99 100",1317699962
facts,default,5,filler,104,1,1,1,-1,0,0,stop,5,0,qwen3.6-27b,Answer: 1,"What is the atomic number of the chemical element whose symbol is the first letter of the capital city of the country whose currency is the dong?

1 2 3 4 5 6 7 8 9 10 11 12 13 14 15 16 17 18 19 20 21 22 23 24 25 26 27 28 29 30 31 32 33 34 35 36 37 38 39 40 41 42 43 44 45 46 47 48 49 50 51 52 53 54 55 56 57 58 59 60 61 62 63 64 65 66 67 68 69 70 71 72 73 74 75 76 77 78 79 80 81 82 83 84 85 86 87 88 89 90 91 92 93 94 95 96 97 98 99 100",3505263833
facts,default,5,filler,105,16,16,1,-1,0,0,stop,6,0,qwen3.6-27b,Answer: 16,"What is the atomic number of the chemical element whose symbol is the first letter of the capital city of the country whose currency is the lev?

1 2 3 4 5 6 7 8 9 10 11 12 13 14 15 16 17 18 19 20 21 22 23 24 25 26 27 28 29 30 31 32 33 34 35 36 37 38 39 40 41 42 43 44 45 46 47 48 49 50 51 52 53 54 55 56 57 58 59 60 61 62 63 64 65 66 67 68 69 70 71 72 73 74 75 76 77 78 79 80 81 82 83 84 85 86 87 88 89 90 91 92 93 94 95 96 97 98 99 100",2817074255
facts,default,5,filler,106,1,1,1,-1,0,0,stop,5,0,qwen3.6-27b,Answer: 1,"What is the atomic number of the chemical element whose symbol is the first letter of the capital city of the country whose currency is the dong?

1 2 3 4 5 6 7 8 9 10 11 12 13 14 15 16 17 18 19 20 21 22 23 24 25 26 27 28 29 30 31 32 33 34 35 36 37 38 39 40 41 42 43 44 45 46 47 48 49 50 51 52 53 54 55 56 57 58 59 60 61 62 63 64 65 66 67 68 69 70 71 72 73 74 75 76 77 78 79 80 81 82 83 84 85 86 87 88 89 90 91 92 93 94 95 96 97 98 99 100",1054897653
facts,default,5,filler,107,19,1,0,-1,0,0,stop,5,0,qwen3.6-27b,Answer: 1,"What is the atomic number of the chemical element whose symbol is the first letter of the capital city of the country whose currency is the afghani?

1 2 3 4 5 6 7 8 9 10 11 12 13 14 15 16 17 18 19 20 21 22 23 24 25 26 27 28 29 30 31 32 33 34 35 36 37 38 39 40 41 42 43 44 45 46 47 48 49 50 51 52 53 54 55 56 57 58 59 60 61 62 63 64 65 66 67 68 69 70 71 72 73 74 75 76 77 78 79 80 81 82 83 84 85 86 87 88 89 90 91 92 93 94 95 96 97 98 99 100",1239893347
facts,default,5,filler,108,39,1,0,-1,0,0,stop,5,0,qwen3.6-27b,Answer: 1,"What is the atomic number of the chemical element whose symbol is the first letter of the capital city of the country whose currency is the dram?

1 2 3 4 5 6 7 8 9 10 11 12 13 14 15 16 17 18 19 20 21 22 23 24 25 26 27 28 29 30 31 32 33 34 35 36 37 38 39 40 41 42 43 44 45 46 47 48 49 50 51 52 53 54 55 56 57 58 59 60 61 62 63 64 65 66 67 68 69 70 71 72 73 74 75 76 77 78 79 80 81 82 83 84 85 86 87 88 89 90 91 92 93 94 95 96 97 98 99 100",3646445810
facts,default,5,filler,109,74,8,0,-1,0,0,stop,5,0,qwen3.6-27b,Answer: 8,"What is the atomic number of the chemical element whose symbol is the first letter of the capital city of the country whose currency is the zloty?

1 2 3 4 5 6 7 8 9 10 11 12 13 14 15 16 17 18 19 20 21 22 23 24 25 26 27 28 29 30 31 32 33 34 35 36 37 38 39 40 41 42 43 44 45 46 47 48 49 50 51 52 53 54 55 56 57 58 59 60 61 62 63 64 65 66 67 68 69 70 71 72 73 74 75 76 77 78 79 80 81 82 83 84 85 86 87 88 89 90 91 92 93 94 95 96 97 98 99 100",2925488228
facts,default,5,filler,110,5,2,0,-1,0,0,stop,5,0,qwen3.6-27b,Answer: 2,"What is the atomic number of the chemical element whose symbol is the first letter of the capital city of the country whose currency is the forint?

1 2 3 4 5 6 7 8 9 10 11 12 13 14 15 16 17 18 19 20 21 22 23 24 25 26 27 28 29 30 31 32 33 34 35 36 37 38 39 40 41 42 43 44 45 46 47 48 49 50 51 52 53 54 55 56 57 58 59 60 61 62 63 64 65 66 67 68 69 70 71 72 73 74 75 76 77 78 79 80 81 82 83 84 85 86 87 88 89 90 91 92 93 94 95 96 97 98 99 100",3466125697
facts,default,5,filler,111,15,1,0,-1,0,0,stop,5,0,qwen3.6-27b,Answer: 1,"What is the atomic number of the chemical element whose symbol is the first letter of the capital city of the country whose currency is the rand?

1 2 3 4 5 6 7 8 9 10 11 12 13 14 15 16 17 18 19 20 21 22 23 24 25 26 27 28 29 30 31 32 33 34 35 36 37 38 39 40 41 42 43 44 45 46 47 48 49 50 51 52 53 54 55 56 57 58 59 60 61 62 63 64 65 66 67 68 69 70 71 72 73 74 75 76 77 78 79 80 81 82 83 84 85 86 87 88 89 90 91 92 93 94 95 96 97 98 99 100",3114258711
facts,default,5,filler,112,15,1,0,-1,0,0,stop,5,0,qwen3.6-27b,Answer: 1,"What is the atomic number of the chemical element whose symbol is the first letter of the capital city of the country whose currency is the koruna?

1 2 3 4 5 6 7 8 9 10 11 12 13 14 15 16 17 18 19 20 21 22 23 24 25 26 27 28 29 30 31 32 33 34 35 36 37 38 39 40 41 42 43 44 45 46 47 48 49 50 51 52 53 54 55 56 57 58 59 60 61 62 63 64 65 66 67 68 69 70 71 72 73 74 75 76 77 78 79 80 81 82 83 84 85 86 87 88 89 90 91 92 93 94 95 96 97 98 99 100",546734253
facts,default,5,filler,113,39,1,0,-1,0,0,stop,5,0,qwen3.6-27b,Answer: 1,"What is the atomic number of the chemical element whose symbol is the first letter of the capital city of the country whose currency is the dram?

1 2 3 4 5 6 7 8 9 10 11 12 13 14 15 16 17 18 19 20 21 22 23 24 25 26 27 28 29 30 31 32 33 34 35 36 37 38 39 40 41 42 43 44 45 46 47 48 49 50 51 52 53 54 55 56 57 58 59 60 61 62 63 64 65 66 67 68 69 70 71 72 73 74 75 76 77 78 79 80 81 82 83 84 85 86 87 88 89 90 91 92 93 94 95 96 97 98 99 100",1469165627
facts,default,5,filler,114,5,19,0,-1,0,0,stop,6,0,qwen3.6-27b,Answer: 19,"What is the atomic number of the chemical element whose symbol is the first letter of the capital city of the country whose currency is the baht?

1 2 3 4 5 6 7 8 9 10 11 12 13 14 15 16 17 18 19 20 21 22 23 24 25 26 27 28 29 30 31 32 33 34 35 36 37 38 39 40 41 42 43 44 45 46 47 48 49 50 51 52 53 54 55 56 57 58 59 60 61 62 63 64 65 66 67 68 69 70 71 72 73 74 75 76 77 78 79 80 81 82 83 84 85 86 87 88 89 90 91 92 93 94 95 96 97 98 99 100",3388286360
facts,default,5,filler,115,5,8,0,-1,0,0,stop,5,0,qwen3.6-27b,Answer: 8,"What is the atomic number of the chemical element whose symbol is the first letter of the capital city of the country whose currency is the yuan?

1 2 3 4 5 6 7 8 9 10 11 12 13 14 15 16 17 18 19 20 21 22 23 24 25 26 27 28 29 30 31 32 33 34 35 36 37 38 39 40 41 42 43 44 45 46 47 48 49 50 51 52 53 54 55 56 57 58 59 60 61 62 63 64 65 66 67 68 69 70 71 72 73 74 75 76 77 78 79 80 81 82 83 84 85 86 87 88 89 90 91 92 93 94 95 96 97 98 99 100",3203536142
facts,default,5,filler,116,16,1,0,-1,0,0,stop,5,0,qwen3.6-27b,Answer: 1,"What is the atomic number of the chemical element whose symbol is the first letter of the capital city of the country whose currency is the lev?

1 2 3 4 5 6 7 8 9 10 11 12 13 14 15 16 17 18 19 20 21 22 23 24 25 26 27 28 29 30 31 32 33 34 35 36 37 38 39 40 41 42 43 44 45 46 47 48 49 50 51 52 53 54 55 56 57 58 59 60 61 62 63 64 65 66 67 68 69 70 71 72 73 74 75 76 77 78 79 80 81 82 83 84 85 86 87 88 89 90 91 92 93 94 95 96 97 98 99 100",670778548
facts,default,5,filler,117,23,1,0,-1,0,0,stop,5,0,qwen3.6-27b,Answer: 1,"What is the atomic number of the chemical element whose symbol is the first letter of the capital city of the country whose currency is the kip?

1 2 3 4 5 6 7 8 9 10 11 12 13 14 15 16 17 18 19 20 21 22 23 24 25 26 27 28 29 30 31 32 33 34 35 36 37 38 39 40 41 42 43 44 45 46 47 48 49 50 51 52 53 54 55 56 57 58 59 60 61 62 63 64 65 66 67 68 69 70 71 72 73 74 75 76 77 78 79 80 81 82 83 84 85 86 87 88 89 90 91 92 93 94 95 96 97 98 99 100",1358722082
facts,default,5,filler,118,74,8,0,-1,0,0,stop,5,0,qwen3.6-27b,Answer: 8,"What is the atomic number of the chemical element whose symbol is the first letter of the capital city of the country whose currency is the zloty?

1 2 3 4 5 6 7 8 9 10 11 12 13 14 15 16 17 18 19 20 21 22 23 24 25 26 27 28 29 30 31 32 33 34 35 36 37 38 39 40 41 42 43 44 45 46 47 48 49 50 51 52 53 54 55 56 57 58 59 60 61 62 63 64 65 66 67 68 69 70 71 72 73 74 75 76 77 78 79 80 81 82 83 84 85 86 87 88 89 90 91 92 93 94 95 96 97 98 99 100",3225643443
facts,default,5,filler,119,15,2,0,-1,0,0,stop,5,0,qwen3.6-27b,Answer: 2,"What is the atomic number of the chemical element whose symbol is the first letter of the capital city of the country whose currency is the rand?

1 2 3 4 5 6 7 8 9 10 11 12 13 14 15 16 17 18 19 20 21 22 23 24 25 26 27 28 29 30 31 32 33 34 35 36 37 38 39 40 41 42 43 44 45 46 47 48 49 50 51 52 53 54 55 56 57 58 59 60 61 62 63 64 65 66 67 68 69 70 71 72 73 74 75 76 77 78 79 80 81 82 83 84 85 86 87 88 89 90 91 92 93 94 95 96 97 98 99 100",3074709797
facts,default,5,filler,120,15,74,0,-1,0,0,stop,6,0,qwen3.6-27b,Answer: 74,"What is the atomic number of the chemical element whose symbol is the first letter of the capital city of the country whose currency is the koruna?

1 2 3 4 5 6 7 8 9 10 11 12 13 14 15 16 17 18 19 20 21 22 23 24 25 26 27 28 29 30 31 32 33 34 35 36 37 38 39 40 41 42 43 44 45 46 47 48 49 50 51 52 53 54 55 56 57 58 59 60 61 62 63 64 65 66 67 68 69 70 71 72 73 74 75 76 77 78 79 80 81 82 83 84 85 86 87 88 89 90 91 92 93 94 95 96 97 98 99 100",3853890114
facts,default,5,filler,121,6,1,0,-1,0,0,stop,5,0,qwen3.6-27b,Answer: 1,"What is the atomic number of the chemical element whose symbol is the first letter of the capital city of the country whose currency is the bolivar?

1 2 3 4 5 6 7 8 9 10 11 12 13 14 15 16 17 18 19 20 21 22 23 24 25 26 27 28 29 30 31 32 33 34 35 36 37 38 39 40 41 42 43 44 45 46 47 48 49 50 51 52 53 54 55 56 57 58 59 60 61 62 63 64 65 66 67 68 69 70 71 72 73 74 75 76 77 78 79 80 81 82 83 84 85 86 87 88 89 90 91 92 93 94 95 96 97 98 99 100",2461172436
facts,default,5,filler,122,1,1,1,-1,0,0,stop,5,0,qwen3.6-27b,Answer: 1,"What is the atomic number of the chemical element whose symbol is the first letter of the capital city of the country whose currency is the dong?

1 2 3 4 5 6 7 8 9 10 11 12 13 14 15 16 17 18 19 20 21 22 23 24 25 26 27 28 29 30 31 32 33 34 35 36 37 38 39 40 41 42 43 44 45 46 47 48 49 50 51 52 53 54 55 56 57 58 59 60 61 62 63 64 65 66 67 68 69 70 71 72 73 74 75 76 77 78 79 80 81 82 83 84 85 86 87 88 89 90 91 92 93 94 95 96 97 98 99 100",196858734
facts,default,5,filler,123,15,1,0,-1,0,0,stop,5,0,qwen3.6-27b,Answer: 1,"What is the atomic number of the chemical element whose symbol is the first letter of the capital city of the country whose currency is the koruna?

1 2 3 4 5 6 7 8 9 10 11 12 13 14 15 16 17 18 19 20 21 22 23 24 25 26 27 28 29 30 31 32 33 34 35 36 37 38 39 40 41 42 43 44 45 46 47 48 49 50 51 52 53 54 55 56 57 58 59 60 61 62 63 64 65 66 67 68 69 70 71 72 73 74 75 76 77 78 79 80 81 82 83 84 85 86 87 88 89 90 91 92 93 94 95 96 97 98 99 100",2092753912
facts,default,5,filler,124,15,1,0,-1,0,0,stop,5,0,qwen3.6-27b,Answer: 1,"What is the atomic number of the chemical element whose symbol is the first letter of the capital city of the country whose currency is the riel?

1 2 3 4 5 6 7 8 9 10 11 12 13 14 15 16 17 18 19 20 21 22 23 24 25 26 27 28 29 30 31 32 33 34 35 36 37 38 39 40 41 42 43 44 45 46 47 48 49 50 51 52 53 54 55 56 57 58 59 60 61 62 63 64 65 66 67 68 69 70 71 72 73 74 75 76 77 78 79 80 81 82 83 84 85 86 87 88 89 90 91 92 93 94 95 96 97 98 99 100",3805836891
facts,default,5,filler,125,5,1,0,-1,0,0,stop,5,0,qwen3.6-27b,Answer: 1,"What is the atomic number of the chemical element whose symbol is the first letter of the capital city of the country whose currency is the forint?

1 2 3 4 5 6 7 8 9 10 11 12 13 14 15 16 17 18 19 20 21 22 23 24 25 26 27 28 29 30 31 32 33 34 35 36 37 38 39 40 41 42 43 44 45 46 47 48 49 50 51 52 53 54 55 56 57 58 59 60 61 62 63 64 65 66 67 68 69 70 71 72 73 74 75 76 77 78 79 80 81 82 83 84 85 86 87 88 89 90 91 92 93 94 95 96 97 98 99 100",2514437837
facts,default,5,filler,126,5,5,1,-1,0,0,stop,5,0,qwen3.6-27b,Answer: 5,"What is the atomic number of the chemical element whose symbol is the first letter of the capital city of the country whose currency is the baht?

1 2 3 4 5 6 7 8 9 10 11 12 13 14 15 16 17 18 19 20 21 22 23 24 25 26 27 28 29 30 31 32 33 34 35 36 37 38 39 40 41 42 43 44 45 46 47 48 49 50 51 52 53 54 55 56 57 58 59 60 61 62 63 64 65 66 67 68 69 70 71 72 73 74 75 76 77 78 79 80 81 82 83 84 85 86 87 88 89 90 91 92 93 94 95 96 97 98 99 100",215357303
facts,default,5,filler,127,15,1,0,-1,0,0,stop,5,0,qwen3.6-27b,Answer: 1,"What is the atomic number of the chemical element whose symbol is the first letter of the capital city of the country whose currency is the koruna?

1 2 3 4 5 6 7 8 9 10 11 12 13 14 15 16 17 18 19 20 21 22 23 24 25 26 27 28 29 30 31 32 33 34 35 36 37 38 39 40 41 42 43 44 45 46 47 48 49 50 51 52 53 54 55 56 57 58 59 60 61 62 63 64 65 66 67 68 69 70 71 72 73 74 75 76 77 78 79 80 81 82 83 84 85 86 87 88 89 90 91 92 93 94 95 96 97 98 99 100",2077304801
facts,default,5,filler,128,39,1,0,-1,0,0,stop,5,0,qwen3.6-27b,Answer: 1,"What is the atomic number of the chemical element whose symbol is the first letter of the capital city of the country whose currency is the dram?

1 2 3 4 5 6 7 8 9 10 11 12 13 14 15 16 17 18 19 20 21 22 23 24 25 26 27 28 29 30 31 32 33 34 35 36 37 38 39 40 41 42 43 44 45 46 47 48 49 50 51 52 53 54 55 56 57 58 59 60 61 62 63 64 65 66 67 68 69 70 71 72 73 74 75 76 77 78 79 80 81 82 83 84 85 86 87 88 89 90 91 92 93 94 95 96 97 98 99 100",3949869680
facts,default,5,filler,129,39,1,0,-1,0,0,stop,5,0,qwen3.6-27b,Answer: 1,"What is the atomic number of the chemical element whose symbol is the first letter of the capital city of the country whose currency is the dram?

1 2 3 4 5 6 7 8 9 10 11 12 13 14 15 16 17 18 19 20 21 22 23 24 25 26 27 28 29 30 31 32 33 34 35 36 37 38 39 40 41 42 43 44 45 46 47 48 49 50 51 52 53 54 55 56 57 58 59 60 61 62 63 64 65 66 67 68 69 70 71 72 73 74 75 76 77 78 79 80 81 82 83 84 85 86 87 88 89 90 91 92 93 94 95 96 97 98 99 100",2624129766
facts,default,5,filler,130,5,1,0,-1,0,0,stop,5,0,qwen3.6-27b,Answer: 1,"What is the atomic number of the chemical element whose symbol is the first letter of the capital city of the country whose currency is the manat?

1 2 3 4 5 6 7 8 9 10 11 12 13 14 15 16 17 18 19 20 21 22 23 24 25 26 27 28 29 30 31 32 33 34 35 36 37 38 39 40 41 42 43 44 45 46 47 48 49 50 51 52 53 54 55 56 57 58 59 60 61 62 63 64 65 66 67 68 69 70 71 72 73 74 75 76 77 78 79 80 81 82 83 84 85 86 87 88 89 90 91 92 93 94 95 96 97 98 99 100",4239295235
facts,default,5,filler,131,19,1,0,-1,0,0,stop,4,0,qwen3.6-27b,Answer: 1,"What is the atomic number of the chemical element whose symbol is the first letter of the capital city of the country whose currency is the hryvnia?

1 2 3 4 5 6 7 8 9 10 11 12 13 14 15 16 17 18 19 20 21 22 23 24 25 26 27 28 29 30 31 32 33 34 35 36 37 38 39 40 41 42 43 44 45 46 47 48 49 50 51 52 53 54 55 56 57 58 59 60 61 62 63 64 65 66 67 68 69 70 71 72 73 74 75 76 77 78 79 80 81 82 83 84 85 86 87 88 89 90 91 92 93 94 95 96 97 98 99 100",2343154581
facts,default,5,filler,132,39,1,0,-1,0,0,stop,5,0,qwen3.6-27b,Answer: 1,"What is the atomic number of the chemical element whose symbol is the first letter of the capital city of the country whose currency is the dram?

1 2 3 4 5 6 7 8 9 10 11 12 13 14 15 16 17 18 19 20 21 22 23 24 25 26 27 28 29 30 31 32 33 34 35 36 37 38 39 40 41 42 43 44 45 46 47 48 49 50 51 52 53 54 55 56 57 58 59 60 61 62 63 64 65 66 67 68 69 70 71 72 73 74 75 76 77 78 79 80 81 82 83 84 85 86 87 88 89 90 91 92 93 94 95 96 97 98 99 100",312533551
facts,default,5,filler,133,15,15,1,-1,0,0,stop,6,0,qwen3.6-27b,Answer: 15,"What is the atomic number of the chemical element whose symbol is the first letter of the capital city of the country whose currency is the rand?

1 2 3 4 5 6 7 8 9 10 11 12 13 14 15 16 17 18 19 20 21 22 23 24 25 26 27 28 29 30 31 32 33 34 35 36 37 38 39 40 41 42 43 44 45 46 47 48 49 50 51 52 53 54 55 56 57 58 59 60 61 62 63 64 65 66 67 68 69 70 71 72 73 74 75 76 77 78 79 80 81 82 83 84 85 86 87 88 89 90 91 92 93 94 95 96 97 98 99 100",1705497273
facts,default,5,filler,134,15,1,0,-1,0,0,stop,5,0,qwen3.6-27b,Answer: 1,"What is the atomic number of the chemical element whose symbol is the first letter of the capital city of the country whose currency is the riel?

1 2 3 4 5 6 7 8 9 10 11 12 13 14 15 16 17 18 19 20 21 22 23 24 25 26 27 28 29 30 31 32 33 34 35 36 37 38 39 40 41 42 43 44 45 46 47 48 49 50 51 52 53 54 55 56 57 58 59 60 61 62 63 64 65 66 67 68 69 70 71 72 73 74 75 76 77 78 79 80 81 82 83 84 85 86 87 88 89 90 91 92 93 94 95 96 97 98 99 100",4223878938
facts,default,5,filler,135,5,5,1,-1,0,0,stop,5,0,qwen3.6-27b,Answer: 5,"What is the atomic number of the chemical element whose symbol is the first letter of the capital city of the country whose currency is the baht?

1 2 3 4 5 6 7 8 9 10 11 12 13 14 15 16 17 18 19 20 21 22 23 24 25 26 27 28 29 30 31 32 33 34 35 36 37 38 39 40 41 42 43 44 45 46 47 48 49 50 51 52 53 54 55 56 57 58 59 60 61 62 63 64 65 66 67 68 69 70 71 72 73 74 75 76 77 78 79 80 81 82 83 84 85 86 87 88 89 90 91 92 93 94 95 96 97 98 99 100",2361685900
facts,default,5,filler,136,16,16,1,-1,0,0,stop,5,0,qwen3.6-27b,Answer: 16,"What is the atomic number of the chemical element whose symbol is the first letter of the capital city of the country whose currency is the krona?

1 2 3 4 5 6 7 8 9 10 11 12 13 14 15 16 17 18 19 20 21 22 23 24 25 26 27 28 29 30 31 32 33 34 35 36 37 38 39 40 41 42 43 44 45 46 47 48 49 50 51 52 53 54 55 56 57 58 59 60 61 62 63 64 65 66 67 68 69 70 71 72 73 74 75 76 77 78 79 80 81 82 83 84 85 86 87 88 89 90 91 92 93 94 95 96 97 98 99 100",365766198
facts,default,5,filler,137,19,1,0,-1,0,0,stop,5,0,qwen3.6-27b,Answer: 1,"What is the atomic number of the chemical element whose symbol is the first letter of the capital city of the country whose currency is the hryvnia?

1 2 3 4 5 6 7 8 9 10 11 12 13 14 15 16 17 18 19 20 21 22 23 24 25 26 27 28 29 30 31 32 33 34 35 36 37 38 39 40 41 42 43 44 45 46 47 48 49 50 51 52 53 54 55 56 57 58 59 60 61 62 63 64 65 66 67 68 69 70 71 72 73 74 75 76 77 78 79 80 81 82 83 84 85 86 87 88 89 90 91 92 93 94 95 96 97 98 99 100",1657411232
facts,default,5,filler,138,19,19,1,-1,0,0,stop,6,0,qwen3.6-27b,Answer: 19,"What is the atomic number of the chemical element whose symbol is the first letter of the capital city of the country whose currency is the hryvnia?

1 2 3 4 5 6 7 8 9 10 11 12 13 14 15 16 17 18 19 20 21 22 23 24 25 26 27 28 29 30 31 32 33 34 35 36 37 38 39 40 41 42 43 44 45 46 47 48 49 50 51 52 53 54 55 56 57 58 59 60 61 62 63 64 65 66 67 68 69 70 71 72 73 74 75 76 77 78 79 80 81 82 83 84 85 86 87 88 89 90 91 92 93 94 95 96 97 98 99 100",4067756849
facts,default,5,filler,139,16,1,0,-1,0,0,stop,5,0,qwen3.6-27b,Answer: 1,"What is the atomic number of the chemical element whose symbol is the first letter of the capital city of the country whose currency is the lev?

1 2 3 4 5 6 7 8 9 10 11 12 13 14 15 16 17 18 19 20 21 22 23 24 25 26 27 28 29 30 31 32 33 34 35 36 37 38 39 40 41 42 43 44 45 46 47 48 49 50 51 52 53 54 55 56 57 58 59 60 61 62 63 64 65 66 67 68 69 70 71 72 73 74 75 76 77 78 79 80 81 82 83 84 85 86 87 88 89 90 91 92 93 94 95 96 97 98 99 100",2238856103
facts,default,5,filler,140,15,2,0,-1,0,0,stop,5,0,qwen3.6-27b,Answer: 2,"What is the atomic number of the chemical element whose symbol is the first letter of the capital city of the country whose currency is the koruna?

1 2 3 4 5 6 7 8 9 10 11 12 13 14 15 16 17 18 19 20 21 22 23 24 25 26 27 28 29 30 31 32 33 34 35 36 37 38 39 40 41 42 43 44 45 46 47 48 49 50 51 52 53 54 55 56 57 58 59 60 61 62 63 64 65 66 67 68 69 70 71 72 73 74 75 76 77 78 79 80 81 82 83 84 85 86 87 88 89 90 91 92 93 94 95 96 97 98 99 100",3018790340
facts,default,5,filler,141,19,1,0,-1,0,0,stop,5,0,qwen3.6-27b,Answer: 1,"What is the atomic number of the chemical element whose symbol is the first letter of the capital city of the country whose currency is the hryvnia?

1 2 3 4 5 6 7 8 9 10 11 12 13 14 15 16 17 18 19 20 21 22 23 24 25 26 27 28 29 30 31 32 33 34 35 36 37 38 39 40 41 42 43 44 45 46 47 48 49 50 51 52 53 54 55 56 57 58 59 60 61 62 63 64 65 66 67 68 69 70 71 72 73 74 75 76 77 78 79 80 81 82 83 84 85 86 87 88 89 90 91 92 93 94 95 96 97 98 99 100",3303548242
facts,default,5,filler,142,16,1,0,-1,0,0,stop,5,0,qwen3.6-27b,Answer: 1,"What is the atomic number of the chemical element whose symbol is the first letter of the capital city of the country whose currency is the won?

1 2 3 4 5 6 7 8 9 10 11 12 13 14 15 16 17 18 19 20 21 22 23 24 25 26 27 28 29 30 31 32 33 34 35 36 37 38 39 40 41 42 43 44 45 46 47 48 49 50 51 52 53 54 55 56 57 58 59 60 61 62 63 64 65 66 67 68 69 70 71 72 73 74 75 76 77 78 79 80 81 82 83 84 85 86 87 88 89 90 91 92 93 94 95 96 97 98 99 100",1575056616
facts,default,5,filler,143,39,39,1,-1,0,0,stop,6,0,qwen3.6-27b,Answer: 39,"What is the atomic number of the chemical element whose symbol is the first letter of the capital city of the country whose currency is the kyat?

1 2 3 4 5 6 7 8 9 10 11 12 13 14 15 16 17 18 19 20 21 22 23 24 25 26 27 28 29 30 31 32 33 34 35 36 37 38 39 40 41 42 43 44 45 46 47 48 49 50 51 52 53 54 55 56 57 58 59 60 61 62 63 64 65 66 67 68 69 70 71 72 73 74 75 76 77 78 79 80 81 82 83 84 85 86 87 88 89 90 91 92 93 94 95 96 97 98 99 100",719733886
facts,default,5,filler,144,74,1,0,-1,0,0,stop,4,0,qwen3.6-27b,Answer: 1,"What is the atomic number of the chemical element whose symbol is the first letter of the capital city of the country whose currency is the zloty?

1 2 3 4 5 6 7 8 9 10 11 12 13 14 15 16 17 18 19 20 21 22 23 24 25 26 27 28 29 30 31 32 33 34 35 36 37 38 39 40 41 42 43 44 45 46 47 48 49 50 51 52 53 54 55 56 57 58 59 60 61 62 63 64 65 66 67 68 69 70 71 72 73 74 75 76 77 78 79 80 81 82 83 84 85 86 87 88 89 90 91 92 93 94 95 96 97 98 99 100",3028472285
facts,default,5,filler,145,1,1,1,-1,0,0,stop,5,0,qwen3.6-27b,Answer: 1,"What is the atomic number of the chemical element whose symbol is the first letter of the capital city of the country whose currency is the dong?

1 2 3 4 5 6 7 8 9 10 11 12 13 14 15 16 17 18 19 20 21 22 23 24 25 26 27 28 29 30 31 32 33 34 35 36 37 38 39 40 41 42 43 44 45 46 47 48 49 50 51 52 53 54 55 56 57 58 59 60 61 62 63 64 65 66 67 68 69 70 71 72 73 74 75 76 77 78 79 80 81 82 83 84 85 86 87 88 89 90 91 92 93 94 95 96 97 98 99 100",3280331083
facts,default,5,filler,146,5,5,1,-1,0,0,stop,5,0,qwen3.6-27b,Answer: 5,"What is the atomic number of the chemical element whose symbol is the first letter of the capital city of the country whose currency is the baht?

1 2 3 4 5 6 7 8 9 10 11 12 13 14 15 16 17 18 19 20 21 22 23 24 25 26 27 28 29 30 31 32 33 34 35 36 37 38 39 40 41 42 43 44 45 46 47 48 49 50 51 52 53 54 55 56 57 58 59 60 61 62 63 64 65 66 67 68 69 70 71 72 73 74 75 76 77 78 79 80 81 82 83 84 85 86 87 88 89 90 91 92 93 94 95 96 97 98 99 100",1519169777
facts,default,5,filler,147,5,1,0,-1,0,0,stop,5,0,qwen3.6-27b,Answer: 1,"What is the atomic number of the chemical element whose symbol is the first letter of the capital city of the country whose currency is the forint?

1 2 3 4 5 6 7 8 9 10 11 12 13 14 15 16 17 18 19 20 21 22 23 24 25 26 27 28 29 30 31 32 33 34 35 36 37 38 39 40 41 42 43 44 45 46 47 48 49 50 51 52 53 54 55 56 57 58 59 60 61 62 63 64 65 66 67 68 69 70 71 72 73 74 75 76 77 78 79 80 81 82 83 84 85 86 87 88 89 90 91 92 93 94 95 96 97 98 99 100",764117095
facts,default,5,filler,148,6,1,0,-1,0,0,stop,5,0,qwen3.6-27b,Answer: 1,"What is the atomic number of the chemical element whose symbol is the first letter of the capital city of the country whose currency is the bolivar?

1 2 3 4 5 6 7 8 9 10 11 12 13 14 15 16 17 18 19 20 21 22 23 24 25 26 27 28 29 30 31 32 33 34 35 36 37 38 39 40 41 42 43 44 45 46 47 48 49 50 51 52 53 54 55 56 57 58 59 60 61 62 63 64 65 66 67 68 69 70 71 72 73 74 75 76 77 78 79 80 81 82 83 84 85 86 87 88 89 90 91 92 93 94 95 96 97 98 99 100",3174342134
facts,default,5,filler,149,39,5,0,-1,0,0,stop,5,0,qwen3.6-27b,Answer: 5,"What is the atomic number of the chemical element whose symbol is the first letter of the capital city of the country whose currency is the kyat?

1 2 3 4 5 6 7 8 9 10 11 12 13 14 15 16 17 18 19 20 21 22 23 24 25 26 27 28 29 30 31 32 33 34 35 36 37 38 39 40 41 42 43 44 45 46 47 48 49 50 51 52 53 54 55 56 57 58 59 60 61 62 63 64 65 66 67 68 69 70 71 72 73 74 75 76 77 78 79 80 81 82 83 84 85 86 87 88 89 90 91 92 93 94 95 96 97 98 99 100",3392384352
facts,default,5,cot,0,19,19,1,-1,0,0,stop,282,203,qwen3.6-27b,"The hryvnia is the currency of Ukraine. The capital of Ukraine is Kyiv. Its first letter is K, and K is the chemical symbol for Potassium. The atomic number of Potassium is 19.

Answer: 19",What is the atomic number of the chemical element whose symbol is the first letter of the capital city of the country whose currency is the hryvnia?,2921691732
facts,default,5,cot,1,6,6,1,-1,0,0,stop,798,752,qwen3.6-27b,"The bolivar is the currency of Venezuela. The capital of Venezuela is Caracas. Its first letter is C, and C is the symbol for Carbon. The atomic number of Carbon is 6.
Answer: 6",What is the atomic number of the chemical element whose symbol is the first letter of the capital city of the country whose currency is the bolivar?,3642903234
facts,default,5,cot,2,5,5,1,-1,0,0,stop,437,390,qwen3.6-27b,"The yuan is the currency of China. The capital of China is Beijing. Its first letter is B, and B is the symbol for Boron. The atomic number of Boron is 5.

Answer: 5",What is the atomic number of the chemical element whose symbol is the first letter of the capital city of the country whose currency is the yuan?,1076566904
facts,default,5,cot,3,5,5,1,-1,0,0,stop,3973,3597,qwen3.6-27b,"The yuan is the currency of China. The capital of China is Beijing. Its first letter is B, and B is the symbol for Boron. The atomic number of Boron is 5.

Answer: 5",What is the atomic number of the chemical element whose symbol is the first letter of the capital city of the country whose currency is the yuan?,925641710
facts,default,5,cot,4,6,6,1,-1,0,0,stop,832,786,qwen3.6-27b,"The bolivar is the currency of Venezuela. The capital of Venezuela is Caracas. Its first letter is C, and C is the symbol for Carbon. The atomic number of Carbon is 6.

Answer: 6",What is the atomic number of the chemical element whose symbol is the first letter of the capital city of the country whose currency is the bolivar?,2840116813
facts,default,5,cot,5,16,16,1,-1,0,0,stop,1433,1381,qwen3.6-27b,"The krona is the currency of Sweden. The capital of Sweden is Stockholm. Its first letter is S, which is the chemical symbol for Sulfur. The atomic number of Sulfur is 16.
Answer: 16",What is the atomic number of the chemical element whose symbol is the first letter of the capital city of the country whose currency is the krona?,3729755867
facts,default,5,cot,6,19,19,1,-1,0,0,stop,878,826,qwen3.6-27b,"The afghani is the currency of Afghanistan. The capital of Afghanistan is Kabul. Its first letter is K, and K is the chemical symbol for Potassium. The atomic number of Potassium is 19.

Answer: 19",What is the atomic number of the chemical element whose symbol is the first letter of the capital city of the country whose currency is the afghani?,1195827041
facts,default,5,cot,7,15,,0,-1,0,0,length,4000,4000,qwen3.6-27b,,What is the atomic number of the chemical element whose symbol is the first letter of the capital city of the country whose currency is the rand?,809627639
facts,default,5,cot,8,74,74,1,-1,0,0,stop,877,826,qwen3.6-27b,"The zloty is the currency of Poland. The capital of Poland is Warsaw. Its first letter is W, and W is the symbol for Tungsten. The atomic number of Tungsten is 74.
Answer: 74",What is the atomic number of the chemical element whose symbol is the first letter of the capital city of the country whose currency is the zloty?,2701062758
facts,default,5,cot,9,19,19,1,-1,0,0,stop,296,215,qwen3.6-27b,"The hryvnia is the currency of Ukraine. The capital of Ukraine is Kyiv. Its first letter is K, and K is the chemical symbol for Potassium. The atomic number of Potassium is 19.

Answer: 19",What is the atomic number of the chemical element whose symbol is the first letter of the capital city of the country whose currency is the hryvnia?,3623469808
facts,default,5,cot,10,1,,0,-1,0,0,length,4000,4000,qwen3.6-27b,,What is the atomic number of the chemical element whose symbol is the first letter of the capital city of the country whose currency is the dong?,2171100919
facts,default,5,cot,11,16,16,1,-1,0,0,stop,582,530,qwen3.6-27b,"The lev is the currency of Bulgaria. The capital of Bulgaria is Sofia. Its first letter is S, and S is the chemical symbol for Sulfur. The atomic number of Sulfur is 16.

Answer: 16",What is the atomic number of the chemical element whose symbol is the first letter of the capital city of the country whose currency is the lev?,4134497889
facts,default,5,cot,12,16,16,1,-1,0,0,stop,751,700,qwen3.6-27b,"The lev is the currency of Bulgaria. The capital of Bulgaria is Sofia. Its first letter is S, and S is the symbol for Sulfur. The atomic number of Sulfur is 16.
Answer: 16",What is the atomic number of the chemical element whose symbol is the first letter of the capital city of the country whose currency is the lev?,1868971995
facts,default,5,cot,13,5,5,1,-1,0,0,stop,1229,1111,qwen3.6-27b,"The leu is the currency of Romania. The capital of Romania is Bucharest. Its first letter is B, and B is the chemical symbol for Boron. The atomic number of Boron is 5.

Answer: 5",What is the atomic number of the chemical element whose symbol is the first letter of the capital city of the country whose currency is the leu?,409014093
facts,default,5,cot,14,15,15,1,-1,0,0,stop,689,576,qwen3.6-27b,"The riel is the currency of Cambodia. The capital of Cambodia is Phnom Penh. Its first letter is P, and P is the symbol for Phosphorus. The atomic number of Phosphorus is 15.
Answer: 15",What is the atomic number of the chemical element whose symbol is the first letter of the capital city of the country whose currency is the riel?,2248514286
facts,default,5,cot,15,5,5,1,-1,0,0,stop,1174,1121,qwen3.6-27b,"The manat is the currency of Azerbaijan. The capital of Azerbaijan is Baku. Its first letter is B, and B is the chemical symbol for Boron. The atomic number of Boron is 5.
Answer: 5",What is the atomic number of the chemical element whose symbol is the first letter of the capital city of the country whose currency is the manat?,4043483768
facts,default,5,cot,16,5,5,1,-1,0,0,stop,876,794,qwen3.6-27b,"The yuan is the currency of China. The capital of China is Beijing. Its first letter is B, and B is the chemical symbol for Boron. The atomic number of Boron is 5.
Answer: 5",What is the atomic number of the chemical element whose symbol is the first letter of the capital city of the country whose currency is the yuan?,1745615810
facts,default,5,cot,17,19,19,1,-1,0,0,stop,305,232,qwen3.6-27b,"The afghani is the currency of Afghanistan. The capital of Afghanistan is Kabul. Its first letter is K, and K is the chemical symbol for Potassium. The atomic number of Potassium is 19.

Answer: 19",What is the atomic number of the chemical element whose symbol is the first letter of the capital city of the country whose currency is the afghani?,520932180
facts,default,5,cot,18,1,1,1,-1,0,0,stop,833,785,qwen3.6-27b,"The dong is the currency of Vietnam. The capital of Vietnam is Hanoi. Its first letter is H, and H is the symbol for Hydrogen. The atomic number of Hydrogen is 1.
Answer: 1",What is the atomic number of the chemical element whose symbol is the first letter of the capital city of the country whose currency is the dong?,2410927813
facts,default,5,cot,19,6,6,1,-1,0,0,stop,447,398,qwen3.6-27b,"The bolivar is the currency of Venezuela. The capital of Venezuela is Caracas. Its first letter is C, and C is the symbol for Carbon. The atomic number of Carbon is 6.
Answer: 6",What is the atomic number of the chemical element whose symbol is the first letter of the capital city of the country whose currency is the bolivar?,4172605011
facts,default,5,cot,20,1,1,1,-1,0,0,stop,617,569,qwen3.6-27b,"The dong is the currency of Vietnam. The capital of Vietnam is Hanoi. Its first letter is H, and H is the symbol for Hydrogen. The atomic number of Hydrogen is 1.
Answer: 1",What is the atomic number of the chemical element whose symbol is the first letter of the capital city of the country whose currency is the dong?,2856652084
facts,default,5,cot,21,5,5,1,-1,0,0,stop,837,708,qwen3.6-27b,"The manat is the currency of Azerbaijan. The capital of Azerbaijan is Baku. Its first letter is B, and B is the symbol for Boron. The atomic number of Boron is 5.
Answer: 5",What is the atomic number of the chemical element whose symbol is the first letter of the capital city of the country whose currency is the manat?,3712105890
facts,default,5,cot,22,5,5,1,-1,0,0,stop,641,540,qwen3.6-27b,"The baht is the currency of Thailand. The capital of Thailand is Bangkok. Its first letter is B, and B is the symbol for Boron. The atomic number of Boron is 5.
Answer: 5",What is the atomic number of the chemical element whose symbol is the first letter of the capital city of the country whose currency is the baht?,1145793560
facts,default,5,cot,23,15,15,1,-1,0,0,stop,1101,1045,qwen3.6-27b,"The koruna is the currency of the Czech Republic. The capital of the Czech Republic is Prague. Its first letter is P, and P is the symbol for Phosphorus. The atomic number of Phosphorus is 15.
Answer: 15",What is the atomic number of the chemical element whose symbol is the first letter of the capital city of the country whose currency is the koruna?,860642446
facts,default,5,cot,24,15,15,1,-1,0,0,stop,1055,998,qwen3.6-27b,"The koruna is the currency of the Czech Republic. The capital of the Czech Republic is Prague. Its first letter is P, and P is the chemical symbol for Phosphorus. The atomic number of Phosphorus is 15.

Answer: 15",What is the atomic number of the chemical element whose symbol is the first letter of the capital city of the country whose currency is the koruna?,2905131309
facts,default,5,cot,25,16,16,1,-1,0,0,stop,1449,1292,qwen3.6-27b,"The won is the currency of South Korea. The capital of South Korea is Seoul. Its first letter is S, and S is the symbol for Sulfur. The atomic number of Sulfur is 16.
Answer: 16",What is the atomic number of the chemical element whose symbol is the first letter of the capital city of the country whose currency is the won?,3660577211
facts,default,5,cot,26,1,1,1,-1,0,0,stop,281,233,qwen3.6-27b,"The dong is the currency of Vietnam. The capital of Vietnam is Hanoi. Its first letter is H, and H is the symbol for Hydrogen. The atomic number of Hydrogen is 1.

Answer: 1",What is the atomic number of the chemical element whose symbol is the first letter of the capital city of the country whose currency is the dong?,1126606849
facts,default,5,cot,27,5,5,1,-1,0,0,stop,816,769,qwen3.6-27b,"The forint is the currency of Hungary. The capital of Hungary is Budapest. Its first letter is B, and B is the symbol for Boron. The atomic number of Boron is 5.
Answer: 5",What is the atomic number of the chemical element whose symbol is the first letter of the capital city of the country whose currency is the forint?,874616983
facts,default,5,cot,28,15,15,1,-1,0,0,stop,1419,1363,qwen3.6-27b,"The koruna is the currency of the Czech Republic. The capital of the Czech Republic is Prague. Its first letter is P, and P is the symbol for Phosphorus. The atomic number of Phosphorus is 15.
Answer: 15",What is the atomic number of the chemical element whose symbol is the first letter of the capital city of the country whose currency is the koruna?,2761852166
facts,default,5,cot,29,15,15,1,-1,0,0,stop,1079,963,qwen3.6-27b,"The koruna is the currency of the Czech Republic. The capital of the Czech Republic is Prague. Its first letter is P, and P is the symbol for Phosphorus. The atomic number of Phosphorus is 15.
Answer: 15",What is the atomic number of the chemical element whose symbol is the first letter of the capital city of the country whose currency is the koruna?,3550066064
facts,default,5,cot,30,74,74,1,-1,0,0,stop,280,203,qwen3.6-27b,"The zloty is the currency of Poland. The capital of Poland is Warsaw. Its first letter is W, and W is the chemical symbol for Tungsten. The atomic number of Tungsten is 74.

Answer: 74",What is the atomic number of the chemical element whose symbol is the first letter of the capital city of the country whose currency is the zloty?,3009297525
facts,default,5,cot,31,5,,0,-1,0,0,length,4000,3558,qwen3.6-27b,,What is the atomic number of the chemical element whose symbol is the first letter of the capital city of the country whose currency is the manat?,3294170339
facts,default,5,cot,32,5,5,1,-1,0,0,stop,825,728,qwen3.6-27b,"The baht is the currency of Thailand. The capital of Thailand is Bangkok. Its first letter is B, and B is the symbol for Boron. The atomic number of Boron is 5.
Answer: 5",What is the atomic number of the chemical element whose symbol is the first letter of the capital city of the country whose currency is the baht?,1565547865
facts,default,5,cot,33,19,19,1,-1,0,0,stop,295,219,qwen3.6-27b,"The afghani is the currency of Afghanistan. The capital of Afghanistan is Kabul. Its first letter is K, and K is the chemical symbol for Potassium. The atomic number of Potassium is 19.

Answer: 19",What is the atomic number of the chemical element whose symbol is the first letter of the capital city of the country whose currency is the afghani?,710372815
facts,default,5,cot,34,19,19,1,-1,0,0,stop,548,496,qwen3.6-27b,"The hryvnia is the currency of Ukraine. The capital of Ukraine is Kyiv. Its first letter is K, and K is the symbol for Potassium. The atomic number of Potassium is 19.

Answer: 19",What is the atomic number of the chemical element whose symbol is the first letter of the capital city of the country whose currency is the hryvnia?,3023304812
facts,default,5,cot,35,23,23,1,-1,0,0,stop,803,749,qwen3.6-27b,"The kip is the currency of Laos. The capital of Laos is Vientiane. Its first letter is V, and V is the symbol for Vanadium. The atomic number of Vanadium is 23.
Answer: 23",What is the atomic number of the chemical element whose symbol is the first letter of the capital city of the country whose currency is the kip?,3275016442
facts,default,5,cot,36,16,16,1,-1,0,0,stop,1019,887,qwen3.6-27b,"The won is the currency of South Korea. The capital of South Korea is Seoul. Its first letter is S, and S is the symbol for Sulfur. The atomic number of Sulfur is 16.
Answer: 16",What is the atomic number of the chemical element whose symbol is the first letter of the capital city of the country whose currency is the won?,1513986368
facts,default,5,cot,37,39,7,0,-1,0,0,stop,487,395,qwen3.6-27b,"The kyat is the currency of Myanmar. The capital of Myanmar is Naypyidaw. Its first letter is N, and N is the chemical symbol for Nitrogen. The atomic number of Nitrogen is 7.
Answer: 7",What is the atomic number of the chemical element whose symbol is the first letter of the capital city of the country whose currency is the kyat?,758819286
facts,default,5,cot,38,39,7,0,-1,0,0,stop,1276,1224,qwen3.6-27b,"The kyat is the currency of Myanmar. The capital of Myanmar is Naypyidaw. Its first letter is N, and N is the chemical symbol for Nitrogen. The atomic number of Nitrogen is 7.

Answer: 7",What is the atomic number of the chemical element whose symbol is the first letter of the capital city of the country whose currency is the kyat?,3179656263
facts,default,5,cot,39,5,5,1,-1,0,0,stop,919,796,qwen3.6-27b,"The leu is the currency of Romania. The capital of Romania is Bucharest. Its first letter is B, and B is the symbol for Boron. The atomic number of Boron is 5.
Answer: 5",What is the atomic number of the chemical element whose symbol is the first letter of the capital city of the country whose currency is the leu?,3397551313
facts,default,5,cot,40,16,16,1,-1,0,0,stop,1733,1529,qwen3.6-27b,"The krona is the currency of Sweden. The capital of Sweden is Stockholm. Its first letter is S, and S is the symbol for Sulfur. The atomic number of Sulfur is 16.
Answer: 16",What is the atomic number of the chemical element whose symbol is the first letter of the capital city of the country whose currency is the krona?,4229933746
facts,default,5,cot,41,16,16,1,-1,0,0,stop,1407,1250,qwen3.6-27b,"The won is the currency of South Korea. The capital of South Korea is Seoul. Its first letter is S, and S is the symbol for Sulfur. The atomic number of Sulfur is 16.
Answer: 16",What is the atomic number of the chemical element whose symbol is the first letter of the capital city of the country whose currency is the won?,2333645348
facts,default,5,cot,42,5,The,0,-1,0,0,error,895,882,qwen3.6-27b,The yuan is the currency of China. The capital of,What is the atomic number of the chemical element whose symbol is the first letter of the capital city of the country whose currency is the yuan?,303156126
facts,default,5,cot,43,5,5,1,-1,0,0,stop,717,669,qwen3.6-27b,"The baht is the currency of Thailand. The capital of Thailand is Bangkok. Its first letter is B, and B is the symbol for Boron. The atomic number of Boron is 5.
Answer: 5",What is the atomic number of the chemical element whose symbol is the first letter of the capital city of the country whose currency is the baht?,1696004872
facts,default,5,cot,44,5,5,1,-1,0,0,stop,794,677,qwen3.6-27b,"The leu is the currency of Romania. The capital of Romania is Bucharest. Its first letter is B, and B is the symbol for Boron. The atomic number of Boron is 5.
Answer: 5",What is the atomic number of the chemical element whose symbol is the first letter of the capital city of the country whose currency is the leu?,4218580651
facts,default,5,cot,45,23,23,1,-1,0,0,stop,458,407,qwen3.6-27b,"The kip is the currency of Laos. The capital of Laos is Vientiane. Its first letter is V, and V is the symbol for Vanadium. The atomic number of Vanadium is 23.

Answer: 23",What is the atomic number of the chemical element whose symbol is the first letter of the capital city of the country whose currency is the kip?,2356502077
facts,default,5,cot,46,1,1,1,-1,0,0,stop,324,276,qwen3.6-27b,"The dong is the currency of Vietnam. The capital of Vietnam is Hanoi. Its first letter is H, and H is the symbol for Hydrogen. The atomic number of Hydrogen is 1.

Answer: 1",What is the atomic number of the chemical element whose symbol is the first letter of the capital city of the country whose currency is the dong?,360451975
facts,default,5,cot,47,5,5,1,-1,0,0,stop,866,746,qwen3.6-27b,"The baht is the currency of Thailand. The capital of Thailand is Bangkok. Its first letter is B, and B is the symbol for Boron. The atomic number of Boron is 5.
Answer: 5",What is the atomic number of the chemical element whose symbol is the first letter of the capital city of the country whose currency is the baht?,1652244241
facts,default,5,cot,48,39,39,1,-1,0,0,stop,291,236,qwen3.6-27b,"The dram is the currency of Armenia. The capital of Armenia is Yerevan. Its first letter is Y, and Y is the symbol for Yttrium. The atomic number of Yttrium is 39.
Answer: 39",What is the atomic number of the chemical element whose symbol is the first letter of the capital city of the country whose currency is the dram?,4072940160
facts,default,5,cot,49,15,15,1,-1,0,0,stop,1067,947,qwen3.6-27b,"The riel is the currency of Cambodia. The capital of Cambodia is Phnom Penh. Its first letter is P, which is the chemical symbol for Phosphorus. The atomic number of Phosphorus is 15.
Answer: 15",What is the atomic number of the chemical element whose symbol is the first letter of the capital city of the country whose currency is the riel?,2244153878
facts,default,5,cot,50,5,5,1,-1,0,0,stop,493,421,qwen3.6-27b,"The forint is the currency of Hungary. The capital of Hungary is Budapest. Its first letter is B, which is the chemical symbol for Boron. The atomic number of Boron is 5.

Answer: 5",What is the atomic number of the chemical element whose symbol is the first letter of the capital city of the country whose currency is the forint?,3842284531
facts,default,5,cot,51,15,15,1,-1,0,0,stop,1324,1126,qwen3.6-27b,"The rand is the currency of South Africa. The executive capital of South Africa is Pretoria. Its first letter is P, and P is the symbol for Phosphorus. The atomic number of Phosphorus is 15.

Answer: 15",What is the atomic number of the chemical element whose symbol is the first letter of the capital city of the country whose currency is the rand?,2449714021
facts,default,5,cot,52,16,16,1,-1,0,0,stop,1450,1398,qwen3.6-27b,"The krona is the currency of Sweden. The capital of Sweden is Stockholm. Its first letter is S, and S is the symbol for Sulfur. The atomic number of Sulfur is 16.
Answer: 16",What is the atomic number of the chemical element whose symbol is the first letter of the capital city of the country whose currency is the krona?,185268959
facts,default,5,cot,53,1,1,1,-1,0,0,stop,931,880,qwen3.6-27b,"The dong is the currency of Vietnam. The capital of Vietnam is Hanoi. Its first letter is H, which is the chemical symbol for Hydrogen. The atomic number of Hydrogen is 1.

Answer: 1",What is the atomic number of the chemical element whose symbol is the first letter of the capital city of the country whose currency is the dong?,2081278537
facts,default,5,cot,54,23,23,1,-1,0,0,stop,1296,1146,qwen3.6-27b,"The kip is the currency of Laos. The capital of Laos is Vientiane. Its first letter is V, and V is the chemical symbol for Vanadium. The atomic number of Vanadium is 23.

Answer: 23",What is the atomic number of the chemical element whose symbol is the first letter of the capital city of the country whose currency is the kip?,3798556650
facts,default,5,cot,55,16,16,1,-1,0,0,stop,1211,1075,qwen3.6-27b,"The currency ""lev"" is used in Bulgaria. The capital city of Bulgaria is Sofia. The first letter of Sofia is ""S"". The chemical element with the symbol ""S"" is Sulfur. The atomic number of Sulfur is 16.

Answer: 16",What is the atomic number of the chemical element whose symbol is the first letter of the capital city of the country whose currency is the lev?,2507042684
facts,default,5,cot,56,16,,0,-1,0,0,length,4000,4000,qwen3.6-27b,,What is the atomic number of the chemical element whose symbol is the first letter of the capital city of the country whose currency is the lev?,208092870
facts,default,5,cot,57,39,7,0,-1,0,0,stop,472,421,qwen3.6-27b,"The kyat is the currency of Myanmar. The capital of Myanmar is Naypyidaw. Its first letter is N, and N is the symbol for Nitrogen. The atomic number of Nitrogen is 7.
Answer: 7",What is the atomic number of the chemical element whose symbol is the first letter of the capital city of the country whose currency is the kyat?,2069892688
facts,default,5,cot,58,23,23,1,-1,0,0,stop,763,709,qwen3.6-27b,"The kip is the currency of Laos. The capital of Laos is Vientiane. Its first letter is V, and V is the symbol for Vanadium. The atomic number of Vanadium is 23.
Answer: 23",What is the atomic number of the chemical element whose symbol is the first letter of the capital city of the country whose currency is the kip?,3957265345
facts,default,5,cot,59,39,39,1,-1,0,0,stop,1382,1327,qwen3.6-27b,"The dram is the currency of Armenia. The capital of Armenia is Yerevan. Its first letter is Y, and Y is the symbol for Yttrium. The atomic number of Yttrium is 39.
Answer: 39",What is the atomic number of the chemical element whose symbol is the first letter of the capital city of the country whose currency is the dram?,2631410519
facts,default,5,cot,60,39,7,0,-1,0,0,stop,836,785,qwen3.6-27b,"The kyat is the currency of Myanmar. The capital of Myanmar is Naypyidaw. Its first letter is N, and N is the symbol for Nitrogen. The atomic number of Nitrogen is 7.

Answer: 7",What is the atomic number of the chemical element whose symbol is the first letter of the capital city of the country whose currency is the kyat?,3458844720
facts,default,5,cot,61,16,16,1,-1,0,0,stop,559,508,qwen3.6-27b,"The lev is the currency of Bulgaria. The capital of Bulgaria is Sofia. Its first letter is S, and S is the symbol for Sulfur. The atomic number of Sulfur is 16.

Answer: 16",What is the atomic number of the chemical element whose symbol is the first letter of the capital city of the country whose currency is the lev?,3106863270
facts,default,5,cot,62,19,19,1,-1,0,0,stop,287,232,qwen3.6-27b,"The afghani is the currency of Afghanistan. The capital of Afghanistan is Kabul. Its first letter is K, and K is the chemical symbol for Potassium. The atomic number of Potassium is 19.

Answer: 19",What is the atomic number of the chemical element whose symbol is the first letter of the capital city of the country whose currency is the afghani?,539470108
facts,default,5,cot,63,16,16,1,-1,0,0,stop,1113,1008,qwen3.6-27b,"The won is the currency of South Korea. The capital of South Korea is Seoul. Its first letter is S, and S is the symbol for Sulfur. The atomic number of Sulfur is 16.
Answer: 16",What is the atomic number of the chemical element whose symbol is the first letter of the capital city of the country whose currency is the won?,1461754250
facts,default,5,cot,64,5,5,1,-1,0,0,stop,764,716,qwen3.6-27b,"The forint is the currency of Hungary. The capital of Hungary is Budapest. Its first letter is B, and B is the chemical symbol for Boron. The atomic number of Boron is 5.

Answer: 5",What is the atomic number of the chemical element whose symbol is the first letter of the capital city of the country whose currency is the forint?,3376679977
facts,default,5,cot,65,39,,0,-1,0,0,length,4000,4000,qwen3.6-27b,,What is the atomic number of the chemical element whose symbol is the first letter of the capital city of the country whose currency is the kyat?,3192077503
facts,default,5,cot,66,15,15,1,-1,0,0,stop,1189,1084,qwen3.6-27b,"The rand is the currency of South Africa. The executive capital of South Africa is Pretoria. Its first letter is P, which is the chemical symbol for Phosphorus. The atomic number of Phosphorus is 15.

Answer: 15",What is the atomic number of the chemical element whose symbol is the first letter of the capital city of the country whose currency is the rand?,659188997
facts,default,5,cot,67,5,5,1,-1,0,0,stop,476,392,qwen3.6-27b,"The baht is the currency of Thailand. The capital of Thailand is Bangkok. Its first letter is B, and B is the symbol for Boron. The atomic number of Boron is 5.
Answer: 5",What is the atomic number of the chemical element whose symbol is the first letter of the capital city of the country whose currency is the baht?,1347247507
facts,default,5,cot,68,1,1,1,-1,0,0,stop,772,723,qwen3.6-27b,"The dong is the currency of Vietnam. The capital of Vietnam is Hanoi. Its first letter is H, and H is the chemical symbol for Hydrogen. The atomic number of Hydrogen is 1.

Answer: 1",What is the atomic number of the chemical element whose symbol is the first letter of the capital city of the country whose currency is the dong?,3237101570
facts,default,5,cot,69,23,23,1,-1,0,0,stop,392,341,qwen3.6-27b,"The kip is the currency of Laos. The capital of Laos is Vientiane. Its first letter is V, and V is the symbol for Vanadium. The atomic number of Vanadium is 23.

Answer: 23",What is the atomic number of the chemical element whose symbol is the first letter of the capital city of the country whose currency is the kip?,3086315668
facts,default,5,cot,70,6,6,1,-1,0,0,stop,278,232,qwen3.6-27b,"The bolívar is the currency of Venezuela. The capital of Venezuela is Caracas. Its first letter is C, and C is the symbol for Carbon. The atomic number of Carbon is 6.

Answer: 6",What is the atomic number of the chemical element whose symbol is the first letter of the capital city of the country whose currency is the bolivar?,3610442097
facts,default,5,cot,71,19,19,1,-1,0,0,stop,308,248,qwen3.6-27b,"The hryvnia is the currency of Ukraine. The capital of Ukraine is Kyiv (also spelled Kiev). Its first letter is K, and K is the chemical symbol for Potassium. The atomic number of Potassium is 19.

Answer: 19",What is the atomic number of the chemical element whose symbol is the first letter of the capital city of the country whose currency is the hryvnia?,2687879655
facts,default,5,cot,72,1,1,1,-1,0,0,stop,694,617,qwen3.6-27b,"The dong is the currency of Vietnam. The capital of Vietnam is Hanoi. Its first letter is H, and H is the symbol for Hydrogen. The atomic number of Hydrogen is 1.
Answer: 1",What is the atomic number of the chemical element whose symbol is the first letter of the capital city of the country whose currency is the dong?,960272477
facts,default,5,cot,73,6,6,1,-1,0,0,stop,271,216,qwen3.6-27b,"The bolívar is the currency of Venezuela. The capital of Venezuela is Caracas. Its first letter is C, and C is the symbol for Carbon. The atomic number of Carbon is 6.

Answer: 6",What is the atomic number of the chemical element whose symbol is the first letter of the capital city of the country whose currency is the bolivar?,1312532683
facts,default,5,cot,74,19,19,1,-1,0,0,stop,297,216,qwen3.6-27b,"The hryvnia is the currency of Ukraine. The capital of Ukraine is Kyiv. Its first letter is K, and K is the chemical symbol for Potassium. The atomic number of Potassium is 19.

Answer: 19",What is the atomic number of the chemical element whose symbol is the first letter of the capital city of the country whose currency is the hryvnia?,3495902568
facts,default,5,cot,75,74,74,1,-1,0,0,stop,905,854,qwen3.6-27b,"The zloty is the currency of Poland. The capital of Poland is Warsaw. Its first letter is W, which is the chemical symbol for tungsten. The atomic number of tungsten is 74.

Answer: 74",What is the atomic number of the chemical element whose symbol is the first letter of the capital city of the country whose currency is the zloty?,2807565822
facts,default,5,cot,76,16,16,1,-1,0,0,stop,1334,1278,qwen3.6-27b,"The won is the currency of South Korea. The capital of South Korea is Seoul. Its first letter is S, and S is the symbol for Sulfur. The atomic number of Sulfur is 16.
Answer: 16",What is the atomic number of the chemical element whose symbol is the first letter of the capital city of the country whose currency is the won?,1045519428
facts,default,5,cot,77,39,7,0,-1,0,0,stop,630,519,qwen3.6-27b,"The kyat is the currency of Myanmar. The capital of Myanmar is Naypyidaw. Its first letter is N, and N is the symbol for Nitrogen. The atomic number of Nitrogen is 7.

Answer: 7",What is the atomic number of the chemical element whose symbol is the first letter of the capital city of the country whose currency is the kyat?,1230400722
facts,default,5,cot,78,23,23,1,-1,0,0,stop,1027,975,qwen3.6-27b,"The kip is the currency of Laos. The capital of Laos is Vientiane. Its first letter is V, and V is the chemical symbol for Vanadium. The atomic number of Vanadium is 23.

Answer: 23",What is the atomic number of the chemical element whose symbol is the first letter of the capital city of the country whose currency is the kip?,3655954755
facts,default,5,cot,79,19,19,1,-1,0,0,stop,749,656,qwen3.6-27b,"The afghani is the currency of Afghanistan. The capital of Afghanistan is Kabul. Its first letter is K, and K is the chemical symbol for Potassium. The atomic number of Potassium is 19.

Answer: 19",What is the atomic number of the chemical element whose symbol is the first letter of the capital city of the country whose currency is the afghani?,2934850005
facts,default,5,cot,80,19,19,1,-1,0,0,stop,1200,1148,qwen3.6-27b,"The hryvnia is the currency of Ukraine. The capital of Ukraine is Kyiv. Its first letter is K, and K is the symbol for Potassium. The atomic number of Potassium is 19.
Answer: 19",What is the atomic number of the chemical element whose symbol is the first letter of the capital city of the country whose currency is the hryvnia?,1353377214
facts,default,5,cot,81,5,5,1,-1,0,0,stop,796,672,qwen3.6-27b,"The leu is the currency of Romania. The capital of Romania is Bucharest. Its first letter is B, and B is the symbol for Boron. The atomic number of Boron is 5.
Answer: 5",What is the atomic number of the chemical element whose symbol is the first letter of the capital city of the country whose currency is the leu?,665703720
facts,default,5,cot,82,5,5,1,-1,0,0,stop,640,592,qwen3.6-27b,"The baht is the currency of Thailand. The capital of Thailand is Bangkok. Its first letter is B, and B is the symbol for Boron. The atomic number of Boron is 5.
Answer: 5",What is the atomic number of the chemical element whose symbol is the first letter of the capital city of the country whose currency is the baht?,3198452882
facts,default,5,cot,83,1,1,1,-1,0,0,stop,438,374,qwen3.6-27b,"The dong is the currency of Vietnam. The capital of Vietnam is Hanoi. Its first letter is H, and H is the symbol for Hydrogen. The atomic number of Hydrogen is 1.
Answer: 1",What is the atomic number of the chemical element whose symbol is the first letter of the capital city of the country whose currency is the dong?,3382948868
facts,default,5,cot,84,16,16,1,-1,0,0,stop,1096,958,qwen3.6-27b,"The krona is the currency of Sweden. The capital of Sweden is Stockholm. Its first letter is S, which is the chemical symbol for Sulfur. The atomic number of Sulfur is 16.

Answer: 16",What is the atomic number of the chemical element whose symbol is the first letter of the capital city of the country whose currency is the krona?,1472668071
facts,default,5,cot,85,1,1,1,-1,0,0,stop,690,588,qwen3.6-27b,"The dong is the currency of Vietnam. The capital of Vietnam is Hanoi. Its first letter is H, and H is the symbol for Hydrogen. The atomic number of Hydrogen is 1.

Answer: 1",What is the atomic number of the chemical element whose symbol is the first letter of the capital city of the country whose currency is the dong?,549458225
facts,default,5,cot,86,5,5,1,-1,0,0,stop,718,656,qwen3.6-27b,"The forint is the currency of Hungary. The capital of Hungary is Budapest. Its first letter is B, and B is the symbol for Boron. The atomic number of Boron is 5.
Answer: 5",What is the atomic number of the chemical element whose symbol is the first letter of the capital city of the country whose currency is the forint?,3116974219
facts,default,5,cot,87,16,16,1,-1,0,0,stop,1244,1188,qwen3.6-27b,"The won is the currency of South Korea. The capital of South Korea is Seoul. Its first letter is S, and S is the symbol for Sulfur. The atomic number of Sulfur is 16.

Answer: 16",What is the atomic number of the chemical element whose symbol is the first letter of the capital city of the country whose currency is the won?,3469635613
facts,default,5,cot,88,16,16,1,-1,0,0,stop,1147,1051,qwen3.6-27b,"The won is the currency of South Korea. The capital of South Korea is Seoul. Its first letter is S, and S is the symbol for Sulfur. The atomic number of Sulfur is 16.
Answer: 16",What is the atomic number of the chemical element whose symbol is the first letter of the capital city of the country whose currency is the won?,1584491916
facts,default,5,cot,89,19,19,1,-1,0,0,stop,833,780,qwen3.6-27b,"The hryvnia is the currency of Ukraine. The capital of Ukraine is Kyiv. Its first letter is K, and K is the chemical symbol for Potassium. The atomic number of Potassium is 19.
Answer: 19",What is the atomic number of the chemical element whose symbol is the first letter of the capital city of the country whose currency is the hryvnia?,695622938
facts,default,5,cot,90,19,19,1,-1,0,0,stop,288,232,qwen3.6-27b,"The hryvnia is the currency of Ukraine. The capital of Ukraine is Kyiv. Its first letter is K, and K is the chemical symbol for Potassium. The atomic number of Potassium is 19.

Answer: 19",What is the atomic number of the chemical element whose symbol is the first letter of the capital city of the country whose currency is the hryvnia?,1236391167
facts,default,5,cot,91,39,7,0,-1,0,0,stop,1099,1048,qwen3.6-27b,"The kyat is the currency of Myanmar. The capital of Myanmar is Naypyidaw. Its first letter is N, and N is the symbol for Nitrogen. The atomic number of Nitrogen is 7.
Answer: 7",What is the atomic number of the chemical element whose symbol is the first letter of the capital city of the country whose currency is the kyat?,1052173417
facts,default,5,cot,92,74,74,1,-1,0,0,stop,278,202,qwen3.6-27b,"The zloty is the currency of Poland. The capital of Poland is Warsaw. Its first letter is W, and W is the chemical symbol for Tungsten. The atomic number of Tungsten is 74.

Answer: 74",What is the atomic number of the chemical element whose symbol is the first letter of the capital city of the country whose currency is the zloty?,2814358995
facts,default,5,cot,93,15,,0,-1,0,0,length,4000,4000,qwen3.6-27b,,What is the atomic number of the chemical element whose symbol is the first letter of the capital city of the country whose currency is the rand?,3501753669
facts,default,5,cot,94,19,19,1,-1,0,0,stop,676,587,qwen3.6-27b,"The afghani is the currency of Afghanistan. The capital of Afghanistan is Kabul. Its first letter is K, and K is the chemical symbol for Potassium. The atomic number of Potassium is 19.

Answer: 19",What is the atomic number of the chemical element whose symbol is the first letter of the capital city of the country whose currency is the afghani?,1323045094
facts,default,5,cot,95,15,15,1,-1,0,0,stop,730,675,qwen3.6-27b,"The riel is the currency of Cambodia. The capital of Cambodia is Phnom Penh. Its first letter is P, and P is the symbol for Phosphorus. The atomic number of Phosphorus is 15.

Answer: 15",What is the atomic number of the chemical element whose symbol is the first letter of the capital city of the country whose currency is the riel?,970662000
facts,default,5,cot,96,39,7,0,-1,0,0,stop,286,232,qwen3.6-27b,"The kyat is the currency of Myanmar. The capital of Myanmar is Naypyidaw. Its first letter is N, and N is the symbol for Nitrogen. The atomic number of Nitrogen is 7.
Answer: 7",What is the atomic number of the chemical element whose symbol is the first letter of the capital city of the country whose currency is the kyat?,2698146250
facts,default,5,cot,97,1,1,1,-1,0,0,stop,419,371,qwen3.6-27b,"The dong is the currency of Vietnam. The capital of Vietnam is Hanoi. Its first letter is H, and H is the symbol for Hydrogen. The atomic number of Hydrogen is 1.
Answer: 1",What is the atomic number of the chemical element whose symbol is the first letter of the capital city of the country whose currency is the dong?,3621077340
facts,default,5,cot,98,15,15,1,-1,0,0,stop,87698,11430,qwen3.6-27b,"The user wants to find the atomic number of a chemical element based on a riddle.

1.  **Identify the currency:** The currency is the ""rand"".
2.  **Identify the country:** The rand is the currency of South Africa.
3.  **Identify the capital city:** South Africa has three capital cities:
    *   Pretoria (Executive/Administrative)
    *   Cape Town (Legislative)
    *   Bloemfontein (Judicial)
    *   Usually, in these types of riddles, if there are multiple capitals, the ""administrative"" or ""executive"" capital is the default, or the one most commonly cited as *the* capital in general contexts. Pretoria is the most common answer for ""capital of South Africa"".
4.  **Identify the first letter of the capital city:**
    *   If Pretoria: 'P'
    *   If Cape Town: 'C'
    *   If Bloemfontein: 'B'
5.  **Identify the chemical element symbol:**
    *   'P' corresponds to Phosphorus.
    *   'C' corresponds to Carbon.
    *   'B' corresponds to Boron.
6.  **Find the atomic number:**
    *   Phosphorus (P): 15
    *   Carbon (C): 6
    *   Boron (B): 5

Let's check the context of previous examples.
- Dong -> Vietnam -> Hanoi -> H -> Hydrogen -> 1.
- Manat -> Azerbaijan -> Baku -> B -> Boron -> 5.
- Riel -> Cambodia -> Phnom Penh -> P -> Phosphorus -> 15.

The pattern is straightforward. The ambiguity lies in South Africa's capitals.
Pretoria is the executive capital and is widely considered the capital in general trivia unless specified otherwise.
Let's assume Pretoria.
First letter: P.
Element: Phosphorus.
Atomic number: 15.

Let's double-check if there are other countries with the Rand.
- South Africa is the primary user.
- The Common Monetary Area involves Lesotho, Namibia, and Eswatini, but they have their own currencies pegged to the Rand (Loti, Dollar, Lilangeni). So ""the country whose currency is the rand"" refers specifically to South Africa.

So, Country = South Africa.
Capital = Pretoria (most likely intended).
Letter = P.
Element = Phosphorus.
Atomic Number = 15.

Al",What is the atomic number of the chemical element whose symbol is the first letter of the capital city of the country whose currency is the rand?,1198152909
facts,default,5,cot,99,5,5,1,-1,0,0,stop,1246,1197,qwen3.6-27b,"The leu is the currency of Romania. The capital of Romania is Bucharest. Its first letter is B, and B is the symbol for Boron. The atomic number of Boron is 5.
Answer: 5",What is the atomic number of the chemical element whose symbol is the first letter of the capital city of the country whose currency is the leu?,812477531
facts,default,5,cot,100,15,15,1,-1,0,0,stop,1147,1035,qwen3.6-27b,"The koruna is the currency of the Czech Republic. The capital of the Czech Republic is Prague. Its first letter is P, and P is the chemical symbol for Phosphorus. The atomic number of Phosphorus is 15.
Answer: 15",What is the atomic number of the chemical element whose symbol is the first letter of the capital city of the country whose currency is the koruna?,3615740096
facts,default,5,cot,101,74,74,1,-1,0,0,stop,276,199,qwen3.6-27b,"The zloty is the currency of Poland. The capital of Poland is Warsaw. Its first letter is W, and W is the chemical symbol for Tungsten. The atomic number of Tungsten is 74.

Answer: 74",What is the atomic number of the chemical element whose symbol is the first letter of the capital city of the country whose currency is the zloty?,2693062742
facts,default,5,cot,102,19,19,1,-1,0,0,stop,617,499,qwen3.6-27b,"The hryvnia is the currency of Ukraine. The capital of Ukraine is Kyiv. Its first letter is K, and K is the symbol for Potassium. The atomic number of Potassium is 19.
Answer: 19",What is the atomic number of the chemical element whose symbol is the first letter of the capital city of the country whose currency is the hryvnia?,965587436
facts,default,5,cot,103,15,15,1,-1,0,0,stop,774,715,qwen3.6-27b,"The koruna is the currency of the Czech Republic. The capital of the Czech Republic is Prague. Its first letter is P, and P is the symbol for Phosphorus. The atomic number of Phosphorus is 15.
Answer: 15",What is the atomic number of the chemical element whose symbol is the first letter of the capital city of the country whose currency is the koruna?,1317699962
facts,default,5,cot,104,1,1,1,-1,0,0,stop,827,775,qwen3.6-27b,"The dong is the currency of Vietnam. The capital of Vietnam is Hanoi. The first letter of Hanoi is H, which is the symbol for the element Hydrogen. The atomic number of Hydrogen is 1.

Answer: 1",What is the atomic number of the chemical element whose symbol is the first letter of the capital city of the country whose currency is the dong?,3505263833
facts,default,5,cot,105,16,16,1,-1,0,0,stop,644,590,qwen3.6-27b,"The lev is the currency of Bulgaria. The capital city of Bulgaria is Sofia. The first letter of Sofia is S, which is the chemical symbol for Sulfur. The atomic number of Sulfur is 16.

Answer: 16",What is the atomic number of the chemical element whose symbol is the first letter of the capital city of the country whose currency is the lev?,2817074255
facts,default,5,cot,106,1,1,1,-1,0,0,stop,285,219,qwen3.6-27b,"The dong is the currency of Vietnam. The capital of Vietnam is Hanoi. Its first letter is H, and H is the symbol for Hydrogen. The atomic number of Hydrogen is 1.

Answer: 1",What is the atomic number of the chemical element whose symbol is the first letter of the capital city of the country whose currency is the dong?,1054897653
facts,default,5,cot,107,19,19,1,-1,0,0,stop,1153,1076,qwen3.6-27b,"The afghani is the currency of Afghanistan. The capital of Afghanistan is Kabul. Its first letter is K, and K is the symbol for Potassium. The atomic number of Potassium is 19.
Answer: 19",What is the atomic number of the chemical element whose symbol is the first letter of the capital city of the country whose currency is the afghani?,1239893347
facts,default,5,cot,108,39,39,1,-1,0,0,stop,307,251,qwen3.6-27b,"The dram is the currency of Armenia. The capital of Armenia is Yerevan. Its first letter is Y, and Y is the chemical symbol for Yttrium. The atomic number of Yttrium is 39.

Answer: 39",What is the atomic number of the chemical element whose symbol is the first letter of the capital city of the country whose currency is the dram?,3646445810
facts,default,5,cot,109,74,74,1,-1,0,0,stop,279,200,qwen3.6-27b,"The zloty is the currency of Poland. The capital of Poland is Warsaw. Its first letter is W, and W is the chemical symbol for Tungsten. The atomic number of Tungsten is 74.

Answer: 74",What is the atomic number of the chemical element whose symbol is the first letter of the capital city of the country whose currency is the zloty?,2925488228
facts,default,5,cot,110,5,5,1,-1,0,0,stop,752,705,qwen3.6-27b,"The forint is the currency of Hungary. The capital of Hungary is Budapest. Its first letter is B, and B is the symbol for Boron. The atomic number of Boron is 5.
Answer: 5",What is the atomic number of the chemical element whose symbol is the first letter of the capital city of the country whose currency is the forint?,3466125697
facts,default,5,cot,111,15,,0,-1,0,0,length,4000,4000,qwen3.6-27b,,What is the atomic number of the chemical element whose symbol is the first letter of the capital city of the country whose currency is the rand?,3114258711
facts,default,5,cot,112,15,,0,-1,0,0,length,4000,4000,qwen3.6-27b,,What is the atomic number of the chemical element whose symbol is the first letter of the capital city of the country whose currency is the koruna?,546734253
facts,default,5,cot,113,39,39,1,-1,0,0,stop,522,467,qwen3.6-27b,"The dram is the currency of Armenia. The capital of Armenia is Yerevan. Its first letter is Y, and Y is the symbol for Yttrium. The atomic number of Yttrium is 39.
Answer: 39",What is the atomic number of the chemical element whose symbol is the first letter of the capital city of the country whose currency is the dram?,1469165627
facts,default,5,cot,114,5,5,1,-1,0,0,stop,777,729,qwen3.6-27b,"The baht is the currency of Thailand. The capital of Thailand is Bangkok. Its first letter is B, and B is the symbol for Boron. The atomic number of Boron is 5.
Answer: 5",What is the atomic number of the chemical element whose symbol is the first letter of the capital city of the country whose currency is the baht?,3388286360
facts,default,5,cot,115,5,5,1,-1,0,0,stop,266,200,qwen3.6-27b,"The yuan is the currency of China. The capital of China is Beijing. Its first letter is B, and B is the chemical symbol for Boron. The atomic number of Boron is 5.

Answer: 5",What is the atomic number of the chemical element whose symbol is the first letter of the capital city of the country whose currency is the yuan?,3203536142
facts,default,5,cot,116,16,16,1,-1,0,0,stop,292,216,qwen3.6-27b,"The lev is the currency of Bulgaria. The capital of Bulgaria is Sofia. Its first letter is S, and S is the symbol for Sulfur. The atomic number of Sulfur is 16.

Answer: 16",What is the atomic number of the chemical element whose symbol is the first letter of the capital city of the country whose currency is the lev?,670778548
facts,default,5,cot,117,23,23,1,-1,0,0,stop,985,877,qwen3.6-27b,"The kip is the currency of Laos. The capital of Laos is Vientiane. Its first letter is V, and V is the symbol for Vanadium. The atomic number of Vanadium is 23.
Answer: 23",What is the atomic number of the chemical element whose symbol is the first letter of the capital city of the country whose currency is the kip?,1358722082
facts,default,5,cot,118,74,74,1,-1,0,0,stop,697,639,qwen3.6-27b,"The zloty is the currency of Poland. The capital of Poland is Warsaw. The first letter of Warsaw is W. The chemical element with the symbol W is Tungsten. The atomic number of Tungsten is 74.

Answer: 74",What is the atomic number of the chemical element whose symbol is the first letter of the capital city of the country whose currency is the zloty?,3225643443
facts,default,5,cot,119,15,15,1,-1,0,0,stop,2499,2232,qwen3.6-27b,"The rand is the currency of South Africa. South Africa has three capital cities, but the administrative and executive capital is Pretoria. The first letter of Pretoria is P. The chemical element with the symbol P is Phosphorus. The atomic number of Phosphorus is 15.

Answer: 15",What is the atomic number of the chemical element whose symbol is the first letter of the capital city of the country whose currency is the rand?,3074709797
facts,default,5,cot,120,15,15,1,-1,0,0,stop,1444,1290,qwen3.6-27b,"The koruna is the currency of the Czech Republic. The capital of the Czech Republic is Prague. Its first letter is P, and P is the chemical symbol for Phosphorus. The atomic number of Phosphorus is 15.

Answer: 15",What is the atomic number of the chemical element whose symbol is the first letter of the capital city of the country whose currency is the koruna?,3853890114
facts,default,5,cot,121,6,6,1,-1,0,0,stop,1002,953,qwen3.6-27b,"The bolívar is the currency of Venezuela. The capital of Venezuela is Caracas. Its first letter is C, which is the chemical symbol for Carbon. The atomic number of Carbon is 6.
Answer: 6",What is the atomic number of the chemical element whose symbol is the first letter of the capital city of the country whose currency is the bolivar?,2461172436
facts,default,5,cot,122,1,1,1,-1,0,0,stop,282,217,qwen3.6-27b,"The dong is the currency of Vietnam. The capital of Vietnam is Hanoi. Its first letter is H, and H is the symbol for Hydrogen. The atomic number of Hydrogen is 1.

Answer: 1",What is the atomic number of the chemical element whose symbol is the first letter of the capital city of the country whose currency is the dong?,196858734
facts,default,5,cot,123,15,15,1,-1,0,0,stop,847,761,qwen3.6-27b,"The koruna is the currency of the Czech Republic. The capital of the Czech Republic is Prague. Its first letter is P, and P is the symbol for Phosphorus. The atomic number of Phosphorus is 15.
Answer: 15",What is the atomic number of the chemical element whose symbol is the first letter of the capital city of the country whose currency is the koruna?,2092753912
facts,default,5,cot,124,15,15,1,-1,0,0,stop,974,919,qwen3.6-27b,"The riel is the currency of Cambodia. The capital of Cambodia is Phnom Penh. Its first letter is P, and P is the symbol for Phosphorus. The atomic number of Phosphorus is 15.
Answer: 15",What is the atomic number of the chemical element whose symbol is the first letter of the capital city of the country whose currency is the riel?,3805836891
facts,default,5,cot,125,5,5,1,-1,0,0,stop,2051,1946,qwen3.6-27b,"The forint is the currency of Hungary. The capital of Hungary is Budapest. Its first letter is B, and B is the symbol for Boron. The atomic number of Boron is 5.

Answer: 5",What is the atomic number of the chemical element whose symbol is the first letter of the capital city of the country whose currency is the forint?,2514437837
facts,default,5,cot,126,5,5,1,-1,0,0,stop,753,678,qwen3.6-27b,"The baht is the currency of Thailand. The capital of Thailand is Bangkok. The first letter of Bangkok is B, which is the chemical symbol for Boron. The atomic number of Boron is 5.

Answer: 5",What is the atomic number of the chemical element whose symbol is the first letter of the capital city of the country whose currency is the baht?,215357303
facts,default,5,cot,127,15,15,1,-1,0,0,stop,836,754,qwen3.6-27b,"The koruna is the currency of the Czech Republic. The capital of the Czech Republic is Prague. Its first letter is P, and P is the symbol for Phosphorus. The atomic number of Phosphorus is 15.
Answer: 15",What is the atomic number of the chemical element whose symbol is the first letter of the capital city of the country whose currency is the koruna?,2077304801
facts,default,5,cot,128,39,39,1,-1,0,0,stop,760,616,qwen3.6-27b,"The dram is the currency of Armenia. The capital of Armenia is Yerevan. Its first letter is Y, and Y is the symbol for Yttrium. The atomic number of Yttrium is 39.
Answer: 39",What is the atomic number of the chemical element whose symbol is the first letter of the capital city of the country whose currency is the dram?,3949869680
facts,default,5,cot,129,39,39,1,-1,0,0,stop,307,220,qwen3.6-27b,"The dram is the currency of Armenia. The capital of Armenia is Yerevan. Its first letter is Y, and Y is the chemical symbol for Yttrium. The atomic number of Yttrium is 39.

Answer: 39",What is the atomic number of the chemical element whose symbol is the first letter of the capital city of the country whose currency is the dram?,2624129766
facts,default,5,cot,130,5,5,1,-1,0,0,stop,827,715,qwen3.6-27b,"The manat is the currency of Azerbaijan. The capital of Azerbaijan is Baku. Its first letter is B, and B is the chemical symbol for Boron. The atomic number of Boron is 5.

Answer: 5",What is the atomic number of the chemical element whose symbol is the first letter of the capital city of the country whose currency is the manat?,4239295235
facts,default,5,cot,131,19,19,1,-1,0,0,stop,780,728,qwen3.6-27b,"The hryvnia is the currency of Ukraine. The capital of Ukraine is Kyiv. Its first letter is K, and K is the symbol for Potassium. The atomic number of Potassium is 19.
Answer: 19",What is the atomic number of the chemical element whose symbol is the first letter of the capital city of the country whose currency is the hryvnia?,2343154581
facts,default,5,cot,132,39,39,1,-1,0,0,stop,950,802,qwen3.6-27b,"The dram is the currency of Armenia. The capital of Armenia is Yerevan. Its first letter is Y, which is the chemical symbol for Yttrium. The atomic number of Yttrium is 39.
Answer: 39",What is the atomic number of the chemical element whose symbol is the first letter of the capital city of the country whose currency is the dram?,312533551
facts,default,5,cot,133,15,,0,-1,0,0,length,4000,3815,qwen3.6-27b,,What is the atomic number of the chemical element whose symbol is the first letter of the capital city of the country whose currency is the rand?,1705497273
facts,default,5,cot,134,15,15,1,-1,0,0,stop,303,248,qwen3.6-27b,"The riel is the currency of Cambodia. The capital of Cambodia is Phnom Penh. Its first letter is P, and P is the symbol for Phosphorus. The atomic number of Phosphorus is 15.
Answer: 15",What is the atomic number of the chemical element whose symbol is the first letter of the capital city of the country whose currency is the riel?,4223878938
facts,default,5,cot,135,5,5,1,-1,0,0,stop,1129,1076,qwen3.6-27b,"The baht is the currency of Thailand. The capital city of Thailand is Bangkok. The first letter of Bangkok is **B**, which is the chemical symbol for **Boron**. The atomic number of Boron is 5.

Answer: 5",What is the atomic number of the chemical element whose symbol is the first letter of the capital city of the country whose currency is the baht?,2361685900
facts,default,5,cot,136,16,,0,-1,0,0,length,4000,4000,qwen3.6-27b,,What is the atomic number of the chemical element whose symbol is the first letter of the capital city of the country whose currency is the krona?,365766198
facts,default,5,cot,137,19,19,1,-1,0,0,stop,298,218,qwen3.6-27b,"The hryvnia is the currency of Ukraine. The capital of Ukraine is Kyiv. Its first letter is K, which is the chemical symbol for Potassium. The atomic number of Potassium is 19.

Answer: 19",What is the atomic number of the chemical element whose symbol is the first letter of the capital city of the country whose currency is the hryvnia?,1657411232
facts,default,5,cot,138,19,19,1,-1,0,0,stop,1194,1003,qwen3.6-27b,"The hryvnia is the currency of Ukraine. The capital city of Ukraine is Kyiv. The first letter of Kyiv is K. The chemical element with the symbol K is Potassium. The atomic number of Potassium is 19.

Answer: 19",What is the atomic number of the chemical element whose symbol is the first letter of the capital city of the country whose currency is the hryvnia?,4067756849
facts,default,5,cot,139,16,16,1,-1,0,0,stop,287,208,qwen3.6-27b,"The lev is the currency of Bulgaria. The capital of Bulgaria is Sofia. Its first letter is S, and S is the symbol for Sulfur. The atomic number of Sulfur is 16.
Answer: 16",What is the atomic number of the chemical element whose symbol is the first letter of the capital city of the country whose currency is the lev?,2238856103
facts,default,5,cot,140,15,15,1,-1,0,0,stop,861,804,qwen3.6-27b,"The koruna is the currency of the Czech Republic. The capital of the Czech Republic is Prague. Its first letter is P, and P is the chemical symbol for Phosphorus. The atomic number of Phosphorus is 15.
Answer: 15",What is the atomic number of the chemical element whose symbol is the first letter of the capital city of the country whose currency is the koruna?,3018790340
facts,default,5,cot,141,19,,0,-1,0,0,length,4000,3357,qwen3.6-27b,,What is the atomic number of the chemical element whose symbol is the first letter of the capital city of the country whose currency is the hryvnia?,3303548242
facts,default,5,cot,142,16,16,1,-1,0,0,stop,1267,1103,qwen3.6-27b,"The won is the currency of South Korea. The capital of South Korea is Seoul. Its first letter is S, and S is the symbol for Sulfur. The atomic number of Sulfur is 16.
Answer: 16",What is the atomic number of the chemical element whose symbol is the first letter of the capital city of the country whose currency is the won?,1575056616
facts,default,5,cot,143,39,7,0,-1,0,0,stop,81974,81920,qwen3.6-27b,"The kyat is the currency of Myanmar. The capital of Myanmar is Naypyidaw. Its first letter is N, and N is the symbol for Nitrogen. The atomic number of Nitrogen is 7.

Answer: 7",What is the atomic number of the chemical element whose symbol is the first letter of the capital city of the country whose currency is the kyat?,719733886
facts,default,5,cot,144,74,74,1,-1,0,0,stop,314,234,qwen3.6-27b,"The zloty is the currency of Poland. The capital of Poland is Warsaw. Its first letter is W, and W is the symbol for Tungsten. The atomic number of Tungsten is 74.

Answer: 74",What is the atomic number of the chemical element whose symbol is the first letter of the capital city of the country whose currency is the zloty?,3028472285
facts,default,5,cot,145,1,1,1,-1,0,0,stop,268,220,qwen3.6-27b,"The dong is the currency of Vietnam. The capital of Vietnam is Hanoi. Its first letter is H, and H is the symbol for Hydrogen. The atomic number of Hydrogen is 1.
Answer: 1",What is the atomic number of the chemical element whose symbol is the first letter of the capital city of the country whose currency is the dong?,3280331083
facts,default,5,cot,146,5,5,1,-1,0,0,stop,904,841,qwen3.6-27b,"The baht is the currency of Thailand. The capital of Thailand is Bangkok. Its first letter is B, which is the chemical symbol for Boron. The atomic number of Boron is 5.

Answer: 5",What is the atomic number of the chemical element whose symbol is the first letter of the capital city of the country whose currency is the baht?,1519169777
facts,default,5,cot,147,5,5,1,-1,0,0,stop,478,431,qwen3.6-27b,"The forint is the currency of Hungary. The capital of Hungary is Budapest. Its first letter is B, and B is the symbol for Boron. The atomic number of Boron is 5.
Answer: 5",What is the atomic number of the chemical element whose symbol is the first letter of the capital city of the country whose currency is the forint?,764117095
facts,default,5,cot,148,6,6,1,-1,0,0,stop,765,719,qwen3.6-27b,"The bolivar is the currency of Venezuela. The capital of Venezuela is Caracas. Its first letter is C, and C is the symbol for Carbon. The atomic number of Carbon is 6.
Answer: 6",What is the atomic number of the chemical element whose symbol is the first letter of the capital city of the country whose currency is the bolivar?,3174342134
facts,default,5,cot,149,39,7,0,-1,0,0,stop,376,298,qwen3.6-27b,"The kyat is the currency of Myanmar. The capital of Myanmar is Naypyidaw. Its first letter is N, and N is the symbol for Nitrogen. The atomic number of Nitrogen is 7.
Answer: 7",What is the atomic number of the chemical element whose symbol is the first letter of the capital city of the country whose currency is the kyat?,3392384352
