task,wording,k,condition,idx,gold,pred,correct,eff_hops,leak,error,finish,out_tokens,reasoning_tokens,model,completion,run_id,prompt,seed
facts_parallel,default,2,immediate,0,Finland,Finland,1,-1,0,0,stop,4,0,qwen3.6-27b,Answer: Finland,78f1a5c1-1788557231,"Consider these 2 countries: Finland, Japan.
Which one has the capital city whose name comes first alphabetically? Answer with just the country name.",873036808
facts_parallel,default,2,immediate,1,Finland,Finland,1,-1,0,0,stop,4,0,qwen3.6-27b,Answer: Finland,78f1a5c1-1788557231,"Consider these 2 countries: Finland, Bulgaria.
Which one has the capital city whose name comes first alphabetically? Answer with just the country name.",1125010590
facts_parallel,default,2,immediate,2,Thailand,Egypt,0,-1,0,0,stop,3,0,qwen3.6-27b,Answer: Egypt,78f1a5c1-1788557231,"Consider these 2 countries: Egypt, Thailand.
Which one has the capital city whose name comes first alphabetically? Answer with just the country name.",3657899300
facts_parallel,default,2,immediate,3,Greece,Bulgaria,0,-1,0,0,stop,4,0,qwen3.6-27b,Answer: Bulgaria,78f1a5c1-1788557231,"Consider these 2 countries: Greece, Bulgaria.
Which one has the capital city whose name comes first alphabetically? Answer with just the country name.",2902470066
facts_parallel,default,2,immediate,4,Ireland,Japan,0,-1,0,0,stop,4,0,qwen3.6-27b,Answer: Japan,78f1a5c1-1788557231,"Consider these 2 countries: Ireland, Japan.
Which one has the capital city whose name comes first alphabetically? Answer with just the country name.",862238737
facts_parallel,default,2,immediate,5,Finland,Finland,1,-1,0,0,stop,4,0,qwen3.6-27b,Answer: Finland,78f1a5c1-1788557231,"Consider these 2 countries: Peru, Finland.
Which one has the capital city whose name comes first alphabetically? Answer with just the country name.",1147373703
facts_parallel,default,2,immediate,6,China,Russia,0,-1,0,0,stop,4,0,qwen3.6-27b,Answer: Russia,78f1a5c1-1788557231,"Consider these 2 countries: Russia, China.
Which one has the capital city whose name comes first alphabetically? Answer with just the country name.",3714767165
facts_parallel,default,2,immediate,7,Norway,Bulgaria,0,-1,0,0,stop,4,0,qwen3.6-27b,Answer: Bulgaria,78f1a5c1-1788557231,"Consider these 2 countries: Norway, Bulgaria.
Which one has the capital city whose name comes first alphabetically? Answer with just the country name.",2859329963
facts_parallel,default,2,immediate,8,Czechia,Austria,0,-1,0,0,stop,3,0,qwen3.6-27b,Answer: Austria,78f1a5c1-1788557231,"Consider these 2 countries: Czechia, Austria.
Which one has the capital city whose name comes first alphabetically? Answer with just the country name.",986903610
facts_parallel,default,2,immediate,9,Hungary,Hungary,1,-1,0,0,stop,3,0,qwen3.6-27b,Answer: Hungary,78f1a5c1-1788557231,"Consider these 2 countries: Hungary, Sweden.
Which one has the capital city whose name comes first alphabetically? Answer with just the country name.",1305855148
facts_parallel,default,2,immediate,10,Egypt,Austria,0,-1,0,0,stop,3,0,qwen3.6-27b,Answer: Austria,78f1a5c1-1788557231,"Consider these 2 countries: Egypt, Austria.
Which one has the capital city whose name comes first alphabetically? Answer with just the country name.",3811536686
facts_parallel,default,2,immediate,11,Thailand,Cuba,0,-1,0,0,stop,4,0,qwen3.6-27b,Answer: Cuba,78f1a5c1-1788557231,"Consider these 2 countries: Cuba, Thailand.
Which one has the capital city whose name comes first alphabetically? Answer with just the country name.",2485673912
facts_parallel,default,2,immediate,12,Denmark,Finland,0,-1,0,0,stop,3,0,qwen3.6-27b,Answer: Finland,78f1a5c1-1788557231,"Consider these 2 countries: Denmark, Finland.
Which one has the capital city whose name comes first alphabetically? Answer with just the country name.",220270082
facts_parallel,default,2,immediate,13,Kenya,Bulgaria,0,-1,0,0,stop,3,0,qwen3.6-27b,Answer: Bulgaria,78f1a5c1-1788557231,"Consider these 2 countries: Kenya, Bulgaria.
Which one has the capital city whose name comes first alphabetically? Answer with just the country name.",2049326740
facts_parallel,default,2,immediate,14,Germany,Bulgaria,0,-1,0,0,stop,4,0,qwen3.6-27b,Answer: Bulgaria,78f1a5c1-1788557231,"Consider these 2 countries: Bulgaria, Germany.
Which one has the capital city whose name comes first alphabetically? Answer with just the country name.",3829574455
facts_parallel,default,2,immediate,15,Russia,Kenya,0,-1,0,0,stop,4,0,qwen3.6-27b,Answer: Kenya,78f1a5c1-1788557231,"Consider these 2 countries: Kenya, Russia.
Which one has the capital city whose name comes first alphabetically? Answer with just the country name.",2470812577
facts_parallel,default,2,immediate,16,Denmark,Denmark,1,-1,0,0,stop,3,0,qwen3.6-27b,Answer: Denmark,78f1a5c1-1788557231,"Consider these 2 countries: Denmark, Kenya.
Which one has the capital city whose name comes first alphabetically? Answer with just the country name.",172804635
facts_parallel,default,2,immediate,17,Portugal,Portugal,1,-1,0,0,stop,4,0,qwen3.6-27b,Answer: Portugal,78f1a5c1-1788557231,"Consider these 2 countries: Russia, Portugal.
Which one has the capital city whose name comes first alphabetically? Answer with just the country name.",2102131341
facts_parallel,default,2,immediate,18,Germany,Germany,1,-1,0,0,stop,4,0,qwen3.6-27b,Answer: Germany,78f1a5c1-1788557231,"Consider these 2 countries: Germany, Norway.
Which one has the capital city whose name comes first alphabetically? Answer with just the country name.",3992250140
facts_parallel,default,2,immediate,19,Germany,Germany,1,-1,0,0,stop,4,0,qwen3.6-27b,Answer: Germany,78f1a5c1-1788557231,"Consider these 2 countries: Germany, Israel.
Which one has the capital city whose name comes first alphabetically? Answer with just the country name.",2599671690
facts_parallel,default,2,immediate,20,Thailand,Cuba,0,-1,0,0,stop,4,0,qwen3.6-27b,Answer: Cuba,78f1a5c1-1788557231,"Consider these 2 countries: Thailand, Cuba.
Which one has the capital city whose name comes first alphabetically? Answer with just the country name.",3355589869
facts_parallel,default,2,immediate,21,Israel,Israel,1,-1,0,0,stop,3,0,qwen3.6-27b,Answer: Israel,78f1a5c1-1788557231,"Consider these 2 countries: Morocco, Israel.
Which one has the capital city whose name comes first alphabetically? Answer with just the country name.",3204779131
facts_parallel,default,2,immediate,22,Morocco,Japan,0,-1,0,0,stop,4,0,qwen3.6-27b,Answer: Japan,78f1a5c1-1788557231,"Consider these 2 countries: Morocco, Japan.
Which one has the capital city whose name comes first alphabetically? Answer with just the country name.",638344641
facts_parallel,default,2,immediate,23,Cuba,Austria,0,-1,0,0,stop,4,0,qwen3.6-27b,Answer: Austria,78f1a5c1-1788557231,"Consider these 2 countries: Austria, Cuba.
Which one has the capital city whose name comes first alphabetically? Answer with just the country name.",1359703383
facts_parallel,default,2,immediate,24,Ireland,Ireland,1,-1,0,0,stop,4,0,qwen3.6-27b,Answer: Ireland,78f1a5c1-1788557231,"Consider these 2 countries: Russia, Ireland.
Which one has the capital city whose name comes first alphabetically? Answer with just the country name.",3480221940
facts_parallel,default,2,immediate,25,Peru,Morocco,0,-1,0,0,stop,4,0,qwen3.6-27b,Answer: Morocco,78f1a5c1-1788557231,"Consider these 2 countries: Morocco, Peru.
Which one has the capital city whose name comes first alphabetically? Answer with just the country name.",3093874786
facts_parallel,default,2,immediate,26,Germany,Morocco,0,-1,0,0,stop,4,0,qwen3.6-27b,Answer: Morocco,78f1a5c1-1788557231,"Consider these 2 countries: Morocco, Germany.
Which one has the capital city whose name comes first alphabetically? Answer with just the country name.",560044504
facts_parallel,default,2,immediate,27,Germany,Sweden,0,-1,0,0,stop,4,0,qwen3.6-27b,Answer: Sweden,78f1a5c1-1788557231,"Consider these 2 countries: Sweden, Germany.
Which one has the capital city whose name comes first alphabetically? Answer with just the country name.",1449568590
facts_parallel,default,2,immediate,28,Israel,Sweden,0,-1,0,0,stop,4,0,qwen3.6-27b,Answer: Sweden,78f1a5c1-1788557231,"Consider these 2 countries: Sweden, Israel.
Which one has the capital city whose name comes first alphabetically? Answer with just the country name.",3336156383
facts_parallel,default,2,immediate,29,Cuba,Finland,0,-1,0,0,stop,4,0,qwen3.6-27b,Answer: Finland,78f1a5c1-1788557231,"Consider these 2 countries: Finland, Cuba.
Which one has the capital city whose name comes first alphabetically? Answer with just the country name.",2984150089
facts_parallel,default,2,immediate,30,Israel,Israel,1,-1,0,0,stop,4,0,qwen3.6-27b,Answer: Israel,78f1a5c1-1788557231,"Consider these 2 countries: Peru, Israel.
Which one has the capital city whose name comes first alphabetically? Answer with just the country name.",3508080044
facts_parallel,default,2,immediate,31,Indonesia,Indonesia,1,-1,0,0,stop,3,0,qwen3.6-27b,Answer: Indonesia,78f1a5c1-1788557231,"Consider these 2 countries: Israel, Indonesia.
Which one has the capital city whose name comes first alphabetically? Answer with just the country name.",2786999610
facts_parallel,default,2,immediate,32,Morocco,Austria,0,-1,0,0,stop,4,0,qwen3.6-27b,Answer: Austria,78f1a5c1-1788557231,"Consider these 2 countries: Austria, Morocco.
Which one has the capital city whose name comes first alphabetically? Answer with just the country name.",1058499712
facts_parallel,default,2,immediate,33,Portugal,Norway,0,-1,0,0,stop,4,0,qwen3.6-27b,Answer: Norway,78f1a5c1-1788557231,"Consider these 2 countries: Norway, Portugal.
Which one has the capital city whose name comes first alphabetically? Answer with just the country name.",1209031702
facts_parallel,default,2,immediate,34,Peru,Morocco,0,-1,0,0,stop,4,0,qwen3.6-27b,Answer: Morocco,78f1a5c1-1788557231,"Consider these 2 countries: Peru, Morocco.
Which one has the capital city whose name comes first alphabetically? Answer with just the country name.",3597978037
facts_parallel,default,2,immediate,35,Indonesia,Indonesia,1,-1,0,0,stop,4,0,qwen3.6-27b,Answer: Indonesia,78f1a5c1-1788557231,"Consider these 2 countries: Norway, Indonesia.
Which one has the capital city whose name comes first alphabetically? Answer with just the country name.",2708732195
facts_parallel,default,2,immediate,36,Bulgaria,Poland,0,-1,0,0,stop,4,0,qwen3.6-27b,Answer: Poland,78f1a5c1-1788557231,"Consider these 2 countries: Poland, Bulgaria.
Which one has the capital city whose name comes first alphabetically? Answer with just the country name.",947562649
facts_parallel,default,2,immediate,37,Russia,Russia,1,-1,0,0,stop,4,0,qwen3.6-27b,Answer: Russia,78f1a5c1-1788557231,"Consider these 2 countries: Russia, Bulgaria.
Which one has the capital city whose name comes first alphabetically? Answer with just the country name.",1333630991
facts_parallel,default,2,immediate,38,Indonesia,Indonesia,1,-1,0,0,stop,4,0,qwen3.6-27b,Answer: Indonesia,78f1a5c1-1788557231,"Consider these 2 countries: Indonesia, Japan.
Which one has the capital city whose name comes first alphabetically? Answer with just the country name.",3754067358
facts_parallel,default,2,immediate,39,Ireland,Ireland,1,-1,0,0,stop,4,0,qwen3.6-27b,Answer: Ireland,78f1a5c1-1788557231,"Consider these 2 countries: Ireland, Poland.
Which one has the capital city whose name comes first alphabetically? Answer with just the country name.",2831529224
facts_parallel,default,2,immediate,40,Greece,Greece,1,-1,0,0,stop,4,0,qwen3.6-27b,Answer: Greece,78f1a5c1-1788557231,"Consider these 2 countries: Greece, Japan.
Which one has the capital city whose name comes first alphabetically? Answer with just the country name.",2656607083
facts_parallel,default,2,immediate,41,Ireland,Ireland,1,-1,0,0,stop,4,0,qwen3.6-27b,Answer: Ireland,78f1a5c1-1788557231,"Consider these 2 countries: Ireland, Peru.
Which one has the capital city whose name comes first alphabetically? Answer with just the country name.",3915361277
facts_parallel,default,2,immediate,42,Norway,Poland,0,-1,0,0,stop,4,0,qwen3.6-27b,Answer: Poland,78f1a5c1-1788557231,"Consider these 2 countries: Norway, Poland.
Which one has the capital city whose name comes first alphabetically? Answer with just the country name.",1884748359
facts_parallel,default,2,immediate,43,Germany,Morocco,0,-1,0,0,stop,4,0,qwen3.6-27b,Answer: Morocco,78f1a5c1-1788557231,"Consider these 2 countries: Morocco, Germany.
Which one has the capital city whose name comes first alphabetically? Answer with just the country name.",122800849
facts_parallel,default,2,immediate,44,Hungary,Hungary,1,-1,0,0,stop,4,0,qwen3.6-27b,Answer: Hungary,78f1a5c1-1788557231,"Consider these 2 countries: Hungary, Poland.
Which one has the capital city whose name comes first alphabetically? Answer with just the country name.",2570411890
facts_parallel,default,2,immediate,45,Russia,Kenya,0,-1,0,0,stop,4,0,qwen3.6-27b,Answer: Kenya,78f1a5c1-1788557231,"Consider these 2 countries: Russia, Kenya.
Which one has the capital city whose name comes first alphabetically? Answer with just the country name.",3996282852
facts_parallel,default,2,immediate,46,Hungary,Sweden,0,-1,0,0,stop,4,0,qwen3.6-27b,Answer: Sweden,78f1a5c1-1788557231,"Consider these 2 countries: Sweden, Hungary.
Which one has the capital city whose name comes first alphabetically? Answer with just the country name.",2000371294
facts_parallel,default,2,immediate,47,Kenya,Czechia,0,-1,0,0,stop,5,0,qwen3.6-27b,Answer: Czechia,78f1a5c1-1788557231,"Consider these 2 countries: Czechia, Kenya.
Which one has the capital city whose name comes first alphabetically? Answer with just the country name.",3935944
facts_parallel,default,2,immediate,48,Indonesia,Indonesia,1,-1,0,0,stop,3,0,qwen3.6-27b,Answer: Indonesia,78f1a5c1-1788557231,"Consider these 2 countries: Indonesia, Czechia.
Which one has the capital city whose name comes first alphabetically? Answer with just the country name.",2424509273
facts_parallel,default,2,immediate,49,Czechia,Czechia,1,-1,0,0,stop,5,0,qwen3.6-27b,Answer: Czechia,78f1a5c1-1788557231,"Consider these 2 countries: Morocco, Czechia.
Which one has the capital city whose name comes first alphabetically? Answer with just the country name.",3884196815
facts_parallel,default,2,immediate,50,Hungary,Hungary,1,-1,0,0,stop,4,0,qwen3.6-27b,Answer: Hungary,78f1a5c1-1788557231,"Consider these 2 countries: Sweden, Hungary.
Which one has the capital city whose name comes first alphabetically? Answer with just the country name.",2269358634
facts_parallel,default,2,immediate,51,Bulgaria,Bulgaria,1,-1,0,0,stop,4,0,qwen3.6-27b,Answer: Bulgaria,78f1a5c1-1788557231,"Consider these 2 countries: Bulgaria, Poland.
Which one has the capital city whose name comes first alphabetically? Answer with just the country name.",4031027900
facts_parallel,default,2,immediate,52,Germany,Germany,1,-1,0,0,stop,4,0,qwen3.6-27b,Answer: Germany,78f1a5c1-1788557231,"Consider these 2 countries: Hungary, Germany.
Which one has the capital city whose name comes first alphabetically? Answer with just the country name.",1766705926
facts_parallel,default,2,immediate,53,Sweden,Sweden,1,-1,0,0,stop,4,0,qwen3.6-27b,Answer: Sweden,78f1a5c1-1788557231,"Consider these 2 countries: Japan, Sweden.
Which one has the capital city whose name comes first alphabetically? Answer with just the country name.",508230544
facts_parallel,default,2,immediate,54,Denmark,Denmark,1,-1,0,0,stop,4,0,qwen3.6-27b,Answer: Denmark,78f1a5c1-1788557231,"Consider these 2 countries: Denmark, Morocco.
Which one has the capital city whose name comes first alphabetically? Answer with just the country name.",2150526515
facts_parallel,default,2,immediate,55,Bulgaria,Bulgaria,1,-1,0,0,stop,4,0,qwen3.6-27b,Answer: Bulgaria,78f1a5c1-1788557231,"Consider these 2 countries: Japan, Bulgaria.
Which one has the capital city whose name comes first alphabetically? Answer with just the country name.",4146683557
facts_parallel,default,2,immediate,56,Greece,Cuba,0,-1,0,0,stop,4,0,qwen3.6-27b,Answer: Cuba,78f1a5c1-1788557231,"Consider these 2 countries: Greece, Cuba.
Which one has the capital city whose name comes first alphabetically? Answer with just the country name.",1847594783
facts_parallel,default,2,immediate,57,Thailand,Egypt,0,-1,0,0,stop,4,0,qwen3.6-27b,Answer: Egypt,78f1a5c1-1788557231,"Consider these 2 countries: Thailand, Egypt.
Which one has the capital city whose name comes first alphabetically? Answer with just the country name.",422002569
facts_parallel,default,2,immediate,58,Peru,Bulgaria,0,-1,0,0,stop,4,0,qwen3.6-27b,Answer: Bulgaria,78f1a5c1-1788557231,"Consider these 2 countries: Peru, Bulgaria.
Which one has the capital city whose name comes first alphabetically? Answer with just the country name.",2308448792
facts_parallel,default,2,immediate,59,Egypt,Egypt,1,-1,0,0,stop,4,0,qwen3.6-27b,Answer: Egypt,78f1a5c1-1788557231,"Consider these 2 countries: Peru, Egypt.
Which one has the capital city whose name comes first alphabetically? Answer with just the country name.",4271837838
facts_parallel,default,2,immediate,60,Egypt,Cuba,0,-1,0,0,stop,4,0,qwen3.6-27b,Answer: Cuba,78f1a5c1-1788557231,"Consider these 2 countries: Egypt, Cuba.
Which one has the capital city whose name comes first alphabetically? Answer with just the country name.",2892954089
facts_parallel,default,2,immediate,61,Israel,Sweden,0,-1,0,0,stop,4,0,qwen3.6-27b,Answer: Sweden,78f1a5c1-1788557231,"Consider these 2 countries: Sweden, Israel.
Which one has the capital city whose name comes first alphabetically? Answer with just the country name.",3681143167
facts_parallel,default,2,immediate,62,Indonesia,Indonesia,1,-1,0,0,stop,4,0,qwen3.6-27b,Answer: Indonesia,78f1a5c1-1788557231,"Consider these 2 countries: Indonesia, Peru.
Which one has the capital city whose name comes first alphabetically? Answer with just the country name.",1113626821
facts_parallel,default,2,immediate,63,Greece,Greece,1,-1,0,0,stop,4,0,qwen3.6-27b,Answer: Greece,78f1a5c1-1788557231,"Consider these 2 countries: Peru, Greece.
Which one has the capital city whose name comes first alphabetically? Answer with just the country name.",895985747
facts_parallel,default,2,immediate,64,Russia,Czechia,0,-1,0,0,stop,5,0,qwen3.6-27b,Answer: Czechia,78f1a5c1-1788557231,"Consider these 2 countries: Russia, Czechia.
Which one has the capital city whose name comes first alphabetically? Answer with just the country name.",2869116400
facts_parallel,default,2,immediate,65,Indonesia,Indonesia,1,-1,0,0,stop,4,0,qwen3.6-27b,Answer: Indonesia,78f1a5c1-1788557231,"Consider these 2 countries: Norway, Indonesia.
Which one has the capital city whose name comes first alphabetically? Answer with just the country name.",3691253094
facts_parallel,default,2,immediate,66,Thailand,Ireland,0,-1,0,0,stop,4,0,qwen3.6-27b,Answer: Ireland,78f1a5c1-1788557231,"Consider these 2 countries: Ireland, Thailand.
Which one has the capital city whose name comes first alphabetically? Answer with just the country name.",1158503644
facts_parallel,default,2,immediate,67,Germany,Austria,0,-1,0,0,stop,4,0,qwen3.6-27b,Answer: Austria,78f1a5c1-1788557231,"Consider these 2 countries: Germany, Austria.
Which one has the capital city whose name comes first alphabetically? Answer with just the country name.",839543882
facts_parallel,default,2,immediate,68,Israel,Morocco,0,-1,0,0,stop,4,0,qwen3.6-27b,Answer: Morocco,78f1a5c1-1788557231,"Consider these 2 countries: Morocco, Israel.
Which one has the capital city whose name comes first alphabetically? Answer with just the country name.",2729800155
facts_parallel,default,2,immediate,69,Hungary,Bulgaria,0,-1,0,0,stop,4,0,qwen3.6-27b,Answer: Bulgaria,78f1a5c1-1788557231,"Consider these 2 countries: Hungary, Bulgaria.
Which one has the capital city whose name comes first alphabetically? Answer with just the country name.",3585229133
facts_parallel,default,2,immediate,70,Czechia,Czechia,1,-1,0,0,stop,5,0,qwen3.6-27b,Answer: Czechia,78f1a5c1-1788557231,"Consider these 2 countries: Morocco, Czechia.
Which one has the capital city whose name comes first alphabetically? Answer with just the country name.",3044395176
facts_parallel,default,2,immediate,71,Thailand,Norway,0,-1,0,0,stop,4,0,qwen3.6-27b,Answer: Norway,78f1a5c1-1788557231,"Consider these 2 countries: Thailand, Norway.
Which one has the capital city whose name comes first alphabetically? Answer with just the country name.",3262314558
facts_parallel,default,2,immediate,72,Morocco,Bulgaria,0,-1,0,0,stop,4,0,qwen3.6-27b,Answer: Bulgaria,78f1a5c1-1788557231,"Consider these 2 countries: Morocco, Bulgaria.
Which one has the capital city whose name comes first alphabetically? Answer with just the country name.",1534830980
facts_parallel,default,2,immediate,73,Russia,Sweden,0,-1,0,0,stop,4,0,qwen3.6-27b,Answer: Sweden,78f1a5c1-1788557231,"Consider these 2 countries: Russia, Sweden.
Which one has the capital city whose name comes first alphabetically? Answer with just the country name.",746363154
facts_parallel,default,2,immediate,74,Morocco,Bulgaria,0,-1,0,0,stop,4,0,qwen3.6-27b,Answer: Bulgaria,78f1a5c1-1788557231,"Consider these 2 countries: Bulgaria, Morocco.
Which one has the capital city whose name comes first alphabetically? Answer with just the country name.",2987920561
facts_parallel,default,2,immediate,75,Czechia,Czechia,1,-1,0,0,stop,5,0,qwen3.6-27b,Answer: Czechia,78f1a5c1-1788557231,"Consider these 2 countries: Czechia, Poland.
Which one has the capital city whose name comes first alphabetically? Answer with just the country name.",3307158567
facts_parallel,default,2,immediate,76,Thailand,Indonesia,0,-1,0,0,stop,4,0,qwen3.6-27b,Answer: Indonesia,78f1a5c1-1788557231,"Consider these 2 countries: Thailand, Indonesia.
Which one has the capital city whose name comes first alphabetically? Answer with just the country name.",1544973725
facts_parallel,default,2,immediate,77,Indonesia,Indonesia,1,-1,0,0,stop,4,0,qwen3.6-27b,Answer: Indonesia,78f1a5c1-1788557231,"Consider these 2 countries: Indonesia, Poland.
Which one has the capital city whose name comes first alphabetically? Answer with just the country name.",722558219
facts_parallel,default,2,immediate,78,Portugal,Portugal,1,-1,0,0,stop,4,0,qwen3.6-27b,Answer: Portugal,78f1a5c1-1788557231,"Consider these 2 countries: Portugal, Russia.
Which one has the capital city whose name comes first alphabetically? Answer with just the country name.",3148759194
facts_parallel,default,2,immediate,79,Germany,Germany,1,-1,0,0,stop,4,0,qwen3.6-27b,Answer: Germany,78f1a5c1-1788557231,"Consider these 2 countries: Russia, Germany.
Which one has the capital city whose name comes first alphabetically? Answer with just the country name.",3433656332
facts_parallel,default,2,immediate,80,Ireland,Bulgaria,0,-1,0,0,stop,3,0,qwen3.6-27b,Answer: Bulgaria,78f1a5c1-1788557231,"Consider these 2 countries: Ireland, Bulgaria.
Which one has the capital city whose name comes first alphabetically? Answer with just the country name.",854447207
facts_parallel,default,2,immediate,81,Germany,Germany,1,-1,0,0,stop,4,0,qwen3.6-27b,Answer: Germany,78f1a5c1-1788557231,"Consider these 2 countries: Germany, Indonesia.
Which one has the capital city whose name comes first alphabetically? Answer with just the country name.",1173021937
facts_parallel,default,2,immediate,82,Germany,Germany,1,-1,0,0,stop,4,0,qwen3.6-27b,Answer: Germany,78f1a5c1-1788557231,"Consider these 2 countries: Germany, Indonesia.
Which one has the capital city whose name comes first alphabetically? Answer with just the country name.",3705910603
facts_parallel,default,2,immediate,83,Germany,Germany,1,-1,0,0,stop,4,0,qwen3.6-27b,Answer: Germany,78f1a5c1-1788557231,"Consider these 2 countries: Germany, Ireland.
Which one has the capital city whose name comes first alphabetically? Answer with just the country name.",2883880413
facts_parallel,default,2,immediate,84,Greece,Bulgaria,0,-1,0,0,stop,4,0,qwen3.6-27b,Answer: Bulgaria,78f1a5c1-1788557231,"Consider these 2 countries: Bulgaria, Greece.
Which one has the capital city whose name comes first alphabetically? Answer with just the country name.",897585278
facts_parallel,default,2,immediate,85,Finland,Finland,1,-1,0,0,stop,4,0,qwen3.6-27b,Answer: Finland,78f1a5c1-1788557231,"Consider these 2 countries: Finland, Norway.
Which one has the capital city whose name comes first alphabetically? Answer with just the country name.",1116152040
facts_parallel,default,2,immediate,86,Finland,Finland,1,-1,0,0,stop,4,0,qwen3.6-27b,Answer: Finland,78f1a5c1-1788557231,"Consider these 2 countries: Czechia, Finland.
Which one has the capital city whose name comes first alphabetically? Answer with just the country name.",3683545426
facts_parallel,default,2,immediate,87,Cuba,Bulgaria,0,-1,0,0,stop,4,0,qwen3.6-27b,Answer: Bulgaria,78f1a5c1-1788557231,"Consider these 2 countries: Bulgaria, Cuba.
Which one has the capital city whose name comes first alphabetically? Answer with just the country name.",2894676420
facts_parallel,default,2,immediate,88,Germany,Germany,1,-1,0,0,stop,4,0,qwen3.6-27b,Answer: Germany,78f1a5c1-1788557231,"Consider these 2 countries: Germany, Norway.
Which one has the capital city whose name comes first alphabetically? Answer with just the country name.",1010195541
facts_parallel,default,2,immediate,89,Thailand,Cuba,0,-1,0,0,stop,4,0,qwen3.6-27b,Answer: Cuba,78f1a5c1-1788557231,"Consider these 2 countries: Cuba, Thailand.
Which one has the capital city whose name comes first alphabetically? Answer with just the country name.",1261530307
facts_parallel,default,2,immediate,90,Hungary,Hungary,1,-1,0,0,stop,4,0,qwen3.6-27b,Answer: Hungary,78f1a5c1-1788557231,"Consider these 2 countries: Hungary, Portugal.
Which one has the capital city whose name comes first alphabetically? Answer with just the country name.",737600806
facts_parallel,default,2,immediate,91,Finland,Finland,1,-1,0,0,stop,4,0,qwen3.6-27b,Answer: Finland,78f1a5c1-1788557231,"Consider these 2 countries: Finland, Poland.
Which one has the capital city whose name comes first alphabetically? Answer with just the country name.",1559352752
facts_parallel,default,2,immediate,92,Germany,Finland,0,-1,0,0,stop,3,0,qwen3.6-27b,Answer: Finland,78f1a5c1-1788557231,"Consider these 2 countries: Finland, Germany.
Which one has the capital city whose name comes first alphabetically? Answer with just the country name.",3321398282
facts_parallel,default,2,immediate,93,Norway,Austria,0,-1,0,0,stop,4,0,qwen3.6-27b,Answer: Austria,78f1a5c1-1788557231,"Consider these 2 countries: Norway, Austria.
Which one has the capital city whose name comes first alphabetically? Answer with just the country name.",3003102364
facts_parallel,default,2,immediate,94,Denmark,Denmark,1,-1,0,0,stop,4,0,qwen3.6-27b,Answer: Denmark,78f1a5c1-1788557231,"Consider these 2 countries: Denmark, Cuba.
Which one has the capital city whose name comes first alphabetically? Answer with just the country name.",748364095
facts_parallel,default,2,immediate,95,Germany,Austria,0,-1,0,0,stop,4,0,qwen3.6-27b,Answer: Austria,78f1a5c1-1788557231,"Consider these 2 countries: Austria, Germany.
Which one has the capital city whose name comes first alphabetically? Answer with just the country name.",1536954793
facts_parallel,default,2,immediate,96,Kenya,Bulgaria,0,-1,0,0,stop,4,0,qwen3.6-27b,Answer: Bulgaria,78f1a5c1-1788557231,"Consider these 2 countries: Bulgaria, Kenya.
Which one has the capital city whose name comes first alphabetically? Answer with just the country name.",3264561171
facts_parallel,default,2,immediate,97,Hungary,Bulgaria,0,-1,0,0,stop,3,0,qwen3.6-27b,Answer: Bulgaria,78f1a5c1-1788557231,"Consider these 2 countries: Bulgaria, Hungary.
Which one has the capital city whose name comes first alphabetically? Answer with just the country name.",3046273157
facts_parallel,default,2,immediate,98,Greece,Greece,1,-1,0,0,stop,4,0,qwen3.6-27b,Answer: Greece,78f1a5c1-1788557231,"Consider these 2 countries: Greece, Hungary.
Which one has the capital city whose name comes first alphabetically? Answer with just the country name.",623734036
facts_parallel,default,2,immediate,99,Hungary,Portugal,0,-1,0,0,stop,3,0,qwen3.6-27b,Answer: Portugal,78f1a5c1-1788557231,"Consider these 2 countries: Portugal, Hungary.
Which one has the capital city whose name comes first alphabetically? Answer with just the country name.",1378508162
facts_parallel,default,2,immediate,100,Germany,Denmark,0,-1,0,0,stop,4,0,qwen3.6-27b,Answer: Denmark,78f1a5c1-1788557231,"Consider these 2 countries: Germany, Denmark.
Which one has the capital city whose name comes first alphabetically? Answer with just the country name.",686751105
facts_parallel,default,2,immediate,101,Denmark,Denmark,1,-1,0,0,stop,4,0,qwen3.6-27b,Answer: Denmark,78f1a5c1-1788557231,"Consider these 2 countries: Denmark, Japan.
Which one has the capital city whose name comes first alphabetically? Answer with just the country name.",1609157911
facts_parallel,default,2,immediate,102,Ireland,Ireland,1,-1,0,0,stop,3,0,qwen3.6-27b,Answer: Ireland,78f1a5c1-1788557231,"Consider these 2 countries: Ireland, Norway.
Which one has the capital city whose name comes first alphabetically? Answer with just the country name.",3336608941
facts_parallel,default,2,immediate,103,Egypt,Egypt,1,-1,0,0,stop,4,0,qwen3.6-27b,Answer: Egypt,78f1a5c1-1788557231,"Consider these 2 countries: Egypt, Poland.
Which one has the capital city whose name comes first alphabetically? Answer with just the country name.",2984750139
facts_parallel,default,2,immediate,104,Russia,Poland,0,-1,0,0,stop,4,0,qwen3.6-27b,Answer: Poland,78f1a5c1-1788557231,"Consider these 2 countries: Russia, Poland.
Which one has the capital city whose name comes first alphabetically? Answer with just the country name.",797129112
facts_parallel,default,2,immediate,105,Denmark,Denmark,1,-1,0,0,stop,4,0,qwen3.6-27b,Answer: Denmark,78f1a5c1-1788557231,"Consider these 2 countries: Denmark, Israel.
Which one has the capital city whose name comes first alphabetically? Answer with just the country name.",1485048078
facts_parallel,default,2,immediate,106,Israel,Israel,1,-1,0,0,stop,3,0,qwen3.6-27b,Answer: Israel,78f1a5c1-1788557231,"Consider these 2 countries: Israel, Portugal.
Which one has the capital city whose name comes first alphabetically? Answer with just the country name.",3247265972
facts_parallel,default,2,immediate,107,Peru,Peru,1,-1,0,0,stop,4,0,qwen3.6-27b,Answer: Peru,78f1a5c1-1788557231,"Consider these 2 countries: Peru, Japan.
Which one has the capital city whose name comes first alphabetically? Answer with just the country name.",3062523938
facts_parallel,default,2,immediate,108,Peru,Portugal,0,-1,0,0,stop,4,0,qwen3.6-27b,Answer: Portugal,78f1a5c1-1788557231,"Consider these 2 countries: Peru, Portugal.
Which one has the capital city whose name comes first alphabetically? Answer with just the country name.",641037747
facts_parallel,default,2,immediate,109,China,China,1,-1,0,0,stop,4,0,qwen3.6-27b,Answer: China,78f1a5c1-1788557231,"Consider these 2 countries: Peru, China.
Which one has the capital city whose name comes first alphabetically? Answer with just the country name.",1362248997
facts_parallel,default,2,immediate,110,Ireland,Ireland,1,-1,0,0,stop,4,0,qwen3.6-27b,Answer: Ireland,78f1a5c1-1788557231,"Consider these 2 countries: Ireland, Kenya.
Which one has the capital city whose name comes first alphabetically? Answer with just the country name.",838192320
facts_parallel,default,2,immediate,111,Japan,Austria,0,-1,0,0,stop,4,0,qwen3.6-27b,Answer: Austria,78f1a5c1-1788557231,"Consider these 2 countries: Japan, Austria.
Which one has the capital city whose name comes first alphabetically? Answer with just the country name.",1190329430
facts_parallel,default,2,immediate,112,Greece,Czechia,0,-1,0,0,stop,5,0,qwen3.6-27b,Answer: Czechia,78f1a5c1-1788557231,"Consider these 2 countries: Czechia, Greece.
Which one has the capital city whose name comes first alphabetically? Answer with just the country name.",3757813228
facts_parallel,default,2,immediate,113,Japan,Austria,0,-1,0,0,stop,4,0,qwen3.6-27b,Answer: Austria,78f1a5c1-1788557231,"Consider these 2 countries: Japan, Austria.
Which one has the capital city whose name comes first alphabetically? Answer with just the country name.",2835127674
facts_parallel,default,2,immediate,114,Finland,Finland,1,-1,0,0,stop,4,0,qwen3.6-27b,Answer: Finland,78f1a5c1-1788557231,"Consider these 2 countries: Finland, Peru.
Which one has the capital city whose name comes first alphabetically? Answer with just the country name.",915933401
facts_parallel,default,2,immediate,115,Ireland,Ireland,1,-1,0,0,stop,4,0,qwen3.6-27b,Answer: Ireland,78f1a5c1-1788557231,"Consider these 2 countries: Japan, Ireland.
Which one has the capital city whose name comes first alphabetically? Answer with just the country name.",1100953679
facts_parallel,default,2,immediate,116,Portugal,Morocco,0,-1,0,0,stop,4,0,qwen3.6-27b,Answer: Morocco,78f1a5c1-1788557231,"Consider these 2 countries: Morocco, Portugal.
Which one has the capital city whose name comes first alphabetically? Answer with just the country name.",3633736181
facts_parallel,default,2,immediate,117,Finland,Finland,1,-1,0,0,stop,4,0,qwen3.6-27b,Answer: Finland,78f1a5c1-1788557231,"Consider these 2 countries: Finland, Israel.
Which one has the capital city whose name comes first alphabetically? Answer with just the country name.",2945538403
facts_parallel,default,2,immediate,118,Kenya,Czechia,0,-1,0,0,stop,4,0,qwen3.6-27b,Answer: Czechia,78f1a5c1-1788557231,"Consider these 2 countries: Kenya, Czechia.
Which one has the capital city whose name comes first alphabetically? Answer with just the country name.",1059996914
facts_parallel,default,2,immediate,119,Thailand,Denmark,0,-1,0,0,stop,4,0,qwen3.6-27b,Answer: Denmark,78f1a5c1-1788557231,"Consider these 2 countries: Denmark, Thailand.
Which one has the capital city whose name comes first alphabetically? Answer with just the country name.",1210676324
facts_parallel,default,3,immediate,0,China,Finland,0,-1,0,0,stop,4,0,qwen3.6-27b,Answer: Finland,78f1a5c1-1788557231,"Consider these 3 countries: Finland, Japan, China.
Which one has the capital city whose name comes first alphabetically? Answer with just the country name.",902501951
facts_parallel,default,3,immediate,1,Greece,Austria,0,-1,0,0,stop,4,0,qwen3.6-27b,Answer: Austria,78f1a5c1-1788557231,"Consider these 3 countries: Portugal, Austria, Greece.
Which one has the capital city whose name comes first alphabetically? Answer with just the country name.",1120675497
facts_parallel,default,3,immediate,2,Germany,Austria,0,-1,0,0,stop,3,0,qwen3.6-27b,Answer: Austria,78f1a5c1-1788557231,"Consider these 3 countries: Norway, Austria, Germany.
Which one has the capital city whose name comes first alphabetically? Answer with just the country name.",3687151379
facts_parallel,default,3,immediate,3,Hungary,Hungary,1,-1,0,0,stop,4,0,qwen3.6-27b,Answer: Hungary,78f1a5c1-1788557231,"Consider these 3 countries: Japan, Hungary, Bulgaria.
Which one has the capital city whose name comes first alphabetically? Answer with just the country name.",2898413445
facts_parallel,default,3,immediate,4,Ireland,Ireland,1,-1,0,0,stop,4,0,qwen3.6-27b,Answer: Ireland,78f1a5c1-1788557231,"Consider these 3 countries: Ireland, Peru, Poland.
Which one has the capital city whose name comes first alphabetically? Answer with just the country name.",849793574
facts_parallel,default,3,immediate,5,Hungary,Denmark,0,-1,0,0,stop,4,0,qwen3.6-27b,Answer: Denmark,78f1a5c1-1788557231,"Consider these 3 countries: Hungary, Indonesia, Denmark.
Which one has the capital city whose name comes first alphabetically? Answer with just the country name.",1168237232
facts_parallel,default,3,immediate,6,Thailand,Cuba,0,-1,0,0,stop,4,0,qwen3.6-27b,Answer: Cuba,78f1a5c1-1788557231,"Consider these 3 countries: Ireland, Cuba, Thailand.
Which one has the capital city whose name comes first alphabetically? Answer with just the country name.",3702043402
facts_parallel,default,3,immediate,7,Ireland,Ireland,1,-1,0,0,stop,4,0,qwen3.6-27b,Answer: Ireland,78f1a5c1-1788557231,"Consider these 3 countries: Ireland, Bulgaria, Peru.
Which one has the capital city whose name comes first alphabetically? Answer with just the country name.",2880406428
facts_parallel,default,3,immediate,8,Peru,Austria,0,-1,0,0,stop,3,0,qwen3.6-27b,Answer: Austria,78f1a5c1-1788557231,"Consider these 3 countries: Peru, Poland, Austria.
Which one has the capital city whose name comes first alphabetically? Answer with just the country name.",990944781
facts_parallel,default,3,immediate,9,Germany,Germany,1,-1,0,0,stop,3,0,qwen3.6-27b,Answer: Germany,78f1a5c1-1788557231,"Consider these 3 countries: Germany, Indonesia, Ireland.
Which one has the capital city whose name comes first alphabetically? Answer with just the country name.",1276620443
facts_parallel,default,3,immediate,10,China,Bulgaria,0,-1,0,0,stop,4,0,qwen3.6-27b,Answer: Bulgaria,78f1a5c1-1788557231,"Consider these 3 countries: China, Ireland, Bulgaria.
Which one has the capital city whose name comes first alphabetically? Answer with just the country name.",1536362571
facts_parallel,default,3,immediate,11,Denmark,Denmark,1,-1,0,0,stop,4,0,qwen3.6-27b,Answer: Denmark,78f1a5c1-1788557231,"Consider these 3 countries: Ireland, Denmark, Japan.
Which one has the capital city whose name comes first alphabetically? Answer with just the country name.",747911389
facts_parallel,default,3,immediate,12,Hungary,Austria,0,-1,0,0,stop,3,0,qwen3.6-27b,Answer: Austria,78f1a5c1-1788557231,"Consider these 3 countries: Austria, Hungary, Israel.
Which one has the capital city whose name comes first alphabetically? Answer with just the country name.",3046992231
facts_parallel,default,3,immediate,13,Ireland,Ireland,1,-1,0,0,stop,4,0,qwen3.6-27b,Answer: Ireland,78f1a5c1-1788557231,"Consider these 3 countries: Czechia, Indonesia, Ireland.
Which one has the capital city whose name comes first alphabetically? Answer with just the country name.",3264895473
facts_parallel,default,3,immediate,14,Greece,Greece,1,-1,0,0,stop,4,0,qwen3.6-27b,Answer: Greece,78f1a5c1-1788557231,"Consider these 3 countries: Kenya, Israel, Greece.
Which one has the capital city whose name comes first alphabetically? Answer with just the country name.",1560202322
facts_parallel,default,3,immediate,15,Finland,Finland,1,-1,0,0,stop,4,0,qwen3.6-27b,Answer: Finland,78f1a5c1-1788557231,"Consider these 3 countries: Poland, Finland, Morocco.
Which one has the capital city whose name comes first alphabetically? Answer with just the country name.",737803460
facts_parallel,default,3,immediate,16,Finland,Finland,1,-1,0,0,stop,4,0,qwen3.6-27b,Answer: Finland,78f1a5c1-1788557231,"Consider these 3 countries: Japan, Finland, Poland.
Which one has the capital city whose name comes first alphabetically? Answer with just the country name.",3002117502
facts_parallel,default,3,immediate,17,Hungary,Finland,0,-1,0,0,stop,4,0,qwen3.6-27b,Answer: Finland,78f1a5c1-1788557231,"Consider these 3 countries: Hungary, Ireland, Finland.
Which one has the capital city whose name comes first alphabetically? Answer with just the country name.",3321339368
facts_parallel,default,3,immediate,18,Finland,Finland,1,-1,0,0,stop,4,0,qwen3.6-27b,Answer: Finland,78f1a5c1-1788557231,"Consider these 3 countries: Finland, Morocco, Indonesia.
Which one has the capital city whose name comes first alphabetically? Answer with just the country name.",1430814841
facts_parallel,default,3,immediate,19,Germany,Germany,1,-1,0,0,stop,4,0,qwen3.6-27b,Answer: Germany,78f1a5c1-1788557231,"Consider these 3 countries: Finland, Norway, Germany.
Which one has the capital city whose name comes first alphabetically? Answer with just the country name.",575647983
facts_parallel,default,3,immediate,20,Finland,Finland,1,-1,0,0,stop,4,0,qwen3.6-27b,Answer: Finland,78f1a5c1-1788557231,"Consider these 3 countries: Sweden, Finland, Russia.
Which one has the capital city whose name comes first alphabetically? Answer with just the country name.",1891523464
facts_parallel,default,3,immediate,21,Peru,Austria,0,-1,0,0,stop,4,0,qwen3.6-27b,Answer: Austria,78f1a5c1-1788557231,"Consider these 3 countries: Bulgaria, Austria, Peru.
Which one has the capital city whose name comes first alphabetically? Answer with just the country name.",129592094
facts_parallel,default,3,immediate,22,Greece,Greece,1,-1,0,0,stop,4,0,qwen3.6-27b,Answer: Greece,78f1a5c1-1788557231,"Consider these 3 countries: Indonesia, Thailand, Greece.
Which one has the capital city whose name comes first alphabetically? Answer with just the country name.",2662349476
facts_parallel,default,3,immediate,23,Egypt,Egypt,1,-1,0,0,stop,4,0,qwen3.6-27b,Answer: Egypt,78f1a5c1-1788557231,"Consider these 3 countries: Egypt, Cuba, Czechia.
Which one has the capital city whose name comes first alphabetically? Answer with just the country name.",3921087026
facts_parallel,default,3,immediate,24,Kenya,Bulgaria,0,-1,0,0,stop,4,0,qwen3.6-27b,Answer: Bulgaria,78f1a5c1-1788557231,"Consider these 3 countries: Bulgaria, Kenya, Japan.
Which one has the capital city whose name comes first alphabetically? Answer with just the country name.",2010357649
facts_parallel,default,3,immediate,25,Kenya,Austria,0,-1,0,0,stop,4,0,qwen3.6-27b,Answer: Austria,78f1a5c1-1788557231,"Consider these 3 countries: Kenya, Japan, Austria.
Which one has the capital city whose name comes first alphabetically? Answer with just the country name.",13938439
facts_parallel,default,3,immediate,26,Cuba,Cuba,1,-1,0,0,stop,4,0,qwen3.6-27b,Answer: Cuba,78f1a5c1-1788557231,"Consider these 3 countries: Russia, Cuba, Sweden.
Which one has the capital city whose name comes first alphabetically? Answer with just the country name.",2581462717
facts_parallel,default,3,immediate,27,China,China,1,-1,0,0,stop,4,0,qwen3.6-27b,Answer: China,78f1a5c1-1788557231,"Consider these 3 countries: Israel, China, Portugal.
Which one has the capital city whose name comes first alphabetically? Answer with just the country name.",4007317035
facts_parallel,default,3,immediate,28,Greece,Japan,0,-1,0,0,stop,4,0,qwen3.6-27b,Answer: Japan,78f1a5c1-1788557231,"Consider these 3 countries: Greece, Czechia, Japan.
Which one has the capital city whose name comes first alphabetically? Answer with just the country name.",2120602554
facts_parallel,default,3,immediate,29,Greece,Greece,1,-1,0,0,stop,4,0,qwen3.6-27b,Answer: Greece,78f1a5c1-1788557231,"Consider these 3 countries: Israel, Greece, China.
Which one has the capital city whose name comes first alphabetically? Answer with just the country name.",157475628
facts_parallel,default,3,immediate,30,Finland,Finland,1,-1,0,0,stop,4,0,qwen3.6-27b,Answer: Finland,78f1a5c1-1788557231,"Consider these 3 countries: Finland, Bulgaria, Japan.
Which one has the capital city whose name comes first alphabetically? Answer with just the country name.",1772448457
facts_parallel,default,3,immediate,31,Ireland,Austria,0,-1,0,0,stop,4,0,qwen3.6-27b,Answer: Austria,78f1a5c1-1788557231,"Consider these 3 countries: Cuba, Ireland, Austria.
Which one has the capital city whose name comes first alphabetically? Answer with just the country name.",513956447
facts_parallel,default,3,immediate,32,Thailand,Germany,0,-1,0,0,stop,3,0,qwen3.6-27b,Answer: Germany,78f1a5c1-1788557231,"Consider these 3 countries: Thailand, Germany, Russia.
Which one has the capital city whose name comes first alphabetically? Answer with just the country name.",2276133861
facts_parallel,default,3,immediate,33,Denmark,Denmark,1,-1,0,0,stop,4,0,qwen3.6-27b,Answer: Denmark,78f1a5c1-1788557231,"Consider these 3 countries: Peru, Denmark, Israel.
Which one has the capital city whose name comes first alphabetically? Answer with just the country name.",4037819251
facts_parallel,default,3,immediate,34,Thailand,Ireland,0,-1,0,0,stop,4,0,qwen3.6-27b,Answer: Ireland,78f1a5c1-1788557231,"Consider these 3 countries: Portugal, Thailand, Ireland.
Which one has the capital city whose name comes first alphabetically? Answer with just the country name.",1858645712
facts_parallel,default,3,immediate,35,Greece,Austria,0,-1,0,0,stop,4,0,qwen3.6-27b,Answer: Austria,78f1a5c1-1788557231,"Consider these 3 countries: Greece, Austria, Denmark.
Which one has the capital city whose name comes first alphabetically? Answer with just the country name.",433036870
facts_parallel,default,3,immediate,36,Hungary,Denmark,0,-1,0,0,stop,4,0,qwen3.6-27b,Answer: Denmark,78f1a5c1-1788557231,"Consider these 3 countries: Hungary, Denmark, Sweden.
Which one has the capital city whose name comes first alphabetically? Answer with just the country name.",2160513020
facts_parallel,default,3,immediate,37,Thailand,Hungary,0,-1,0,0,stop,4,0,qwen3.6-27b,Answer: Hungary,78f1a5c1-1788557231,"Consider these 3 countries: Thailand, China, Hungary.
Which one has the capital city whose name comes first alphabetically? Answer with just the country name.",4156686186
facts_parallel,default,3,immediate,38,Greece,Finland,0,-1,0,0,stop,4,0,qwen3.6-27b,Answer: Finland,78f1a5c1-1788557231,"Consider these 3 countries: Germany, Greece, Finland.
Which one has the capital city whose name comes first alphabetically? Answer with just the country name.",1736368891
facts_parallel,default,3,immediate,39,China,China,1,-1,0,0,stop,3,0,qwen3.6-27b,Answer: China,78f1a5c1-1788557231,"Consider these 3 countries: Israel, Morocco, China.
Which one has the capital city whose name comes first alphabetically? Answer with just the country name.",276419181
facts_parallel,default,3,immediate,40,Israel,Czechia,0,-1,0,0,stop,4,0,qwen3.6-27b,Answer: Czechia,78f1a5c1-1788557231,"Consider these 3 countries: Czechia, Israel, Russia.
Which one has the capital city whose name comes first alphabetically? Answer with just the country name.",652540942
facts_parallel,default,3,immediate,41,China,Kenya,0,-1,0,0,stop,4,0,qwen3.6-27b,Answer: Kenya,78f1a5c1-1788557231,"Consider these 3 countries: Kenya, China, Sweden.
Which one has the capital city whose name comes first alphabetically? Answer with just the country name.",1373883544
facts_parallel,default,3,immediate,42,Denmark,Israel,0,-1,0,0,stop,4,0,qwen3.6-27b,Answer: Israel,78f1a5c1-1788557231,"Consider these 3 countries: Denmark, Israel, Portugal.
Which one has the capital city whose name comes first alphabetically? Answer with just the country name.",3370818850
facts_parallel,default,3,immediate,43,Hungary,Finland,0,-1,0,0,stop,3,0,qwen3.6-27b,Answer: Finland,78f1a5c1-1788557231,"Consider these 3 countries: Portugal, Finland, Hungary.
Which one has the capital city whose name comes first alphabetically? Answer with just the country name.",3220024756
facts_parallel,default,3,immediate,44,Egypt,Egypt,1,-1,0,0,stop,4,0,qwen3.6-27b,Answer: Egypt,78f1a5c1-1788557231,"Consider these 3 countries: Peru, Czechia, Egypt.
Which one has the capital city whose name comes first alphabetically? Answer with just the country name.",562640919
facts_parallel,default,3,immediate,45,Thailand,Denmark,0,-1,0,0,stop,4,0,qwen3.6-27b,Answer: Denmark,78f1a5c1-1788557231,"Consider these 3 countries: Denmark, Norway, Thailand.
Which one has the capital city whose name comes first alphabetically? Answer with just the country name.",1452148865
facts_parallel,default,3,immediate,46,Germany,Germany,1,-1,0,0,stop,4,0,qwen3.6-27b,Answer: Germany,78f1a5c1-1788557231,"Consider these 3 countries: Japan, Germany, Morocco.
Which one has the capital city whose name comes first alphabetically? Answer with just the country name.",3481753915
facts_parallel,default,3,immediate,47,Indonesia,Austria,0,-1,0,0,stop,4,0,qwen3.6-27b,Answer: Austria,78f1a5c1-1788557231,"Consider these 3 countries: Austria, Indonesia, Sweden.
Which one has the capital city whose name comes first alphabetically? Answer with just the country name.",3095423405
facts_parallel,default,3,immediate,48,Cuba,Cuba,1,-1,0,0,stop,4,0,qwen3.6-27b,Answer: Cuba,78f1a5c1-1788557231,"Consider these 3 countries: Portugal, Peru, Cuba.
Which one has the capital city whose name comes first alphabetically? Answer with just the country name.",675247164
facts_parallel,default,3,immediate,49,Greece,Finland,0,-1,0,0,stop,4,0,qwen3.6-27b,Answer: Finland,78f1a5c1-1788557231,"Consider these 3 countries: Finland, Greece, Morocco.
Which one has the capital city whose name comes first alphabetically? Answer with just the country name.",1597523114
facts_parallel,default,3,immediate,50,Indonesia,Indonesia,1,-1,0,0,stop,4,0,qwen3.6-27b,Answer: Indonesia,78f1a5c1-1788557231,"Consider these 3 countries: Japan, Indonesia, Russia.
Which one has the capital city whose name comes first alphabetically? Answer with just the country name.",1073728847
facts_parallel,default,3,immediate,51,Ireland,Bulgaria,0,-1,0,0,stop,4,0,qwen3.6-27b,Answer: Bulgaria,78f1a5c1-1788557231,"Consider these 3 countries: Czechia, Bulgaria, Ireland.
Which one has the capital city whose name comes first alphabetically? Answer with just the country name.",1224277465
facts_parallel,default,3,immediate,52,Thailand,Cuba,0,-1,0,0,stop,4,0,qwen3.6-27b,Answer: Cuba,78f1a5c1-1788557231,"Consider these 3 countries: Thailand, Peru, Cuba.
Which one has the capital city whose name comes first alphabetically? Answer with just the country name.",3522276451
facts_parallel,default,3,immediate,53,China,Bulgaria,0,-1,0,0,stop,4,0,qwen3.6-27b,Answer: Bulgaria,78f1a5c1-1788557231,"Consider these 3 countries: China, Bulgaria, Sweden.
Which one has the capital city whose name comes first alphabetically? Answer with just the country name.",2801179893
facts_parallel,default,3,immediate,54,Hungary,Austria,0,-1,0,0,stop,4,0,qwen3.6-27b,Answer: Austria,78f1a5c1-1788557231,"Consider these 3 countries: Austria, Kenya, Hungary.
Which one has the capital city whose name comes first alphabetically? Answer with just the country name.",949094742
facts_parallel,default,3,immediate,55,Germany,Denmark,0,-1,0,0,stop,4,0,qwen3.6-27b,Answer: Denmark,78f1a5c1-1788557231,"Consider these 3 countries: Czechia, Germany, Denmark.
Which one has the capital city whose name comes first alphabetically? Answer with just the country name.",1335179712
facts_parallel,default,3,immediate,56,Hungary,Kenya,0,-1,0,0,stop,3,0,qwen3.6-27b,Answer: Kenya,78f1a5c1-1788557231,"Consider these 3 countries: Hungary, Portugal, Kenya.
Which one has the capital city whose name comes first alphabetically? Answer with just the country name.",3600574586
facts_parallel,default,3,immediate,57,Cuba,Bulgaria,0,-1,0,0,stop,4,0,qwen3.6-27b,Answer: Bulgaria,78f1a5c1-1788557231,"Consider these 3 countries: Finland, Cuba, Bulgaria.
Which one has the capital city whose name comes first alphabetically? Answer with just the country name.",2711312620
facts_parallel,default,3,immediate,58,Thailand,Bulgaria,0,-1,0,0,stop,4,0,qwen3.6-27b,Answer: Bulgaria,78f1a5c1-1788557231,"Consider these 3 countries: Bulgaria, Ireland, Thailand.
Which one has the capital city whose name comes first alphabetically? Answer with just the country name.",824460669
facts_parallel,default,3,immediate,59,Indonesia,Bulgaria,0,-1,0,0,stop,4,0,qwen3.6-27b,Answer: Bulgaria,78f1a5c1-1788557231,"Consider these 3 countries: Portugal, Bulgaria, Indonesia.
Which one has the capital city whose name comes first alphabetically? Answer with just the country name.",1176729067
facts_parallel,default,3,immediate,60,Greece,Norway,0,-1,0,0,stop,4,0,qwen3.6-27b,Answer: Norway,78f1a5c1-1788557231,"Consider these 3 countries: Greece, Norway, Sweden.
Which one has the capital city whose name comes first alphabetically? Answer with just the country name.",349347468
facts_parallel,default,3,immediate,61,Greece,Austria,0,-1,0,0,stop,4,0,qwen3.6-27b,Answer: Austria,78f1a5c1-1788557231,"Consider these 3 countries: Israel, Austria, Greece.
Which one has the capital city whose name comes first alphabetically? Answer with just the country name.",1674948122
facts_parallel,default,3,immediate,62,Ireland,Finland,0,-1,0,0,stop,4,0,qwen3.6-27b,Answer: Finland,78f1a5c1-1788557231,"Consider these 3 countries: Ireland, Kenya, Finland.
Which one has the capital city whose name comes first alphabetically? Answer with just the country name.",4208787360
facts_parallel,default,3,immediate,63,Peru,Poland,0,-1,0,0,stop,4,0,qwen3.6-27b,Answer: Poland,78f1a5c1-1788557231,"Consider these 3 countries: Peru, Poland, Czechia.
Which one has the capital city whose name comes first alphabetically? Answer with just the country name.",2379992886
facts_parallel,default,3,immediate,64,Finland,Finland,1,-1,0,0,stop,4,0,qwen3.6-27b,Answer: Finland,78f1a5c1-1788557231,"Consider these 3 countries: Finland, Indonesia, Bulgaria.
Which one has the capital city whose name comes first alphabetically? Answer with just the country name.",331307669
facts_parallel,default,3,immediate,65,China,China,1,-1,0,0,stop,4,0,qwen3.6-27b,Answer: China,78f1a5c1-1788557231,"Consider these 3 countries: Norway, Czechia, China.
Which one has the capital city whose name comes first alphabetically? Answer with just the country name.",1689807363
facts_parallel,default,3,immediate,66,Czechia,Sweden,0,-1,0,0,stop,4,0,qwen3.6-27b,Answer: Sweden,78f1a5c1-1788557231,"Consider these 3 countries: Sweden, Morocco, Czechia.
Which one has the capital city whose name comes first alphabetically? Answer with just the country name.",4256250809
facts_parallel,default,3,immediate,67,Peru,Kenya,0,-1,0,0,stop,4,0,qwen3.6-27b,Answer: Kenya,78f1a5c1-1788557231,"Consider these 3 countries: Kenya, Poland, Peru.
Which one has the capital city whose name comes first alphabetically? Answer with just the country name.",2327186223
facts_parallel,default,3,immediate,68,Germany,Germany,1,-1,0,0,stop,3,0,qwen3.6-27b,Answer: Germany,78f1a5c1-1788557231,"Consider these 3 countries: Portugal, Germany, Czechia.
Which one has the capital city whose name comes first alphabetically? Answer with just the country name.",436803262
facts_parallel,default,3,immediate,69,Egypt,Egypt,1,-1,0,0,stop,4,0,qwen3.6-27b,Answer: Egypt,78f1a5c1-1788557231,"Consider these 3 countries: Egypt, Sweden, Indonesia.
Which one has the capital city whose name comes first alphabetically? Answer with just the country name.",1829643816
facts_parallel,default,3,immediate,70,Indonesia,Indonesia,1,-1,0,0,stop,4,0,qwen3.6-27b,Answer: Indonesia,78f1a5c1-1788557231,"Consider these 3 countries: Kenya, Indonesia, Russia.
Which one has the capital city whose name comes first alphabetically? Answer with just the country name.",231321549
facts_parallel,default,3,immediate,71,Greece,Bulgaria,0,-1,0,0,stop,4,0,qwen3.6-27b,Answer: Bulgaria,78f1a5c1-1788557231,"Consider these 3 countries: Peru, Bulgaria, Greece.
Which one has the capital city whose name comes first alphabetically? Answer with just the country name.",2060361563
facts_parallel,default,3,immediate,72,China,China,1,-1,0,0,stop,4,0,qwen3.6-27b,Answer: China,78f1a5c1-1788557231,"Consider these 3 countries: China, Norway, Morocco.
Which one has the capital city whose name comes first alphabetically? Answer with just the country name.",3821522657
facts_parallel,default,3,immediate,73,Thailand,Egypt,0,-1,0,0,stop,3,0,qwen3.6-27b,Answer: Egypt,78f1a5c1-1788557231,"Consider these 3 countries: Thailand, Egypt, Peru.
Which one has the capital city whose name comes first alphabetically? Answer with just the country name.",2495676023
facts_parallel,default,3,immediate,74,Cuba,Cuba,1,-1,0,0,stop,4,0,qwen3.6-27b,Answer: Cuba,78f1a5c1-1788557231,"Consider these 3 countries: Kenya, Indonesia, Cuba.
Which one has the capital city whose name comes first alphabetically? Answer with just the country name.",178547668
facts_parallel,default,3,immediate,75,Egypt,Egypt,1,-1,0,0,stop,4,0,qwen3.6-27b,Answer: Egypt,78f1a5c1-1788557231,"Consider these 3 countries: Egypt, Norway, Finland.
Which one has the capital city whose name comes first alphabetically? Answer with just the country name.",2107857730
facts_parallel,default,3,immediate,76,Kenya,Bulgaria,0,-1,0,0,stop,4,0,qwen3.6-27b,Answer: Bulgaria,78f1a5c1-1788557231,"Consider these 3 countries: Bulgaria, Japan, Kenya.
Which one has the capital city whose name comes first alphabetically? Answer with just the country name.",3836349176
facts_parallel,default,3,immediate,77,Greece,Germany,0,-1,0,0,stop,4,0,qwen3.6-27b,Answer: Germany,78f1a5c1-1788557231,"Consider these 3 countries: Germany, Greece, Hungary.
Which one has the capital city whose name comes first alphabetically? Answer with just the country name.",2477603438
facts_parallel,default,3,immediate,78,Thailand,Finland,0,-1,0,0,stop,4,0,qwen3.6-27b,Answer: Finland,78f1a5c1-1788557231,"Consider these 3 countries: Germany, Finland, Thailand.
Which one has the capital city whose name comes first alphabetically? Answer with just the country name.",51521535
facts_parallel,default,3,immediate,79,Thailand,Austria,0,-1,0,0,stop,4,0,qwen3.6-27b,Answer: Austria,78f1a5c1-1788557231,"Consider these 3 countries: Thailand, Austria, Israel.
Which one has the capital city whose name comes first alphabetically? Answer with just the country name.",1947539305
facts_parallel,default,3,immediate,80,Cuba,Cuba,1,-1,0,0,stop,3,0,qwen3.6-27b,Answer: Cuba,78f1a5c1-1788557231,"Consider these 3 countries: Kenya, Cuba, Japan.
Which one has the capital city whose name comes first alphabetically? Answer with just the country name.",2320610050
facts_parallel,default,3,immediate,81,Denmark,Denmark,1,-1,0,0,stop,4,0,qwen3.6-27b,Answer: Denmark,78f1a5c1-1788557231,"Consider these 3 countries: Sweden, Denmark, Czechia.
Which one has the capital city whose name comes first alphabetically? Answer with just the country name.",4250305428
facts_parallel,default,3,immediate,82,Germany,Germany,1,-1,0,0,stop,4,0,qwen3.6-27b,Answer: Germany,78f1a5c1-1788557231,"Consider these 3 countries: Ireland, Norway, Germany.
Which one has the capital city whose name comes first alphabetically? Answer with just the country name.",1684001326
facts_parallel,default,3,immediate,83,Indonesia,Indonesia,1,-1,0,0,stop,4,0,qwen3.6-27b,Answer: Indonesia,78f1a5c1-1788557231,"Consider these 3 countries: Czechia, Indonesia, Japan.
Which one has the capital city whose name comes first alphabetically? Answer with just the country name.",324592312
facts_parallel,default,3,immediate,84,Peru,Peru,1,-1,0,0,stop,4,0,qwen3.6-27b,Answer: Peru,78f1a5c1-1788557231,"Consider these 3 countries: Russia, Poland, Peru.
Which one has the capital city whose name comes first alphabetically? Answer with just the country name.",2369550107
facts_parallel,default,3,immediate,85,Cuba,Cuba,1,-1,0,0,stop,4,0,qwen3.6-27b,Answer: Cuba,78f1a5c1-1788557231,"Consider these 3 countries: Czechia, Sweden, Cuba.
Which one has the capital city whose name comes first alphabetically? Answer with just the country name.",4198188941
facts_parallel,default,3,immediate,86,Denmark,Denmark,1,-1,0,0,stop,4,0,qwen3.6-27b,Answer: Denmark,78f1a5c1-1788557231,"Consider these 3 countries: Denmark, Morocco, Peru.
Which one has the capital city whose name comes first alphabetically? Answer with just the country name.",1664226871
facts_parallel,default,3,immediate,87,Thailand,Austria,0,-1,0,0,stop,4,0,qwen3.6-27b,Answer: Austria,78f1a5c1-1788557231,"Consider these 3 countries: Thailand, Austria, Finland.
Which one has the capital city whose name comes first alphabetically? Answer with just the country name.",339027617
facts_parallel,default,3,immediate,88,Greece,Indonesia,0,-1,0,0,stop,3,0,qwen3.6-27b,Answer: Indonesia,78f1a5c1-1788557231,"Consider these 3 countries: Peru, Greece, Indonesia.
Which one has the capital city whose name comes first alphabetically? Answer with just the country name.",2223651632
facts_parallel,default,3,immediate,89,Denmark,Austria,0,-1,0,0,stop,3,0,qwen3.6-27b,Answer: Austria,78f1a5c1-1788557231,"Consider these 3 countries: Austria, Denmark, Norway.
Which one has the capital city whose name comes first alphabetically? Answer with just the country name.",4086107046
facts_parallel,default,3,immediate,90,Cuba,Austria,0,-1,0,0,stop,4,0,qwen3.6-27b,Answer: Austria,78f1a5c1-1788557231,"Consider these 3 countries: Austria, Cuba, Japan.
Which one has the capital city whose name comes first alphabetically? Answer with just the country name.",2471133763
facts_parallel,default,3,immediate,91,Egypt,Austria,0,-1,0,0,stop,4,0,qwen3.6-27b,Answer: Austria,78f1a5c1-1788557231,"Consider these 3 countries: Poland, Austria, Egypt.
Which one has the capital city whose name comes first alphabetically? Answer with just the country name.",3830297301
facts_parallel,default,3,immediate,92,China,Austria,0,-1,0,0,stop,4,0,qwen3.6-27b,Answer: Austria,78f1a5c1-1788557231,"Consider these 3 countries: Austria, Israel, China.
Which one has the capital city whose name comes first alphabetically? Answer with just the country name.",2101666671
facts_parallel,default,3,immediate,93,Sweden,Austria,0,-1,0,0,stop,4,0,qwen3.6-27b,Answer: Austria,78f1a5c1-1788557231,"Consider these 3 countries: Poland, Sweden, Austria.
Which one has the capital city whose name comes first alphabetically? Answer with just the country name.",172217337
facts_parallel,default,3,immediate,94,Portugal,Kenya,0,-1,0,0,stop,4,0,qwen3.6-27b,Answer: Kenya,78f1a5c1-1788557231,"Consider these 3 countries: Kenya, Czechia, Portugal.
Which one has the capital city whose name comes first alphabetically? Answer with just the country name.",2485601882
facts_parallel,default,3,immediate,95,Germany,Egypt,0,-1,0,0,stop,4,0,qwen3.6-27b,Answer: Egypt,78f1a5c1-1788557231,"Consider these 3 countries: Egypt, Germany, Portugal.
Which one has the capital city whose name comes first alphabetically? Answer with just the country name.",3810555596
facts_parallel,default,3,immediate,96,Egypt,Finland,0,-1,0,0,stop,4,0,qwen3.6-27b,Answer: Finland,78f1a5c1-1788557231,"Consider these 3 countries: Finland, Bulgaria, Egypt.
Which one has the capital city whose name comes first alphabetically? Answer with just the country name.",2049517430
facts_parallel,default,3,immediate,97,Israel,Israel,1,-1,0,0,stop,4,0,qwen3.6-27b,Answer: Israel,78f1a5c1-1788557231,"Consider these 3 countries: Israel, Sweden, Czechia.
Which one has the capital city whose name comes first alphabetically? Answer with just the country name.",221124576
facts_parallel,default,3,immediate,98,Thailand,Finland,0,-1,0,0,stop,3,0,qwen3.6-27b,Answer: Finland,78f1a5c1-1788557231,"Consider these 3 countries: Finland, Thailand, Ireland.
Which one has the capital city whose name comes first alphabetically? Answer with just the country name.",2643528305
facts_parallel,default,3,immediate,99,Thailand,Indonesia,0,-1,0,0,stop,4,0,qwen3.6-27b,Answer: Indonesia,78f1a5c1-1788557231,"Consider these 3 countries: Indonesia, Thailand, Poland.
Which one has the capital city whose name comes first alphabetically? Answer with just the country name.",3935714023
facts_parallel,default,3,immediate,100,Israel,Bulgaria,0,-1,0,0,stop,4,0,qwen3.6-27b,Answer: Bulgaria,78f1a5c1-1788557231,"Consider these 3 countries: Japan, Israel, Bulgaria.
Which one has the capital city whose name comes first alphabetically? Answer with just the country name.",361681969
facts_parallel,default,3,immediate,101,Peru,Portugal,0,-1,0,0,stop,4,0,qwen3.6-27b,Answer: Portugal,78f1a5c1-1788557231,"Consider these 3 countries: Russia, Peru, Portugal.
Which one has the capital city whose name comes first alphabetically? Answer with just the country name.",1653204135
facts_parallel,default,3,immediate,102,Thailand,Israel,0,-1,0,0,stop,3,0,qwen3.6-27b,Answer: Israel,78f1a5c1-1788557231,"Consider these 3 countries: Thailand, Indonesia, Israel.
Which one has the capital city whose name comes first alphabetically? Answer with just the country name.",4219516189
facts_parallel,default,3,immediate,103,Portugal,Poland,0,-1,0,0,stop,4,0,qwen3.6-27b,Answer: Poland,78f1a5c1-1788557231,"Consider these 3 countries: Portugal, Norway, Poland.
Which one has the capital city whose name comes first alphabetically? Answer with just the country name.",2357691787
facts_parallel,default,3,immediate,104,Indonesia,Austria,0,-1,0,0,stop,4,0,qwen3.6-27b,Answer: Austria,78f1a5c1-1788557231,"Consider these 3 countries: Czechia, Indonesia, Austria.
Which one has the capital city whose name comes first alphabetically? Answer with just the country name.",316870696
facts_parallel,default,3,immediate,105,Denmark,Austria,0,-1,0,0,stop,4,0,qwen3.6-27b,Answer: Austria,78f1a5c1-1788557231,"Consider these 3 countries: Denmark, Israel, Austria.
Which one has the capital city whose name comes first alphabetically? Answer with just the country name.",1709449406
facts_parallel,default,3,immediate,106,Thailand,Sweden,0,-1,0,0,stop,4,0,qwen3.6-27b,Answer: Sweden,78f1a5c1-1788557231,"Consider these 3 countries: Sweden, Indonesia, Thailand.
Which one has the capital city whose name comes first alphabetically? Answer with just the country name.",4243419396
facts_parallel,default,3,immediate,107,Egypt,Egypt,1,-1,0,0,stop,4,0,qwen3.6-27b,Answer: Egypt,78f1a5c1-1788557231,"Consider these 3 countries: Egypt, Russia, Kenya.
Which one has the capital city whose name comes first alphabetically? Answer with just the country name.",2347385234
facts_parallel,default,3,immediate,108,Egypt,Egypt,1,-1,0,0,stop,4,0,qwen3.6-27b,Answer: Egypt,78f1a5c1-1788557231,"Consider these 3 countries: Morocco, Finland, Egypt.
Which one has the capital city whose name comes first alphabetically? Answer with just the country name.",458578947
facts_parallel,default,3,immediate,109,Hungary,Hungary,1,-1,0,0,stop,4,0,qwen3.6-27b,Answer: Hungary,78f1a5c1-1788557231,"Consider these 3 countries: Ireland, Norway, Hungary.
Which one has the capital city whose name comes first alphabetically? Answer with just the country name.",1817341077
facts_parallel,default,3,immediate,110,China,China,1,-1,0,0,stop,4,0,qwen3.6-27b,Answer: China,78f1a5c1-1788557231,"Consider these 3 countries: Norway, Poland, China.
Which one has the capital city whose name comes first alphabetically? Answer with just the country name.",211150192
facts_parallel,default,3,immediate,111,Germany,Bulgaria,0,-1,0,0,stop,3,0,qwen3.6-27b,Answer: Bulgaria,78f1a5c1-1788557231,"Consider these 3 countries: Ireland, Germany, Bulgaria.
Which one has the capital city whose name comes first alphabetically? Answer with just the country name.",2073220582
facts_parallel,default,3,immediate,112,Thailand,Portugal,0,-1,0,0,stop,4,0,qwen3.6-27b,Answer: Portugal,78f1a5c1-1788557231,"Consider these 3 countries: Thailand, Portugal, Peru.
Which one has the capital city whose name comes first alphabetically? Answer with just the country name.",3801842780
facts_parallel,default,3,immediate,113,Hungary,Denmark,0,-1,0,0,stop,4,0,qwen3.6-27b,Answer: Denmark,78f1a5c1-1788557231,"Consider these 3 countries: Denmark, Hungary, Japan.
Which one has the capital city whose name comes first alphabetically? Answer with just the country name.",2510075082
facts_parallel,default,3,immediate,114,Finland,Finland,1,-1,0,0,stop,4,0,qwen3.6-27b,Answer: Finland,78f1a5c1-1788557231,"Consider these 3 countries: Kenya, Finland, Peru.
Which one has the capital city whose name comes first alphabetically? Answer with just the country name.",200810857
facts_parallel,default,3,immediate,115,Portugal,Austria,0,-1,0,0,stop,4,0,qwen3.6-27b,Answer: Austria,78f1a5c1-1788557231,"Consider these 3 countries: Portugal, Austria, Morocco.
Which one has the capital city whose name comes first alphabetically? Answer with just the country name.",2097091071
facts_parallel,default,3,immediate,116,Cuba,Peru,0,-1,0,0,stop,4,0,qwen3.6-27b,Answer: Peru,78f1a5c1-1788557231,"Consider these 3 countries: Cuba, Peru, Poland.
Which one has the capital city whose name comes first alphabetically? Answer with just the country name.",3858120773
facts_parallel,default,3,immediate,117,Germany,Egypt,0,-1,0,0,stop,4,0,qwen3.6-27b,Answer: Egypt,78f1a5c1-1788557231,"Consider these 3 countries: Germany, Egypt, Peru.
Which one has the capital city whose name comes first alphabetically? Answer with just the country name.",2465296595
facts_parallel,default,3,immediate,118,Germany,Czechia,0,-1,0,0,stop,5,0,qwen3.6-27b,Answer: Czechia,78f1a5c1-1788557231,"Consider these 3 countries: Germany, Ireland, Czechia.
Which one has the capital city whose name comes first alphabetically? Answer with just the country name.",38694210
facts_parallel,default,3,immediate,119,Hungary,Hungary,1,-1,0,0,stop,4,0,qwen3.6-27b,Answer: Hungary,78f1a5c1-1788557231,"Consider these 3 countries: Cuba, Hungary, Israel.
Which one has the capital city whose name comes first alphabetically? Answer with just the country name.",1967742420
facts_parallel,default,4,immediate,0,Greece,Bulgaria,0,-1,0,0,stop,4,0,qwen3.6-27b,Answer: Bulgaria,78f1a5c1-1788557231,"Consider these 4 countries: Japan, Thailand, Bulgaria, Greece.
Which one has the capital city whose name comes first alphabetically? Answer with just the country name.",813957306
facts_parallel,default,4,immediate,1,Greece,Greece,1,-1,0,0,stop,3,0,qwen3.6-27b,Answer: Greece,78f1a5c1-1788557231,"Consider these 4 countries: Morocco, Czechia, Poland, Greece.
Which one has the capital city whose name comes first alphabetically? Answer with just the country name.",1199779884
facts_parallel,default,4,immediate,2,Cuba,Bulgaria,0,-1,0,0,stop,4,0,qwen3.6-27b,Answer: Bulgaria,78f1a5c1-1788557231,"Consider these 4 countries: Czechia, Bulgaria, Finland, Cuba.
Which one has the capital city whose name comes first alphabetically? Answer with just the country name.",3733610902
facts_parallel,default,4,immediate,3,Greece,Austria,0,-1,0,0,stop,4,0,qwen3.6-27b,Answer: Austria,78f1a5c1-1788557231,"Consider these 4 countries: Finland, China, Greece, Austria.
Which one has the capital city whose name comes first alphabetically? Answer with just the country name.",2844610816
facts_parallel,default,4,immediate,4,Egypt,Egypt,1,-1,0,0,stop,4,0,qwen3.6-27b,Answer: Egypt,78f1a5c1-1788557231,"Consider these 4 countries: Russia, Bulgaria, Egypt, Japan.
Which one has the capital city whose name comes first alphabetically? Answer with just the country name.",938067107
facts_parallel,default,4,immediate,5,Thailand,Poland,0,-1,0,0,stop,4,0,qwen3.6-27b,Answer: Poland,78f1a5c1-1788557231,"Consider these 4 countries: Sweden, Thailand, Russia, Poland.
Which one has the capital city whose name comes first alphabetically? Answer with just the country name.",1089401909
facts_parallel,default,4,immediate,6,Egypt,Egypt,1,-1,0,0,stop,4,0,qwen3.6-27b,Answer: Egypt,78f1a5c1-1788557231,"Consider these 4 countries: Egypt, Cuba, Denmark, Finland.
Which one has the capital city whose name comes first alphabetically? Answer with just the country name.",3655837071
facts_parallel,default,4,immediate,7,Greece,Bulgaria,0,-1,0,0,stop,4,0,qwen3.6-27b,Answer: Bulgaria,78f1a5c1-1788557231,"Consider these 4 countries: Bulgaria, Hungary, Greece, Egypt.
Which one has the capital city whose name comes first alphabetically? Answer with just the country name.",2933953817
facts_parallel,default,4,immediate,8,Hungary,Austria,0,-1,0,0,stop,4,0,qwen3.6-27b,Answer: Austria,78f1a5c1-1788557231,"Consider these 4 countries: Israel, Norway, Hungary, Austria.
Which one has the capital city whose name comes first alphabetically? Answer with just the country name.",1046448264
facts_parallel,default,4,immediate,9,Israel,Morocco,0,-1,0,0,stop,4,0,qwen3.6-27b,Answer: Morocco,78f1a5c1-1788557231,"Consider these 4 countries: Morocco, Russia, Portugal, Israel.
Which one has the capital city whose name comes first alphabetically? Answer with just the country name.",1230551070
facts_parallel,default,4,immediate,10,Israel,Austria,0,-1,0,0,stop,4,0,qwen3.6-27b,Answer: Austria,78f1a5c1-1788557231,"Consider these 4 countries: Japan, Israel, Austria, Bulgaria.
Which one has the capital city whose name comes first alphabetically? Answer with just the country name.",3326357746
facts_parallel,default,4,immediate,11,Germany,Denmark,0,-1,0,0,stop,4,0,qwen3.6-27b,Answer: Denmark,78f1a5c1-1788557231,"Consider these 4 countries: Denmark, Japan, Morocco, Germany.
Which one has the capital city whose name comes first alphabetically? Answer with just the country name.",2973958244
facts_parallel,default,4,immediate,12,Greece,Bulgaria,0,-1,0,0,stop,4,0,qwen3.6-27b,Answer: Bulgaria,78f1a5c1-1788557231,"Consider these 4 countries: Finland, Peru, Greece, Bulgaria.
Which one has the capital city whose name comes first alphabetically? Answer with just the country name.",675959262
facts_parallel,default,4,immediate,13,Greece,Greece,1,-1,0,0,stop,4,0,qwen3.6-27b,Answer: Greece,78f1a5c1-1788557231,"Consider these 4 countries: Kenya, Greece, Ireland, Portugal.
Which one has the capital city whose name comes first alphabetically? Answer with just the country name.",1598906696
facts_parallel,default,4,immediate,14,Thailand,Hungary,0,-1,0,0,stop,4,0,qwen3.6-27b,Answer: Hungary,78f1a5c1-1788557231,"Consider these 4 countries: Thailand, Czechia, Hungary, Peru.
Which one has the capital city whose name comes first alphabetically? Answer with just the country name.",3240752363
facts_parallel,default,4,immediate,15,Greece,Cuba,0,-1,0,0,stop,4,0,qwen3.6-27b,Answer: Cuba,78f1a5c1-1788557231,"Consider these 4 countries: Cuba, Greece, Russia, Kenya.
Which one has the capital city whose name comes first alphabetically? Answer with just the country name.",3056518269
facts_parallel,default,4,immediate,16,Israel,Israel,1,-1,0,0,stop,4,0,qwen3.6-27b,Answer: Israel,78f1a5c1-1788557231,"Consider these 4 countries: Norway, Russia, Israel, Czechia.
Which one has the capital city whose name comes first alphabetically? Answer with just the country name.",791123399
facts_parallel,default,4,immediate,17,Indonesia,Israel,0,-1,0,0,stop,4,0,qwen3.6-27b,Answer: Israel,78f1a5c1-1788557231,"Consider these 4 countries: Russia, Indonesia, Norway, Israel.
Which one has the capital city whose name comes first alphabetically? Answer with just the country name.",1478534481
facts_parallel,default,4,immediate,18,Thailand,Finland,0,-1,0,0,stop,4,0,qwen3.6-27b,Answer: Finland,78f1a5c1-1788557231,"Consider these 4 countries: Finland, Kenya, China, Thailand.
Which one has the capital city whose name comes first alphabetically? Answer with just the country name.",3365910720
facts_parallel,default,4,immediate,19,Russia,Austria,0,-1,0,0,stop,4,0,qwen3.6-27b,Answer: Austria,78f1a5c1-1788557231,"Consider these 4 countries: Sweden, Russia, Austria, Bulgaria.
Which one has the capital city whose name comes first alphabetically? Answer with just the country name.",3214444630
facts_parallel,default,4,immediate,20,Russia,Bulgaria,0,-1,0,0,stop,4,0,qwen3.6-27b,Answer: Bulgaria,78f1a5c1-1788557231,"Consider these 4 countries: Bulgaria, Sweden, Morocco, Russia.
Which one has the capital city whose name comes first alphabetically? Answer with just the country name.",3983106865
facts_parallel,default,4,immediate,21,Germany,Denmark,0,-1,0,0,stop,4,0,qwen3.6-27b,Answer: Denmark,78f1a5c1-1788557231,"Consider these 4 countries: Denmark, Russia, Norway, Germany.
Which one has the capital city whose name comes first alphabetically? Answer with just the country name.",2590921639
facts_parallel,default,4,immediate,22,Greece,Cuba,0,-1,0,0,stop,4,0,qwen3.6-27b,Answer: Cuba,78f1a5c1-1788557231,"Consider these 4 countries: Sweden, Cuba, Greece, Hungary.
Which one has the capital city whose name comes first alphabetically? Answer with just the country name.",57082397
facts_parallel,default,4,immediate,23,Thailand,Israel,0,-1,0,0,stop,4,0,qwen3.6-27b,Answer: Israel,78f1a5c1-1788557231,"Consider these 4 countries: Russia, Israel, Thailand, Denmark.
Which one has the capital city whose name comes first alphabetically? Answer with just the country name.",1952461451
facts_parallel,default,4,immediate,24,Greece,Egypt,0,-1,0,0,stop,4,0,qwen3.6-27b,Answer: Egypt,78f1a5c1-1788557231,"Consider these 4 countries: Greece, Ireland, Israel, Egypt.
Which one has the capital city whose name comes first alphabetically? Answer with just the country name.",3926173480
facts_parallel,default,4,immediate,25,Germany,Germany,1,-1,0,0,stop,4,0,qwen3.6-27b,Answer: Germany,78f1a5c1-1788557231,"Consider these 4 countries: Ireland, Cuba, Germany, Norway.
Which one has the capital city whose name comes first alphabetically? Answer with just the country name.",2634258366
facts_parallel,default,4,immediate,26,China,Egypt,0,-1,0,0,stop,4,0,qwen3.6-27b,Answer: Egypt,78f1a5c1-1788557231,"Consider these 4 countries: Russia, Peru, Egypt, China.
Which one has the capital city whose name comes first alphabetically? Answer with just the country name.",67814916
facts_parallel,default,4,immediate,27,Russia,Bulgaria,0,-1,0,0,stop,4,0,qwen3.6-27b,Answer: Bulgaria,78f1a5c1-1788557231,"Consider these 4 countries: Norway, Japan, Russia, Bulgaria.
Which one has the capital city whose name comes first alphabetically? Answer with just the country name.",1930294930
facts_parallel,default,4,immediate,28,Germany,Ireland,0,-1,0,0,stop,4,0,qwen3.6-27b,Answer: Ireland,78f1a5c1-1788557231,"Consider these 4 countries: Peru, Germany, Indonesia, Ireland.
Which one has the capital city whose name comes first alphabetically? Answer with just the country name.",3820153603
facts_parallel,default,4,immediate,29,Finland,Austria,0,-1,0,0,stop,3,0,qwen3.6-27b,Answer: Austria,78f1a5c1-1788557231,"Consider these 4 countries: Czechia, Finland, Austria, Portugal.
Which one has the capital city whose name comes first alphabetically? Answer with just the country name.",2494946197
facts_parallel,default,4,immediate,30,Germany,Israel,0,-1,0,0,stop,4,0,qwen3.6-27b,Answer: Israel,78f1a5c1-1788557231,"Consider these 4 countries: Indonesia, Sweden, Germany, Israel.
Which one has the capital city whose name comes first alphabetically? Answer with just the country name.",4101132912
facts_parallel,default,4,immediate,31,Hungary,Finland,0,-1,0,0,stop,4,0,qwen3.6-27b,Answer: Finland,78f1a5c1-1788557231,"Consider these 4 countries: Indonesia, Hungary, Finland, Russia.
Which one has the capital city whose name comes first alphabetically? Answer with just the country name.",2205508326
facts_parallel,default,4,immediate,32,Ireland,Cuba,0,-1,0,0,stop,4,0,qwen3.6-27b,Answer: Cuba,78f1a5c1-1788557231,"Consider these 4 countries: Poland, Cuba, Finland, Ireland.
Which one has the capital city whose name comes first alphabetically? Answer with just the country name.",444347228
facts_parallel,default,4,immediate,33,Indonesia,Austria,0,-1,0,0,stop,4,0,qwen3.6-27b,Answer: Austria,78f1a5c1-1788557231,"Consider these 4 countries: Indonesia, Bulgaria, Czechia, Austria.
Which one has the capital city whose name comes first alphabetically? Answer with just the country name.",1836778442
facts_parallel,default,4,immediate,34,Germany,Austria,0,-1,0,0,stop,4,0,qwen3.6-27b,Answer: Austria,78f1a5c1-1788557231,"Consider these 4 countries: Germany, Austria, Japan, Morocco.
Which one has the capital city whose name comes first alphabetically? Answer with just the country name.",4078933609
facts_parallel,default,4,immediate,35,Germany,Germany,1,-1,0,0,stop,4,0,qwen3.6-27b,Answer: Germany,78f1a5c1-1788557231,"Consider these 4 countries: Israel, Morocco, Hungary, Germany.
Which one has the capital city whose name comes first alphabetically? Answer with just the country name.",2216208127
facts_parallel,default,4,immediate,36,Thailand,Egypt,0,-1,0,0,stop,4,0,qwen3.6-27b,Answer: Egypt,78f1a5c1-1788557231,"Consider these 4 countries: Thailand, Egypt, Sweden, Ireland.
Which one has the capital city whose name comes first alphabetically? Answer with just the country name.",487716677
facts_parallel,default,4,immediate,37,Thailand,China,0,-1,0,0,stop,4,0,qwen3.6-27b,Answer: China,78f1a5c1-1788557231,"Consider these 4 countries: Portugal, China, Thailand, Sweden.
Which one has the capital city whose name comes first alphabetically? Answer with just the country name.",1779877843
facts_parallel,default,4,immediate,38,Hungary,Egypt,0,-1,0,0,stop,4,0,qwen3.6-27b,Answer: Egypt,78f1a5c1-1788557231,"Consider these 4 countries: Egypt, Ireland, Hungary, Cuba.
Which one has the capital city whose name comes first alphabetically? Answer with just the country name.",4205435458
facts_parallel,default,4,immediate,39,Egypt,Egypt,1,-1,0,0,stop,4,0,qwen3.6-27b,Answer: Egypt,78f1a5c1-1788557231,"Consider these 4 countries: Denmark, Poland, Egypt, Norway.
Which one has the capital city whose name comes first alphabetically? Answer with just the country name.",2377050836
facts_parallel,default,4,immediate,40,Germany,Germany,1,-1,0,0,stop,4,0,qwen3.6-27b,Answer: Germany,78f1a5c1-1788557231,"Consider these 4 countries: Czechia, Poland, Cuba, Germany.
Which one has the capital city whose name comes first alphabetically? Answer with just the country name.",3140732087
facts_parallel,default,4,immediate,41,China,Egypt,0,-1,0,0,stop,4,0,qwen3.6-27b,Answer: Egypt,78f1a5c1-1788557231,"Consider these 4 countries: Egypt, China, Poland, Bulgaria.
Which one has the capital city whose name comes first alphabetically? Answer with just the country name.",3426022433
facts_parallel,default,4,immediate,42,Greece,Bulgaria,0,-1,0,0,stop,4,0,qwen3.6-27b,Answer: Bulgaria,78f1a5c1-1788557231,"Consider these 4 countries: Greece, Portugal, Bulgaria, Israel.
Which one has the capital city whose name comes first alphabetically? Answer with just the country name.",1430103451
facts_parallel,default,4,immediate,43,Thailand,Kenya,0,-1,0,0,stop,3,0,qwen3.6-27b,Answer: Kenya,78f1a5c1-1788557231,"Consider these 4 countries: Sweden, Thailand, Peru, Kenya.
Which one has the capital city whose name comes first alphabetically? Answer with just the country name.",574264589
facts_parallel,default,4,immediate,44,Thailand,Austria,0,-1,0,0,stop,4,0,qwen3.6-27b,Answer: Austria,78f1a5c1-1788557231,"Consider these 4 countries: Thailand, Austria, Indonesia, Bulgaria.
Which one has the capital city whose name comes first alphabetically? Answer with just the country name.",3160277166
facts_parallel,default,4,immediate,45,Thailand,Japan,0,-1,0,0,stop,4,0,qwen3.6-27b,Answer: Japan,78f1a5c1-1788557231,"Consider these 4 countries: Japan, Portugal, Thailand, Kenya.
Which one has the capital city whose name comes first alphabetically? Answer with just the country name.",3411619896
facts_parallel,default,4,immediate,46,Greece,Greece,1,-1,0,0,stop,3,0,qwen3.6-27b,Answer: Greece,78f1a5c1-1788557231,"Consider these 4 countries: Russia, Morocco, Israel, Greece.
Which one has the capital city whose name comes first alphabetically? Answer with just the country name.",1380999554
facts_parallel,default,4,immediate,47,Germany,Egypt,0,-1,0,0,stop,4,0,qwen3.6-27b,Answer: Egypt,78f1a5c1-1788557231,"Consider these 4 countries: Egypt, Germany, Poland, Denmark.
Which one has the capital city whose name comes first alphabetically? Answer with just the country name.",626479380
facts_parallel,default,4,immediate,48,China,Austria,0,-1,0,0,stop,3,0,qwen3.6-27b,Answer: Austria,78f1a5c1-1788557231,"Consider these 4 countries: Austria, Denmark, Poland, China.
Which one has the capital city whose name comes first alphabetically? Answer with just the country name.",3051900037
facts_parallel,default,4,immediate,49,Germany,Ireland,0,-1,0,0,stop,4,0,qwen3.6-27b,Answer: Ireland,78f1a5c1-1788557231,"Consider these 4 countries: Russia, Ireland, Finland, Germany.
Which one has the capital city whose name comes first alphabetically? Answer with just the country name.",3270474771
facts_parallel,default,4,immediate,50,Egypt,Austria,0,-1,0,0,stop,4,0,qwen3.6-27b,Answer: Austria,78f1a5c1-1788557231,"Consider these 4 countries: Egypt, Austria, Czechia, Bulgaria.
Which one has the capital city whose name comes first alphabetically? Answer with just the country name.",2720593398
facts_parallel,default,4,immediate,51,Hungary,Austria,0,-1,0,0,stop,4,0,qwen3.6-27b,Answer: Austria,78f1a5c1-1788557231,"Consider these 4 countries: Kenya, Cuba, Hungary, Austria.
Which one has the capital city whose name comes first alphabetically? Answer with just the country name.",3576677728
facts_parallel,default,4,immediate,52,Hungary,Bulgaria,0,-1,0,0,stop,4,0,qwen3.6-27b,Answer: Bulgaria,78f1a5c1-1788557231,"Consider these 4 countries: Portugal, Cuba, Hungary, Bulgaria.
Which one has the capital city whose name comes first alphabetically? Answer with just the country name.",1277596890
facts_parallel,default,4,immediate,53,Denmark,Austria,0,-1,0,0,stop,4,0,qwen3.6-27b,Answer: Austria,78f1a5c1-1788557231,"Consider these 4 countries: Denmark, Austria, Morocco, Indonesia.
Which one has the capital city whose name comes first alphabetically? Answer with just the country name.",992060492
facts_parallel,default,4,immediate,54,China,China,1,-1,0,0,stop,4,0,qwen3.6-27b,Answer: China,78f1a5c1-1788557231,"Consider these 4 countries: Egypt, China, Peru, Hungary.
Which one has the capital city whose name comes first alphabetically? Answer with just the country name.",2772775407
facts_parallel,default,4,immediate,55,Finland,Finland,1,-1,0,0,stop,4,0,qwen3.6-27b,Answer: Finland,78f1a5c1-1788557231,"Consider these 4 countries: Finland, Indonesia, Portugal, Japan.
Which one has the capital city whose name comes first alphabetically? Answer with just the country name.",3527541113
facts_parallel,default,4,immediate,56,Germany,Germany,1,-1,0,0,stop,3,0,qwen3.6-27b,Answer: Germany,78f1a5c1-1788557231,"Consider these 4 countries: Finland, Sweden, Peru, Germany.
Which one has the capital city whose name comes first alphabetically? Answer with just the country name.",1263227075
facts_parallel,default,4,immediate,57,Greece,Germany,0,-1,0,0,stop,4,0,qwen3.6-27b,Answer: Germany,78f1a5c1-1788557231,"Consider these 4 countries: Czechia, Greece, Israel, Germany.
Which one has the capital city whose name comes first alphabetically? Answer with just the country name.",1011638357
facts_parallel,default,4,immediate,58,Cuba,Austria,0,-1,0,0,stop,4,0,qwen3.6-27b,Answer: Austria,78f1a5c1-1788557231,"Consider these 4 countries: Sweden, Cuba, Austria, Russia.
Which one has the capital city whose name comes first alphabetically? Answer with just the country name.",2901638596
facts_parallel,default,4,immediate,59,Greece,Greece,1,-1,0,0,stop,4,0,qwen3.6-27b,Answer: Greece,78f1a5c1-1788557231,"Consider these 4 countries: Hungary, Sweden, Greece, Russia.
Which one has the capital city whose name comes first alphabetically? Answer with just the country name.",3690220882
facts_parallel,default,4,immediate,60,China,China,1,-1,0,0,stop,4,0,qwen3.6-27b,Answer: China,78f1a5c1-1788557231,"Consider these 4 countries: China, Japan, Kenya, Indonesia.
Which one has the capital city whose name comes first alphabetically? Answer with just the country name.",2298848821
facts_parallel,default,4,immediate,61,China,Bulgaria,0,-1,0,0,stop,4,0,qwen3.6-27b,Answer: Bulgaria,78f1a5c1-1788557231,"Consider these 4 countries: Hungary, Portugal, Bulgaria, China.
Which one has the capital city whose name comes first alphabetically? Answer with just the country name.",4261582499
facts_parallel,default,4,immediate,62,Greece,Denmark,0,-1,0,0,stop,4,0,qwen3.6-27b,Answer: Denmark,78f1a5c1-1788557231,"Consider these 4 countries: Kenya, Norway, Greece, Denmark.
Which one has the capital city whose name comes first alphabetically? Answer with just the country name.",1728825113
facts_parallel,default,4,immediate,63,Thailand,Ireland,0,-1,0,0,stop,3,0,qwen3.6-27b,Answer: Ireland,78f1a5c1-1788557231,"Consider these 4 countries: Ireland, Morocco, Thailand, Norway.
Which one has the capital city whose name comes first alphabetically? Answer with just the country name.",269285263
facts_parallel,default,4,immediate,64,Indonesia,Indonesia,1,-1,0,0,stop,4,0,qwen3.6-27b,Answer: Indonesia,78f1a5c1-1788557231,"Consider these 4 countries: Sweden, Indonesia, Kenya, Japan.
Which one has the capital city whose name comes first alphabetically? Answer with just the country name.",2389205548
facts_parallel,default,4,immediate,65,Hungary,Egypt,0,-1,0,0,stop,4,0,qwen3.6-27b,Answer: Egypt,78f1a5c1-1788557231,"Consider these 4 countries: Hungary, Israel, Egypt, Sweden.
Which one has the capital city whose name comes first alphabetically? Answer with just the country name.",4184822458
facts_parallel,default,4,immediate,66,China,Kenya,0,-1,0,0,stop,4,0,qwen3.6-27b,Answer: Kenya,78f1a5c1-1788557231,"Consider these 4 countries: Morocco, China, Kenya, Israel.
Which one has the capital city whose name comes first alphabetically? Answer with just the country name.",1617298176
facts_parallel,default,4,immediate,67,Germany,Austria,0,-1,0,0,stop,4,0,qwen3.6-27b,Answer: Austria,78f1a5c1-1788557231,"Consider these 4 countries: Finland, Austria, Germany, Indonesia.
Which one has the capital city whose name comes first alphabetically? Answer with just the country name.",392246166
facts_parallel,default,4,immediate,68,Thailand,Bulgaria,0,-1,0,0,stop,4,0,qwen3.6-27b,Answer: Bulgaria,78f1a5c1-1788557231,"Consider these 4 countries: Thailand, Bulgaria, Kenya, Russia.
Which one has the capital city whose name comes first alphabetically? Answer with just the country name.",2279484935
facts_parallel,default,4,immediate,69,Germany,Bulgaria,0,-1,0,0,stop,4,0,qwen3.6-27b,Answer: Bulgaria,78f1a5c1-1788557231,"Consider these 4 countries: Germany, Bulgaria, Israel, Finland.
Which one has the capital city whose name comes first alphabetically? Answer with just the country name.",4040760977
facts_parallel,default,4,immediate,70,Ireland,Ireland,1,-1,0,0,stop,4,0,qwen3.6-27b,Answer: Ireland,78f1a5c1-1788557231,"Consider these 4 countries: Sweden, Russia, Peru, Ireland.
Which one has the capital city whose name comes first alphabetically? Answer with just the country name.",2417923956
facts_parallel,default,4,immediate,71,China,Israel,0,-1,0,0,stop,4,0,qwen3.6-27b,Answer: Israel,78f1a5c1-1788557231,"Consider these 4 countries: China, Japan, Sweden, Israel.
Which one has the capital city whose name comes first alphabetically? Answer with just the country name.",3877218274
facts_parallel,default,4,immediate,72,Egypt,Egypt,1,-1,0,0,stop,4,0,qwen3.6-27b,Answer: Egypt,78f1a5c1-1788557231,"Consider these 4 countries: Egypt, Japan, Kenya, Ireland.
Which one has the capital city whose name comes first alphabetically? Answer with just the country name.",2115040856
facts_parallel,default,4,immediate,73,Germany,Kenya,0,-1,0,0,stop,4,0,qwen3.6-27b,Answer: Kenya,78f1a5c1-1788557231,"Consider these 4 countries: Kenya, Portugal, Israel, Germany.
Which one has the capital city whose name comes first alphabetically? Answer with just the country name.",152553166
facts_parallel,default,4,immediate,74,China,Austria,0,-1,0,0,stop,4,0,qwen3.6-27b,Answer: Austria,78f1a5c1-1788557231,"Consider these 4 countries: Sweden, Austria, China, Peru.
Which one has the capital city whose name comes first alphabetically? Answer with just the country name.",2540917613
facts_parallel,default,4,immediate,75,Hungary,Portugal,0,-1,0,0,stop,4,0,qwen3.6-27b,Answer: Portugal,78f1a5c1-1788557231,"Consider these 4 countries: Portugal, Bulgaria, Hungary, Cuba.
Which one has the capital city whose name comes first alphabetically? Answer with just the country name.",3765724155
facts_parallel,default,4,immediate,76,Portugal,Kenya,0,-1,0,0,stop,4,0,qwen3.6-27b,Answer: Kenya,78f1a5c1-1788557231,"Consider these 4 countries: Russia, Portugal, Kenya, Sweden.
Which one has the capital city whose name comes first alphabetically? Answer with just the country name.",2038248001
facts_parallel,default,4,immediate,77,Hungary,Denmark,0,-1,0,0,stop,4,0,qwen3.6-27b,Answer: Denmark,78f1a5c1-1788557231,"Consider these 4 countries: Hungary, Kenya, Sweden, Denmark.
Which one has the capital city whose name comes first alphabetically? Answer with just the country name.",242877143
facts_parallel,default,4,immediate,78,Egypt,Egypt,1,-1,0,0,stop,4,0,qwen3.6-27b,Answer: Egypt,78f1a5c1-1788557231,"Consider these 4 countries: Egypt, Cuba, Czechia, Ireland.
Which one has the capital city whose name comes first alphabetically? Answer with just the country name.",2663718726
facts_parallel,default,4,immediate,79,Hungary,Austria,0,-1,0,0,stop,4,0,qwen3.6-27b,Answer: Austria,78f1a5c1-1788557231,"Consider these 4 countries: Austria, Hungary, Kenya, Cuba.
Which one has the capital city whose name comes first alphabetically? Answer with just the country name.",3921817552
facts_parallel,default,4,immediate,80,Thailand,Egypt,0,-1,0,0,stop,4,0,qwen3.6-27b,Answer: Egypt,78f1a5c1-1788557231,"Consider these 4 countries: Kenya, Thailand, Egypt, Norway.
Which one has the capital city whose name comes first alphabetically? Answer with just the country name.",394693563
facts_parallel,default,4,immediate,81,Greece,Bulgaria,0,-1,0,0,stop,4,0,qwen3.6-27b,Answer: Bulgaria,78f1a5c1-1788557231,"Consider these 4 countries: Denmark, Cuba, Greece, Bulgaria.
Which one has the capital city whose name comes first alphabetically? Answer with just the country name.",1619114797
facts_parallel,default,4,immediate,82,Indonesia,Bulgaria,0,-1,0,0,stop,4,0,qwen3.6-27b,Answer: Bulgaria,78f1a5c1-1788557231,"Consider these 4 countries: Bulgaria, Indonesia, Portugal, Czechia.
Which one has the capital city whose name comes first alphabetically? Answer with just the country name.",4186499735
facts_parallel,default,4,immediate,83,Ireland,Austria,0,-1,0,0,stop,4,0,qwen3.6-27b,Answer: Austria,78f1a5c1-1788557231,"Consider these 4 countries: Indonesia, Ireland, Finland, Austria.
Which one has the capital city whose name comes first alphabetically? Answer with just the country name.",2391792129
facts_parallel,default,4,immediate,84,Ireland,Ireland,1,-1,0,0,stop,4,0,qwen3.6-27b,Answer: Ireland,78f1a5c1-1788557231,"Consider these 4 countries: Ireland, Japan, Indonesia, Sweden.
Which one has the capital city whose name comes first alphabetically? Answer with just the country name.",283856802
facts_parallel,default,4,immediate,85,China,Austria,0,-1,0,0,stop,4,0,qwen3.6-27b,Answer: Austria,78f1a5c1-1788557231,"Consider these 4 countries: Austria, China, Indonesia, Norway.
Which one has the capital city whose name comes first alphabetically? Answer with just the country name.",1743552308
facts_parallel,default,4,immediate,86,Finland,Bulgaria,0,-1,0,0,stop,4,0,qwen3.6-27b,Answer: Bulgaria,78f1a5c1-1788557231,"Consider these 4 countries: Norway, Bulgaria, Finland, Morocco.
Which one has the capital city whose name comes first alphabetically? Answer with just the country name.",4276432526
facts_parallel,default,4,immediate,87,Germany,Denmark,0,-1,0,0,stop,4,0,qwen3.6-27b,Answer: Denmark,78f1a5c1-1788557231,"Consider these 4 countries: Germany, Denmark, Poland, Indonesia.
Which one has the capital city whose name comes first alphabetically? Answer with just the country name.",2313297432
facts_parallel,default,4,immediate,88,Germany,Finland,0,-1,0,0,stop,4,0,qwen3.6-27b,Answer: Finland,78f1a5c1-1788557231,"Consider these 4 countries: Finland, Russia, Israel, Germany.
Which one has the capital city whose name comes first alphabetically? Answer with just the country name.",425526153
facts_parallel,default,4,immediate,89,Thailand,Germany,0,-1,0,0,stop,4,0,qwen3.6-27b,Answer: Germany,78f1a5c1-1788557231,"Consider these 4 countries: Norway, Germany, Indonesia, Thailand.
Which one has the capital city whose name comes first alphabetically? Answer with just the country name.",1851405087
facts_parallel,default,4,immediate,90,Greece,Greece,1,-1,0,0,stop,4,0,qwen3.6-27b,Answer: Greece,78f1a5c1-1788557231,"Consider these 4 countries: Poland, Morocco, Cuba, Greece.
Which one has the capital city whose name comes first alphabetically? Answer with just the country name.",245218042
facts_parallel,default,4,immediate,91,Germany,Poland,0,-1,0,0,stop,4,0,qwen3.6-27b,Answer: Poland,78f1a5c1-1788557231,"Consider these 4 countries: Poland, Peru, Germany, Bulgaria.
Which one has the capital city whose name comes first alphabetically? Answer with just the country name.",2040171116
facts_parallel,default,4,immediate,92,Greece,Greece,1,-1,0,0,stop,3,0,qwen3.6-27b,Answer: Greece,78f1a5c1-1788557231,"Consider these 4 countries: Greece, Peru, Russia, Kenya.
Which one has the capital city whose name comes first alphabetically? Answer with just the country name.",3767786454
facts_parallel,default,4,immediate,93,Germany,Japan,0,-1,0,0,stop,4,0,qwen3.6-27b,Answer: Japan,78f1a5c1-1788557231,"Consider these 4 countries: Sweden, Russia, Germany, Japan.
Which one has the capital city whose name comes first alphabetically? Answer with just the country name.",2543119168
facts_parallel,default,4,immediate,94,Thailand,Egypt,0,-1,0,0,stop,3,0,qwen3.6-27b,Answer: Egypt,78f1a5c1-1788557231,"Consider these 4 countries: Germany, Ireland, Thailand, Egypt.
Which one has the capital city whose name comes first alphabetically? Answer with just the country name.",166756067
facts_parallel,default,4,immediate,95,Germany,Bulgaria,0,-1,0,0,stop,4,0,qwen3.6-27b,Answer: Bulgaria,78f1a5c1-1788557231,"Consider these 4 countries: Germany, Denmark, Bulgaria, Poland.
Which one has the capital city whose name comes first alphabetically? Answer with just the country name.",2130136693
facts_parallel,default,4,immediate,96,China,Israel,0,-1,0,0,stop,4,0,qwen3.6-27b,Answer: Israel,78f1a5c1-1788557231,"Consider these 4 countries: Russia, Israel, China, Norway.
Which one has the capital city whose name comes first alphabetically? Answer with just the country name.",3892191183
facts_parallel,default,4,immediate,97,Germany,Germany,1,-1,0,0,stop,4,0,qwen3.6-27b,Answer: Germany,78f1a5c1-1788557231,"Consider these 4 countries: Germany, Israel, Morocco, Poland.
Which one has the capital city whose name comes first alphabetically? Answer with just the country name.",2432249689
facts_parallel,default,4,immediate,98,Greece,Japan,0,-1,0,0,stop,4,0,qwen3.6-27b,Answer: Japan,78f1a5c1-1788557231,"Consider these 4 countries: Japan, Poland, Portugal, Greece.
Which one has the capital city whose name comes first alphabetically? Answer with just the country name.",4600520
facts_parallel,default,4,immediate,99,Thailand,Poland,0,-1,0,0,stop,4,0,qwen3.6-27b,Answer: Poland,78f1a5c1-1788557231,"Consider these 4 countries: Peru, Thailand, Portugal, Poland.
Which one has the capital city whose name comes first alphabetically? Answer with just the country name.",2000749150
facts_parallel,default,4,immediate,100,Cuba,Cuba,1,-1,0,0,stop,4,0,qwen3.6-27b,Answer: Cuba,78f1a5c1-1788557231,"Consider these 4 countries: Poland, Czechia, Japan, Cuba.
Which one has the capital city whose name comes first alphabetically? Answer with just the country name.",2813200417
facts_parallel,default,4,immediate,101,Ireland,Ireland,1,-1,0,0,stop,4,0,qwen3.6-27b,Answer: Ireland,78f1a5c1-1788557231,"Consider these 4 countries: Ireland, Poland, Morocco, Indonesia.
Which one has the capital city whose name comes first alphabetically? Answer with just the country name.",3500751031
facts_parallel,default,4,immediate,102,Indonesia,Indonesia,1,-1,0,0,stop,4,0,qwen3.6-27b,Answer: Indonesia,78f1a5c1-1788557231,"Consider these 4 countries: Indonesia, Kenya, Russia, Norway.
Which one has the capital city whose name comes first alphabetically? Answer with just the country name.",1235249421
facts_parallel,default,4,immediate,103,Thailand,Austria,0,-1,0,0,stop,4,0,qwen3.6-27b,Answer: Austria,78f1a5c1-1788557231,"Consider these 4 countries: Czechia, Austria, Thailand, China.
Which one has the capital city whose name comes first alphabetically? Answer with just the country name.",1051154843
facts_parallel,default,4,immediate,104,China,Kenya,0,-1,0,0,stop,4,0,qwen3.6-27b,Answer: Kenya,78f1a5c1-1788557231,"Consider these 4 countries: Kenya, Egypt, China, Israel.
Which one has the capital city whose name comes first alphabetically? Answer with just the country name.",2697186360
facts_parallel,default,4,immediate,105,Egypt,Denmark,0,-1,0,0,stop,4,0,qwen3.6-27b,Answer: Denmark,78f1a5c1-1788557231,"Consider these 4 countries: Denmark, Russia, Egypt, Japan.
Which one has the capital city whose name comes first alphabetically? Answer with just the country name.",3620011182
facts_parallel,default,4,immediate,106,Thailand,China,0,-1,0,0,stop,4,0,qwen3.6-27b,Answer: China,78f1a5c1-1788557231,"Consider these 4 countries: China, Thailand, Czechia, Russia.
Which one has the capital city whose name comes first alphabetically? Answer with just the country name.",1322102036
facts_parallel,default,4,immediate,107,China,Bulgaria,0,-1,0,0,stop,4,0,qwen3.6-27b,Answer: Bulgaria,78f1a5c1-1788557231,"Consider these 4 countries: China, Indonesia, Hungary, Bulgaria.
Which one has the capital city whose name comes first alphabetically? Answer with just the country name.",969579906
facts_parallel,default,4,immediate,108,Finland,Israel,0,-1,0,0,stop,4,0,qwen3.6-27b,Answer: Israel,78f1a5c1-1788557231,"Consider these 4 countries: Sweden, Finland, Morocco, Israel.
Which one has the capital city whose name comes first alphabetically? Answer with just the country name.",2843050003
facts_parallel,default,4,immediate,109,Denmark,Austria,0,-1,0,0,stop,4,0,qwen3.6-27b,Answer: Austria,78f1a5c1-1788557231,"Consider these 4 countries: Denmark, Israel, Morocco, Austria.
Which one has the capital city whose name comes first alphabetically? Answer with just the country name.",3732058245
facts_parallel,default,4,immediate,110,China,Finland,0,-1,0,0,stop,3,0,qwen3.6-27b,Answer: Finland,78f1a5c1-1788557231,"Consider these 4 countries: Israel, Finland, Japan, China.
Which one has the capital city whose name comes first alphabetically? Answer with just the country name.",3199547744
facts_parallel,default,4,immediate,111,Hungary,Indonesia,0,-1,0,0,stop,3,0,qwen3.6-27b,Answer: Indonesia,78f1a5c1-1788557231,"Consider these 4 countries: Portugal, Poland, Hungary, Indonesia.
Which one has the capital city whose name comes first alphabetically? Answer with just the country name.",3383888374
facts_parallel,default,4,immediate,112,Greece,Greece,1,-1,0,0,stop,4,0,qwen3.6-27b,Answer: Greece,78f1a5c1-1788557231,"Consider these 4 countries: Greece, Finland, Hungary, Thailand.
Which one has the capital city whose name comes first alphabetically? Answer with just the country name.",1354455116
facts_parallel,default,4,immediate,113,Ireland,Austria,0,-1,0,0,stop,4,0,qwen3.6-27b,Answer: Austria,78f1a5c1-1788557231,"Consider these 4 countries: Ireland, Norway, Austria, Czechia.
Which one has the capital city whose name comes first alphabetically? Answer with just the country name.",666659034
facts_parallel,default,4,immediate,114,Ireland,Ireland,1,-1,0,0,stop,4,0,qwen3.6-27b,Answer: Ireland,78f1a5c1-1788557231,"Consider these 4 countries: Portugal, Ireland, Norway, Kenya.
Which one has the capital city whose name comes first alphabetically? Answer with just the country name.",3118005625
facts_parallel,default,4,immediate,115,Hungary,Hungary,1,-1,0,0,stop,4,0,qwen3.6-27b,Answer: Hungary,78f1a5c1-1788557231,"Consider these 4 countries: Russia, Peru, Norway, Hungary.
Which one has the capital city whose name comes first alphabetically? Answer with just the country name.",3470773743
facts_parallel,default,4,immediate,116,Thailand,Cuba,0,-1,0,0,stop,4,0,qwen3.6-27b,Answer: Cuba,78f1a5c1-1788557231,"Consider these 4 countries: Cuba, Thailand, Indonesia, Czechia.
Which one has the capital city whose name comes first alphabetically? Answer with just the country name.",1473682517
facts_parallel,default,4,immediate,117,Hungary,Austria,0,-1,0,0,stop,4,0,qwen3.6-27b,Answer: Austria,78f1a5c1-1788557231,"Consider these 4 countries: Hungary, Austria, Ireland, Indonesia.
Which one has the capital city whose name comes first alphabetically? Answer with just the country name.",550612163
facts_parallel,default,4,immediate,118,Denmark,Denmark,1,-1,0,0,stop,4,0,qwen3.6-27b,Answer: Denmark,78f1a5c1-1788557231,"Consider these 4 countries: Denmark, Norway, Sweden, Poland.
Which one has the capital city whose name comes first alphabetically? Answer with just the country name.",2960044370
facts_parallel,default,4,immediate,119,Germany,Bulgaria,0,-1,0,0,stop,4,0,qwen3.6-27b,Answer: Bulgaria,78f1a5c1-1788557231,"Consider these 4 countries: Bulgaria, Germany, Ireland, Israel.
Which one has the capital city whose name comes first alphabetically? Answer with just the country name.",3345580484
facts_parallel,default,6,immediate,0,Greece,Israel,0,-1,0,0,stop,4,0,qwen3.6-27b,Answer: Israel,78f1a5c1-1788557231,"Consider these 6 countries: Poland, Greece, Hungary, Finland, Israel, Cuba.
Which one has the capital city whose name comes first alphabetically? Answer with just the country name.",855692500
facts_parallel,default,6,immediate,1,Greece,Bulgaria,0,-1,0,0,stop,3,0,qwen3.6-27b,Answer: Bulgaria,78f1a5c1-1788557231,"Consider these 6 countries: Peru, Sweden, Thailand, Bulgaria, Greece, Norway.
Which one has the capital city whose name comes first alphabetically? Answer with just the country name.",1141367874
facts_parallel,default,6,immediate,2,Hungary,Denmark,0,-1,0,0,stop,4,0,qwen3.6-27b,Answer: Denmark,78f1a5c1-1788557231,"Consider these 6 countries: Denmark, Poland, Indonesia, Hungary, Ireland, Sweden.
Which one has the capital city whose name comes first alphabetically? Answer with just the country name.",3708728824
facts_parallel,default,6,immediate,3,China,China,1,-1,0,0,stop,3,0,qwen3.6-27b,Answer: China,78f1a5c1-1788557231,"Consider these 6 countries: Japan, Sweden, China, Ireland, Israel, Peru.
Which one has the capital city whose name comes first alphabetically? Answer with just the country name.",2852750702
facts_parallel,default,6,immediate,4,Cuba,Bulgaria,0,-1,0,0,stop,4,0,qwen3.6-27b,Answer: Bulgaria,78f1a5c1-1788557231,"Consider these 6 countries: Japan, Bulgaria, Cuba, Norway, Czechia, Sweden.
Which one has the capital city whose name comes first alphabetically? Answer with just the country name.",879562957
facts_parallel,default,6,immediate,5,Germany,Ireland,0,-1,0,0,stop,4,0,qwen3.6-27b,Answer: Ireland,78f1a5c1-1788557231,"Consider these 6 countries: Sweden, Israel, Indonesia, Ireland, Poland, Germany.
Which one has the capital city whose name comes first alphabetically? Answer with just the country name.",1131028571
facts_parallel,default,6,immediate,6,Greece,Egypt,0,-1,0,0,stop,4,0,qwen3.6-27b,Answer: Egypt,78f1a5c1-1788557231,"Consider these 6 countries: Egypt, Japan, Kenya, Greece, Norway, Russia.
Which one has the capital city whose name comes first alphabetically? Answer with just the country name.",3663950305
facts_parallel,default,6,immediate,7,Finland,Finland,1,-1,0,0,stop,4,0,qwen3.6-27b,Answer: Finland,78f1a5c1-1788557231,"Consider these 6 countries: Peru, Indonesia, Israel, Finland, Poland, Bulgaria.
Which one has the capital city whose name comes first alphabetically? Answer with just the country name.",2909028727
facts_parallel,default,6,immediate,8,Thailand,Bulgaria,0,-1,0,0,stop,3,0,qwen3.6-27b,Answer: Bulgaria,78f1a5c1-1788557231,"Consider these 6 countries: Thailand, Denmark, Poland, Kenya, China, Bulgaria.
Which one has the capital city whose name comes first alphabetically? Answer with just the country name.",1037786342
facts_parallel,default,6,immediate,9,Thailand,Egypt,0,-1,0,0,stop,4,0,qwen3.6-27b,Answer: Egypt,78f1a5c1-1788557231,"Consider these 6 countries: Peru, Thailand, Portugal, Czechia, Ireland, Egypt.
Which one has the capital city whose name comes first alphabetically? Answer with just the country name.",1255959664
facts_parallel,default,6,immediate,10,Greece,Austria,0,-1,0,0,stop,4,0,qwen3.6-27b,Answer: Austria,78f1a5c1-1788557231,"Consider these 6 countries: Sweden, Greece, Austria, Hungary, Finland, Germany.
Which one has the capital city whose name comes first alphabetically? Answer with just the country name.",1817049209
facts_parallel,default,6,immediate,11,China,Egypt,0,-1,0,0,stop,4,0,qwen3.6-27b,Answer: Egypt,78f1a5c1-1788557231,"Consider these 6 countries: Finland, Egypt, Poland, Peru, China, Portugal.
Which one has the capital city whose name comes first alphabetically? Answer with just the country name.",457885935
facts_parallel,default,6,immediate,12,Greece,Egypt,0,-1,0,0,stop,4,0,qwen3.6-27b,Answer: Egypt,78f1a5c1-1788557231,"Consider these 6 countries: Greece, Kenya, Denmark, Peru, Czechia, Egypt.
Which one has the capital city whose name comes first alphabetically? Answer with just the country name.",2185468245
facts_parallel,default,6,immediate,13,Germany,Austria,0,-1,0,0,stop,4,0,qwen3.6-27b,Answer: Austria,78f1a5c1-1788557231,"Consider these 6 countries: Russia, Austria, Egypt, Germany, Indonesia, Cuba.
Which one has the capital city whose name comes first alphabetically? Answer with just the country name.",4114917827
facts_parallel,default,6,immediate,14,Finland,Finland,1,-1,0,0,stop,4,0,qwen3.6-27b,Answer: Finland,78f1a5c1-1788557231,"Consider these 6 countries: Russia, Norway, Kenya, Morocco, Finland, Sweden.
Which one has the capital city whose name comes first alphabetically? Answer with just the country name.",1797274720
facts_parallel,default,6,immediate,15,Thailand,Austria,0,-1,0,0,stop,4,0,qwen3.6-27b,Answer: Austria,78f1a5c1-1788557231,"Consider these 6 countries: Austria, Egypt, Kenya, Poland, Thailand, Israel.
Which one has the capital city whose name comes first alphabetically? Answer with just the country name.",472321270
facts_parallel,default,6,immediate,16,Thailand,Kenya,0,-1,0,0,stop,4,0,qwen3.6-27b,Answer: Kenya,78f1a5c1-1788557231,"Consider these 6 countries: Thailand, Hungary, Portugal, Peru, Germany, Kenya.
Which one has the capital city whose name comes first alphabetically? Answer with just the country name.",2234408268
facts_parallel,default,6,immediate,17,Israel,Israel,1,-1,0,0,stop,3,0,qwen3.6-27b,Answer: Israel,78f1a5c1-1788557231,"Consider these 6 countries: Czechia, Portugal, Sweden, Israel, Poland, Japan.
Which one has the capital city whose name comes first alphabetically? Answer with just the country name.",4062801370
facts_parallel,default,6,immediate,18,Thailand,Austria,0,-1,0,0,stop,4,0,qwen3.6-27b,Answer: Austria,78f1a5c1-1788557231,"Consider these 6 countries: Germany, Israel, Austria, Thailand, Ireland, Egypt.
Which one has the capital city whose name comes first alphabetically? Answer with just the country name.",1654026315
facts_parallel,default,6,immediate,19,Egypt,Egypt,1,-1,0,0,stop,4,0,qwen3.6-27b,Answer: Egypt,78f1a5c1-1788557231,"Consider these 6 countries: Denmark, Morocco, Egypt, Russia, Czechia, Finland.
Which one has the capital city whose name comes first alphabetically? Answer with just the country name.",361840861
facts_parallel,default,6,immediate,20,Germany,Austria,0,-1,0,0,stop,4,0,qwen3.6-27b,Answer: Austria,78f1a5c1-1788557231,"Consider these 6 countries: Austria, Germany, Sweden, Japan, Denmark, Egypt.
Which one has the capital city whose name comes first alphabetically? Answer with just the country name.",1197517754
facts_parallel,default,6,immediate,21,China,Cuba,0,-1,0,0,stop,4,0,qwen3.6-27b,Answer: Cuba,78f1a5c1-1788557231,"Consider these 6 countries: China, Indonesia, Cuba, Hungary, Sweden, Poland.
Which one has the capital city whose name comes first alphabetically? Answer with just the country name.",812096300
facts_parallel,default,6,immediate,22,Egypt,Egypt,1,-1,0,0,stop,4,0,qwen3.6-27b,Answer: Egypt,78f1a5c1-1788557231,"Consider these 6 countries: Kenya, Portugal, Egypt, Czechia, Russia, Japan.
Which one has the capital city whose name comes first alphabetically? Answer with just the country name.",2842610326
facts_parallel,default,6,immediate,23,Ireland,Austria,0,-1,0,0,stop,4,0,qwen3.6-27b,Answer: Austria,78f1a5c1-1788557231,"Consider these 6 countries: Ireland, Austria, Norway, Peru, Russia, Finland.
Which one has the capital city whose name comes first alphabetically? Answer with just the country name.",3731487232
facts_parallel,default,6,immediate,24,Germany,Hungary,0,-1,0,0,stop,4,0,qwen3.6-27b,Answer: Hungary,78f1a5c1-1788557231,"Consider these 6 countries: Japan, Kenya, Peru, Germany, Hungary, Bulgaria.
Which one has the capital city whose name comes first alphabetically? Answer with just the country name.",1074622371
facts_parallel,default,6,immediate,25,Germany,Germany,1,-1,0,0,stop,4,0,qwen3.6-27b,Answer: Germany,78f1a5c1-1788557231,"Consider these 6 countries: Kenya, Russia, Poland, Portugal, Germany, Sweden.
Which one has the capital city whose name comes first alphabetically? Answer with just the country name.",923426613
facts_parallel,default,6,immediate,26,Thailand,Austria,0,-1,0,0,stop,4,0,qwen3.6-27b,Answer: Austria,78f1a5c1-1788557231,"Consider these 6 countries: Poland, Japan, Austria, Thailand, Peru, Czechia.
Which one has the capital city whose name comes first alphabetically? Answer with just the country name.",2919435919
facts_parallel,default,6,immediate,27,China,Finland,0,-1,0,0,stop,4,0,qwen3.6-27b,Answer: Finland,78f1a5c1-1788557231,"Consider these 6 countries: Russia, Finland, Bulgaria, Israel, Hungary, China.
Which one has the capital city whose name comes first alphabetically? Answer with just the country name.",3640933913
facts_parallel,default,6,immediate,28,Egypt,Bulgaria,0,-1,0,0,stop,4,0,qwen3.6-27b,Answer: Bulgaria,78f1a5c1-1788557231,"Consider these 6 countries: Bulgaria, Portugal, Poland, Russia, Finland, Egypt.
Which one has the capital city whose name comes first alphabetically? Answer with just the country name.",1237001096
facts_parallel,default,6,immediate,29,Cuba,Bulgaria,0,-1,0,0,stop,4,0,qwen3.6-27b,Answer: Bulgaria,78f1a5c1-1788557231,"Consider these 6 countries: Czechia, Sweden, Portugal, Cuba, Bulgaria, Finland.
Which one has the capital city whose name comes first alphabetically? Answer with just the country name.",1052513054
facts_parallel,default,6,immediate,30,Germany,Hungary,0,-1,0,0,stop,4,0,qwen3.6-27b,Answer: Hungary,78f1a5c1-1788557231,"Consider these 6 countries: Japan, Hungary, Cuba, Israel, Germany, Poland.
Which one has the capital city whose name comes first alphabetically? Answer with just the country name.",1585158907
facts_parallel,default,6,immediate,31,Greece,Cuba,0,-1,0,0,stop,4,0,qwen3.6-27b,Answer: Cuba,78f1a5c1-1788557231,"Consider these 6 countries: Sweden, Cuba, Finland, Greece, Czechia, Kenya.
Which one has the capital city whose name comes first alphabetically? Answer with just the country name.",696035949
facts_parallel,default,6,immediate,32,Germany,Denmark,0,-1,0,0,stop,4,0,qwen3.6-27b,Answer: Denmark,78f1a5c1-1788557231,"Consider these 6 countries: Peru, Finland, Hungary, Russia, Germany, Denmark.
Which one has the capital city whose name comes first alphabetically? Answer with just the country name.",2960522199
facts_parallel,default,6,immediate,33,Hungary,Kenya,0,-1,0,0,stop,4,0,qwen3.6-27b,Answer: Kenya,78f1a5c1-1788557231,"Consider these 6 countries: Ireland, Kenya, Bulgaria, Hungary, Morocco, Czechia.
Which one has the capital city whose name comes first alphabetically? Answer with just the country name.",3346189121
facts_parallel,default,6,immediate,34,China,Finland,0,-1,0,0,stop,4,0,qwen3.6-27b,Answer: Finland,78f1a5c1-1788557231,"Consider these 6 countries: Finland, Czechia, Japan, Morocco, Indonesia, China.
Which one has the capital city whose name comes first alphabetically? Answer with just the country name.",1494638306
facts_parallel,default,6,immediate,35,China,Austria,0,-1,0,0,stop,4,0,qwen3.6-27b,Answer: Austria,78f1a5c1-1788557231,"Consider these 6 countries: Egypt, Germany, Cuba, Ireland, China, Austria.
Which one has the capital city whose name comes first alphabetically? Answer with just the country name.",772894324
facts_parallel,default,6,immediate,36,Denmark,Austria,0,-1,0,0,stop,4,0,qwen3.6-27b,Answer: Austria,78f1a5c1-1788557231,"Consider these 6 countries: Poland, Norway, Finland, Japan, Austria, Denmark.
Which one has the capital city whose name comes first alphabetically? Answer with just the country name.",3071819726
facts_parallel,default,6,immediate,37,Greece,Hungary,0,-1,0,0,stop,4,0,qwen3.6-27b,Answer: Hungary,78f1a5c1-1788557231,"Consider these 6 countries: Hungary, Israel, Norway, Bulgaria, Greece, Thailand.
Which one has the capital city whose name comes first alphabetically? Answer with just the country name.",3223261016
facts_parallel,default,6,immediate,38,Egypt,Egypt,1,-1,0,0,stop,4,0,qwen3.6-27b,Answer: Egypt,78f1a5c1-1788557231,"Consider these 6 countries: Israel, Japan, Finland, Indonesia, Norway, Egypt.
Which one has the capital city whose name comes first alphabetically? Answer with just the country name.",1352667849
facts_parallel,default,6,immediate,39,Greece,Greece,1,-1,0,0,stop,4,0,qwen3.6-27b,Answer: Greece,78f1a5c1-1788557231,"Consider these 6 countries: Sweden, Russia, Morocco, Poland, Hungary, Greece.
Which one has the capital city whose name comes first alphabetically? Answer with just the country name.",665264735
facts_parallel,default,6,immediate,40,Hungary,Egypt,0,-1,0,0,stop,4,0,qwen3.6-27b,Answer: Egypt,78f1a5c1-1788557231,"Consider these 6 countries: Ireland, Finland, Egypt, Norway, Hungary, Peru.
Which one has the capital city whose name comes first alphabetically? Answer with just the country name.",289016892
facts_parallel,default,6,immediate,41,Hungary,Bulgaria,0,-1,0,0,stop,4,0,qwen3.6-27b,Answer: Bulgaria,78f1a5c1-1788557231,"Consider these 6 countries: Cuba, Finland, Hungary, Poland, Bulgaria, Ireland.
Which one has the capital city whose name comes first alphabetically? Answer with just the country name.",1715289258
facts_parallel,default,6,immediate,42,Greece,Finland,0,-1,0,0,stop,4,0,qwen3.6-27b,Answer: Finland,78f1a5c1-1788557231,"Consider these 6 countries: Sweden, Finland, Greece, Hungary, Japan, Portugal.
Which one has the capital city whose name comes first alphabetically? Answer with just the country name.",4281625872
facts_parallel,default,6,immediate,43,Denmark,Denmark,1,-1,0,0,stop,4,0,qwen3.6-27b,Answer: Denmark,78f1a5c1-1788557231,"Consider these 6 countries: Denmark, Indonesia, Bulgaria, Russia, Morocco, Portugal.
Which one has the capital city whose name comes first alphabetically? Answer with just the country name.",2285067654
facts_parallel,default,6,immediate,44,Egypt,Austria,0,-1,0,0,stop,4,0,qwen3.6-27b,Answer: Austria,78f1a5c1-1788557231,"Consider these 6 countries: Ireland, Egypt, Bulgaria, Austria, Sweden, Indonesia.
Which one has the capital city whose name comes first alphabetically? Answer with just the country name.",374851621
facts_parallel,default,6,immediate,45,Germany,Cuba,0,-1,0,0,stop,4,0,qwen3.6-27b,Answer: Cuba,78f1a5c1-1788557231,"Consider these 6 countries: Sweden, Germany, Cuba, Finland, Czechia, Kenya.
Which one has the capital city whose name comes first alphabetically? Answer with just the country name.",1632696499
facts_parallel,default,6,immediate,46,Hungary,Ireland,0,-1,0,0,stop,3,0,qwen3.6-27b,Answer: Ireland,78f1a5c1-1788557231,"Consider these 6 countries: Israel, Kenya, Sweden, Poland, Hungary, Ireland.
Which one has the capital city whose name comes first alphabetically? Answer with just the country name.",4166625545
facts_parallel,default,6,immediate,47,Greece,Austria,0,-1,0,0,stop,3,0,qwen3.6-27b,Answer: Austria,78f1a5c1-1788557231,"Consider these 6 countries: Austria, Japan, Norway, Finland, Greece, Czechia.
Which one has the capital city whose name comes first alphabetically? Answer with just the country name.",2405341599
facts_parallel,default,6,immediate,48,Greece,Ireland,0,-1,0,0,stop,4,0,qwen3.6-27b,Answer: Ireland,78f1a5c1-1788557231,"Consider these 6 countries: Greece, Finland, Czechia, Sweden, Ireland, Kenya.
Which one has the capital city whose name comes first alphabetically? Answer with just the country name.",534873102
facts_parallel,default,6,immediate,49,Thailand,Cuba,0,-1,0,0,stop,4,0,qwen3.6-27b,Answer: Cuba,78f1a5c1-1788557231,"Consider these 6 countries: Cuba, Denmark, Thailand, Czechia, Ireland, Poland.
Which one has the capital city whose name comes first alphabetically? Answer with just the country name.",1759949976
facts_parallel,default,6,immediate,50,Thailand,Denmark,0,-1,0,0,stop,3,0,qwen3.6-27b,Answer: Denmark,78f1a5c1-1788557231,"Consider these 6 countries: Denmark, Morocco, Indonesia, Finland, Thailand, Portugal.
Which one has the capital city whose name comes first alphabetically? Answer with just the country name.",136396157
facts_parallel,default,6,immediate,51,Thailand,Germany,0,-1,0,0,stop,4,0,qwen3.6-27b,Answer: Germany,78f1a5c1-1788557231,"Consider these 6 countries: Israel, Germany, Japan, Ireland, Indonesia, Thailand.
Which one has the capital city whose name comes first alphabetically? Answer with just the country name.",2133200363
facts_parallel,default,6,immediate,52,Greece,Egypt,0,-1,0,0,stop,4,0,qwen3.6-27b,Answer: Egypt,78f1a5c1-1788557231,"Consider these 6 countries: Czechia, Egypt, Finland, Indonesia, Morocco, Greece.
Which one has the capital city whose name comes first alphabetically? Answer with just the country name.",3861863505
facts_parallel,default,6,immediate,53,Germany,Hungary,0,-1,0,0,stop,4,0,qwen3.6-27b,Answer: Hungary,78f1a5c1-1788557231,"Consider these 6 countries: Cuba, Denmark, Germany, Bulgaria, Hungary, Portugal.
Which one has the capital city whose name comes first alphabetically? Answer with just the country name.",2435345607
facts_parallel,default,6,immediate,54,Greece,Egypt,0,-1,0,0,stop,4,0,qwen3.6-27b,Answer: Egypt,78f1a5c1-1788557231,"Consider these 6 countries: Egypt, Sweden, Finland, Morocco, Portugal, Greece.
Which one has the capital city whose name comes first alphabetically? Answer with just the country name.",256702820
facts_parallel,default,6,immediate,55,Hungary,Egypt,0,-1,0,0,stop,4,0,qwen3.6-27b,Answer: Egypt,78f1a5c1-1788557231,"Consider these 6 countries: Cuba, Israel, Hungary, Finland, Egypt, Morocco.
Which one has the capital city whose name comes first alphabetically? Answer with just the country name.",2018232818
facts_parallel,default,6,immediate,56,China,Finland,0,-1,0,0,stop,4,0,qwen3.6-27b,Answer: Finland,78f1a5c1-1788557231,"Consider these 6 countries: China, Indonesia, Peru, Hungary, Finland, Poland.
Which one has the capital city whose name comes first alphabetically? Answer with just the country name.",3779237960
facts_parallel,default,6,immediate,57,Greece,Kenya,0,-1,0,0,stop,4,0,qwen3.6-27b,Answer: Kenya,78f1a5c1-1788557231,"Consider these 6 countries: Greece, Russia, Sweden, Kenya, Finland, Czechia.
Which one has the capital city whose name comes first alphabetically? Answer with just the country name.",2521147614
facts_parallel,default,6,immediate,58,Germany,Bulgaria,0,-1,0,0,stop,3,0,qwen3.6-27b,Answer: Bulgaria,78f1a5c1-1788557231,"Consider these 6 countries: Bulgaria, Germany, Norway, Egypt, Denmark, Cuba.
Which one has the capital city whose name comes first alphabetically? Answer with just the country name.",117093711
facts_parallel,default,6,immediate,59,Greece,,0,-1,0,0,stop,3,0,qwen3.6-27b,Answer:,78f1a5c1-1788557231,"Consider these 6 countries: Sweden, Czechia, Japan, Denmark, Morocco, Greece.
Which one has the capital city whose name comes first alphabetically? Answer with just the country name.",1912440281
facts_parallel,default,6,immediate,60,Germany,Austria,0,-1,0,0,stop,3,0,qwen3.6-27b,Answer: Austria,78f1a5c1-1788557231,"Consider these 6 countries: Morocco, Norway, Japan, Egypt, Austria, Germany.
Which one has the capital city whose name comes first alphabetically? Answer with just the country name.",588017342
facts_parallel,default,6,immediate,61,China,Austria,0,-1,0,0,stop,4,0,qwen3.6-27b,Answer: Austria,78f1a5c1-1788557231,"Consider these 6 countries: Kenya, Denmark, Japan, Austria, Portugal, China.
Which one has the capital city whose name comes first alphabetically? Answer with just the country name.",1410031144
facts_parallel,default,6,immediate,62,China,Austria,0,-1,0,0,stop,4,0,qwen3.6-27b,Answer: Austria,78f1a5c1-1788557231,"Consider these 6 countries: Morocco, Czechia, Israel, Egypt, Austria, China.
Which one has the capital city whose name comes first alphabetically? Answer with just the country name.",3439464338
facts_parallel,default,6,immediate,63,Egypt,Egypt,1,-1,0,0,stop,4,0,qwen3.6-27b,Answer: Egypt,78f1a5c1-1788557231,"Consider these 6 countries: Portugal, Poland, Denmark, Egypt, Norway, Russia.
Which one has the capital city whose name comes first alphabetically? Answer with just the country name.",3120905988
facts_parallel,default,6,immediate,64,Germany,Egypt,0,-1,0,0,stop,4,0,qwen3.6-27b,Answer: Egypt,78f1a5c1-1788557231,"Consider these 6 countries: Egypt, Portugal, Denmark, Morocco, Germany, Czechia.
Which one has the capital city whose name comes first alphabetically? Answer with just the country name.",610380455
facts_parallel,default,6,immediate,65,Thailand,Israel,0,-1,0,0,stop,4,0,qwen3.6-27b,Answer: Israel,78f1a5c1-1788557231,"Consider these 6 countries: Czechia, Israel, Ireland, Sweden, Russia, Thailand.
Which one has the capital city whose name comes first alphabetically? Answer with just the country name.",1399233073
facts_parallel,default,6,immediate,66,Greece,Israel,0,-1,0,0,stop,4,0,qwen3.6-27b,Answer: Israel,78f1a5c1-1788557231,"Consider these 6 countries: Israel, Finland, Sweden, Hungary, Greece, Peru.
Which one has the capital city whose name comes first alphabetically? Answer with just the country name.",3396324235
facts_parallel,default,6,immediate,67,Egypt,Egypt,1,-1,0,0,stop,3,0,qwen3.6-27b,Answer: Egypt,78f1a5c1-1788557231,"Consider these 6 countries: Portugal, Peru, Egypt, Sweden, Morocco, Czechia.
Which one has the capital city whose name comes first alphabetically? Answer with just the country name.",3177773853
facts_parallel,default,6,immediate,68,Greece,Austria,0,-1,0,0,stop,4,0,qwen3.6-27b,Answer: Austria,78f1a5c1-1788557231,"Consider these 6 countries: Austria, Poland, Greece, Finland, Israel, Morocco.
Which one has the capital city whose name comes first alphabetically? Answer with just the country name.",769123980
facts_parallel,default,6,immediate,69,China,Bulgaria,0,-1,0,0,stop,4,0,qwen3.6-27b,Answer: Bulgaria,78f1a5c1-1788557231,"Consider these 6 countries: Bulgaria, Hungary, Germany, Cuba, Czechia, China.
Which one has the capital city whose name comes first alphabetically? Answer with just the country name.",1523635738
facts_parallel,default,6,immediate,70,Greece,Czechia,0,-1,0,0,stop,5,0,qwen3.6-27b,Answer: Czechia,78f1a5c1-1788557231,"Consider these 6 countries: Germany, Denmark, Finland, Czechia, Greece, Poland.
Which one has the capital city whose name comes first alphabetically? Answer with just the country name.",974610431
facts_parallel,default,6,immediate,71,Greece,Egypt,0,-1,0,0,stop,4,0,qwen3.6-27b,Answer: Egypt,78f1a5c1-1788557231,"Consider these 6 countries: Greece, Egypt, Ireland, Portugal, Kenya, Norway.
Which one has the capital city whose name comes first alphabetically? Answer with just the country name.",1292922729
facts_parallel,default,6,immediate,72,Greece,Cuba,0,-1,0,0,stop,4,0,qwen3.6-27b,Answer: Cuba,78f1a5c1-1788557231,"Consider these 6 countries: Greece, Egypt, Japan, China, Peru, Cuba.
Which one has the capital city whose name comes first alphabetically? Answer with just the country name.",3558424275
facts_parallel,default,6,immediate,73,Greece,Cuba,0,-1,0,0,stop,4,0,qwen3.6-27b,Answer: Cuba,78f1a5c1-1788557231,"Consider these 6 countries: Cuba, Portugal, Denmark, Greece, Finland, Poland.
Which one has the capital city whose name comes first alphabetically? Answer with just the country name.",2736655941
facts_parallel,default,6,immediate,74,Hungary,Denmark,0,-1,0,0,stop,4,0,qwen3.6-27b,Answer: Denmark,78f1a5c1-1788557231,"Consider these 6 countries: Finland, Norway, Bulgaria, Hungary, Israel, Denmark.
Which one has the capital city whose name comes first alphabetically? Answer with just the country name.",1031445478
facts_parallel,default,6,immediate,75,Greece,Egypt,0,-1,0,0,stop,4,0,qwen3.6-27b,Answer: Egypt,78f1a5c1-1788557231,"Consider these 6 countries: Hungary, Greece, Israel, Egypt, China, Russia.
Which one has the capital city whose name comes first alphabetically? Answer with just the country name.",1249749872
facts_parallel,default,6,immediate,76,Thailand,Egypt,0,-1,0,0,stop,4,0,qwen3.6-27b,Answer: Egypt,78f1a5c1-1788557231,"Consider these 6 countries: Poland, Kenya, Germany, Sweden, Thailand, Egypt.
Which one has the capital city whose name comes first alphabetically? Answer with just the country name.",3547658954
facts_parallel,default,6,immediate,77,China,Austria,0,-1,0,0,stop,3,0,qwen3.6-27b,Answer: Austria,78f1a5c1-1788557231,"Consider these 6 countries: Egypt, Germany, Kenya, Austria, China, Finland.
Which one has the capital city whose name comes first alphabetically? Answer with just the country name.",2759051868
facts_parallel,default,6,immediate,78,Denmark,Bulgaria,0,-1,0,0,stop,4,0,qwen3.6-27b,Answer: Bulgaria,78f1a5c1-1788557231,"Consider these 6 countries: Portugal, Denmark, Israel, Bulgaria, Morocco, Ireland.
Which one has the capital city whose name comes first alphabetically? Answer with just the country name.",885839821
facts_parallel,default,6,immediate,79,Greece,Austria,0,-1,0,0,stop,4,0,qwen3.6-27b,Answer: Austria,78f1a5c1-1788557231,"Consider these 6 countries: Israel, Greece, Hungary, Austria, Indonesia, Finland.
Which one has the capital city whose name comes first alphabetically? Answer with just the country name.",1137436507
facts_parallel,default,6,immediate,80,Thailand,Finland,0,-1,0,0,stop,4,0,qwen3.6-27b,Answer: Finland,78f1a5c1-1788557231,"Consider these 6 countries: Finland, Ireland, China, Indonesia, Thailand, Israel.
Which one has the capital city whose name comes first alphabetically? Answer with just the country name.",3180282672
facts_parallel,default,6,immediate,81,Thailand,Austria,0,-1,0,0,stop,4,0,qwen3.6-27b,Answer: Austria,78f1a5c1-1788557231,"Consider these 6 countries: Poland, Austria, Morocco, Finland, Indonesia, Thailand.
Which one has the capital city whose name comes first alphabetically? Answer with just the country name.",3397940134
facts_parallel,default,6,immediate,82,Greece,Austria,0,-1,0,0,stop,4,0,qwen3.6-27b,Answer: Austria,78f1a5c1-1788557231,"Consider these 6 countries: Greece, Finland, Kenya, Czechia, Austria, Cuba.
Which one has the capital city whose name comes first alphabetically? Answer with just the country name.",1400971804
facts_parallel,default,6,immediate,83,China,Egypt,0,-1,0,0,stop,4,0,qwen3.6-27b,Answer: Egypt,78f1a5c1-1788557231,"Consider these 6 countries: China, Egypt, Russia, Germany, Poland, Indonesia.
Which one has the capital city whose name comes first alphabetically? Answer with just the country name.",612766346
facts_parallel,default,6,immediate,84,China,Finland,0,-1,0,0,stop,4,0,qwen3.6-27b,Answer: Finland,78f1a5c1-1788557231,"Consider these 6 countries: Israel, Finland, China, Poland, Morocco, Ireland.
Which one has the capital city whose name comes first alphabetically? Answer with just the country name.",3135407913
facts_parallel,default,6,immediate,85,Greece,Cuba,0,-1,0,0,stop,4,0,qwen3.6-27b,Answer: Cuba,78f1a5c1-1788557231,"Consider these 6 countries: Cuba, Greece, Norway, Finland, Thailand, Hungary.
Which one has the capital city whose name comes first alphabetically? Answer with just the country name.",3454384063
facts_parallel,default,6,immediate,86,Thailand,China,0,-1,0,0,stop,4,0,qwen3.6-27b,Answer: China,78f1a5c1-1788557231,"Consider these 6 countries: Czechia, Finland, Morocco, China, Thailand, Germany.
Which one has the capital city whose name comes first alphabetically? Answer with just the country name.",1424811525
facts_parallel,default,6,immediate,87,Thailand,Austria,0,-1,0,0,stop,4,0,qwen3.6-27b,Answer: Austria,78f1a5c1-1788557231,"Consider these 6 countries: Poland, China, Thailand, Hungary, Kenya, Austria.
Which one has the capital city whose name comes first alphabetically? Answer with just the country name.",602658451
facts_parallel,default,6,immediate,88,Denmark,Austria,0,-1,0,0,stop,4,0,qwen3.6-27b,Answer: Austria,78f1a5c1-1788557231,"Consider these 6 countries: Japan, Austria, Bulgaria, Denmark, Ireland, Peru.
Which one has the capital city whose name comes first alphabetically? Answer with just the country name.",3008678658
facts_parallel,default,6,immediate,89,Hungary,Egypt,0,-1,0,0,stop,3,0,qwen3.6-27b,Answer: Egypt,78f1a5c1-1788557231,"Consider these 6 countries: Czechia, Portugal, Indonesia, Cuba, Hungary, Egypt.
Which one has the capital city whose name comes first alphabetically? Answer with just the country name.",3293838228
facts_parallel,default,6,immediate,90,Thailand,Israel,0,-1,0,0,stop,4,0,qwen3.6-27b,Answer: Israel,78f1a5c1-1788557231,"Consider these 6 countries: China, Germany, Finland, Poland, Israel, Thailand.
Which one has the capital city whose name comes first alphabetically? Answer with just the country name.",2761192049
facts_parallel,default,6,immediate,91,China,Austria,0,-1,0,0,stop,3,0,qwen3.6-27b,Answer: Austria,78f1a5c1-1788557231,"Consider these 6 countries: Cuba, Kenya, Peru, Austria, Japan, China.
Which one has the capital city whose name comes first alphabetically? Answer with just the country name.",3549643495
facts_parallel,default,6,immediate,92,Thailand,China,0,-1,0,0,stop,4,0,qwen3.6-27b,Answer: China,78f1a5c1-1788557231,"Consider these 6 countries: Israel, Hungary, Japan, China, Thailand, Poland.
Which one has the capital city whose name comes first alphabetically? Answer with just the country name.",1251611485
facts_parallel,default,6,immediate,93,Germany,Germany,1,-1,0,0,stop,4,0,qwen3.6-27b,Answer: Germany,78f1a5c1-1788557231,"Consider these 6 countries: Ireland, Kenya, Czechia, Poland, Germany, Finland.
Which one has the capital city whose name comes first alphabetically? Answer with just the country name.",1033708491
facts_parallel,default,6,immediate,94,Thailand,Austria,0,-1,0,0,stop,4,0,qwen3.6-27b,Answer: Austria,78f1a5c1-1788557231,"Consider these 6 countries: Norway, Ireland, Morocco, Austria, Thailand, Russia.
Which one has the capital city whose name comes first alphabetically? Answer with just the country name.",2751051368
facts_parallel,default,6,immediate,95,Greece,Bulgaria,0,-1,0,0,stop,4,0,qwen3.6-27b,Answer: Bulgaria,78f1a5c1-1788557231,"Consider these 6 countries: Indonesia, Greece, Kenya, Portugal, Bulgaria, Czechia.
Which one has the capital city whose name comes first alphabetically? Answer with just the country name.",3573450494
facts_parallel,default,6,immediate,96,Greece,Austria,0,-1,0,0,stop,4,0,qwen3.6-27b,Answer: Austria,78f1a5c1-1788557231,"Consider these 6 countries: Portugal, Russia, Hungary, Indonesia, Austria, Greece.
Which one has the capital city whose name comes first alphabetically? Answer with just the country name.",1308088132
facts_parallel,default,6,immediate,97,Greece,Austria,0,-1,0,0,stop,4,0,qwen3.6-27b,Answer: Austria,78f1a5c1-1788557231,"Consider these 6 countries: Bulgaria, Finland, Greece, Russia, Denmark, Austria.
Which one has the capital city whose name comes first alphabetically? Answer with just the country name.",988866514
facts_parallel,default,6,immediate,98,China,Cuba,0,-1,0,0,stop,4,0,qwen3.6-27b,Answer: Cuba,78f1a5c1-1788557231,"Consider these 6 countries: Germany, China, Czechia, Sweden, Kenya, Cuba.
Which one has the capital city whose name comes first alphabetically? Answer with just the country name.",2857368131
facts_parallel,default,6,immediate,99,Greece,Israel,0,-1,0,0,stop,4,0,qwen3.6-27b,Answer: Israel,78f1a5c1-1788557231,"Consider these 6 countries: Russia, Greece, Norway, Portugal, Israel, Cuba.
Which one has the capital city whose name comes first alphabetically? Answer with just the country name.",3712535253
facts_parallel,default,6,immediate,100,Egypt,Egypt,1,-1,0,0,stop,4,0,qwen3.6-27b,Answer: Egypt,78f1a5c1-1788557231,"Consider these 6 countries: Cuba, Czechia, Russia, Egypt, Bulgaria, Poland.
Which one has the capital city whose name comes first alphabetically? Answer with just the country name.",3714997057
facts_parallel,default,6,immediate,101,Germany,Ireland,0,-1,0,0,stop,4,0,qwen3.6-27b,Answer: Ireland,78f1a5c1-1788557231,"Consider these 6 countries: Germany, Morocco, Finland, Israel, Czechia, Ireland.
Which one has the capital city whose name comes first alphabetically? Answer with just the country name.",2859035607
facts_parallel,default,6,immediate,102,Germany,Hungary,0,-1,0,0,stop,4,0,qwen3.6-27b,Answer: Hungary,78f1a5c1-1788557231,"Consider these 6 countries: Poland, Cuba, Norway, Hungary, Czechia, Germany.
Which one has the capital city whose name comes first alphabetically? Answer with just the country name.",861944429
facts_parallel,default,6,immediate,103,Ireland,Austria,0,-1,0,0,stop,4,0,qwen3.6-27b,Answer: Austria,78f1a5c1-1788557231,"Consider these 6 countries: Morocco, Cuba, Indonesia, Ireland, Austria, Peru.
Which one has the capital city whose name comes first alphabetically? Answer with just the country name.",1147603707
facts_parallel,default,6,immediate,104,China,Cuba,0,-1,0,0,stop,4,0,qwen3.6-27b,Answer: Cuba,78f1a5c1-1788557231,"Consider these 6 countries: Ireland, Israel, Hungary, Indonesia, China, Cuba.
Which one has the capital city whose name comes first alphabetically? Answer with just the country name.",3657670488
facts_parallel,default,6,immediate,105,Greece,Ireland,0,-1,0,0,stop,4,0,qwen3.6-27b,Answer: Ireland,78f1a5c1-1788557231,"Consider these 6 countries: Sweden, Portugal, Germany, Ireland, Thailand, Greece.
Which one has the capital city whose name comes first alphabetically? Answer with just the country name.",2902765518
facts_parallel,default,6,immediate,106,Hungary,Bulgaria,0,-1,0,0,stop,3,0,qwen3.6-27b,Answer: Bulgaria,78f1a5c1-1788557231,"Consider these 6 countries: Israel, Ireland, Hungary, Russia, Peru, Bulgaria.
Which one has the capital city whose name comes first alphabetically? Answer with just the country name.",873332340
facts_parallel,default,6,immediate,107,Egypt,Austria,0,-1,0,0,stop,4,0,qwen3.6-27b,Answer: Austria,78f1a5c1-1788557231,"Consider these 6 countries: Norway, Russia, Peru, Austria, Egypt, Indonesia.
Which one has the capital city whose name comes first alphabetically? Answer with just the country name.",1124781794
facts_parallel,default,6,immediate,108,Thailand,Kenya,0,-1,0,0,stop,4,0,qwen3.6-27b,Answer: Kenya,78f1a5c1-1788557231,"Consider these 6 countries: Finland, Sweden, Thailand, Kenya, Indonesia, Denmark.
Which one has the capital city whose name comes first alphabetically? Answer with just the country name.",3551908723
facts_parallel,default,6,immediate,109,China,China,1,-1,0,0,stop,4,0,qwen3.6-27b,Answer: China,78f1a5c1-1788557231,"Consider these 6 countries: Egypt, Norway, Bulgaria, Cuba, Sweden, China.
Which one has the capital city whose name comes first alphabetically? Answer with just the country name.",2763187173
facts_parallel,default,6,immediate,110,Egypt,Egypt,1,-1,0,0,stop,4,0,qwen3.6-27b,Answer: Egypt,78f1a5c1-1788557231,"Consider these 6 countries: Norway, Cuba, Bulgaria, Poland, Portugal, Egypt.
Which one has the capital city whose name comes first alphabetically? Answer with just the country name.",3296029184
facts_parallel,default,6,immediate,111,Greece,China,0,-1,0,0,stop,4,0,qwen3.6-27b,Answer: China,78f1a5c1-1788557231,"Consider these 6 countries: Russia, Peru, China, Thailand, Greece, Indonesia.
Which one has the capital city whose name comes first alphabetically? Answer with just the country name.",3010615958
facts_parallel,default,6,immediate,112,Germany,Israel,0,-1,0,0,stop,4,0,qwen3.6-27b,Answer: Israel,78f1a5c1-1788557231,"Consider these 6 countries: Indonesia, Denmark, Czechia, Germany, Poland, Israel.
Which one has the capital city whose name comes first alphabetically? Answer with just the country name.",712706860
facts_parallel,default,6,immediate,113,Ireland,Austria,0,-1,0,0,stop,4,0,qwen3.6-27b,Answer: Austria,78f1a5c1-1788557231,"Consider these 6 countries: Bulgaria, Russia, Norway, Peru, Austria, Ireland.
Which one has the capital city whose name comes first alphabetically? Answer with just the country name.",1568422842
facts_parallel,default,6,immediate,114,Thailand,Austria,0,-1,0,0,stop,4,0,qwen3.6-27b,Answer: Austria,78f1a5c1-1788557231,"Consider these 6 countries: Ireland, Morocco, Indonesia, Thailand, Austria, Czechia.
Which one has the capital city whose name comes first alphabetically? Answer with just the country name.",3273174553
facts_parallel,default,6,immediate,115,Egypt,Austria,0,-1,0,0,stop,4,0,qwen3.6-27b,Answer: Austria,78f1a5c1-1788557231,"Consider these 6 countries: Egypt, Cuba, Austria, Czechia, Indonesia, Kenya.
Which one has the capital city whose name comes first alphabetically? Answer with just the country name.",3021971087
facts_parallel,default,6,immediate,116,Greece,Austria,0,-1,0,0,stop,4,0,qwen3.6-27b,Answer: Austria,78f1a5c1-1788557231,"Consider these 6 countries: Sweden, Peru, Austria, Germany, Indonesia, Greece.
Which one has the capital city whose name comes first alphabetically? Answer with just the country name.",756469557
facts_parallel,default,6,immediate,117,Greece,Kenya,0,-1,0,0,stop,3,0,qwen3.6-27b,Answer: Kenya,78f1a5c1-1788557231,"Consider these 6 countries: Kenya, Greece, Ireland, Sweden, Czechia, Bulgaria.
Which one has the capital city whose name comes first alphabetically? Answer with just the country name.",1511128995
facts_parallel,default,6,immediate,118,China,China,1,-1,0,0,stop,4,0,qwen3.6-27b,Answer: China,78f1a5c1-1788557231,"Consider these 6 countries: Czechia, China, Israel, Denmark, Peru, Bulgaria.
Which one has the capital city whose name comes first alphabetically? Answer with just the country name.",3400458802
facts_parallel,default,6,immediate,119,Germany,Kenya,0,-1,0,0,stop,4,0,qwen3.6-27b,Answer: Kenya,78f1a5c1-1788557231,"Consider these 6 countries: Peru, Kenya, Hungary, Denmark, Germany, Japan.
Which one has the capital city whose name comes first alphabetically? Answer with just the country name.",3182023332
facts_parallel,default,8,immediate,0,Thailand,Austria,0,-1,0,0,stop,4,0,qwen3.6-27b,Answer: Austria,78f1a5c1-1788557231,"Consider these 8 countries: Sweden, Austria, China, Cuba, Israel, Ireland, Thailand, Germany.
Which one has the capital city whose name comes first alphabetically? Answer with just the country name.",966719966
facts_parallel,default,8,immediate,1,Germany,Egypt,0,-1,0,0,stop,3,0,qwen3.6-27b,Answer: Egypt,78f1a5c1-1788557231,"Consider these 8 countries: Egypt, Kenya, Russia, Japan, Germany, Poland, Norway, Bulgaria.
Which one has the capital city whose name comes first alphabetically? Answer with just the country name.",1318701384
facts_parallel,default,8,immediate,2,Germany,Cuba,0,-1,0,0,stop,4,0,qwen3.6-27b,Answer: Cuba,78f1a5c1-1788557231,"Consider these 8 countries: Germany, Ireland, Indonesia, Cuba, Portugal, Kenya, Sweden, Russia.
Which one has the capital city whose name comes first alphabetically? Answer with just the country name.",3616577778
facts_parallel,default,8,immediate,3,Thailand,Austria,0,-1,0,0,stop,4,0,qwen3.6-27b,Answer: Austria,78f1a5c1-1788557231,"Consider these 8 countries: Egypt, Portugal, Denmark, Austria, Thailand, Indonesia, Cuba, Russia.
Which one has the capital city whose name comes first alphabetically? Answer with just the country name.",2694293604
facts_parallel,default,8,immediate,4,Cuba,Cuba,1,-1,0,0,stop,4,0,qwen3.6-27b,Answer: Cuba,78f1a5c1-1788557231,"Consider these 8 countries: Peru, Indonesia, Cuba, Bulgaria, Czechia, Morocco, Portugal, Israel.
Which one has the capital city whose name comes first alphabetically? Answer with just the country name.",1056128455
facts_parallel,default,8,immediate,5,Thailand,Austria,0,-1,0,0,stop,4,0,qwen3.6-27b,Answer: Austria,78f1a5c1-1788557231,"Consider these 8 countries: Poland, Czechia, Norway, Thailand, Austria, Germany, Ireland, Portugal.
Which one has the capital city whose name comes first alphabetically? Answer with just the country name.",1240730961
facts_parallel,default,8,immediate,6,Greece,Bulgaria,0,-1,0,0,stop,4,0,qwen3.6-27b,Answer: Bulgaria,78f1a5c1-1788557231,"Consider these 8 countries: Bulgaria, Peru, Ireland, Sweden, Russia, Morocco, Greece, Egypt.
Which one has the capital city whose name comes first alphabetically? Answer with just the country name.",3506265323
facts_parallel,default,8,immediate,7,Thailand,Bulgaria,0,-1,0,0,stop,4,0,qwen3.6-27b,Answer: Bulgaria,78f1a5c1-1788557231,"Consider these 8 countries: Thailand, Germany, Czechia, Japan, Ireland, Israel, Bulgaria, Indonesia.
Which one has the capital city whose name comes first alphabetically? Answer with just the country name.",2818206845
facts_parallel,default,8,immediate,8,China,Kenya,0,-1,0,0,stop,3,0,qwen3.6-27b,Answer: Kenya,78f1a5c1-1788557231,"Consider these 8 countries: Ireland, Indonesia, Denmark, China, Poland, Israel, Kenya, Japan.
Which one has the capital city whose name comes first alphabetically? Answer with just the country name.",927298028
facts_parallel,default,8,immediate,9,Thailand,Egypt,0,-1,0,0,stop,4,0,qwen3.6-27b,Answer: Egypt,78f1a5c1-1788557231,"Consider these 8 countries: Poland, Portugal, Finland, Norway, Thailand, China, Egypt, Russia.
Which one has the capital city whose name comes first alphabetically? Answer with just the country name.",1078083962
facts_parallel,default,8,immediate,10,Greece,Austria,0,-1,0,0,stop,4,0,qwen3.6-27b,Answer: Austria,78f1a5c1-1788557231,"Consider these 8 countries: Cuba, Indonesia, Greece, Egypt, Sweden, Austria, Finland, Kenya.
Which one has the capital city whose name comes first alphabetically? Answer with just the country name.",2358415178
facts_parallel,default,8,immediate,11,Germany,Austria,0,-1,0,0,stop,4,0,qwen3.6-27b,Answer: Austria,78f1a5c1-1788557231,"Consider these 8 countries: Czechia, Ireland, Kenya, Egypt, Austria, Germany, Norway, Israel.
Which one has the capital city whose name comes first alphabetically? Answer with just the country name.",4220895196
facts_parallel,default,8,immediate,12,Germany,Bulgaria,0,-1,0,0,stop,4,0,qwen3.6-27b,Answer: Bulgaria,78f1a5c1-1788557231,"Consider these 8 countries: Norway, Japan, Bulgaria, Germany, Kenya, Morocco, Poland, Sweden.
Which one has the capital city whose name comes first alphabetically? Answer with just the country name.",1654451814
facts_parallel,default,8,immediate,13,China,Egypt,0,-1,0,0,stop,4,0,qwen3.6-27b,Answer: Egypt,78f1a5c1-1788557231,"Consider these 8 countries: Ireland, Egypt, Finland, Kenya, Israel, Czechia, China, Germany.
Which one has the capital city whose name comes first alphabetically? Answer with just the country name.",362536688
facts_parallel,default,8,immediate,14,China,Egypt,0,-1,0,0,stop,3,0,qwen3.6-27b,Answer: Egypt,78f1a5c1-1788557231,"Consider these 8 countries: Czechia, Ireland, Cuba, China, Japan, Egypt, Kenya, Morocco.
Which one has the capital city whose name comes first alphabetically? Answer with just the country name.",2348763987
facts_parallel,default,8,immediate,15,Greece,Austria,0,-1,0,0,stop,4,0,qwen3.6-27b,Answer: Austria,78f1a5c1-1788557231,"Consider these 8 countries: Morocco, Portugal, Japan, Israel, Cuba, Austria, Greece, Norway.
Which one has the capital city whose name comes first alphabetically? Answer with just the country name.",4244143045
facts_parallel,default,8,immediate,16,Thailand,Egypt,0,-1,0,0,stop,4,0,qwen3.6-27b,Answer: Egypt,78f1a5c1-1788557231,"Consider these 8 countries: Thailand, Israel, Peru, Sweden, Egypt, Russia, Indonesia, Denmark.
Which one has the capital city whose name comes first alphabetically? Answer with just the country name.",1710303871
facts_parallel,default,8,immediate,17,Greece,Cuba,0,-1,0,0,stop,3,0,qwen3.6-27b,Answer: Cuba,78f1a5c1-1788557231,"Consider these 8 countries: Germany, Israel, Poland, Cuba, Denmark, Greece, Sweden, Japan.
Which one has the capital city whose name comes first alphabetically? Answer with just the country name.",318118633
facts_parallel,default,8,immediate,18,China,Austria,0,-1,0,0,stop,4,0,qwen3.6-27b,Answer: Austria,78f1a5c1-1788557231,"Consider these 8 countries: Austria, Norway, Peru, Hungary, Poland, Finland, China, Israel.
Which one has the capital city whose name comes first alphabetically? Answer with just the country name.",2185824120
facts_parallel,default,8,immediate,19,Hungary,Cuba,0,-1,0,0,stop,3,0,qwen3.6-27b,Answer: Cuba,78f1a5c1-1788557231,"Consider these 8 countries: Peru, Portugal, Hungary, Denmark, Norway, Russia, Cuba, Poland.
Which one has the capital city whose name comes first alphabetically? Answer with just the country name.",4115544046
facts_parallel,default,8,immediate,20,Denmark,Austria,0,-1,0,0,stop,4,0,qwen3.6-27b,Answer: Austria,78f1a5c1-1788557231,"Consider these 8 countries: Cuba, Austria, Norway, Israel, Ireland, Denmark, Portugal, Morocco.
Which one has the capital city whose name comes first alphabetically? Answer with just the country name.",2814368905
facts_parallel,default,8,immediate,21,Thailand,Austria,0,-1,0,0,stop,4,0,qwen3.6-27b,Answer: Austria,78f1a5c1-1788557231,"Consider these 8 countries: Morocco, Finland, Poland, Thailand, Indonesia, Czechia, Sweden, Austria.
Which one has the capital city whose name comes first alphabetically? Answer with just the country name.",3501779999
facts_parallel,default,8,immediate,22,China,Egypt,0,-1,0,0,stop,4,0,qwen3.6-27b,Answer: Egypt,78f1a5c1-1788557231,"Consider these 8 countries: Norway, Egypt, Portugal, Peru, Indonesia, Bulgaria, Morocco, China.
Which one has the capital city whose name comes first alphabetically? Answer with just the country name.",1236385189
facts_parallel,default,8,immediate,23,Greece,Egypt,0,-1,0,0,stop,4,0,qwen3.6-27b,Answer: Egypt,78f1a5c1-1788557231,"Consider these 8 countries: Peru, Poland, Indonesia, Greece, Finland, Egypt, Ireland, Hungary.
Which one has the capital city whose name comes first alphabetically? Answer with just the country name.",1052151091
facts_parallel,default,8,immediate,24,China,Austria,0,-1,0,0,stop,3,0,qwen3.6-27b,Answer: Austria,78f1a5c1-1788557231,"Consider these 8 countries: Russia, Denmark, Peru, Egypt, Czechia, China, Norway, Austria.
Which one has the capital city whose name comes first alphabetically? Answer with just the country name.",2698123408
facts_parallel,default,8,immediate,25,Greece,Austria,0,-1,0,0,stop,4,0,qwen3.6-27b,Answer: Austria,78f1a5c1-1788557231,"Consider these 8 countries: Ireland, Finland, Czechia, Cuba, Germany, Greece, Morocco, Austria.
Which one has the capital city whose name comes first alphabetically? Answer with just the country name.",3621070854
facts_parallel,default,8,immediate,26,Greece,Cuba,0,-1,0,0,stop,4,0,qwen3.6-27b,Answer: Cuba,78f1a5c1-1788557231,"Consider these 8 countries: Poland, Czechia, Ireland, Norway, Indonesia, Israel, Cuba, Greece.
Which one has the capital city whose name comes first alphabetically? Answer with just the country name.",1323071932
facts_parallel,default,8,immediate,27,Denmark,Denmark,1,-1,0,0,stop,4,0,qwen3.6-27b,Answer: Denmark,78f1a5c1-1788557231,"Consider these 8 countries: Denmark, Austria, Norway, Finland, Portugal, Russia, Indonesia, Japan.
Which one has the capital city whose name comes first alphabetically? Answer with just the country name.",970672426
facts_parallel,default,8,immediate,28,Greece,China,0,-1,0,0,stop,4,0,qwen3.6-27b,Answer: China,78f1a5c1-1788557231,"Consider these 8 countries: Japan, Hungary, Greece, Peru, China, Sweden, Cuba, Germany.
Which one has the capital city whose name comes first alphabetically? Answer with just the country name.",2841924795
facts_parallel,default,8,immediate,29,Germany,Denmark,0,-1,0,0,stop,4,0,qwen3.6-27b,Answer: Denmark,78f1a5c1-1788557231,"Consider these 8 countries: Cuba, Poland, Germany, Norway, Kenya, Denmark, Israel, Portugal.
Which one has the capital city whose name comes first alphabetically? Answer with just the country name.",3731055661
facts_parallel,default,8,immediate,30,China,Austria,0,-1,0,0,stop,4,0,qwen3.6-27b,Answer: Austria,78f1a5c1-1788557231,"Consider these 8 countries: Bulgaria, Norway, Austria, Israel, China, Denmark, Czechia, Peru.
Which one has the capital city whose name comes first alphabetically? Answer with just the country name.",3198479816
facts_parallel,default,8,immediate,31,Denmark,Austria,0,-1,0,0,stop,3,0,qwen3.6-27b,Answer: Austria,78f1a5c1-1788557231,"Consider these 8 countries: Portugal, Bulgaria, Denmark, Austria, Czechia, Indonesia, Morocco, Peru.
Which one has the capital city whose name comes first alphabetically? Answer with just the country name.",3382959454
facts_parallel,default,8,immediate,32,Greece,Austria,0,-1,0,0,stop,4,0,qwen3.6-27b,Answer: Austria,78f1a5c1-1788557231,"Consider these 8 countries: Austria, Ireland, Egypt, Thailand, Finland, Greece, Israel, Czechia.
Which one has the capital city whose name comes first alphabetically? Answer with just the country name.",1353354468
facts_parallel,default,8,immediate,33,Thailand,Cuba,0,-1,0,0,stop,4,0,qwen3.6-27b,Answer: Cuba,78f1a5c1-1788557231,"Consider these 8 countries: Thailand, Ireland, Japan, Cuba, Finland, Israel, China, Indonesia.
Which one has the capital city whose name comes first alphabetically? Answer with just the country name.",665697394
facts_parallel,default,8,immediate,34,Greece,Austria,0,-1,0,0,stop,4,0,qwen3.6-27b,Answer: Austria,78f1a5c1-1788557231,"Consider these 8 countries: Greece, Austria, Czechia, Russia, Peru, Sweden, Norway, Bulgaria.
Which one has the capital city whose name comes first alphabetically? Answer with just the country name.",3116968401
facts_parallel,default,8,immediate,35,China,Egypt,0,-1,0,0,stop,4,0,qwen3.6-27b,Answer: Egypt,78f1a5c1-1788557231,"Consider these 8 countries: Ireland, Peru, Egypt, Denmark, Russia, Norway, Morocco, China.
Which one has the capital city whose name comes first alphabetically? Answer with just the country name.",3469613383
facts_parallel,default,8,immediate,36,Thailand,Denmark,0,-1,0,0,stop,4,0,qwen3.6-27b,Answer: Denmark,78f1a5c1-1788557231,"Consider these 8 countries: Thailand, Denmark, Peru, Russia, Morocco, Portugal, Poland, Israel.
Which one has the capital city whose name comes first alphabetically? Answer with just the country name.",1472678141
facts_parallel,default,8,immediate,37,Greece,Egypt,0,-1,0,0,stop,4,0,qwen3.6-27b,Answer: Egypt,78f1a5c1-1788557231,"Consider these 8 countries: Russia, Indonesia, China, Sweden, Ireland, Egypt, Poland, Greece.
Which one has the capital city whose name comes first alphabetically? Answer with just the country name.",549484651
facts_parallel,default,8,immediate,38,Greece,Egypt,0,-1,0,0,stop,4,0,qwen3.6-27b,Answer: Egypt,78f1a5c1-1788557231,"Consider these 8 countries: Bulgaria, Germany, Egypt, Greece, Sweden, Poland, Ireland, Norway.
Which one has the capital city whose name comes first alphabetically? Answer with just the country name.",2961139194
facts_parallel,default,8,immediate,39,Hungary,Cuba,0,-1,0,0,stop,4,0,qwen3.6-27b,Answer: Cuba,78f1a5c1-1788557231,"Consider these 8 countries: Indonesia, Egypt, Cuba, Norway, Hungary, Japan, Portugal, Ireland.
Which one has the capital city whose name comes first alphabetically? Answer with just the country name.",3346552172
facts_parallel,default,8,immediate,40,Greece,Cuba,0,-1,0,0,stop,4,0,qwen3.6-27b,Answer: Cuba,78f1a5c1-1788557231,"Consider these 8 countries: Indonesia, Greece, China, Cuba, Denmark, Poland, Morocco, Russia.
Which one has the capital city whose name comes first alphabetically? Answer with just the country name.",4058348303
facts_parallel,default,8,immediate,41,Germany,Russia,0,-1,0,0,stop,4,0,qwen3.6-27b,Answer: Russia,78f1a5c1-1788557231,"Consider these 8 countries: Russia, Portugal, Morocco, Germany, Cuba, Finland, Sweden, Hungary.
Which one has the capital city whose name comes first alphabetically? Answer with just the country name.",2262977433
facts_parallel,default,8,immediate,42,China,Austria,0,-1,0,0,stop,4,0,qwen3.6-27b,Answer: Austria,78f1a5c1-1788557231,"Consider these 8 countries: Norway, Poland, Bulgaria, Morocco, Hungary, Austria, Japan, China.
Which one has the capital city whose name comes first alphabetically? Answer with just the country name.",535501347
facts_parallel,default,8,immediate,43,Thailand,Cuba,0,-1,0,0,stop,4,0,qwen3.6-27b,Answer: Cuba,78f1a5c1-1788557231,"Consider these 8 countries: Cuba, Israel, Denmark, Thailand, Czechia, Bulgaria, Japan, Indonesia.
Which one has the capital city whose name comes first alphabetically? Answer with just the country name.",1760307893
facts_parallel,default,8,immediate,44,Thailand,Cuba,0,-1,0,0,stop,4,0,qwen3.6-27b,Answer: Cuba,78f1a5c1-1788557231,"Consider these 8 countries: Israel, Cuba, Kenya, China, Thailand, Norway, Portugal, Russia.
Which one has the capital city whose name comes first alphabetically? Answer with just the country name.",4136156950
facts_parallel,default,8,immediate,45,Greece,Cuba,0,-1,0,0,stop,4,0,qwen3.6-27b,Answer: Cuba,78f1a5c1-1788557231,"Consider these 8 countries: Greece, Cuba, Norway, Russia, Czechia, Japan, Indonesia, Denmark.
Which one has the capital city whose name comes first alphabetically? Answer with just the country name.",2173669248
facts_parallel,default,8,immediate,46,Thailand,Bulgaria,0,-1,0,0,stop,4,0,qwen3.6-27b,Answer: Bulgaria,78f1a5c1-1788557231,"Consider these 8 countries: Bulgaria, Denmark, Czechia, Peru, Russia, China, Thailand, Israel.
Which one has the capital city whose name comes first alphabetically? Answer with just the country name.",411491898
facts_parallel,default,8,immediate,47,Egypt,Egypt,1,-1,0,0,stop,4,0,qwen3.6-27b,Answer: Egypt,78f1a5c1-1788557231,"Consider these 8 countries: Egypt, Portugal, Japan, Poland, Ireland, Norway, Czechia, Finland.
Which one has the capital city whose name comes first alphabetically? Answer with just the country name.",1870786220
facts_parallel,default,8,immediate,48,Greece,China,0,-1,0,0,stop,4,0,qwen3.6-27b,Answer: China,78f1a5c1-1788557231,"Consider these 8 countries: Indonesia, Ireland, Czechia, China, Morocco, Finland, Greece, Bulgaria.
Which one has the capital city whose name comes first alphabetically? Answer with just the country name.",4282315581
facts_parallel,default,8,immediate,49,Thailand,Egypt,0,-1,0,0,stop,4,0,qwen3.6-27b,Answer: Egypt,78f1a5c1-1788557231,"Consider these 8 countries: Portugal, Morocco, Kenya, Ireland, Thailand, Denmark, Bulgaria, Egypt.
Which one has the capital city whose name comes first alphabetically? Answer with just the country name.",2285487019
facts_parallel,default,8,immediate,50,Thailand,Thailand,1,-1,0,0,stop,4,0,qwen3.6-27b,Answer: Thailand,78f1a5c1-1788557231,"Consider these 8 countries: Russia, Israel, Germany, Cuba, China, Ireland, Japan, Thailand.
Which one has the capital city whose name comes first alphabetically? Answer with just the country name.",3908979278
facts_parallel,default,8,immediate,51,Greece,Cuba,0,-1,0,0,stop,4,0,qwen3.6-27b,Answer: Cuba,78f1a5c1-1788557231,"Consider these 8 countries: Cuba, Japan, Kenya, Indonesia, Germany, Greece, Thailand, China.
Which one has the capital city whose name comes first alphabetically? Answer with just the country name.",2683927256
facts_parallel,default,8,immediate,52,Greece,Austria,0,-1,0,0,stop,3,0,qwen3.6-27b,Answer: Austria,78f1a5c1-1788557231,"Consider these 8 countries: Greece, Austria, Kenya, Japan, Germany, Ireland, Poland, Bulgaria.
Which one has the capital city whose name comes first alphabetically? Answer with just the country name.",116403042
facts_parallel,default,8,immediate,53,China,Indonesia,0,-1,0,0,stop,3,0,qwen3.6-27b,Answer: Indonesia,78f1a5c1-1788557231,"Consider these 8 countries: Indonesia, Poland, Portugal, Czechia, China, Japan, Bulgaria, Germany.
Which one has the capital city whose name comes first alphabetically? Answer with just the country name.",1912019956
facts_parallel,default,8,immediate,54,Greece,Egypt,0,-1,0,0,stop,4,0,qwen3.6-27b,Answer: Egypt,78f1a5c1-1788557231,"Consider these 8 countries: Japan, Peru, Cuba, Greece, Egypt, Morocco, Norway, Germany.
Which one has the capital city whose name comes first alphabetically? Answer with just the country name.",4019424855
facts_parallel,default,8,immediate,55,Hungary,Austria,0,-1,0,0,stop,3,0,qwen3.6-27b,Answer: Austria,78f1a5c1-1788557231,"Consider these 8 countries: Morocco, Israel, Austria, Peru, Norway, Hungary, Finland, Japan.
Which one has the capital city whose name comes first alphabetically? Answer with just the country name.",2559884993
facts_parallel,default,8,immediate,56,China,Austria,0,-1,0,0,stop,4,0,qwen3.6-27b,Answer: Austria,78f1a5c1-1788557231,"Consider these 8 countries: Sweden, Indonesia, Austria, Morocco, Czechia, China, Norway, Hungary.
Which one has the capital city whose name comes first alphabetically? Answer with just the country name.",27127675
facts_parallel,default,8,immediate,57,Germany,Denmark,0,-1,0,0,stop,4,0,qwen3.6-27b,Answer: Denmark,78f1a5c1-1788557231,"Consider these 8 countries: Morocco, Denmark, Ireland, Sweden, Germany, Norway, Hungary, Bulgaria.
Which one has the capital city whose name comes first alphabetically? Answer with just the country name.",1989861357
facts_parallel,default,8,immediate,58,China,Austria,0,-1,0,0,stop,4,0,qwen3.6-27b,Answer: Austria,78f1a5c1-1788557231,"Consider these 8 countries: Austria, Japan, Norway, Bulgaria, Morocco, China, Hungary, Czechia.
Which one has the capital city whose name comes first alphabetically? Answer with just the country name.",3861234300
facts_parallel,default,8,immediate,59,Greece,Hungary,0,-1,0,0,stop,4,0,qwen3.6-27b,Answer: Hungary,78f1a5c1-1788557231,"Consider these 8 countries: Hungary, Indonesia, Thailand, Poland, Peru, Norway, Greece, Portugal.
Which one has the capital city whose name comes first alphabetically? Answer with just the country name.",2434986730
facts_parallel,default,8,immediate,60,China,Finland,0,-1,0,0,stop,4,0,qwen3.6-27b,Answer: Finland,78f1a5c1-1788557231,"Consider these 8 countries: Finland, Russia, Israel, Kenya, Norway, Hungary, China, Denmark.
Which one has the capital city whose name comes first alphabetically? Answer with just the country name.",3285391757
facts_parallel,default,8,immediate,61,China,Hungary,0,-1,0,0,stop,4,0,qwen3.6-27b,Answer: Hungary,78f1a5c1-1788557231,"Consider these 8 countries: Hungary, Denmark, Norway, China, Portugal, Ireland, Bulgaria, Russia.
Which one has the capital city whose name comes first alphabetically? Answer with just the country name.",3033803035
facts_parallel,default,8,immediate,62,Denmark,Ireland,0,-1,0,0,stop,4,0,qwen3.6-27b,Answer: Ireland,78f1a5c1-1788557231,"Consider these 8 countries: Denmark, Finland, Russia, Indonesia, Sweden, Poland, Ireland, Peru.
Which one has the capital city whose name comes first alphabetically? Answer with just the country name.",769489057
facts_parallel,default,8,immediate,63,Greece,Greece,1,-1,0,0,stop,4,0,qwen3.6-27b,Answer: Greece,78f1a5c1-1788557231,"Consider these 8 countries: Morocco, Peru, Portugal, Greece, Poland, Ireland, Finland, Thailand.
Which one has the capital city whose name comes first alphabetically? Answer with just the country name.",1524254775
facts_parallel,default,8,immediate,64,Thailand,Egypt,0,-1,0,0,stop,4,0,qwen3.6-27b,Answer: Egypt,78f1a5c1-1788557231,"Consider these 8 countries: Germany, Egypt, Morocco, Poland, Ireland, Thailand, Bulgaria, China.
Which one has the capital city whose name comes first alphabetically? Answer with just the country name.",3300842900
facts_parallel,default,8,immediate,65,China,Egypt,0,-1,0,0,stop,4,0,qwen3.6-27b,Answer: Egypt,78f1a5c1-1788557231,"Consider these 8 countries: Germany, China, Sweden, Russia, Egypt, Israel, Kenya, Finland.
Which one has the capital city whose name comes first alphabetically? Answer with just the country name.",3015306498
facts_parallel,default,8,immediate,66,Germany,Austria,0,-1,0,0,stop,4,0,qwen3.6-27b,Answer: Austria,78f1a5c1-1788557231,"Consider these 8 countries: Germany, Ireland, Indonesia, Austria, Hungary, Norway, Kenya, Peru.
Which one has the capital city whose name comes first alphabetically? Answer with just the country name.",716225720
facts_parallel,default,8,immediate,67,Greece,Egypt,0,-1,0,0,stop,4,0,qwen3.6-27b,Answer: Egypt,78f1a5c1-1788557231,"Consider these 8 countries: Greece, Sweden, Norway, Ireland, Egypt, Russia, Denmark, Israel.
Which one has the capital city whose name comes first alphabetically? Answer with just the country name.",1572310062
facts_parallel,default,8,immediate,68,Thailand,Austria,0,-1,0,0,stop,4,0,qwen3.6-27b,Answer: Austria,78f1a5c1-1788557231,"Consider these 8 countries: Indonesia, Thailand, Germany, Cuba, Norway, China, Ireland, Austria.
Which one has the capital city whose name comes first alphabetically? Answer with just the country name.",3439890879
facts_parallel,default,8,immediate,69,Hungary,Austria,0,-1,0,0,stop,3,0,qwen3.6-27b,Answer: Austria,78f1a5c1-1788557231,"Consider these 8 countries: Bulgaria, Japan, Hungary, Austria, Cuba, Portugal, Denmark, Egypt.
Which one has the capital city whose name comes first alphabetically? Answer with just the country name.",3121586473
facts_parallel,default,8,immediate,70,China,China,1,-1,0,0,stop,4,0,qwen3.6-27b,Answer: China,78f1a5c1-1788557231,"Consider these 8 countries: Egypt, Czechia, Finland, China, Cuba, Morocco, Bulgaria, Hungary.
Which one has the capital city whose name comes first alphabetically? Answer with just the country name.",3670550732
facts_parallel,default,8,immediate,71,Cuba,Austria,0,-1,0,0,stop,4,0,qwen3.6-27b,Answer: Austria,78f1a5c1-1788557231,"Consider these 8 countries: Czechia, Cuba, Russia, Austria, Bulgaria, Peru, Israel, Sweden.
Which one has the capital city whose name comes first alphabetically? Answer with just the country name.",2916030554
facts_parallel,default,8,immediate,72,Greece,Austria,0,-1,0,0,stop,3,0,qwen3.6-27b,Answer: Austria,78f1a5c1-1788557231,"Consider these 8 countries: Peru, Denmark, Germany, Czechia, Japan, Austria, Greece, Finland.
Which one has the capital city whose name comes first alphabetically? Answer with just the country name.",885410272
facts_parallel,default,8,immediate,73,Thailand,Austria,0,-1,0,0,stop,4,0,qwen3.6-27b,Answer: Austria,78f1a5c1-1788557231,"Consider these 8 countries: Sweden, Ireland, Russia, Austria, Denmark, Thailand, Norway, Czechia.
Which one has the capital city whose name comes first alphabetically? Answer with just the country name.",1136753014
facts_parallel,default,8,immediate,74,China,Israel,0,-1,0,0,stop,4,0,qwen3.6-27b,Answer: Israel,78f1a5c1-1788557231,"Consider these 8 countries: China, Poland, Peru, Sweden, Israel, Germany, Czechia, Hungary.
Which one has the capital city whose name comes first alphabetically? Answer with just the country name.",3718638805
facts_parallel,default,8,immediate,75,Greece,Germany,0,-1,0,0,stop,4,0,qwen3.6-27b,Answer: Germany,78f1a5c1-1788557231,"Consider these 8 countries: Germany, Russia, Greece, Morocco, Israel, Bulgaria, Kenya, Egypt.
Which one has the capital city whose name comes first alphabetically? Answer with just the country name.",2862799939
facts_parallel,default,8,immediate,76,Greece,Cuba,0,-1,0,0,stop,3,0,qwen3.6-27b,Answer: Cuba,78f1a5c1-1788557231,"Consider these 8 countries: Cuba, Greece, Morocco, Peru, Kenya, Israel, Portugal, Germany.
Which one has the capital city whose name comes first alphabetically? Answer with just the country name.",866881017
facts_parallel,default,8,immediate,77,Greece,Austria,0,-1,0,0,stop,4,0,qwen3.6-27b,Answer: Austria,78f1a5c1-1788557231,"Consider these 8 countries: Greece, Denmark, Egypt, Peru, Poland, Russia, Austria, Ireland.
Which one has the capital city whose name comes first alphabetically? Answer with just the country name.",1152171375
facts_parallel,default,8,immediate,78,Greece,Austria,0,-1,0,0,stop,4,0,qwen3.6-27b,Answer: Austria,78f1a5c1-1788557231,"Consider these 8 countries: Indonesia, Czechia, Egypt, Denmark, China, Ireland, Greece, Austria.
Which one has the capital city whose name comes first alphabetically? Answer with just the country name.",3558056190
facts_parallel,default,8,immediate,79,Hungary,Austria,0,-1,0,0,stop,4,0,qwen3.6-27b,Answer: Austria,78f1a5c1-1788557231,"Consider these 8 countries: Japan, Kenya, Portugal, Finland, Indonesia, Egypt, Hungary, Austria.
Which one has the capital city whose name comes first alphabetically? Answer with just the country name.",2736033896
facts_parallel,default,8,immediate,80,Thailand,Hungary,0,-1,0,0,stop,4,0,qwen3.6-27b,Answer: Hungary,78f1a5c1-1788557231,"Consider these 8 countries: Morocco, Norway, Thailand, Finland, Poland, Hungary, Indonesia, Portugal.
Which one has the capital city whose name comes first alphabetically? Answer with just the country name.",1565537283
facts_parallel,default,8,immediate,81,Hungary,Cuba,0,-1,0,0,stop,4,0,qwen3.6-27b,Answer: Cuba,78f1a5c1-1788557231,"Consider these 8 countries: Bulgaria, Peru, Japan, Finland, Russia, Hungary, Cuba, Portugal.
Which one has the capital city whose name comes first alphabetically? Answer with just the country name.",710345877
facts_parallel,default,8,immediate,82,Greece,Kenya,0,-1,0,0,stop,4,0,qwen3.6-27b,Answer: Kenya,78f1a5c1-1788557231,"Consider these 8 countries: Greece, Japan, China, Israel, Thailand, Germany, Morocco, Kenya.
Which one has the capital city whose name comes first alphabetically? Answer with just the country name.",3009303855
facts_parallel,default,8,immediate,83,Denmark,Cuba,0,-1,0,0,stop,4,0,qwen3.6-27b,Answer: Cuba,78f1a5c1-1788557231,"Consider these 8 countries: Ireland, Cuba, Russia, Indonesia, Israel, Norway, Denmark, Poland.
Which one has the capital city whose name comes first alphabetically? Answer with just the country name.",3294193081
facts_parallel,default,8,immediate,84,Hungary,Austria,0,-1,0,0,stop,4,0,qwen3.6-27b,Answer: Austria,78f1a5c1-1788557231,"Consider these 8 countries: Austria, Finland, Israel, Czechia, Indonesia, Hungary, Bulgaria, Denmark.
Which one has the capital city whose name comes first alphabetically? Answer with just the country name.",1514008602
facts_parallel,default,8,immediate,85,Denmark,Czechia,0,-1,0,0,stop,4,0,qwen3.6-27b,Answer: Czechia,78f1a5c1-1788557231,"Consider these 8 countries: Israel, Denmark, Czechia, Norway, Peru, Poland, Indonesia, Ireland.
Which one has the capital city whose name comes first alphabetically? Answer with just the country name.",758825100
facts_parallel,default,8,immediate,86,Greece,Denmark,0,-1,0,0,stop,4,0,qwen3.6-27b,Answer: Denmark,78f1a5c1-1788557231,"Consider these 8 countries: Japan, Hungary, Greece, Sweden, Germany, Denmark, Morocco, Peru.
Which one has the capital city whose name comes first alphabetically? Answer with just the country name.",3023278390
facts_parallel,default,8,immediate,87,China,China,1,-1,0,0,stop,4,0,qwen3.6-27b,Answer: China,78f1a5c1-1788557231,"Consider these 8 countries: Norway, Russia, Ireland, Peru, Kenya, Portugal, Bulgaria, China.
Which one has the capital city whose name comes first alphabetically? Answer with just the country name.",3275006368
facts_parallel,default,8,immediate,88,Egypt,Austria,0,-1,0,0,stop,4,0,qwen3.6-27b,Answer: Austria,78f1a5c1-1788557231,"Consider these 8 countries: Egypt, Ireland, Czechia, Japan, Bulgaria, Austria, Russia, Denmark.
Which one has the capital city whose name comes first alphabetically? Answer with just the country name.",1401666609
facts_parallel,default,8,immediate,89,Hungary,Denmark,0,-1,0,0,stop,4,0,qwen3.6-27b,Answer: Denmark,78f1a5c1-1788557231,"Consider these 8 countries: Bulgaria, Portugal, Denmark, Finland, Hungary, Sweden, Indonesia, Peru.
Which one has the capital city whose name comes first alphabetically? Answer with just the country name.",613190823
facts_parallel,default,8,immediate,90,China,Austria,0,-1,0,0,stop,4,0,qwen3.6-27b,Answer: Austria,78f1a5c1-1788557231,"Consider these 8 countries: Bulgaria, Cuba, Austria, Finland, Ireland, China, Germany, Denmark.
Which one has the capital city whose name comes first alphabetically? Answer with just the country name.",1145767234
facts_parallel,default,8,immediate,91,Thailand,China,0,-1,0,0,stop,4,0,qwen3.6-27b,Answer: China,78f1a5c1-1788557231,"Consider these 8 countries: Czechia, Egypt, Peru, Poland, Thailand, Norway, China, Denmark.
Which one has the capital city whose name comes first alphabetically? Answer with just the country name.",860632532
facts_parallel,default,8,immediate,92,Greece,Egypt,0,-1,0,0,stop,4,0,qwen3.6-27b,Answer: Egypt,78f1a5c1-1788557231,"Consider these 8 countries: Japan, Sweden, Greece, Egypt, Indonesia, Finland, Portugal, Thailand.
Which one has the capital city whose name comes first alphabetically? Answer with just the country name.",2856674414
facts_parallel,default,8,immediate,93,Greece,Kenya,0,-1,0,0,stop,4,0,qwen3.6-27b,Answer: Kenya,78f1a5c1-1788557231,"Consider these 8 countries: Germany, Kenya, Greece, Denmark, Poland, Japan, Sweden, Bulgaria.
Which one has the capital city whose name comes first alphabetically? Answer with just the country name.",3712111864
facts_parallel,default,8,immediate,94,Greece,Kenya,0,-1,0,0,stop,4,0,qwen3.6-27b,Answer: Kenya,78f1a5c1-1788557231,"Consider these 8 countries: China, Kenya, Bulgaria, Morocco, Greece, Peru, Cuba, Sweden.
Which one has the capital city whose name comes first alphabetically? Answer with just the country name.",1126613339
facts_parallel,default,8,immediate,95,Thailand,Austria,0,-1,0,0,stop,4,0,qwen3.6-27b,Answer: Austria,78f1a5c1-1788557231,"Consider these 8 countries: Japan, Poland, Austria, Israel, Kenya, Denmark, Hungary, Thailand.
Which one has the capital city whose name comes first alphabetically? Answer with just the country name.",874639821
facts_parallel,default,8,immediate,96,Thailand,Austria,0,-1,0,0,stop,4,0,qwen3.6-27b,Answer: Austria,78f1a5c1-1788557231,"Consider these 8 countries: Portugal, Hungary, Norway, Israel, Austria, Peru, Thailand, Germany.
Which one has the capital city whose name comes first alphabetically? Answer with just the country name.",2905120887
facts_parallel,default,8,immediate,97,Germany,Austria,0,-1,0,0,stop,3,0,qwen3.6-27b,Answer: Austria,78f1a5c1-1788557231,"Consider these 8 countries: Germany, Cuba, Hungary, Russia, Bulgaria, Austria, Egypt, Morocco.
Which one has the capital city whose name comes first alphabetically? Answer with just the country name.",3660550369
facts_parallel,default,8,immediate,98,Greece,Austria,0,-1,0,0,stop,3,0,qwen3.6-27b,Answer: Austria,78f1a5c1-1788557231,"Consider these 8 countries: Czechia, Austria, Ireland, Poland, Finland, Indonesia, Greece, Morocco.
Which one has the capital city whose name comes first alphabetically? Answer with just the country name.",1250987376
facts_parallel,default,8,immediate,99,China,Russia,0,-1,0,0,stop,4,0,qwen3.6-27b,Answer: Russia,78f1a5c1-1788557231,"Consider these 8 countries: Russia, Denmark, Indonesia, Cuba, Norway, China, Japan, Kenya.
Which one has the capital city whose name comes first alphabetically? Answer with just the country name.",1033354726
facts_parallel,default,8,immediate,100,Thailand,China,0,-1,0,0,stop,4,0,qwen3.6-27b,Answer: China,78f1a5c1-1788557231,"Consider these 8 countries: Thailand, Portugal, Germany, Finland, China, Morocco, Ireland, Czechia.
Which one has the capital city whose name comes first alphabetically? Answer with just the country name.",1650386208
facts_parallel,default,8,immediate,101,Thailand,Russia,0,-1,0,0,stop,4,0,qwen3.6-27b,Answer: Russia,78f1a5c1-1788557231,"Consider these 8 countries: Russia, Bulgaria, China, Japan, Israel, Finland, Thailand, Kenya.
Which one has the capital city whose name comes first alphabetically? Answer with just the country name.",358208950
facts_parallel,default,8,immediate,102,Thailand,Cuba,0,-1,0,0,stop,4,0,qwen3.6-27b,Answer: Cuba,78f1a5c1-1788557231,"Consider these 8 countries: Bulgaria, Morocco, Poland, Cuba, Hungary, Thailand, Japan, China.
Which one has the capital city whose name comes first alphabetically? Answer with just the country name.",2354086924
facts_parallel,default,8,immediate,103,Greece,Egypt,0,-1,0,0,stop,4,0,qwen3.6-27b,Answer: Egypt,78f1a5c1-1788557231,"Consider these 8 countries: Greece, Ireland, Cuba, Egypt, Peru, Bulgaria, Israel, Hungary.
Which one has the capital city whose name comes first alphabetically? Answer with just the country name.",4216829082
facts_parallel,default,8,immediate,104,Thailand,Germany,0,-1,0,0,stop,4,0,qwen3.6-27b,Answer: Germany,78f1a5c1-1788557231,"Consider these 8 countries: Germany, Indonesia, Egypt, Bulgaria, Thailand, Japan, Norway, China.
Which one has the capital city whose name comes first alphabetically? Answer with just the country name.",1697849657
facts_parallel,default,8,immediate,105,Germany,Austria,0,-1,0,0,stop,4,0,qwen3.6-27b,Answer: Austria,78f1a5c1-1788557231,"Consider these 8 countries: Peru, Austria, Kenya, Japan, Germany, Poland, Egypt, Cuba.
Which one has the capital city whose name comes first alphabetically? Answer with just the country name.",305402287
facts_parallel,default,8,immediate,106,Egypt,Austria,0,-1,0,0,stop,4,0,qwen3.6-27b,Answer: Austria,78f1a5c1-1788557231,"Consider these 8 countries: Egypt, Cuba, Austria, Russia, Indonesia, Bulgaria, Israel, Kenya.
Which one has the capital city whose name comes first alphabetically? Answer with just the country name.",2336047125
facts_parallel,default,8,immediate,107,Germany,Egypt,0,-1,0,0,stop,4,0,qwen3.6-27b,Answer: Egypt,78f1a5c1-1788557231,"Consider these 8 countries: Poland, Indonesia, Russia, Germany, Egypt, Portugal, Japan, Israel.
Which one has the capital city whose name comes first alphabetically? Answer with just the country name.",4231688323
facts_parallel,default,8,immediate,108,Germany,Cuba,0,-1,0,0,stop,4,0,qwen3.6-27b,Answer: Cuba,78f1a5c1-1788557231,"Consider these 8 countries: Russia, Germany, Poland, Japan, Cuba, Ireland, Czechia, Hungary.
Which one has the capital city whose name comes first alphabetically? Answer with just the country name.",1820683538
facts_parallel,default,8,immediate,109,Greece,Austria,0,-1,0,0,stop,4,0,qwen3.6-27b,Answer: Austria,78f1a5c1-1788557231,"Consider these 8 countries: Sweden, Austria, Portugal, Greece, Hungary, Russia, Egypt, Thailand.
Which one has the capital city whose name comes first alphabetically? Answer with just the country name.",461528452
facts_parallel,default,8,immediate,110,Germany,Kenya,0,-1,0,0,stop,4,0,qwen3.6-27b,Answer: Kenya,78f1a5c1-1788557231,"Consider these 8 countries: Denmark, Hungary, Norway, Kenya, Czechia, Portugal, Germany, Bulgaria.
Which one has the capital city whose name comes first alphabetically? Answer with just the country name.",2068173921
facts_parallel,default,8,immediate,111,Thailand,Cuba,0,-1,0,0,stop,4,0,qwen3.6-27b,Answer: Cuba,78f1a5c1-1788557231,"Consider these 8 countries: Finland, Hungary, Ireland, Cuba, Kenya, Russia, Thailand, Denmark.
Which one has the capital city whose name comes first alphabetically? Answer with just the country name.",205710583
facts_parallel,default,8,immediate,112,Germany,Austria,0,-1,0,0,stop,4,0,qwen3.6-27b,Answer: Austria,78f1a5c1-1788557231,"Consider these 8 countries: Russia, Peru, Austria, Israel, Egypt, Portugal, Germany, Czechia.
Which one has the capital city whose name comes first alphabetically? Answer with just the country name.",2504766797
facts_parallel,default,8,immediate,113,Greece,Egypt,0,-1,0,0,stop,4,0,qwen3.6-27b,Answer: Egypt,78f1a5c1-1788557231,"Consider these 8 countries: Poland, Egypt, Sweden, Morocco, Peru, Greece, Kenya, Czechia.
Which one has the capital city whose name comes first alphabetically? Answer with just the country name.",3796665819
facts_parallel,default,8,immediate,114,Greece,China,0,-1,0,0,stop,3,0,qwen3.6-27b,Answer: China,78f1a5c1-1788557231,"Consider these 8 countries: Norway, Portugal, Greece, China, Japan, Poland, Czechia, Thailand.
Which one has the capital city whose name comes first alphabetically? Answer with just the country name.",2083000440
facts_parallel,default,8,immediate,115,Greece,Bulgaria,0,-1,0,0,stop,4,0,qwen3.6-27b,Answer: Bulgaria,78f1a5c1-1788557231,"Consider these 8 countries: Bulgaria, China, Israel, Sweden, Morocco, Russia, Greece, Cuba.
Which one has the capital city whose name comes first alphabetically? Answer with just the country name.",187637998
facts_parallel,default,8,immediate,116,Greece,Greece,1,-1,0,0,stop,4,0,qwen3.6-27b,Answer: Greece,78f1a5c1-1788557231,"Consider these 8 countries: Ireland, Norway, Peru, Thailand, Russia, Morocco, Japan, Greece.
Which one has the capital city whose name comes first alphabetically? Answer with just the country name.",2451992916
facts_parallel,default,8,immediate,117,Thailand,Indonesia,0,-1,0,0,stop,4,0,qwen3.6-27b,Answer: Indonesia,78f1a5c1-1788557231,"Consider these 8 countries: Thailand, Indonesia, Japan, Poland, Norway, Germany, Hungary, Morocco.
Which one has the capital city whose name comes first alphabetically? Answer with just the country name.",3844161986
facts_parallel,default,8,immediate,118,Greece,Greece,1,-1,0,0,stop,3,0,qwen3.6-27b,Answer: Greece,78f1a5c1-1788557231,"Consider these 8 countries: Peru, Norway, Hungary, Indonesia, Greece, China, Morocco, Portugal.
Which one has the capital city whose name comes first alphabetically? Answer with just the country name.",1973312595
facts_parallel,default,8,immediate,119,China,Egypt,0,-1,0,0,stop,4,0,qwen3.6-27b,Answer: Egypt,78f1a5c1-1788557231,"Consider these 8 countries: China, Egypt, Portugal, Ireland, Peru, Norway, Morocco, Germany.
Which one has the capital city whose name comes first alphabetically? Answer with just the country name.",43609285
facts_parallel,default,12,immediate,0,China,Austria,0,-1,0,0,stop,3,0,qwen3.6-27b,Answer: Austria,78f1a5c1-1788557231,"Consider these 12 countries: Sweden, Morocco, Hungary, Poland, Czechia, Finland, China, Indonesia, Cuba, Israel, Austria, Norway.
Which one has the capital city whose name comes first alphabetically? Answer with just the country name.",3460911426
facts_parallel,default,12,immediate,1,China,Cuba,0,-1,0,0,stop,4,0,qwen3.6-27b,Answer: Cuba,78f1a5c1-1788557231,"Consider these 12 countries: Israel, Morocco, Portugal, Hungary, Norway, Bulgaria, Poland, Peru, Indonesia, Czechia, Cuba, China.
Which one has the capital city whose name comes first alphabetically? Answer with just the country name.",3108921812
facts_parallel,default,12,immediate,2,Thailand,Indonesia,0,-1,0,0,stop,4,0,qwen3.6-27b,Answer: Indonesia,78f1a5c1-1788557231,"Consider these 12 countries: Indonesia, Germany, Czechia, Hungary, Denmark, Thailand, Sweden, Austria, Israel, Morocco, Ireland, Japan.
Which one has the capital city whose name comes first alphabetically? Answer with just the country name.",541536366
facts_parallel,default,12,immediate,3,Thailand,China,0,-1,0,0,stop,4,0,qwen3.6-27b,Answer: China,78f1a5c1-1788557231,"Consider these 12 countries: Sweden, Peru, Israel, Indonesia, Thailand, Morocco, Norway, Finland, Czechia, China, Portugal, Japan.
Which one has the capital city whose name comes first alphabetically? Answer with just the country name.",1463812344
facts_parallel,default,12,immediate,4,Greece,Kenya,0,-1,0,0,stop,4,0,qwen3.6-27b,Answer: Kenya,78f1a5c1-1788557231,"Consider these 12 countries: Sweden, Bulgaria, Cuba, Russia, Thailand, Greece, Hungary, Germany, Japan, Czechia, Poland, Kenya.
Which one has the capital city whose name comes first alphabetically? Answer with just the country name.",3374617947
facts_parallel,default,12,immediate,5,Greece,Austria,0,-1,0,0,stop,4,0,qwen3.6-27b,Answer: Austria,78f1a5c1-1788557231,"Consider these 12 countries: Denmark, Indonesia, Israel, Ireland, Greece, Peru, Norway, Hungary, Poland, China, Bulgaria, Austria.
Which one has the capital city whose name comes first alphabetically? Answer with just the country name.",3190007245
facts_parallel,default,12,immediate,6,Greece,Egypt,0,-1,0,0,stop,4,0,qwen3.6-27b,Answer: Egypt,78f1a5c1-1788557231,"Consider these 12 countries: Germany, Portugal, Egypt, Greece, Japan, Czechia, Peru, Bulgaria, Poland, Sweden, Hungary, Ireland.
Which one has the capital city whose name comes first alphabetically? Answer with just the country name.",657126519
facts_parallel,default,12,immediate,7,Thailand,Austria,0,-1,0,0,stop,4,0,qwen3.6-27b,Answer: Austria,78f1a5c1-1788557231,"Consider these 12 countries: Ireland, Thailand, Denmark, Sweden, Egypt, Bulgaria, Austria, Israel, Kenya, Portugal, Hungary, Finland.
Which one has the capital city whose name comes first alphabetically? Answer with just the country name.",1345176801
facts_parallel,default,12,immediate,8,Greece,Egypt,0,-1,0,0,stop,4,0,qwen3.6-27b,Answer: Egypt,78f1a5c1-1788557231,"Consider these 12 countries: Japan, Russia, Denmark, Morocco, Sweden, Thailand, Egypt, Bulgaria, Greece, Israel, Peru, China.
Which one has the capital city whose name comes first alphabetically? Answer with just the country name.",3230849392
facts_parallel,default,12,immediate,9,Thailand,Hungary,0,-1,0,0,stop,4,0,qwen3.6-27b,Answer: Hungary,78f1a5c1-1788557231,"Consider these 12 countries: Finland, Czechia, Japan, Norway, Hungary, Kenya, China, Morocco, Thailand, Cuba, Germany, Peru.
Which one has the capital city whose name comes first alphabetically? Answer with just the country name.",3080055270
facts_parallel,default,12,immediate,10,Greece,Austria,0,-1,0,0,stop,4,0,qwen3.6-27b,Answer: Austria,78f1a5c1-1788557231,"Consider these 12 countries: Hungary, Finland, Israel, Kenya, Sweden, Japan, Russia, Poland, Greece, Austria, Bulgaria, Morocco.
Which one has the capital city whose name comes first alphabetically? Answer with just the country name.",1977386893
facts_parallel,default,12,immediate,11,Greece,China,0,-1,0,0,stop,4,0,qwen3.6-27b,Answer: China,78f1a5c1-1788557231,"Consider these 12 countries: Germany, Norway, Egypt, Russia, Greece, Peru, Thailand, Portugal, Indonesia, Kenya, China, Denmark.
Which one has the capital city whose name comes first alphabetically? Answer with just the country name.",47953691
facts_parallel,default,12,immediate,12,Greece,China,0,-1,0,0,stop,4,0,qwen3.6-27b,Answer: China,78f1a5c1-1788557231,"Consider these 12 countries: Denmark, Finland, Russia, China, Poland, Germany, Sweden, Austria, Hungary, Greece, Japan, Ireland.
Which one has the capital city whose name comes first alphabetically? Answer with just the country name.",2614290081
facts_parallel,default,12,immediate,13,Greece,Austria,0,-1,0,0,stop,4,0,qwen3.6-27b,Answer: Austria,78f1a5c1-1788557231,"Consider these 12 countries: Ireland, Sweden, Peru, Cuba, Germany, Greece, Bulgaria, Japan, Denmark, Indonesia, Austria, China.
Which one has the capital city whose name comes first alphabetically? Answer with just the country name.",3973436983
facts_parallel,default,12,immediate,14,Greece,,0,-1,0,0,stop,3,0,qwen3.6-27b,Answer:,78f1a5c1-1788557231,"Consider these 12 countries: Japan, Israel, Greece, Egypt, Portugal, Sweden, Czechia, Cuba, Morocco, Peru, Denmark, Finland.
Which one has the capital city whose name comes first alphabetically? Answer with just the country name.",1924219796
facts_parallel,default,12,immediate,15,Thailand,Austria,0,-1,0,0,stop,4,0,qwen3.6-27b,Answer: Austria,78f1a5c1-1788557231,"Consider these 12 countries: Thailand, Kenya, Norway, Israel, China, Denmark, Japan, Indonesia, Czechia, Egypt, Austria, Peru.
Which one has the capital city whose name comes first alphabetically? Answer with just the country name.",95843074
facts_parallel,default,12,immediate,16,Greece,Austria,0,-1,0,0,stop,4,0,qwen3.6-27b,Answer: Austria,78f1a5c1-1788557231,"Consider these 12 countries: Germany, Austria, China, Russia, Norway, Egypt, Peru, Sweden, Hungary, Denmark, Czechia, Greece.
Which one has the capital city whose name comes first alphabetically? Answer with just the country name.",2629771960
facts_parallel,default,12,immediate,17,China,Egypt,0,-1,0,0,stop,4,0,qwen3.6-27b,Answer: Egypt,78f1a5c1-1788557231,"Consider these 12 countries: Peru, Indonesia, Russia, Germany, Israel, Poland, Czechia, Cuba, China, Bulgaria, Morocco, Egypt.
Which one has the capital city whose name comes first alphabetically? Answer with just the country name.",3954709038
facts_parallel,default,12,immediate,18,Thailand,Austria,0,-1,0,0,stop,4,0,qwen3.6-27b,Answer: Austria,78f1a5c1-1788557231,"Consider these 12 countries: Bulgaria, Kenya, Peru, Germany, Russia, Austria, Norway, Thailand, Sweden, Denmark, Indonesia, Ireland.
Which one has the capital city whose name comes first alphabetically? Answer with just the country name.",2064060351
facts_parallel,default,12,immediate,19,Greece,Cuba,0,-1,0,0,stop,4,0,qwen3.6-27b,Answer: Cuba,78f1a5c1-1788557231,"Consider these 12 countries: Greece, Sweden, China, Morocco, Germany, Portugal, Czechia, Bulgaria, Japan, Ireland, Indonesia, Cuba.
Which one has the capital city whose name comes first alphabetically? Answer with just the country name.",201342761
facts_parallel,default,12,immediate,20,Greece,Kenya,0,-1,0,0,stop,4,0,qwen3.6-27b,Answer: Kenya,78f1a5c1-1788557231,"Consider these 12 countries: Sweden, Israel, Germany, Portugal, Austria, Hungary, Denmark, Greece, Morocco, Norway, Finland, Kenya.
Which one has the capital city whose name comes first alphabetically? Answer with just the country name.",1592906830
facts_parallel,default,12,immediate,21,Greece,Egypt,0,-1,0,0,stop,4,0,qwen3.6-27b,Answer: Egypt,78f1a5c1-1788557231,"Consider these 12 countries: Greece, Czechia, Ireland, Japan, Peru, Norway, Sweden, Egypt, Germany, Morocco, Finland, Kenya.
Which one has the capital city whose name comes first alphabetically? Answer with just the country name.",704046296
facts_parallel,default,12,immediate,22,Greece,Austria,0,-1,0,0,stop,4,0,qwen3.6-27b,Answer: Austria,78f1a5c1-1788557231,"Consider these 12 countries: Bulgaria, Greece, Morocco, Norway, Hungary, Ireland, Thailand, Russia, Austria, Poland, Czechia, Portugal.
Which one has the capital city whose name comes first alphabetically? Answer with just the country name.",2969548130
facts_parallel,default,12,immediate,23,China,Austria,0,-1,0,0,stop,4,0,qwen3.6-27b,Answer: Austria,78f1a5c1-1788557231,"Consider these 12 countries: Austria, China, Hungary, Czechia, Russia, Indonesia, Israel, Bulgaria, Japan, Kenya, Portugal, Sweden.
Which one has the capital city whose name comes first alphabetically? Answer with just the country name.",3354953204
facts_parallel,default,12,immediate,24,Greece,Austria,0,-1,0,0,stop,4,0,qwen3.6-27b,Answer: Austria,78f1a5c1-1788557231,"Consider these 12 countries: Egypt, Portugal, Cuba, Norway, Sweden, China, Greece, Indonesia, Austria, Morocco, Poland, Bulgaria.
Which one has the capital city whose name comes first alphabetically? Answer with just the country name.",1503400023
facts_parallel,default,12,immediate,25,Greece,Egypt,0,-1,0,0,stop,4,0,qwen3.6-27b,Answer: Egypt,78f1a5c1-1788557231,"Consider these 12 countries: Kenya, Hungary, Germany, Thailand, Cuba, Bulgaria, Greece, Denmark, Portugal, Finland, Sweden, Egypt.
Which one has the capital city whose name comes first alphabetically? Answer with just the country name.",781918401
facts_parallel,default,12,immediate,26,China,Bulgaria,0,-1,0,0,stop,4,0,qwen3.6-27b,Answer: Bulgaria,78f1a5c1-1788557231,"Consider these 12 countries: Bulgaria, Indonesia, Ireland, Peru, Russia, Sweden, Poland, Kenya, Norway, China, Germany, Cuba.
Which one has the capital city whose name comes first alphabetically? Answer with just the country name.",3079827835
facts_parallel,default,12,immediate,27,Greece,Egypt,0,-1,0,0,stop,4,0,qwen3.6-27b,Answer: Egypt,78f1a5c1-1788557231,"Consider these 12 countries: Greece, Sweden, Morocco, Czechia, Egypt, Peru, Portugal, Cuba, Thailand, China, Kenya, Finland.
Which one has the capital city whose name comes first alphabetically? Answer with just the country name.",3231007213
facts_parallel,default,12,immediate,28,China,China,1,-1,0,0,stop,4,0,qwen3.6-27b,Answer: China,78f1a5c1-1788557231,"Consider these 12 countries: Egypt, Bulgaria, China, Finland, Cuba, Morocco, Czechia, Kenya, Indonesia, Denmark, Poland, Germany.
Which one has the capital city whose name comes first alphabetically? Answer with just the country name.",1344953468
facts_parallel,default,12,immediate,29,Thailand,Austria,0,-1,0,0,stop,4,0,qwen3.6-27b,Answer: Austria,78f1a5c1-1788557231,"Consider these 12 countries: Cuba, Indonesia, Austria, Peru, Sweden, Czechia, China, Israel, Portugal, Finland, Thailand, Kenya.
Which one has the capital city whose name comes first alphabetically? Answer with just the country name.",657288426
facts_parallel,default,12,immediate,30,Thailand,Kenya,0,-1,0,0,stop,4,0,qwen3.6-27b,Answer: Kenya,78f1a5c1-1788557231,"Consider these 12 countries: Czechia, Sweden, Portugal, Bulgaria, Peru, Thailand, Finland, Denmark, Japan, Morocco, Kenya, Ireland.
Which one has the capital city whose name comes first alphabetically? Answer with just the country name.",1206576399
facts_parallel,default,12,immediate,31,Thailand,China,0,-1,0,0,stop,4,0,qwen3.6-27b,Answer: China,78f1a5c1-1788557231,"Consider these 12 countries: China, Cuba, Czechia, Israel, Norway, Sweden, Ireland, Finland, Denmark, Morocco, Bulgaria, Thailand.
Which one has the capital city whose name comes first alphabetically? Answer with just the country name.",820893081
facts_parallel,default,12,immediate,32,Greece,Bulgaria,0,-1,0,0,stop,4,0,qwen3.6-27b,Answer: Bulgaria,78f1a5c1-1788557231,"Consider these 12 countries: Morocco, Bulgaria, Greece, Germany, Finland, Cuba, Portugal, Kenya, China, Denmark, Norway, Ireland.
Which one has the capital city whose name comes first alphabetically? Answer with just the country name.",2850325539
facts_parallel,default,12,immediate,33,Hungary,Austria,0,-1,0,0,stop,4,0,qwen3.6-27b,Answer: Austria,78f1a5c1-1788557231,"Consider these 12 countries: Hungary, Egypt, Ireland, Poland, Austria, Sweden, Morocco, Peru, Russia, Cuba, Bulgaria, Japan.
Which one has the capital city whose name comes first alphabetically? Answer with just the country name.",3739464885
facts_parallel,default,12,immediate,34,Greece,Egypt,0,-1,0,0,stop,4,0,qwen3.6-27b,Answer: Egypt,78f1a5c1-1788557231,"Consider these 12 countries: Morocco, Norway, Greece, Thailand, Bulgaria, Denmark, Ireland, Finland, Israel, Egypt, Kenya, China.
Which one has the capital city whose name comes first alphabetically? Answer with just the country name.",1082597654
facts_parallel,default,12,immediate,35,Greece,China,0,-1,0,0,stop,4,0,qwen3.6-27b,Answer: China,78f1a5c1-1788557231,"Consider these 12 countries: Thailand, Indonesia, Norway, Japan, Portugal, Finland, Poland, Kenya, Greece, Germany, Peru, China.
Which one has the capital city whose name comes first alphabetically? Answer with just the country name.",931139968
facts_parallel,default,12,immediate,36,Hungary,Austria,0,-1,0,0,stop,4,0,qwen3.6-27b,Answer: Austria,78f1a5c1-1788557231,"Consider these 12 countries: Norway, Egypt, Austria, Israel, Finland, Kenya, Hungary, Czechia, Peru, Bulgaria, Russia, Poland.
Which one has the capital city whose name comes first alphabetically? Answer with just the country name.",2928230458
facts_parallel,default,12,immediate,37,Greece,Austria,0,-1,0,0,stop,4,0,qwen3.6-27b,Answer: Austria,78f1a5c1-1788557231,"Consider these 12 countries: Austria, Peru, Israel, Ireland, Czechia, Indonesia, Sweden, Cuba, Finland, Thailand, Greece, Hungary.
Which one has the capital city whose name comes first alphabetically? Answer with just the country name.",3649990828
facts_parallel,default,12,immediate,38,Thailand,Egypt,0,-1,0,0,stop,4,0,qwen3.6-27b,Answer: Egypt,78f1a5c1-1788557231,"Consider these 12 countries: Egypt, Kenya, Germany, Austria, Russia, Israel, Peru, Portugal, Morocco, Norway, Bulgaria, Thailand.
Which one has the capital city whose name comes first alphabetically? Answer with just the country name.",1227975997
facts_parallel,default,12,immediate,39,Greece,Finland,0,-1,0,0,stop,4,0,qwen3.6-27b,Answer: Finland,78f1a5c1-1788557231,"Consider these 12 countries: Finland, Russia, Greece, Japan, Kenya, Israel, Thailand, China, Ireland, Bulgaria, Sweden, Poland.
Which one has the capital city whose name comes first alphabetically? Answer with just the country name.",1043750315
facts_parallel,default,12,immediate,40,Greece,Egypt,0,-1,0,0,stop,4,0,qwen3.6-27b,Answer: Egypt,78f1a5c1-1788557231,"Consider these 12 countries: Germany, Thailand, Poland, Ireland, Russia, Israel, Egypt, Indonesia, Cuba, Portugal, Greece, Japan.
Which one has the capital city whose name comes first alphabetically? Answer with just the country name.",145454024
facts_parallel,default,12,immediate,41,Thailand,Austria,0,-1,0,0,stop,4,0,qwen3.6-27b,Answer: Austria,78f1a5c1-1788557231,"Consider these 12 countries: Hungary, Japan, Kenya, Austria, Cuba, Thailand, Sweden, Poland, Norway, Finland, Morocco, Bulgaria.
Which one has the capital city whose name comes first alphabetically? Answer with just the country name.",2141995870
facts_parallel,default,12,immediate,42,Greece,Austria,0,-1,0,0,stop,4,0,qwen3.6-27b,Answer: Austria,78f1a5c1-1788557231,"Consider these 12 countries: Poland, Germany, Hungary, Greece, Israel, Morocco, Norway, Austria, Egypt, Russia, Peru, Cuba.
Which one has the capital city whose name comes first alphabetically? Answer with just the country name.",3869577956
facts_parallel,default,12,immediate,43,Greece,Austria,0,-1,0,0,stop,4,0,qwen3.6-27b,Answer: Austria,78f1a5c1-1788557231,"Consider these 12 countries: Greece, Indonesia, Egypt, Peru, Morocco, Kenya, Cuba, Ireland, Austria, Bulgaria, Czechia, Israel.
Which one has the capital city whose name comes first alphabetically? Answer with just the country name.",2443321970
facts_parallel,default,12,immediate,44,Hungary,Austria,0,-1,0,0,stop,4,0,qwen3.6-27b,Answer: Austria,78f1a5c1-1788557231,"Consider these 12 countries: Israel, Japan, Finland, Austria, Hungary, Morocco, Denmark, Norway, Poland, Czechia, Russia, Portugal.
Which one has the capital city whose name comes first alphabetically? Answer with just the country name.",264681425
facts_parallel,default,12,immediate,45,Greece,Austria,0,-1,0,0,stop,3,0,qwen3.6-27b,Answer: Austria,78f1a5c1-1788557231,"Consider these 12 countries: Greece, Indonesia, Portugal, Egypt, China, Sweden, Thailand, Hungary, Russia, Bulgaria, Austria, Morocco.
Which one has the capital city whose name comes first alphabetically? Answer with just the country name.",2025948999
facts_parallel,default,12,immediate,46,Greece,Austria,0,-1,0,0,stop,4,0,qwen3.6-27b,Answer: Austria,78f1a5c1-1788557231,"Consider these 12 countries: Ireland, Austria, Bulgaria, Cuba, Finland, Denmark, Greece, Portugal, Morocco, Egypt, Poland, Japan.
Which one has the capital city whose name comes first alphabetically? Answer with just the country name.",3788035837
facts_parallel,default,12,immediate,47,Thailand,Austria,0,-1,0,0,stop,4,0,qwen3.6-27b,Answer: Austria,78f1a5c1-1788557231,"Consider these 12 countries: Austria, China, Russia, Denmark, Ireland, Poland, Israel, Indonesia, Morocco, Portugal, Peru, Thailand.
Which one has the capital city whose name comes first alphabetically? Answer with just the country name.",2530207339
facts_parallel,default,12,immediate,48,Greece,Bulgaria,0,-1,0,0,stop,4,0,qwen3.6-27b,Answer: Bulgaria,78f1a5c1-1788557231,"Consider these 12 countries: Bulgaria, Ireland, Sweden, Greece, Czechia, Japan, Morocco, Denmark, Germany, Egypt, Peru, Poland.
Which one has the capital city whose name comes first alphabetically? Answer with just the country name.",108067834
facts_parallel,default,12,immediate,49,Greece,Austria,0,-1,0,0,stop,4,0,qwen3.6-27b,Answer: Austria,78f1a5c1-1788557231,"Consider these 12 countries: Austria, Poland, Sweden, Norway, Thailand, Ireland, Bulgaria, Greece, Hungary, Finland, Israel, Cuba.
Which one has the capital city whose name comes first alphabetically? Answer with just the country name.",1903676268
facts_parallel,default,12,immediate,50,Thailand,Cuba,0,-1,0,0,stop,4,0,qwen3.6-27b,Answer: Cuba,78f1a5c1-1788557231,"Consider these 12 countries: Norway, Thailand, Finland, Russia, Indonesia, Ireland, Cuba, Denmark, Israel, Hungary, Germany, Peru.
Which one has the capital city whose name comes first alphabetically? Answer with just the country name.",296764041
facts_parallel,default,12,immediate,51,Thailand,Austria,0,-1,0,0,stop,4,0,qwen3.6-27b,Answer: Austria,78f1a5c1-1788557231,"Consider these 12 countries: Denmark, Cuba, Thailand, Indonesia, Russia, Poland, Egypt, Ireland, Sweden, Morocco, Austria, Czechia.
Which one has the capital city whose name comes first alphabetically? Answer with just the country name.",1723298335
facts_parallel,default,12,immediate,52,Germany,Austria,0,-1,0,0,stop,4,0,qwen3.6-27b,Answer: Austria,78f1a5c1-1788557231,"Consider these 12 countries: Denmark, Czechia, Indonesia, Austria, Israel, Bulgaria, Germany, Russia, Peru, Ireland, Poland, Finland.
Which one has the capital city whose name comes first alphabetically? Answer with just the country name.",4290651045
facts_parallel,default,12,immediate,53,China,Egypt,0,-1,0,0,stop,4,0,qwen3.6-27b,Answer: Egypt,78f1a5c1-1788557231,"Consider these 12 countries: Ireland, China, Japan, Egypt, Portugal, Indonesia, Finland, Germany, Czechia, Kenya, Poland, Cuba.
Which one has the capital city whose name comes first alphabetically? Answer with just the country name.",2293830451
facts_parallel,default,12,immediate,54,Hungary,Denmark,0,-1,0,0,stop,4,0,qwen3.6-27b,Answer: Denmark,78f1a5c1-1788557231,"Consider these 12 countries: Denmark, Sweden, Peru, Indonesia, Japan, Portugal, Israel, Norway, Hungary, Russia, Egypt, Ireland.
Which one has the capital city whose name comes first alphabetically? Answer with just the country name.",383616656
facts_parallel,default,12,immediate,55,Denmark,Cuba,0,-1,0,0,stop,4,0,qwen3.6-27b,Answer: Cuba,78f1a5c1-1788557231,"Consider these 12 countries: Cuba, Finland, Morocco, Japan, Kenya, Indonesia, Bulgaria, Israel, Russia, Peru, Portugal, Denmark.
Which one has the capital city whose name comes first alphabetically? Answer with just the country name.",1641723398
facts_parallel,default,12,immediate,56,Hungary,Cuba,0,-1,0,0,stop,3,0,qwen3.6-27b,Answer: Cuba,78f1a5c1-1788557231,"Consider these 12 countries: Russia, Czechia, Hungary, Bulgaria, Poland, Indonesia, Norway, Cuba, Japan, Kenya, Ireland, Israel.
Which one has the capital city whose name comes first alphabetically? Answer with just the country name.",4174636988
facts_parallel,default,12,immediate,57,Greece,Austria,0,-1,0,0,stop,4,0,qwen3.6-27b,Answer: Austria,78f1a5c1-1788557231,"Consider these 12 countries: China, Austria, Sweden, Bulgaria, Egypt, Greece, Czechia, Norway, Morocco, Ireland, Thailand, Israel.
Which one has the capital city whose name comes first alphabetically? Answer with just the country name.",2413090602
facts_parallel,default,12,immediate,58,Greece,Austria,0,-1,0,0,stop,4,0,qwen3.6-27b,Answer: Austria,78f1a5c1-1788557231,"Consider these 12 countries: Cuba, Czechia, China, Greece, Finland, Egypt, Hungary, Sweden, Poland, Austria, Morocco, Ireland.
Which one has the capital city whose name comes first alphabetically? Answer with just the country name.",527157947
facts_parallel,default,12,immediate,59,Thailand,Kenya,0,-1,0,0,stop,4,0,qwen3.6-27b,Answer: Kenya,78f1a5c1-1788557231,"Consider these 12 countries: Kenya, Germany, Japan, Poland, Hungary, Denmark, Thailand, Peru, China, Finland, Russia, Bulgaria.
Which one has the capital city whose name comes first alphabetically? Answer with just the country name.",1751972397
facts_parallel,default,12,immediate,60,Germany,Kenya,0,-1,0,0,stop,4,0,qwen3.6-27b,Answer: Kenya,78f1a5c1-1788557231,"Consider these 12 countries: Poland, Hungary, Israel, Germany, Norway, Finland, Kenya, Ireland, Japan, Indonesia, Czechia, Portugal.
Which one has the capital city whose name comes first alphabetically? Answer with just the country name.",983372106
facts_parallel,default,12,immediate,61,Greece,Egypt,0,-1,0,0,stop,4,0,qwen3.6-27b,Answer: Egypt,78f1a5c1-1788557231,"Consider these 12 countries: China, Morocco, Sweden, Thailand, Peru, Finland, Israel, Portugal, Egypt, Denmark, Greece, Czechia.
Which one has the capital city whose name comes first alphabetically? Answer with just the country name.",1301946844
facts_parallel,default,12,immediate,62,Thailand,Austria,0,-1,0,0,stop,4,0,qwen3.6-27b,Answer: Austria,78f1a5c1-1788557231,"Consider these 12 countries: Austria, Thailand, Kenya, Germany, China, Russia, Portugal, Egypt, Morocco, Czechia, Bulgaria, Poland.
Which one has the capital city whose name comes first alphabetically? Answer with just the country name.",3566432358
facts_parallel,default,12,immediate,63,Greece,Austria,0,-1,0,0,stop,4,0,qwen3.6-27b,Answer: Austria,78f1a5c1-1788557231,"Consider these 12 countries: Morocco, Portugal, Poland, Kenya, Germany, Austria, Sweden, Czechia, Norway, Greece, Hungary, Egypt.
Which one has the capital city whose name comes first alphabetically? Answer with just the country name.",2744402160
facts_parallel,default,12,immediate,64,Greece,Egypt,0,-1,0,0,stop,3,0,qwen3.6-27b,Answer: Egypt,78f1a5c1-1788557231,"Consider these 12 countries: Finland, Cuba, Denmark, Kenya, China, Morocco, Indonesia, Egypt, Germany, Czechia, Portugal, Greece.
Which one has the capital city whose name comes first alphabetically? Answer with just the country name.",1039193427
facts_parallel,default,12,immediate,65,Greece,Austria,0,-1,0,0,stop,3,0,qwen3.6-27b,Answer: Austria,78f1a5c1-1788557231,"Consider these 12 countries: Czechia, Morocco, Greece, Portugal, China, Denmark, Israel, Poland, Austria, Japan, Sweden, Bulgaria.
Which one has the capital city whose name comes first alphabetically? Answer with just the country name.",1257760197
facts_parallel,default,12,immediate,66,Thailand,Egypt,0,-1,0,0,stop,4,0,qwen3.6-27b,Answer: Egypt,78f1a5c1-1788557231,"Consider these 12 countries: Indonesia, Germany, Egypt, Japan, Israel, Portugal, China, Thailand, Ireland, Sweden, Denmark, Hungary.
Which one has the capital city whose name comes first alphabetically? Answer with just the country name.",3556684927
facts_parallel,default,12,immediate,67,Thailand,Egypt,0,-1,0,0,stop,4,0,qwen3.6-27b,Answer: Egypt,78f1a5c1-1788557231,"Consider these 12 countries: Egypt, Denmark, Indonesia, Bulgaria, Cuba, Poland, Thailand, Israel, Germany, Japan, Portugal, Peru.
Which one has the capital city whose name comes first alphabetically? Answer with just the country name.",2767815913
facts_parallel,default,12,immediate,68,China,China,1,-1,0,0,stop,4,0,qwen3.6-27b,Answer: China,78f1a5c1-1788557231,"Consider these 12 countries: China, Peru, Denmark, Norway, Morocco, Hungary, Kenya, Sweden, Portugal, Indonesia, Russia, Japan.
Which one has the capital city whose name comes first alphabetically? Answer with just the country name.",877042040
facts_parallel,default,12,immediate,69,Greece,China,0,-1,0,0,stop,4,0,qwen3.6-27b,Answer: China,78f1a5c1-1788557231,"Consider these 12 countries: China, Hungary, Peru, Germany, Ireland, Russia, Japan, Denmark, Portugal, Czechia, Greece, Norway.
Which one has the capital city whose name comes first alphabetically? Answer with just the country name.",1128376814
facts_parallel,default,12,immediate,70,Greece,Austria,0,-1,0,0,stop,4,0,qwen3.6-27b,Answer: Austria,78f1a5c1-1788557231,"Consider these 12 countries: Morocco, Greece, Denmark, Ireland, Bulgaria, Sweden, Israel, Hungary, Austria, Portugal, Germany, Finland.
Which one has the capital city whose name comes first alphabetically? Answer with just the country name.",595992587
facts_parallel,default,12,immediate,71,Greece,Austria,0,-1,0,0,stop,3,0,qwen3.6-27b,Answer: Austria,78f1a5c1-1788557231,"Consider these 12 countries: Egypt, Greece, Thailand, Poland, Japan, Denmark, Czechia, Kenya, Cuba, Sweden, Norway, Austria.
Which one has the capital city whose name comes first alphabetically? Answer with just the country name.",1417744541
facts_parallel,default,12,immediate,72,Thailand,Kenya,0,-1,0,0,stop,4,0,qwen3.6-27b,Answer: Kenya,78f1a5c1-1788557231,"Consider these 12 countries: Hungary, Thailand, Kenya, Morocco, Czechia, Japan, Poland, Peru, Cuba, Sweden, Denmark, Bulgaria.
Which one has the capital city whose name comes first alphabetically? Answer with just the country name.",3448258855
facts_parallel,default,12,immediate,73,China,Austria,0,-1,0,0,stop,4,0,qwen3.6-27b,Answer: Austria,78f1a5c1-1788557231,"Consider these 12 countries: Czechia, Finland, Norway, Poland, Hungary, Russia, Sweden, Kenya, Ireland, Austria, China, Egypt.
Which one has the capital city whose name comes first alphabetically? Answer with just the country name.",3129962929
facts_parallel,default,12,immediate,74,China,China,1,-1,0,0,stop,3,0,qwen3.6-27b,Answer: China,78f1a5c1-1788557231,"Consider these 12 countries: Poland, Russia, Ireland, Germany, Sweden, Egypt, Israel, Czechia, Peru, Japan, China, Norway.
Which one has the capital city whose name comes first alphabetically? Answer with just the country name.",619439122
facts_parallel,default,12,immediate,75,Thailand,Austria,0,-1,0,0,stop,4,0,qwen3.6-27b,Answer: Austria,78f1a5c1-1788557231,"Consider these 12 countries: Austria, Ireland, Indonesia, Germany, Denmark, Japan, Israel, China, Peru, Egypt, Thailand, Kenya.
Which one has the capital city whose name comes first alphabetically? Answer with just the country name.",1408029828
facts_parallel,default,12,immediate,76,Greece,Indonesia,0,-1,0,0,stop,4,0,qwen3.6-27b,Answer: Indonesia,78f1a5c1-1788557231,"Consider these 12 countries: Hungary, Germany, Russia, Austria, Japan, Sweden, Greece, Thailand, Denmark, Morocco, Cuba, Indonesia.
Which one has the capital city whose name comes first alphabetically? Answer with just the country name.",3404039486
facts_parallel,default,12,immediate,77,Greece,Austria,0,-1,0,0,stop,4,0,qwen3.6-27b,Answer: Austria,78f1a5c1-1788557231,"Consider these 12 countries: Japan, Greece, Russia, Indonesia, Finland, Germany, Thailand, Israel, Morocco, Czechia, Austria, Kenya.
Which one has the capital city whose name comes first alphabetically? Answer with just the country name.",3185751464
facts_parallel,default,12,immediate,78,Germany,Austria,0,-1,0,0,stop,4,0,qwen3.6-27b,Answer: Austria,78f1a5c1-1788557231,"Consider these 12 countries: Finland, Poland, Norway, Austria, Denmark, Morocco, Germany, Sweden, Peru, Portugal, Israel, Hungary.
Which one has the capital city whose name comes first alphabetically? Answer with just the country name.",761112633
facts_parallel,default,12,immediate,79,Greece,Egypt,0,-1,0,0,stop,4,0,qwen3.6-27b,Answer: Egypt,78f1a5c1-1788557231,"Consider these 12 countries: Sweden, Hungary, Germany, Egypt, Russia, Greece, Poland, Czechia, Peru, Norway, Indonesia, Bulgaria.
Which one has the capital city whose name comes first alphabetically? Answer with just the country name.",1515886767
facts_parallel,default,12,immediate,80,Greece,Austria,0,-1,0,0,stop,4,0,qwen3.6-27b,Answer: Austria,78f1a5c1-1788557231,"Consider these 12 countries: Greece, Portugal, Sweden, Thailand, Austria, China, Czechia, Israel, Germany, Ireland, Norway, Bulgaria.
Which one has the capital city whose name comes first alphabetically? Answer with just the country name.",2753445060
facts_parallel,default,12,immediate,81,Thailand,Egypt,0,-1,0,0,stop,4,0,qwen3.6-27b,Answer: Egypt,78f1a5c1-1788557231,"Consider these 12 countries: Norway, Austria, Indonesia, Japan, China, Sweden, Egypt, Finland, Peru, Thailand, Kenya, Poland.
Which one has the capital city whose name comes first alphabetically? Answer with just the country name.",3541634130
facts_parallel,default,12,immediate,82,Germany,Egypt,0,-1,0,0,stop,3,0,qwen3.6-27b,Answer: Egypt,78f1a5c1-1788557231,"Consider these 12 countries: Poland, Kenya, Cuba, Japan, Israel, Portugal, Egypt, Bulgaria, Germany, Peru, Czechia, Denmark.
Which one has the capital city whose name comes first alphabetically? Answer with just the country name.",1242586600
facts_parallel,default,12,immediate,83,Greece,China,0,-1,0,0,stop,4,0,qwen3.6-27b,Answer: China,78f1a5c1-1788557231,"Consider these 12 countries: Japan, Kenya, Portugal, Greece, Poland, Cuba, China, Russia, Egypt, Czechia, Peru, Morocco.
Which one has the capital city whose name comes first alphabetically? Answer with just the country name.",1024945534
facts_parallel,default,12,immediate,84,China,China,1,-1,0,0,stop,4,0,qwen3.6-27b,Answer: China,78f1a5c1-1788557231,"Consider these 12 countries: Israel, Finland, Ireland, Germany, Egypt, Japan, Indonesia, Russia, Cuba, China, Norway, Portugal.
Which one has the capital city whose name comes first alphabetically? Answer with just the country name.",2742286557
facts_parallel,default,12,immediate,85,Greece,Austria,0,-1,0,0,stop,4,0,qwen3.6-27b,Answer: Austria,78f1a5c1-1788557231,"Consider these 12 countries: Thailand, Israel, Russia, Austria, Greece, Japan, Poland, Norway, Egypt, Kenya, Bulgaria, Czechia.
Which one has the capital city whose name comes first alphabetically? Answer with just the country name.",3564423243
facts_parallel,default,12,immediate,86,Greece,Israel,0,-1,0,0,stop,4,0,qwen3.6-27b,Answer: Israel,78f1a5c1-1788557231,"Consider these 12 countries: Czechia, Sweden, Japan, Israel, Hungary, Germany, Portugal, Norway, Ireland, Bulgaria, Kenya, Greece.
Which one has the capital city whose name comes first alphabetically? Answer with just the country name.",1300077041
facts_parallel,default,12,immediate,87,Greece,Denmark,0,-1,0,0,stop,4,0,qwen3.6-27b,Answer: Denmark,78f1a5c1-1788557231,"Consider these 12 countries: Russia, Israel, Denmark, Thailand, Morocco, Greece, Czechia, China, Hungary, Bulgaria, Indonesia, Finland.
Which one has the capital city whose name comes first alphabetically? Answer with just the country name.",981117287
facts_parallel,default,12,immediate,88,Thailand,Thailand,1,-1,0,0,stop,4,0,qwen3.6-27b,Answer: Thailand,78f1a5c1-1788557231,"Consider these 12 countries: Kenya, Russia, Czechia, Austria, Finland, Morocco, Poland, Indonesia, Norway, Peru, Germany, Thailand.
Which one has the capital city whose name comes first alphabetically? Answer with just the country name.",2865083638
facts_parallel,default,12,immediate,89,Greece,Egypt,0,-1,0,0,stop,4,0,qwen3.6-27b,Answer: Egypt,78f1a5c1-1788557231,"Consider these 12 countries: Hungary, Japan, Germany, Norway, China, Thailand, Kenya, Ireland, Indonesia, Greece, Cuba, Egypt.
Which one has the capital city whose name comes first alphabetically? Answer with just the country name.",3720512608
facts_parallel,default,12,immediate,90,Thailand,Austria,0,-1,0,0,stop,4,0,qwen3.6-27b,Answer: Austria,78f1a5c1-1788557231,"Consider these 12 countries: Portugal, Austria, Indonesia, Norway, Morocco, Kenya, Poland, Thailand, Japan, Finland, Hungary, Israel.
Which one has the capital city whose name comes first alphabetically? Answer with just the country name.",3171224965
facts_parallel,default,12,immediate,91,Thailand,Egypt,0,-1,0,0,stop,4,0,qwen3.6-27b,Answer: Egypt,78f1a5c1-1788557231,"Consider these 12 countries: Norway, Finland, Israel, Indonesia, Poland, Japan, Egypt, Portugal, Hungary, Kenya, Thailand, Bulgaria.
Which one has the capital city whose name comes first alphabetically? Answer with just the country name.",3389144339
facts_parallel,default,12,immediate,92,Greece,Germany,0,-1,0,0,stop,4,0,qwen3.6-27b,Answer: Germany,78f1a5c1-1788557231,"Consider these 12 countries: Indonesia, Germany, Norway, Poland, Bulgaria, Portugal, Czechia, Israel, Hungary, Greece, Sweden, Denmark.
Which one has the capital city whose name comes first alphabetically? Answer with just the country name.",1393257641
facts_parallel,default,12,immediate,93,Thailand,China,0,-1,0,0,stop,4,0,qwen3.6-27b,Answer: China,78f1a5c1-1788557231,"Consider these 12 countries: Poland, Kenya, Ireland, Norway, Indonesia, Cuba, Egypt, Austria, Thailand, Hungary, Peru, China.
Which one has the capital city whose name comes first alphabetically? Answer with just the country name.",604789823
facts_parallel,default,12,immediate,94,China,Egypt,0,-1,0,0,stop,4,0,qwen3.6-27b,Answer: Egypt,78f1a5c1-1788557231,"Consider these 12 countries: Bulgaria, China, Poland, Norway, Japan, Egypt, Indonesia, Peru, Cuba, Kenya, Sweden, Israel.
Which one has the capital city whose name comes first alphabetically? Answer with just the country name.",3127429532
facts_parallel,default,12,immediate,95,China,Austria,0,-1,0,0,stop,4,0,qwen3.6-27b,Answer: Austria,78f1a5c1-1788557231,"Consider these 12 countries: Indonesia, Austria, Cuba, China, Kenya, Israel, Norway, Poland, Czechia, Bulgaria, Hungary, Egypt.
Which one has the capital city whose name comes first alphabetically? Answer with just the country name.",3446667530
facts_parallel,default,12,immediate,96,Greece,Thailand,0,-1,0,0,stop,4,0,qwen3.6-27b,Answer: Thailand,78f1a5c1-1788557231,"Consider these 12 countries: Thailand, Portugal, Finland, Ireland, Russia, Bulgaria, Denmark, Greece, Japan, Sweden, China, Poland.
Which one has the capital city whose name comes first alphabetically? Answer with just the country name.",1416014000
facts_parallel,default,12,immediate,97,Greece,Austria,0,-1,0,0,stop,4,0,qwen3.6-27b,Answer: Austria,78f1a5c1-1788557231,"Consider these 12 countries: Greece, Indonesia, Morocco, Austria, Sweden, Finland, Bulgaria, Russia, Japan, Portugal, Poland, Denmark.
Which one has the capital city whose name comes first alphabetically? Answer with just the country name.",593598502
facts_parallel,default,12,immediate,98,Thailand,Austria,0,-1,0,0,stop,4,0,qwen3.6-27b,Answer: Austria,78f1a5c1-1788557231,"Consider these 12 countries: Russia, Indonesia, Japan, Ireland, Germany, Norway, Israel, Austria, Portugal, Thailand, Kenya, Cuba.
Which one has the capital city whose name comes first alphabetically? Answer with just the country name.",3017704887
facts_parallel,default,12,immediate,99,Greece,Kenya,0,-1,0,0,stop,4,0,qwen3.6-27b,Answer: Kenya,78f1a5c1-1788557231,"Consider these 12 countries: Kenya, Peru, Ireland, China, Poland, Greece, Czechia, Russia, Norway, Indonesia, Thailand, Denmark.
Which one has the capital city whose name comes first alphabetically? Answer with just the country name.",3302602017
facts_parallel,default,12,immediate,100,Greece,Greece,1,-1,0,0,stop,4,0,qwen3.6-27b,Answer: Greece,78f1a5c1-1788557231,"Consider these 12 countries: Kenya, Hungary, Israel, Austria, Germany, Japan, Thailand, Peru, Greece, Czechia, Indonesia, China.
Which one has the capital city whose name comes first alphabetically? Answer with just the country name.",1739062331
facts_parallel,default,12,immediate,101,Greece,Austria,0,-1,0,0,stop,4,0,qwen3.6-27b,Answer: Austria,78f1a5c1-1788557231,"Consider these 12 countries: Cuba, Ireland, Japan, Sweden, Greece, Austria, Hungary, Norway, Germany, Morocco, Peru, Finland.
Which one has the capital city whose name comes first alphabetically? Answer with just the country name.",278973613
facts_parallel,default,12,immediate,102,Hungary,Austria,0,-1,0,0,stop,4,0,qwen3.6-27b,Answer: Austria,78f1a5c1-1788557231,"Consider these 12 countries: Sweden, Russia, Portugal, Austria, Israel, Kenya, Egypt, Cuba, Hungary, Denmark, Bulgaria, Indonesia.
Which one has the capital city whose name comes first alphabetically? Answer with just the country name.",2309594391
facts_parallel,default,12,immediate,103,Greece,Denmark,0,-1,0,0,stop,3,0,qwen3.6-27b,Answer: Denmark,78f1a5c1-1788557231,"Consider these 12 countries: Denmark, Greece, Czechia, Morocco, Sweden, China, Indonesia, Norway, Hungary, Germany, Bulgaria, Egypt.
Which one has the capital city whose name comes first alphabetically? Answer with just the country name.",4272860545
facts_parallel,default,12,immediate,104,Greece,Kenya,0,-1,0,0,stop,4,0,qwen3.6-27b,Answer: Kenya,78f1a5c1-1788557231,"Consider these 12 countries: Ireland, Kenya, Morocco, Hungary, Portugal, Thailand, Japan, Greece, Bulgaria, Sweden, Czechia, Germany.
Which one has the capital city whose name comes first alphabetically? Answer with just the country name.",1623865378
facts_parallel,default,12,immediate,105,Greece,Cuba,0,-1,0,0,stop,4,0,qwen3.6-27b,Answer: Cuba,78f1a5c1-1788557231,"Consider these 12 countries: Finland, Ireland, Germany, Cuba, Hungary, Morocco, Greece, Bulgaria, Poland, Egypt, Czechia, Peru.
Which one has the capital city whose name comes first alphabetically? Answer with just the country name.",399313076
facts_parallel,default,12,immediate,106,Greece,Austria,0,-1,0,0,stop,4,0,qwen3.6-27b,Answer: Austria,78f1a5c1-1788557231,"Consider these 12 countries: Ireland, Japan, China, Greece, Norway, Portugal, Peru, Hungary, Thailand, Austria, Germany, Czechia.
Which one has the capital city whose name comes first alphabetically? Answer with just the country name.",2395232526
facts_parallel,default,12,immediate,107,Thailand,Cuba,0,-1,0,0,stop,4,0,qwen3.6-27b,Answer: Cuba,78f1a5c1-1788557231,"Consider these 12 countries: Cuba, Poland, Morocco, Japan, Portugal, Germany, Indonesia, Czechia, China, Finland, Thailand, Norway.
Which one has the capital city whose name comes first alphabetically? Answer with just the country name.",4190333336
facts_parallel,default,12,immediate,108,Thailand,Cuba,0,-1,0,0,stop,4,0,qwen3.6-27b,Answer: Cuba,78f1a5c1-1788557231,"Consider these 12 countries: Cuba, Ireland, Finland, Indonesia, Peru, Czechia, Austria, Denmark, Kenya, Germany, Thailand, Japan.
Which one has the capital city whose name comes first alphabetically? Answer with just the country name.",1769763849
facts_parallel,default,12,immediate,109,Greece,Denmark,0,-1,0,0,stop,4,0,qwen3.6-27b,Answer: Denmark,78f1a5c1-1788557231,"Consider these 12 countries: Denmark, Morocco, Ireland, Kenya, Cuba, Peru, Russia, Poland, Indonesia, Greece, Egypt, Japan.
Which one has the capital city whose name comes first alphabetically? Answer with just the country name.",511394975
facts_parallel,default,12,immediate,110,Hungary,Austria,0,-1,0,0,stop,4,0,qwen3.6-27b,Answer: Austria,78f1a5c1-1788557231,"Consider these 12 countries: Ireland, Czechia, Sweden, Hungary, Bulgaria, Finland, Japan, Morocco, Austria, Norway, Israel, Poland.
Which one has the capital city whose name comes first alphabetically? Answer with just the country name.",2126302586
facts_parallel,default,12,immediate,111,Greece,Austria,0,-1,0,0,stop,4,0,qwen3.6-27b,Answer: Austria,78f1a5c1-1788557231,"Consider these 12 countries: Austria, Czechia, Kenya, Peru, Bulgaria, Morocco, Poland, Indonesia, Cuba, Greece, Israel, Sweden.
Which one has the capital city whose name comes first alphabetically? Answer with just the country name.",163315180
facts_parallel,default,12,immediate,112,Germany,Denmark,0,-1,0,0,stop,4,0,qwen3.6-27b,Answer: Denmark,78f1a5c1-1788557231,"Consider these 12 countries: Czechia, Israel, Russia, Denmark, Egypt, Poland, Morocco, Japan, Ireland, Norway, Peru, Germany.
Which one has the capital city whose name comes first alphabetically? Answer with just the country name.",2427628630
facts_parallel,default,12,immediate,113,Denmark,Austria,0,-1,0,0,stop,4,0,qwen3.6-27b,Answer: Austria,78f1a5c1-1788557231,"Consider these 12 countries: Ireland, Indonesia, Portugal, Denmark, Russia, Cuba, Peru, Finland, Austria, Kenya, Bulgaria, Sweden.
Which one has the capital city whose name comes first alphabetically? Answer with just the country name.",3887439040
facts_parallel,default,12,immediate,114,Thailand,Austria,0,-1,0,0,stop,4,0,qwen3.6-27b,Answer: Austria,78f1a5c1-1788557231,"Consider these 12 countries: Hungary, Morocco, Norway, Russia, Denmark, Japan, Egypt, Austria, Peru, Poland, Thailand, Israel.
Which one has the capital city whose name comes first alphabetically? Answer with just the country name.",2043742563
facts_parallel,default,12,immediate,115,Thailand,Egypt,0,-1,0,0,stop,4,0,qwen3.6-27b,Answer: Egypt,78f1a5c1-1788557231,"Consider these 12 countries: Israel, Czechia, Poland, Thailand, Cuba, Egypt, Indonesia, Finland, Sweden, China, Denmark, Portugal.
Which one has the capital city whose name comes first alphabetically? Answer with just the country name.",248920565
facts_parallel,default,12,immediate,116,Greece,Denmark,0,-1,0,0,stop,4,0,qwen3.6-27b,Answer: Denmark,78f1a5c1-1788557231,"Consider these 12 countries: Germany, Greece, Morocco, Hungary, Thailand, Kenya, Sweden, Denmark, Ireland, Peru, Finland, Portugal.
Which one has the capital city whose name comes first alphabetically? Answer with just the country name.",2548000847
facts_parallel,default,12,immediate,117,Greece,Austria,0,-1,0,0,stop,4,0,qwen3.6-27b,Answer: Austria,78f1a5c1-1788557231,"Consider these 12 countries: Ireland, Czechia, Egypt, Hungary, Kenya, Sweden, Norway, Russia, Cuba, Greece, Austria, Thailand.
Which one has the capital city whose name comes first alphabetically? Answer with just the country name.",3772274905
facts_parallel,default,12,immediate,118,Greece,China,0,-1,0,0,stop,4,0,qwen3.6-27b,Answer: China,78f1a5c1-1788557231,"Consider these 12 countries: Greece, Egypt, Morocco, Indonesia, Japan, Ireland, Portugal, Bulgaria, Finland, Denmark, Poland, China.
Which one has the capital city whose name comes first alphabetically? Answer with just the country name.",1885816136
facts_parallel,default,12,immediate,119,Greece,Austria,0,-1,0,0,stop,4,0,qwen3.6-27b,Answer: Austria,78f1a5c1-1788557231,"Consider these 12 countries: Israel, Hungary, Austria, Egypt, Finland, Greece, Indonesia, Poland, Japan, Kenya, Portugal, Ireland.
Which one has the capital city whose name comes first alphabetically? Answer with just the country name.",123762142
facts_parallel,default,16,immediate,0,Thailand,Egypt,0,-1,0,0,stop,4,0,qwen3.6-27b,Answer: Egypt,78f1a5c1-1788557231,"Consider these 16 countries: Ireland, Japan, Egypt, Cuba, Peru, Denmark, Finland, Poland, Portugal, Morocco, Israel, China, Thailand, Russia, Kenya, Sweden.
Which one has the capital city whose name comes first alphabetically? Answer with just the country name.",3376478622
facts_parallel,default,16,immediate,1,Greece,Austria,0,-1,0,0,stop,4,0,qwen3.6-27b,Answer: Austria,78f1a5c1-1788557231,"Consider these 16 countries: Thailand, Austria, Japan, Portugal, Peru, Sweden, Germany, Cuba, Egypt, Ireland, Norway, Hungary, Russia, Greece, Kenya, Poland.
Which one has the capital city whose name comes first alphabetically? Answer with just the country name.",3192375560
facts_parallel,default,16,immediate,2,Greece,Greece,1,-1,0,0,stop,3,0,qwen3.6-27b,Answer: Greece,78f1a5c1-1788557231,"Consider these 16 countries: Cuba, Israel, Indonesia, Hungary, Japan, Egypt, Portugal, Ireland, Russia, Poland, Sweden, Peru, China, Greece, Thailand, Morocco.
Which one has the capital city whose name comes first alphabetically? Answer with just the country name.",659462322
facts_parallel,default,16,immediate,3,Greece,Greece,1,-1,0,0,stop,3,0,qwen3.6-27b,Answer: Greece,78f1a5c1-1788557231,"Consider these 16 countries: Poland, Kenya, Thailand, Russia, Indonesia, Egypt, Germany, Austria, Norway, Cuba, China, Greece, Sweden, Japan, Finland, Czechia.
Which one has the capital city whose name comes first alphabetically? Answer with just the country name.",1347004452
facts_parallel,default,16,immediate,4,Greece,Austria,0,-1,0,0,stop,4,0,qwen3.6-27b,Answer: Austria,78f1a5c1-1788557231,"Consider these 16 countries: Sweden, Egypt, Greece, Cuba, Kenya, Ireland, Denmark, Japan, Finland, Austria, Portugal, Czechia, Poland, Israel, Thailand, Morocco.
Which one has the capital city whose name comes first alphabetically? Answer with just the country name.",3459071367
facts_parallel,default,16,immediate,5,Greece,Austria,0,-1,0,0,stop,3,0,qwen3.6-27b,Answer: Austria,78f1a5c1-1788557231,"Consider these 16 countries: Thailand, Norway, Bulgaria, Ireland, Cuba, Portugal, Indonesia, Denmark, Sweden, Peru, Finland, Germany, Greece, Hungary, Austria, Israel.
Which one has the capital city whose name comes first alphabetically? Answer with just the country name.",3106540817
facts_parallel,default,16,immediate,6,Thailand,Hungary,0,-1,0,0,stop,4,0,qwen3.6-27b,Answer: Hungary,78f1a5c1-1788557231,"Consider these 16 countries: Egypt, Norway, Portugal, Israel, Morocco, Hungary, Bulgaria, Czechia, Cuba, Germany, Finland, Denmark, Thailand, Poland, Peru, Kenya.
Which one has the capital city whose name comes first alphabetically? Answer with just the country name.",539188395
facts_parallel,default,16,immediate,7,Greece,Greece,1,-1,0,0,stop,4,0,qwen3.6-27b,Answer: Greece,78f1a5c1-1788557231,"Consider these 16 countries: Cuba, Czechia, Hungary, Greece, Japan, China, Germany, Russia, Denmark, Indonesia, Morocco, Thailand, Portugal, Sweden, Bulgaria, Israel.
Which one has the capital city whose name comes first alphabetically? Answer with just the country name.",1462004797
facts_parallel,default,16,immediate,8,Thailand,Austria,0,-1,0,0,stop,4,0,qwen3.6-27b,Answer: Austria,78f1a5c1-1788557231,"Consider these 16 countries: Egypt, Denmark, Hungary, Japan, Israel, Austria, Portugal, Sweden, Thailand, Kenya, Cuba, Norway, Finland, China, Czechia, Poland.
Which one has the capital city whose name comes first alphabetically? Answer with just the country name.",3348853164
facts_parallel,default,16,immediate,9,Greece,Greece,1,-1,0,0,stop,4,0,qwen3.6-27b,Answer: Greece,78f1a5c1-1788557231,"Consider these 16 countries: Greece, Israel, Norway, Japan, Bulgaria, Finland, Czechia, Thailand, Indonesia, Ireland, Russia, China, Cuba, Portugal, Denmark, Hungary.
Which one has the capital city whose name comes first alphabetically? Answer with just the country name.",2963030330
facts_parallel,default,16,immediate,10,China,Austria,0,-1,0,0,stop,4,0,qwen3.6-27b,Answer: Austria,78f1a5c1-1788557231,"Consider these 16 countries: Morocco, Indonesia, Denmark, Cuba, Kenya, Israel, Egypt, Portugal, Japan, Finland, Norway, Bulgaria, China, Sweden, Russia, Austria.
Which one has the capital city whose name comes first alphabetically? Answer with just the country name.",4206760154
facts_parallel,default,16,immediate,11,Greece,Greece,1,-1,0,0,stop,4,0,qwen3.6-27b,Answer: Greece,78f1a5c1-1788557231,"Consider these 16 countries: China, Austria, Ireland, Czechia, Poland, Morocco, Denmark, Russia, Greece, Thailand, Bulgaria, Norway, Germany, Japan, Cuba, Kenya.
Which one has the capital city whose name comes first alphabetically? Answer with just the country name.",2377719884
facts_parallel,default,16,immediate,12,Greece,Portugal,0,-1,0,0,stop,4,0,qwen3.6-27b,Answer: Portugal,78f1a5c1-1788557231,"Consider these 16 countries: Portugal, Norway, Germany, Czechia, Israel, Ireland, Greece, Thailand, Indonesia, Russia, Cuba, Hungary, Finland, Egypt, Peru, Japan.
Which one has the capital city whose name comes first alphabetically? Answer with just the country name.",347107830
facts_parallel,default,16,immediate,13,Greece,Austria,0,-1,0,0,stop,4,0,qwen3.6-27b,Answer: Austria,78f1a5c1-1788557231,"Consider these 16 countries: Peru, Czechia, Poland, Sweden, Egypt, Israel, Greece, Finland, Hungary, Morocco, Bulgaria, China, Denmark, Austria, Cuba, Indonesia.
Which one has the capital city whose name comes first alphabetically? Answer with just the country name.",1672954208
facts_parallel,default,16,immediate,14,Greece,Greece,1,-1,0,0,stop,4,0,qwen3.6-27b,Answer: Greece,78f1a5c1-1788557231,"Consider these 16 countries: Israel, Thailand, Morocco, Bulgaria, Poland, Russia, Czechia, Indonesia, Sweden, Greece, Cuba, Denmark, Norway, Germany, Peru, Japan.
Which one has the capital city whose name comes first alphabetically? Answer with just the country name.",4258518211
facts_parallel,default,16,immediate,15,Greece,Greece,1,-1,0,0,stop,4,0,qwen3.6-27b,Answer: Greece,78f1a5c1-1788557231,"Consider these 16 countries: Hungary, Bulgaria, Indonesia, Poland, Japan, Denmark, Morocco, Portugal, Peru, Austria, Thailand, Greece, Ireland, Kenya, Israel, Czechia.
Which one has the capital city whose name comes first alphabetically? Answer with just the country name.",2329207893
facts_parallel,default,16,immediate,16,Greece,Egypt,0,-1,0,0,stop,4,0,qwen3.6-27b,Answer: Egypt,78f1a5c1-1788557231,"Consider these 16 countries: Czechia, Indonesia, Morocco, Thailand, Sweden, Hungary, Japan, Israel, Greece, Germany, Cuba, Portugal, Finland, Egypt, Peru, Poland.
Which one has the capital city whose name comes first alphabetically? Answer with just the country name.",333297135
facts_parallel,default,16,immediate,17,Thailand,Austria,0,-1,0,0,stop,3,0,qwen3.6-27b,Answer: Austria,78f1a5c1-1788557231,"Consider these 16 countries: Thailand, Hungary, Israel, Denmark, Kenya, Austria, Norway, Peru, Russia, Ireland, Czechia, Cuba, Egypt, Morocco, Germany, Portugal.
Which one has the capital city whose name comes first alphabetically? Answer with just the country name.",1692042617
facts_parallel,default,16,immediate,18,Greece,Greece,1,-1,0,0,stop,4,0,qwen3.6-27b,Answer: Greece,78f1a5c1-1788557231,"Consider these 16 countries: Hungary, Thailand, Egypt, Israel, Kenya, Germany, Portugal, Russia, Poland, Peru, Ireland, China, Cuba, Norway, Greece, Indonesia.
Which one has the capital city whose name comes first alphabetically? Answer with just the country name.",4100298984
facts_parallel,default,16,immediate,19,China,Austria,0,-1,0,0,stop,4,0,qwen3.6-27b,Answer: Austria,78f1a5c1-1788557231,"Consider these 16 countries: Denmark, Hungary, Japan, Indonesia, Cuba, Portugal, Ireland, Austria, Sweden, Germany, Bulgaria, Norway, Morocco, Peru, China, Czechia.
Which one has the capital city whose name comes first alphabetically? Answer with just the country name.",2204280958
facts_parallel,default,16,immediate,20,Greece,Egypt,0,-1,0,0,stop,4,0,qwen3.6-27b,Answer: Egypt,78f1a5c1-1788557231,"Consider these 16 countries: Japan, Indonesia, Germany, Poland, Peru, Norway, Portugal, Morocco, Bulgaria, Egypt, Greece, Denmark, Kenya, Cuba, Sweden, China.
Which one has the capital city whose name comes first alphabetically? Answer with just the country name.",3516089113
facts_parallel,default,16,immediate,21,Thailand,China,0,-1,0,0,stop,4,0,qwen3.6-27b,Answer: China,78f1a5c1-1788557231,"Consider these 16 countries: Kenya, Denmark, Hungary, Austria, Czechia, China, Thailand, Bulgaria, Portugal, Indonesia, Japan, Norway, Egypt, Finland, Russia, Israel.
Which one has the capital city whose name comes first alphabetically? Answer with just the country name.",2794746767
facts_parallel,default,16,immediate,22,Greece,Greece,1,-1,0,0,stop,4,0,qwen3.6-27b,Answer: Greece,78f1a5c1-1788557231,"Consider these 16 countries: Thailand, Hungary, Peru, Russia, Greece, Morocco, Germany, Egypt, Czechia, Japan, Ireland, Bulgaria, Finland, Sweden, Cuba, Norway.
Which one has the capital city whose name comes first alphabetically? Answer with just the country name.",1067262517
facts_parallel,default,16,immediate,23,Greece,Greece,1,-1,0,0,stop,4,0,qwen3.6-27b,Answer: Greece,78f1a5c1-1788557231,"Consider these 16 countries: Poland, Ireland, Japan, Israel, China, Austria, Greece, Thailand, Kenya, Indonesia, Hungary, Germany, Bulgaria, Denmark, Morocco, Peru.
Which one has the capital city whose name comes first alphabetically? Answer with just the country name.",1218056867
facts_parallel,default,16,immediate,24,Greece,Austria,0,-1,0,0,stop,4,0,qwen3.6-27b,Answer: Austria,78f1a5c1-1788557231,"Consider these 16 countries: Greece, Sweden, Ireland, Denmark, China, Poland, Israel, Austria, Russia, Indonesia, Morocco, Kenya, Portugal, Germany, Finland, Czechia.
Which one has the capital city whose name comes first alphabetically? Answer with just the country name.",3607004928
facts_parallel,default,16,immediate,25,Thailand,Austria,0,-1,0,0,stop,4,0,qwen3.6-27b,Answer: Austria,78f1a5c1-1788557231,"Consider these 16 countries: Norway, Israel, Denmark, Sweden, Peru, Germany, Japan, Morocco, Austria, Indonesia, Ireland, Egypt, Portugal, Czechia, Kenya, Thailand.
Which one has the capital city whose name comes first alphabetically? Answer with just the country name.",2717497238
facts_parallel,default,16,immediate,26,Greece,Egypt,0,-1,0,0,stop,4,0,qwen3.6-27b,Answer: Egypt,78f1a5c1-1788557231,"Consider these 16 countries: Denmark, Portugal, Norway, Finland, Bulgaria, Cuba, Japan, Greece, Sweden, Czechia, Peru, Russia, Germany, Indonesia, Kenya, Egypt.
Which one has the capital city whose name comes first alphabetically? Answer with just the country name.",955311660
facts_parallel,default,16,immediate,27,Greece,Egypt,0,-1,0,0,stop,4,0,qwen3.6-27b,Answer: Egypt,78f1a5c1-1788557231,"Consider these 16 countries: Sweden, Bulgaria, Egypt, Greece, Japan, Denmark, Norway, Indonesia, Germany, Ireland, Peru, Morocco, Thailand, Portugal, Russia, Israel.
Which one has the capital city whose name comes first alphabetically? Answer with just the country name.",1341642426
facts_parallel,default,16,immediate,28,Thailand,Bulgaria,0,-1,0,0,stop,4,0,qwen3.6-27b,Answer: Bulgaria,78f1a5c1-1788557231,"Consider these 16 countries: Bulgaria, Finland, Thailand, Czechia, Ireland, Morocco, Poland, Hungary, Japan, Norway, Egypt, Sweden, China, Germany, Peru, Cuba.
Which one has the capital city whose name comes first alphabetically? Answer with just the country name.",3746089771
facts_parallel,default,16,immediate,29,China,China,1,-1,0,0,stop,4,0,qwen3.6-27b,Answer: China,78f1a5c1-1788557231,"Consider these 16 countries: Sweden, China, Hungary, Czechia, Russia, Kenya, Finland, Denmark, Cuba, Peru, Portugal, Israel, Morocco, Ireland, Japan, Poland.
Which one has the capital city whose name comes first alphabetically? Answer with just the country name.",2823814077
facts_parallel,default,16,immediate,30,Greece,Austria,0,-1,0,0,stop,4,0,qwen3.6-27b,Answer: Austria,78f1a5c1-1788557231,"Consider these 16 countries: Austria, Bulgaria, Finland, Sweden, Thailand, Israel, Greece, Poland, Hungary, Kenya, Egypt, Ireland, Norway, Peru, Czechia, Cuba.
Which one has the capital city whose name comes first alphabetically? Answer with just the country name.",3364385368
facts_parallel,default,16,immediate,31,Greece,Egypt,0,-1,0,0,stop,4,0,qwen3.6-27b,Answer: Egypt,78f1a5c1-1788557231,"Consider these 16 countries: Norway, Finland, China, Egypt, Russia, Poland, Israel, Indonesia, Hungary, Thailand, Morocco, Germany, Ireland, Czechia, Sweden, Greece.
Which one has the capital city whose name comes first alphabetically? Answer with just the country name.",3213837006
facts_parallel,default,16,immediate,32,Greece,Austria,0,-1,0,0,stop,4,0,qwen3.6-27b,Answer: Austria,78f1a5c1-1788557231,"Consider these 16 countries: Czechia, Cuba, Japan, Poland, China, Norway, Russia, Finland, Hungary, Morocco, Greece, Egypt, Austria, Germany, Portugal, Denmark.
Which one has the capital city whose name comes first alphabetically? Answer with just the country name.",646321012
facts_parallel,default,16,immediate,33,Thailand,Kenya,0,-1,0,0,stop,4,0,qwen3.6-27b,Answer: Kenya,78f1a5c1-1788557231,"Consider these 16 countries: Kenya, Peru, Poland, Israel, Cuba, Sweden, Norway, Germany, Indonesia, Portugal, China, Egypt, Japan, Hungary, Russia, Thailand.
Which one has the capital city whose name comes first alphabetically? Answer with just the country name.",1367417826
facts_parallel,default,16,immediate,34,Greece,Greece,1,-1,0,0,stop,4,0,qwen3.6-27b,Answer: Greece,78f1a5c1-1788557231,"Consider these 16 countries: Peru, Thailand, Czechia, Finland, Germany, Portugal, Morocco, Greece, Israel, Norway, Hungary, Japan, China, Denmark, Egypt, Sweden.
Which one has the capital city whose name comes first alphabetically? Answer with just the country name.",3487938113
facts_parallel,default,16,immediate,35,Greece,Kenya,0,-1,0,0,stop,4,0,qwen3.6-27b,Answer: Kenya,78f1a5c1-1788557231,"Consider these 16 countries: Kenya, Czechia, Cuba, Indonesia, Norway, Sweden, Germany, Finland, Bulgaria, Poland, Thailand, Portugal, Hungary, Denmark, Greece, Japan.
Which one has the capital city whose name comes first alphabetically? Answer with just the country name.",3101853399
facts_parallel,default,16,immediate,36,Greece,Greece,1,-1,0,0,stop,3,0,qwen3.6-27b,Answer: Greece,78f1a5c1-1788557231,"Consider these 16 countries: Kenya, Portugal, Israel, Poland, Cuba, Indonesia, Greece, China, Morocco, Bulgaria, Ireland, Russia, Hungary, Japan, Norway, Thailand.
Which one has the capital city whose name comes first alphabetically? Answer with just the country name.",569104237
facts_parallel,default,16,immediate,37,Greece,Thailand,0,-1,0,0,stop,4,0,qwen3.6-27b,Answer: Thailand,78f1a5c1-1788557231,"Consider these 16 countries: Denmark, Sweden, Peru, Indonesia, Greece, Germany, Ireland, China, Portugal, Finland, Austria, Norway, Israel, Japan, Thailand, Morocco.
Which one has the capital city whose name comes first alphabetically? Answer with just the country name.",1458366459
facts_parallel,default,16,immediate,38,Greece,China,0,-1,0,0,stop,4,0,qwen3.6-27b,Answer: China,78f1a5c1-1788557231,"Consider these 16 countries: China, Indonesia, Israel, Morocco, Cuba, Sweden, Kenya, Hungary, Japan, Finland, Greece, Portugal, Norway, Thailand, Poland, Russia.
Which one has the capital city whose name comes first alphabetically? Answer with just the country name.",3327392362
facts_parallel,default,16,immediate,39,China,Kenya,0,-1,0,0,stop,4,0,qwen3.6-27b,Answer: Kenya,78f1a5c1-1788557231,"Consider these 16 countries: Finland, Kenya, Norway, China, Denmark, Israel, Czechia, Hungary, Cuba, Sweden, Poland, Indonesia, Morocco, Egypt, Peru, Portugal.
Which one has the capital city whose name comes first alphabetically? Answer with just the country name.",2975124220
facts_parallel,default,16,immediate,40,Greece,China,0,-1,0,0,stop,4,0,qwen3.6-27b,Answer: China,78f1a5c1-1788557231,"Consider these 16 countries: Ireland, Czechia, Cuba, Sweden, Germany, Morocco, China, Greece, Indonesia, Israel, Egypt, Poland, Thailand, Hungary, Russia, Denmark.
Which one has the capital city whose name comes first alphabetically? Answer with just the country name.",2278155423
facts_parallel,default,16,immediate,41,China,Austria,0,-1,0,0,stop,4,0,qwen3.6-27b,Answer: Austria,78f1a5c1-1788557231,"Consider these 16 countries: Kenya, Poland, Czechia, Morocco, Norway, Portugal, Egypt, Ireland, Hungary, Indonesia, China, Russia, Finland, Japan, Israel, Austria.
Which one has the capital city whose name comes first alphabetically? Answer with just the country name.",4040086537
facts_parallel,default,16,immediate,42,Greece,China,0,-1,0,0,stop,4,0,qwen3.6-27b,Answer: China,78f1a5c1-1788557231,"Consider these 16 countries: Cuba, China, Germany, Bulgaria, Hungary, Finland, Portugal, Norway, Egypt, Kenya, Greece, Israel, Austria, Sweden, Ireland, Czechia.
Which one has the capital city whose name comes first alphabetically? Answer with just the country name.",1774683571
facts_parallel,default,16,immediate,43,Greece,Denmark,0,-1,0,0,stop,4,0,qwen3.6-27b,Answer: Denmark,78f1a5c1-1788557231,"Consider these 16 countries: Bulgaria, Sweden, Czechia, Cuba, Egypt, Kenya, Ireland, Finland, Denmark, Israel, Morocco, Greece, Portugal, Poland, Hungary, Russia.
Which one has the capital city whose name comes first alphabetically? Answer with just the country name.",515945765
facts_parallel,default,16,immediate,44,Thailand,Austria,0,-1,0,0,stop,4,0,qwen3.6-27b,Answer: Austria,78f1a5c1-1788557231,"Consider these 16 countries: Denmark, Norway, Ireland, Thailand, Germany, Sweden, Poland, Japan, Peru, Austria, Hungary, Kenya, Finland, Cuba, Egypt, Bulgaria.
Which one has the capital city whose name comes first alphabetically? Answer with just the country name.",2158239878
facts_parallel,default,16,immediate,45,Greece,Austria,0,-1,0,0,stop,4,0,qwen3.6-27b,Answer: Austria,78f1a5c1-1788557231,"Consider these 16 countries: Indonesia, Cuba, Germany, China, Greece, Denmark, Austria, Norway, Kenya, Thailand, Sweden, Czechia, Portugal, Russia, Israel, Hungary.
Which one has the capital city whose name comes first alphabetically? Answer with just the country name.",4154658832
facts_parallel,default,16,immediate,46,Greece,Greece,1,-1,0,0,stop,4,0,qwen3.6-27b,Answer: Greece,78f1a5c1-1788557231,"Consider these 16 countries: Greece, Norway, Ireland, Czechia, Sweden, Peru, Indonesia, Bulgaria, Poland, Austria, Israel, Kenya, Morocco, Cuba, China, Germany.
Which one has the capital city whose name comes first alphabetically? Answer with just the country name.",1856651690
facts_parallel,default,16,immediate,47,Thailand,Thailand,1,-1,0,0,stop,4,0,qwen3.6-27b,Answer: Thailand,78f1a5c1-1788557231,"Consider these 16 countries: Kenya, Germany, Norway, Russia, Israel, Sweden, Austria, Ireland, Bulgaria, Indonesia, Czechia, Thailand, Peru, Poland, Japan, Egypt.
Which one has the capital city whose name comes first alphabetically? Answer with just the country name.",430797116
facts_parallel,default,16,immediate,48,Germany,Austria,0,-1,0,0,stop,4,0,qwen3.6-27b,Answer: Austria,78f1a5c1-1788557231,"Consider these 16 countries: Portugal, Russia, Morocco, Poland, Cuba, Ireland, Germany, Peru, Austria, Egypt, Norway, Hungary, Sweden, Finland, Czechia, Denmark.
Which one has the capital city whose name comes first alphabetically? Answer with just the country name.",2299686061
facts_parallel,default,16,immediate,49,Greece,Greece,1,-1,0,0,stop,3,0,qwen3.6-27b,Answer: Greece,78f1a5c1-1788557231,"Consider these 16 countries: Germany, Sweden, Kenya, Greece, Peru, China, Finland, Cuba, Denmark, Bulgaria, Poland, Ireland, Norway, Indonesia, Hungary, Israel.
Which one has the capital city whose name comes first alphabetically? Answer with just the country name.",4262812731
facts_parallel,default,16,immediate,50,Greece,Thailand,0,-1,0,0,stop,4,0,qwen3.6-27b,Answer: Thailand,78f1a5c1-1788557231,"Consider these 16 countries: Poland, Finland, Thailand, Portugal, Denmark, Kenya, Cuba, Czechia, Ireland, Israel, Norway, Indonesia, Egypt, Sweden, Greece, China.
Which one has the capital city whose name comes first alphabetically? Answer with just the country name.",2664617438
facts_parallel,default,16,immediate,51,Greece,Austria,0,-1,0,0,stop,4,0,qwen3.6-27b,Answer: Austria,78f1a5c1-1788557231,"Consider these 16 countries: Kenya, China, Portugal, Czechia, Denmark, Germany, Bulgaria, Greece, Egypt, Morocco, Indonesia, Finland, Cuba, Israel, Austria, Norway.
Which one has the capital city whose name comes first alphabetically? Answer with just the country name.",3923109192
facts_parallel,default,16,immediate,52,Germany,Austria,0,-1,0,0,stop,4,0,qwen3.6-27b,Answer: Austria,78f1a5c1-1788557231,"Consider these 16 countries: Egypt, Peru, Czechia, Portugal, Finland, Poland, Japan, Bulgaria, Norway, Germany, Austria, Russia, Morocco, Denmark, Kenya, Cuba.
Which one has the capital city whose name comes first alphabetically? Answer with just the country name.",1893512434
facts_parallel,default,16,immediate,53,Germany,Austria,0,-1,0,0,stop,4,0,qwen3.6-27b,Answer: Austria,78f1a5c1-1788557231,"Consider these 16 countries: Portugal, Austria, Indonesia, Germany, Norway, Peru, Denmark, Egypt, Ireland, Israel, Poland, Morocco, Czechia, Russia, Kenya, Bulgaria.
Which one has the capital city whose name comes first alphabetically? Answer with just the country name.",131826788
facts_parallel,default,16,immediate,54,Greece,Austria,0,-1,0,0,stop,4,0,qwen3.6-27b,Answer: Austria,78f1a5c1-1788557231,"Consider these 16 countries: Czechia, Denmark, Bulgaria, Thailand, Ireland, Greece, Japan, Austria, Indonesia, Poland, Sweden, Israel, Germany, Portugal, Norway, China.
Which one has the capital city whose name comes first alphabetically? Answer with just the country name.",2579435975
facts_parallel,default,16,immediate,55,Greece,Austria,0,-1,0,0,stop,4,0,qwen3.6-27b,Answer: Austria,78f1a5c1-1788557231,"Consider these 16 countries: Finland, Peru, Denmark, Egypt, Cuba, Germany, China, Bulgaria, Norway, Morocco, Sweden, Czechia, Ireland, Kenya, Greece, Austria.
Which one has the capital city whose name comes first alphabetically? Answer with just the country name.",4005044561
facts_parallel,default,16,immediate,56,Greece,Austria,0,-1,0,0,stop,4,0,qwen3.6-27b,Answer: Austria,78f1a5c1-1788557231,"Consider these 16 countries: Russia, Denmark, Czechia, Ireland, Germany, Cuba, Morocco, Greece, Hungary, Austria, Bulgaria, Egypt, Peru, Thailand, Norway, Portugal.
Which one has the capital city whose name comes first alphabetically? Answer with just the country name.",2008117483
facts_parallel,default,16,immediate,57,Greece,Greece,1,-1,0,0,stop,4,0,qwen3.6-27b,Answer: Greece,78f1a5c1-1788557231,"Consider these 16 countries: Thailand, Bulgaria, Morocco, Indonesia, Hungary, Germany, Japan, Portugal, Sweden, Cuba, Poland, Russia, Peru, Egypt, Ireland, Greece.
Which one has the capital city whose name comes first alphabetically? Answer with just the country name.",11944061
facts_parallel,default,16,immediate,58,Greece,Austria,0,-1,0,0,stop,4,0,qwen3.6-27b,Answer: Austria,78f1a5c1-1788557231,"Consider these 16 countries: Bulgaria, Russia, Israel, Indonesia, Peru, Norway, China, Thailand, Austria, Czechia, Greece, Kenya, Portugal, Finland, Denmark, Cuba.
Which one has the capital city whose name comes first alphabetically? Answer with just the country name.",2416532972
facts_parallel,default,16,immediate,59,Greece,Austria,0,-1,0,0,stop,3,0,qwen3.6-27b,Answer: Austria,78f1a5c1-1788557231,"Consider these 16 countries: Sweden, Indonesia, Japan, Greece, Ireland, Hungary, Germany, China, Austria, Egypt, Norway, Kenya, Russia, Morocco, Czechia, Peru.
Which one has the capital city whose name comes first alphabetically? Answer with just the country name.",3876482426
facts_parallel,default,16,immediate,60,Thailand,Egypt,0,-1,0,0,stop,4,0,qwen3.6-27b,Answer: Egypt,78f1a5c1-1788557231,"Consider these 16 countries: Egypt, Ireland, Thailand, Sweden, Kenya, Germany, Portugal, Peru, Morocco, China, Russia, Israel, Poland, Japan, Indonesia, Hungary.
Which one has the capital city whose name comes first alphabetically? Answer with just the country name.",3053422109
facts_parallel,default,16,immediate,61,Thailand,Austria,0,-1,0,0,stop,4,0,qwen3.6-27b,Answer: Austria,78f1a5c1-1788557231,"Consider these 16 countries: Russia, Thailand, Cuba, Sweden, Bulgaria, Japan, Indonesia, Austria, Germany, Kenya, Morocco, Israel, Norway, China, Portugal, Denmark.
Which one has the capital city whose name comes first alphabetically? Answer with just the country name.",3271079563
facts_parallel,default,16,immediate,62,Germany,Austria,0,-1,0,0,stop,4,0,qwen3.6-27b,Answer: Austria,78f1a5c1-1788557231,"Consider these 16 countries: Austria, Peru, Sweden, Kenya, Czechia, Israel, Poland, Germany, Cuba, Russia, Portugal, Bulgaria, Norway, Egypt, Ireland, Japan.
Which one has the capital city whose name comes first alphabetically? Answer with just the country name.",1542580017
facts_parallel,default,16,immediate,63,Thailand,Egypt,0,-1,0,0,stop,4,0,qwen3.6-27b,Answer: Egypt,78f1a5c1-1788557231,"Consider these 16 countries: Cuba, Japan, Norway, Czechia, Sweden, Thailand, Germany, Russia, Israel, Finland, Egypt, Indonesia, Portugal, Bulgaria, Kenya, Morocco.
Which one has the capital city whose name comes first alphabetically? Answer with just the country name.",754374567
facts_parallel,default,16,immediate,64,Thailand,Egypt,0,-1,0,0,stop,4,0,qwen3.6-27b,Answer: Egypt,78f1a5c1-1788557231,"Consider these 16 countries: Egypt, Portugal, Germany, Peru, Bulgaria, Thailand, Russia, Kenya, Norway, Japan, Cuba, Austria, Israel, Sweden, Morocco, Denmark.
Which one has the capital city whose name comes first alphabetically? Answer with just the country name.",2995929604
facts_parallel,default,16,immediate,65,Greece,Egypt,0,-1,0,0,stop,4,0,qwen3.6-27b,Answer: Egypt,78f1a5c1-1788557231,"Consider these 16 countries: Germany, China, Peru, Denmark, Cuba, Poland, Ireland, Portugal, Kenya, Norway, Bulgaria, Russia, Greece, Egypt, Finland, Czechia.
Which one has the capital city whose name comes first alphabetically? Answer with just the country name.",3314905746
facts_parallel,default,16,immediate,66,Thailand,Egypt,0,-1,0,0,stop,4,0,qwen3.6-27b,Answer: Egypt,78f1a5c1-1788557231,"Consider these 16 countries: Bulgaria, Thailand, Hungary, Poland, Ireland, China, Cuba, Morocco, Sweden, Peru, Egypt, Indonesia, Denmark, Israel, Japan, Kenya.
Which one has the capital city whose name comes first alphabetically? Answer with just the country name.",1553736488
facts_parallel,default,16,immediate,67,Germany,Austria,0,-1,0,0,stop,3,0,qwen3.6-27b,Answer: Austria,78f1a5c1-1788557231,"Consider these 16 countries: Cuba, Morocco, Japan, Peru, Poland, Austria, Indonesia, Egypt, Finland, Norway, Germany, Sweden, Russia, Denmark, Ireland, Portugal.
Which one has the capital city whose name comes first alphabetically? Answer with just the country name.",731583422
facts_parallel,default,16,immediate,68,China,Austria,0,-1,0,0,stop,4,0,qwen3.6-27b,Answer: Austria,78f1a5c1-1788557231,"Consider these 16 countries: Czechia, Portugal, Germany, Japan, Finland, China, Ireland, Poland, Hungary, Russia, Austria, Egypt, Morocco, Bulgaria, Israel, Denmark.
Which one has the capital city whose name comes first alphabetically? Answer with just the country name.",3139702319
facts_parallel,default,16,immediate,69,Greece,China,0,-1,0,0,stop,4,0,qwen3.6-27b,Answer: China,78f1a5c1-1788557231,"Consider these 16 countries: Ireland, Austria, Bulgaria, Czechia, Sweden, Denmark, Finland, China, Peru, Poland, Germany, Russia, Japan, Hungary, Norway, Greece.
Which one has the capital city whose name comes first alphabetically? Answer with just the country name.",3424861881
facts_parallel,default,16,immediate,70,Greece,Austria,0,-1,0,0,stop,4,0,qwen3.6-27b,Answer: Austria,78f1a5c1-1788557231,"Consider these 16 countries: China, Cuba, Japan, Czechia, Austria, Norway, Sweden, Peru, Egypt, Poland, Greece, Indonesia, Kenya, Portugal, Israel, Ireland.
Which one has the capital city whose name comes first alphabetically? Answer with just the country name.",2900670300
facts_parallel,default,16,immediate,71,Greece,Austria,0,-1,0,0,stop,4,0,qwen3.6-27b,Answer: Austria,78f1a5c1-1788557231,"Consider these 16 countries: Greece, Germany, Portugal, China, Ireland, Hungary, Russia, Peru, Cuba, Norway, Kenya, Sweden, Finland, Austria, Poland, Egypt.
Which one has the capital city whose name comes first alphabetically? Answer with just the country name.",3689121738
facts_parallel,default,16,immediate,72,Greece,Austria,0,-1,0,0,stop,4,0,qwen3.6-27b,Answer: Austria,78f1a5c1-1788557231,"Consider these 16 countries: Israel, Czechia, Morocco, Finland, Norway, Bulgaria, Sweden, Kenya, Indonesia, Japan, Denmark, Egypt, Russia, Portugal, Greece, Austria.
Which one has the capital city whose name comes first alphabetically? Answer with just the country name.",1122686576
facts_parallel,default,16,immediate,73,Greece,Austria,0,-1,0,0,stop,4,0,qwen3.6-27b,Answer: Austria,78f1a5c1-1788557231,"Consider these 16 countries: Finland, Greece, Kenya, Indonesia, Portugal, Sweden, Bulgaria, Germany, Russia, Poland, Norway, Denmark, China, Czechia, Egypt, Austria.
Which one has the capital city whose name comes first alphabetically? Answer with just the country name.",904783590
facts_parallel,default,16,immediate,74,Hungary,Egypt,0,-1,0,0,stop,4,0,qwen3.6-27b,Answer: Egypt,78f1a5c1-1788557231,"Consider these 16 countries: Poland, Russia, Indonesia, Japan, Sweden, Finland, Norway, Peru, Kenya, Egypt, Denmark, Ireland, Hungary, Bulgaria, Portugal, Czechia.
Which one has the capital city whose name comes first alphabetically? Answer with just the country name.",2877911877
facts_parallel,default,16,immediate,75,Greece,China,0,-1,0,0,stop,4,0,qwen3.6-27b,Answer: China,78f1a5c1-1788557231,"Consider these 16 countries: Bulgaria, Japan, Indonesia, Poland, Norway, Thailand, China, Germany, Greece, Cuba, Sweden, Hungary, Peru, Russia, Morocco, Denmark.
Which one has the capital city whose name comes first alphabetically? Answer with just the country name.",3700310995
facts_parallel,default,16,immediate,76,Greece,Austria,0,-1,0,0,stop,4,0,qwen3.6-27b,Answer: Austria,78f1a5c1-1788557231,"Consider these 16 countries: China, Czechia, Thailand, Hungary, Norway, Austria, Ireland, Indonesia, Bulgaria, Denmark, Greece, Sweden, Cuba, Russia, Portugal, Kenya.
Which one has the capital city whose name comes first alphabetically? Answer with just the country name.",1166479977
facts_parallel,default,16,immediate,77,Greece,Greece,1,-1,0,0,stop,4,0,qwen3.6-27b,Answer: Greece,78f1a5c1-1788557231,"Consider these 16 countries: Cuba, Egypt, China, Austria, Czechia, Thailand, Kenya, Norway, Greece, Peru, Hungary, Poland, Japan, Sweden, Israel, Bulgaria.
Which one has the capital city whose name comes first alphabetically? Answer with just the country name.",847258367
facts_parallel,default,16,immediate,78,Thailand,Egypt,0,-1,0,0,stop,4,0,qwen3.6-27b,Answer: Egypt,78f1a5c1-1788557231,"Consider these 16 countries: Germany, Denmark, Czechia, Israel, Kenya, Indonesia, Russia, Portugal, Finland, Ireland, Thailand, Egypt, Cuba, Sweden, Morocco, Norway.
Which one has the capital city whose name comes first alphabetically? Answer with just the country name.",2722053998
facts_parallel,default,16,immediate,79,Greece,Thailand,0,-1,0,0,stop,4,0,qwen3.6-27b,Answer: Thailand,78f1a5c1-1788557231,"Consider these 16 countries: Thailand, Israel, Portugal, Hungary, China, Morocco, Poland, Japan, Cuba, Kenya, Sweden, Russia, Indonesia, Austria, Egypt, Greece.
Which one has the capital city whose name comes first alphabetically? Answer with just the country name.",3577221112
facts_parallel,default,16,immediate,80,Thailand,Austria,0,-1,0,0,stop,4,0,qwen3.6-27b,Answer: Austria,78f1a5c1-1788557231,"Consider these 16 countries: Peru, Norway, Bulgaria, Denmark, Ireland, Cuba, China, Portugal, Morocco, Israel, Hungary, Finland, Austria, Thailand, Kenya, Germany.
Which one has the capital city whose name comes first alphabetically? Answer with just the country name.",729590675
facts_parallel,default,16,immediate,81,Greece,Thailand,0,-1,0,0,stop,4,0,qwen3.6-27b,Answer: Thailand,78f1a5c1-1788557231,"Consider these 16 countries: Czechia, Bulgaria, Peru, Israel, Poland, Finland, Hungary, Thailand, Greece, Cuba, Egypt, Germany, Japan, Ireland, Indonesia, Kenya.
Which one has the capital city whose name comes first alphabetically? Answer with just the country name.",1551604485
facts_parallel,default,16,immediate,82,Greece,Greece,1,-1,0,0,stop,4,0,qwen3.6-27b,Answer: Greece,78f1a5c1-1788557231,"Consider these 16 countries: China, Thailand, Kenya, Norway, Portugal, Russia, Indonesia, Cuba, Czechia, Greece, Peru, Bulgaria, Japan, Israel, Finland, Denmark.
Which one has the capital city whose name comes first alphabetically? Answer with just the country name.",3312634559
facts_parallel,default,16,immediate,83,Greece,Greece,1,-1,0,0,stop,4,0,qwen3.6-27b,Answer: Greece,78f1a5c1-1788557231,"Consider these 16 countries: China, Japan, Hungary, Greece, Peru, Sweden, Denmark, Bulgaria, Cuba, Czechia, Russia, Poland, Egypt, Kenya, Germany, Thailand.
Which one has the capital city whose name comes first alphabetically? Answer with just the country name.",2994076201
facts_parallel,default,16,immediate,84,Greece,Austria,0,-1,0,0,stop,4,0,qwen3.6-27b,Answer: Austria,78f1a5c1-1788557231,"Consider these 16 countries: Russia, Hungary, Kenya, Ireland, Egypt, Germany, Austria, Cuba, Portugal, Sweden, Israel, Morocco, Finland, Greece, Denmark, Japan.
Which one has the capital city whose name comes first alphabetically? Answer with just the country name.",739340170
facts_parallel,default,16,immediate,85,Thailand,Thailand,1,-1,0,0,stop,4,0,qwen3.6-27b,Answer: Thailand,78f1a5c1-1788557231,"Consider these 16 countries: Ireland, Sweden, Germany, Bulgaria, Hungary, Russia, Cuba, Portugal, Poland, Czechia, Thailand, Morocco, Denmark, Kenya, Japan, Egypt.
Which one has the capital city whose name comes first alphabetically? Answer with just the country name.",1528192796
facts_parallel,default,16,immediate,86,Greece,Austria,0,-1,0,0,stop,4,0,qwen3.6-27b,Answer: Austria,78f1a5c1-1788557231,"Consider these 16 countries: Poland, Germany, Denmark, Kenya, Greece, Russia, Portugal, Hungary, Egypt, Israel, Czechia, Japan, Ireland, China, Indonesia, Austria.
Which one has the capital city whose name comes first alphabetically? Answer with just the country name.",3256815270
facts_parallel,default,16,immediate,87,Greece,Egypt,0,-1,0,0,stop,4,0,qwen3.6-27b,Answer: Egypt,78f1a5c1-1788557231,"Consider these 16 countries: Israel, China, Greece, Peru, Egypt, Russia, Cuba, Ireland, Poland, Norway, Bulgaria, Sweden, Thailand, Czechia, Finland, Hungary.
Which one has the capital city whose name comes first alphabetically? Answer with just the country name.",3038264880
facts_parallel,default,16,immediate,88,Greece,Austria,0,-1,0,0,stop,4,0,qwen3.6-27b,Answer: Austria,78f1a5c1-1788557231,"Consider these 16 countries: Japan, Israel, Hungary, Cuba, Greece, Indonesia, China, Egypt, Bulgaria, Ireland, Morocco, Denmark, Finland, Kenya, Austria, Portugal.
Which one has the capital city whose name comes first alphabetically? Answer with just the country name.",631710625
facts_parallel,default,16,immediate,89,Thailand,Egypt,0,-1,0,0,stop,4,0,qwen3.6-27b,Answer: Egypt,78f1a5c1-1788557231,"Consider these 16 countries: Egypt, Hungary, Bulgaria, Russia, Portugal, Indonesia, Peru, Kenya, Thailand, Japan, Denmark, Morocco, Israel, Finland, Norway, Cuba.
Which one has the capital city whose name comes first alphabetically? Answer with just the country name.",1386222391
facts_parallel,default,16,immediate,90,Thailand,Austria,0,-1,0,0,stop,4,0,qwen3.6-27b,Answer: Austria,78f1a5c1-1788557231,"Consider these 16 countries: China, Finland, Austria, Japan, Sweden, Ireland, Poland, Czechia, Thailand, Hungary, Peru, Morocco, Bulgaria, Denmark, Germany, Portugal.
Which one has the capital city whose name comes first alphabetically? Answer with just the country name.",845650642
facts_parallel,default,16,immediate,91,Greece,Austria,0,-1,0,0,stop,4,0,qwen3.6-27b,Answer: Austria,78f1a5c1-1788557231,"Consider these 16 countries: Russia, Japan, Austria, Portugal, Denmark, Kenya, Ireland, Hungary, Norway, Bulgaria, Morocco, Poland, Sweden, Greece, Egypt, Israel.
Which one has the capital city whose name comes first alphabetically? Answer with just the country name.",1163962948
facts_parallel,default,16,immediate,92,Greece,Cuba,0,-1,0,0,stop,4,0,qwen3.6-27b,Answer: Cuba,78f1a5c1-1788557231,"Consider these 16 countries: Ireland, Sweden, Indonesia, Cuba, Poland, China, Norway, Morocco, Japan, Hungary, Germany, Greece, Denmark, Thailand, Czechia, Israel.
Which one has the capital city whose name comes first alphabetically? Answer with just the country name.",3697933310
facts_parallel,default,16,immediate,93,Greece,Austria,0,-1,0,0,stop,4,0,qwen3.6-27b,Answer: Austria,78f1a5c1-1788557231,"Consider these 16 countries: Cuba, Peru, Greece, Czechia, Sweden, Austria, Denmark, Egypt, Germany, Norway, China, Morocco, Hungary, Bulgaria, Portugal, Indonesia.
Which one has the capital city whose name comes first alphabetically? Answer with just the country name.",2876164968
facts_parallel,default,16,immediate,94,Greece,Thailand,0,-1,0,0,stop,4,0,qwen3.6-27b,Answer: Thailand,78f1a5c1-1788557231,"Consider these 16 countries: Peru, Indonesia, Greece, Cuba, Austria, Israel, Morocco, China, Norway, Egypt, Bulgaria, Japan, Ireland, Kenya, Finland, Thailand.
Which one has the capital city whose name comes first alphabetically? Answer with just the country name.",889872075
facts_parallel,default,16,immediate,95,China,Austria,0,-1,0,0,stop,4,0,qwen3.6-27b,Answer: Austria,78f1a5c1-1788557231,"Consider these 16 countries: Finland, Israel, Russia, China, Peru, Poland, Austria, Norway, Indonesia, Cuba, Sweden, Ireland, Bulgaria, Hungary, Kenya, Japan.
Which one has the capital city whose name comes first alphabetically? Answer with just the country name.",1108176477
facts_parallel,default,16,immediate,96,Greece,Egypt,0,-1,0,0,stop,4,0,qwen3.6-27b,Answer: Egypt,78f1a5c1-1788557231,"Consider these 16 countries: Hungary, Russia, Egypt, Kenya, Norway, Finland, Portugal, Japan, Sweden, Israel, Denmark, China, Germany, Greece, Bulgaria, Czechia.
Which one has the capital city whose name comes first alphabetically? Answer with just the country name.",3674488807
facts_parallel,default,16,immediate,97,Greece,Austria,0,-1,0,0,stop,4,0,qwen3.6-27b,Answer: Austria,78f1a5c1-1788557231,"Consider these 16 countries: Greece, Portugal, Hungary, Russia, Kenya, Cuba, Egypt, China, Sweden, Peru, Germany, Austria, Finland, Denmark, Morocco, Czechia.
Which one has the capital city whose name comes first alphabetically? Answer with just the country name.",2885881713
facts_parallel,default,16,immediate,98,Greece,Egypt,0,-1,0,0,stop,4,0,qwen3.6-27b,Answer: Egypt,78f1a5c1-1788557231,"Consider these 16 countries: Germany, Hungary, Czechia, Israel, Greece, Bulgaria, Egypt, Peru, China, Russia, Sweden, Indonesia, Poland, Ireland, Norway, Thailand.
Which one has the capital city whose name comes first alphabetically? Answer with just the country name.",1018958560
facts_parallel,default,16,immediate,99,Greece,Austria,0,-1,0,0,stop,3,0,qwen3.6-27b,Answer: Austria,78f1a5c1-1788557231,"Consider these 16 countries: Israel, Norway, Morocco, Peru, Russia, Thailand, Ireland, Japan, Austria, Hungary, Kenya, Greece, Poland, Egypt, Portugal, Czechia.
Which one has the capital city whose name comes first alphabetically? Answer with just the country name.",1270555254
facts_parallel,default,16,immediate,100,Greece,Greece,1,-1,0,0,stop,4,0,qwen3.6-27b,Answer: Greece,78f1a5c1-1788557231,"Consider these 16 countries: Indonesia, Kenya, Finland, Germany, Denmark, Russia, Morocco, Bulgaria, Hungary, Thailand, Czechia, Norway, Poland, Israel, Greece, Cuba.
Which one has the capital city whose name comes first alphabetically? Answer with just the country name.",2452052731
facts_parallel,default,16,immediate,101,Greece,China,0,-1,0,0,stop,4,0,qwen3.6-27b,Answer: China,78f1a5c1-1788557231,"Consider these 16 countries: Poland, Russia, Sweden, Finland, Germany, China, Morocco, Czechia, Egypt, Greece, Bulgaria, Denmark, Indonesia, Ireland, Norway, Kenya.
Which one has the capital city whose name comes first alphabetically? Answer with just the country name.",3844106861
facts_parallel,default,16,immediate,102,China,Egypt,0,-1,0,0,stop,4,0,qwen3.6-27b,Answer: Egypt,78f1a5c1-1788557231,"Consider these 16 countries: Cuba, Peru, Israel, Kenya, Poland, Sweden, Czechia, Germany, Russia, Finland, Japan, China, Egypt, Ireland, Morocco, Hungary.
Which one has the capital city whose name comes first alphabetically? Answer with just the country name.",2083077079
facts_parallel,default,16,immediate,103,Thailand,Kenya,0,-1,0,0,stop,4,0,qwen3.6-27b,Answer: Kenya,78f1a5c1-1788557231,"Consider these 16 countries: Kenya, Cuba, Finland, Czechia, Japan, Thailand, Sweden, Morocco, Portugal, Indonesia, Ireland, Bulgaria, Russia, Norway, Denmark, Poland.
Which one has the capital city whose name comes first alphabetically? Answer with just the country name.",187566913
facts_parallel,default,16,immediate,104,Greece,Austria,0,-1,0,0,stop,4,0,qwen3.6-27b,Answer: Austria,78f1a5c1-1788557231,"Consider these 16 countries: Czechia, Sweden, Egypt, Indonesia, Austria, Finland, Morocco, China, Japan, Hungary, Portugal, Norway, Thailand, Greece, Israel, Kenya.
Which one has the capital city whose name comes first alphabetically? Answer with just the country name.",2504695522
facts_parallel,default,16,immediate,105,Greece,Austria,0,-1,0,0,stop,4,0,qwen3.6-27b,Answer: Austria,78f1a5c1-1788557231,"Consider these 16 countries: Peru, Kenya, China, Finland, Greece, Sweden, Indonesia, Denmark, Norway, Morocco, Czechia, Japan, Austria, Israel, Ireland, Egypt.
Which one has the capital city whose name comes first alphabetically? Answer with just the country name.",3796741748
facts_parallel,default,16,immediate,106,Greece,Greece,1,-1,0,0,stop,4,0,qwen3.6-27b,Answer: Greece,78f1a5c1-1788557231,"Consider these 16 countries: Bulgaria, Portugal, Indonesia, Norway, China, Russia, Kenya, Czechia, Sweden, Denmark, Hungary, Japan, Austria, Greece, Finland, Peru.
Which one has the capital city whose name comes first alphabetically? Answer with just the country name.",2068119502
facts_parallel,default,16,immediate,107,Greece,Greece,1,-1,0,0,stop,4,0,qwen3.6-27b,Answer: Greece,78f1a5c1-1788557231,"Consider these 16 countries: Greece, Indonesia, Norway, Bulgaria, Portugal, Peru, Israel, Germany, Ireland, Russia, Cuba, Hungary, Sweden, Czechia, Kenya, Poland.
Which one has the capital city whose name comes first alphabetically? Answer with just the country name.",205770584
facts_parallel,default,16,immediate,108,Greece,Egypt,0,-1,0,0,stop,4,0,qwen3.6-27b,Answer: Egypt,78f1a5c1-1788557231,"Consider these 16 countries: Hungary, Greece, Norway, Israel, Ireland, Finland, Kenya, Egypt, Indonesia, Portugal, Bulgaria, Morocco, Czechia, Denmark, Japan, Sweden.
Which one has the capital city whose name comes first alphabetically? Answer with just the country name.",2633814729
facts_parallel,default,16,immediate,109,Greece,Egypt,0,-1,0,0,stop,4,0,qwen3.6-27b,Answer: Egypt,78f1a5c1-1788557231,"Consider these 16 countries: Thailand, Japan, Israel, Russia, Finland, Cuba, Poland, Sweden, Kenya, Morocco, Egypt, Peru, Greece, Portugal, Norway, Denmark.
Which one has the capital city whose name comes first alphabetically? Answer with just the country name.",3959153247
facts_parallel,default,16,immediate,110,Thailand,Cuba,0,-1,0,0,stop,4,0,qwen3.6-27b,Answer: Cuba,78f1a5c1-1788557231,"Consider these 16 countries: Czechia, Peru, Sweden, Denmark, Kenya, Indonesia, Hungary, Portugal, Cuba, Thailand, Bulgaria, Israel, Japan, Russia, China, Finland.
Which one has the capital city whose name comes first alphabetically? Answer with just the country name.",2335992762
facts_parallel,default,16,immediate,111,Thailand,Egypt,0,-1,0,0,stop,4,0,qwen3.6-27b,Answer: Egypt,78f1a5c1-1788557231,"Consider these 16 countries: Morocco, Norway, Israel, Thailand, China, Austria, Peru, Denmark, Poland, Bulgaria, Germany, Russia, Finland, Egypt, Kenya, Indonesia.
Which one has the capital city whose name comes first alphabetically? Answer with just the country name.",4231748396
facts_parallel,default,16,immediate,112,Greece,China,0,-1,0,0,stop,4,0,qwen3.6-27b,Answer: China,78f1a5c1-1788557231,"Consider these 16 countries: Egypt, China, Cuba, Kenya, Poland, Indonesia, Hungary, Norway, Finland, Ireland, Denmark, Czechia, Austria, Japan, Germany, Greece.
Which one has the capital city whose name comes first alphabetically? Answer with just the country name.",1697778326
facts_parallel,default,16,immediate,113,Greece,Austria,0,-1,0,0,stop,4,0,qwen3.6-27b,Answer: Austria,78f1a5c1-1788557231,"Consider these 16 countries: Denmark, Czechia, Hungary, Ireland, Greece, Portugal, Cuba, Indonesia, Russia, Germany, Israel, Sweden, Egypt, Morocco, Austria, Thailand.
Which one has the capital city whose name comes first alphabetically? Answer with just the country name.",305478144
facts_parallel,default,16,immediate,114,Greece,China,0,-1,0,0,stop,4,0,qwen3.6-27b,Answer: China,78f1a5c1-1788557231,"Consider these 16 countries: Japan, Czechia, Russia, Germany, Cuba, Bulgaria, Thailand, Ireland, Norway, Peru, Finland, Poland, Israel, Greece, China, Portugal.
Which one has the capital city whose name comes first alphabetically? Answer with just the country name.",2354163619
facts_parallel,default,16,immediate,115,Greece,Greece,1,-1,0,0,stop,4,0,qwen3.6-27b,Answer: Greece,78f1a5c1-1788557231,"Consider these 16 countries: Sweden, Cuba, Ireland, Japan, Hungary, Thailand, Kenya, Norway, Portugal, Greece, Peru, China, Russia, Bulgaria, Egypt, Germany.
Which one has the capital city whose name comes first alphabetically? Answer with just the country name.",4216758069
facts_parallel,default,16,immediate,116,China,China,1,-1,0,0,stop,3,0,qwen3.6-27b,Answer: China,78f1a5c1-1788557231,"Consider these 16 countries: Finland, Morocco, Germany, Russia, Cuba, Ireland, Denmark, Egypt, Indonesia, Kenya, Japan, Sweden, China, Israel, Hungary, Peru.
Which one has the capital city whose name comes first alphabetically? Answer with just the country name.",1650445967
facts_parallel,default,16,immediate,117,Greece,Cuba,0,-1,0,0,stop,4,0,qwen3.6-27b,Answer: Cuba,78f1a5c1-1788557231,"Consider these 16 countries: Japan, Czechia, Cuba, Indonesia, Austria, Portugal, China, Poland, Ireland, Sweden, Finland, Israel, Greece, Norway, Peru, Kenya.
Which one has the capital city whose name comes first alphabetically? Answer with just the country name.",358153753
facts_parallel,default,16,immediate,118,Greece,Egypt,0,-1,0,0,stop,4,0,qwen3.6-27b,Answer: Egypt,78f1a5c1-1788557231,"Consider these 16 countries: Hungary, Egypt, Portugal, Germany, Cuba, Poland, Morocco, Finland, Bulgaria, Thailand, Czechia, Norway, Greece, Kenya, Japan, Denmark.
Which one has the capital city whose name comes first alphabetically? Answer with just the country name.",2246566792
facts_parallel,default,16,immediate,119,Greece,Austria,0,-1,0,0,stop,4,0,qwen3.6-27b,Answer: Austria,78f1a5c1-1788557231,"Consider these 16 countries: Israel, Austria, Hungary, Greece, Portugal, Morocco, Cuba, Japan, Finland, Poland, Czechia, Kenya, Ireland, Egypt, Russia, China.
Which one has the capital city whose name comes first alphabetically? Answer with just the country name.",4074820382
