task,wording,k,condition,idx,gold,pred,correct,eff_hops,leak,error,finish,out_tokens,reasoning_tokens,model,completion,prompt,seed
facts,default,1,immediate,0,Hanoi,Answer,0,-1,0,0,stop,5,0,qwen3.6-27b,Answer: Hanoi,What is the capital city of Vietnam?,2838286984
facts,default,1,immediate,1,Jakarta,Answer,0,-1,0,0,stop,4,0,qwen3.6-27b,Answer: Jakarta,What is the capital city of Indonesia?,3727417886
facts,default,1,immediate,2,Kyiv,Answer,0,-1,0,0,stop,5,0,qwen3.6-27b,Answer: Kyiv,What is the capital city of Ukraine?,1193456548
facts,default,1,immediate,3,Astana,Answer,0,-1,0,0,stop,5,0,qwen3.6-27b,Answer: Astana,What is the capital city of Kazakhstan?,807764786
facts,default,1,immediate,4,Dhaka,Answer,0,-1,0,0,stop,5,0,qwen3.6-27b,Answer: Dhaka,What is the capital city of Bangladesh?,2923501201
facts,default,1,immediate,5,Budapest,Answer,0,-1,0,0,stop,4,0,qwen3.6-27b,Answer: Budapest,What is the capital city of Hungary?,3645253127
facts,default,1,immediate,6,Astana,Answer,0,-1,0,0,stop,5,0,qwen3.6-27b,Answer: Astana,What is the capital city of Kazakhstan?,1078949821
facts,default,1,immediate,7,Pretoria,Answer,0,-1,0,0,stop,5,0,qwen3.6-27b,Answer: Pretoria,What is the capital city of South Africa?,927483691
facts,default,1,immediate,8,Baku,Answer,0,-1,0,0,stop,5,0,qwen3.6-27b,Answer: Baku,What is the capital city of Azerbaijan?,2818005690
facts,default,1,immediate,9,Warsaw,Answer,0,-1,0,0,stop,4,0,qwen3.6-27b,Answer: Warsaw,What is the capital city of Poland?,3505416748
facts,default,1,immediate,10,Sofia,Answer,0,-1,0,0,stop,4,0,qwen3.6-27b,Answer: Sofia,What is the capital city of Bulgaria?,235588000
facts,default,1,immediate,11,Sofia,Answer,0,-1,0,0,stop,4,0,qwen3.6-27b,Answer: Sofia,What is the capital city of Bulgaria?,2030958902
facts,default,1,immediate,12,Sofia,Answer,0,-1,0,0,stop,4,0,qwen3.6-27b,Answer: Sofia,What is the capital city of Bulgaria?,3758401676
facts,default,1,immediate,13,Sofia,Answer,0,-1,0,0,stop,4,0,qwen3.6-27b,Answer: Sofia,What is the capital city of Bulgaria?,2533595162
facts,default,1,immediate,14,Abuja,Answer,0,-1,0,0,stop,5,0,qwen3.6-27b,Answer: Abuja,What is the capital city of Nigeria?,157748665
facts,default,1,immediate,15,Sofia,Answer,0,-1,0,0,stop,4,0,qwen3.6-27b,Answer: Sofia,What is the capital city of Bulgaria?,2120236335
facts,default,1,immediate,16,Tokyo,Answer,0,-1,0,0,stop,4,0,qwen3.6-27b,Answer: Tokyo,What is the capital city of Japan?,3882445973
facts,default,1,immediate,17,Seoul,Answer,0,-1,0,0,stop,4,0,qwen3.6-27b,Answer: Seoul,What is the capital city of South Korea?,2423151619
facts,default,1,immediate,18,Jakarta,Answer,0,-1,0,0,stop,4,0,qwen3.6-27b,Answer: Jakarta,What is the capital city of Indonesia?,13713810
facts,default,1,immediate,19,Seoul,Answer,0,-1,0,0,stop,4,0,qwen3.6-27b,Answer: Seoul,What is the capital city of South Korea?,2010542340
facts,default,1,immediate,20,Accra,Answer,0,-1,0,0,stop,5,0,qwen3.6-27b,Answer: Accra,What is the capital city of Ghana?,623352419
facts,default,1,immediate,21,Astana,Answer,0,-1,0,0,stop,5,0,qwen3.6-27b,Answer: Astana,What is the capital city of Kazakhstan?,1377872629
facts,default,1,immediate,22,Phnom Penh,Answer,0,-1,0,0,stop,7,0,qwen3.6-27b,Answer: Phnom Penh,What is the capital city of Cambodia?,3408526159
facts,default,1,immediate,23,Seoul,Answer,0,-1,0,0,stop,4,0,qwen3.6-27b,Answer: Seoul,What is the capital city of South Korea?,3157183449
facts,default,1,immediate,24,Bucharest,Answer,0,-1,0,0,stop,5,0,qwen3.6-27b,Answer: Bucharest,What is the capital city of Romania?,575299194
facts,default,1,immediate,25,Accra,Answer,0,-1,0,0,stop,5,0,qwen3.6-27b,Answer: Accra,What is the capital city of Ghana?,1431138028
facts,default,1,immediate,26,Tbilisi,Answer,0,-1,0,0,stop,6,0,qwen3.6-27b,Answer: Tbilisi,What is the capital city of Georgia?,3427024726
facts,default,1,immediate,27,Abuja,Answer,0,-1,0,0,stop,5,0,qwen3.6-27b,Answer: Abuja,What is the capital city of Nigeria?,3141734336
facts,default,1,immediate,28,Jerusalem,Answer,0,-1,0,0,stop,3,0,qwen3.6-27b,Answer: Jerusalem,What is the capital city of Israel?,737940049
facts,default,1,immediate,29,Yangon,Answer,0,-1,0,0,stop,7,0,qwen3.6-27b,Answer: Naypyidaw,What is the capital city of Myanmar?,1559962311
facts,default,1,immediate,30,Lima,Answer,0,-1,0,0,stop,4,0,qwen3.6-27b,Answer: Lima,What is the capital city of Peru?,1010608930
facts,default,1,immediate,31,Prague,Answer,0,-1,0,0,stop,4,0,qwen3.6-27b,Answer: Prague,What is the capital city of Czechia?,1262197684
facts,default,1,immediate,32,Prague,Answer,0,-1,0,0,stop,4,0,qwen3.6-27b,Answer: Prague,What is the capital city of Czechia?,3526543886
facts,default,1,immediate,33,Jerusalem,Answer,0,-1,0,0,stop,4,0,qwen3.6-27b,Answer: Jerusalem,What is the capital city of Israel?,2771778200
facts,default,1,immediate,34,Abuja,Answer,0,-1,0,0,stop,5,0,qwen3.6-27b,Answer: Abuja,What is the capital city of Nigeria?,995192635
facts,default,1,immediate,35,Baku,Answer,0,-1,0,0,stop,5,0,qwen3.6-27b,Answer: Baku,What is the capital city of Azerbaijan?,1280729005
facts,default,1,immediate,36,Moscow,Answer,0,-1,0,0,stop,3,0,qwen3.6-27b,Answer: Moscow,What is the capital city of Russia?,3579776535
facts,default,1,immediate,37,Lima,Answer,0,-1,0,0,stop,4,0,qwen3.6-27b,Answer: Lima,What is the capital city of Peru?,2723692161
facts,default,1,immediate,38,Moscow,Answer,0,-1,0,0,stop,4,0,qwen3.6-27b,Answer: Moscow,What is the capital city of Russia?,854008592
facts,default,1,immediate,39,Baku,Answer,0,-1,0,0,stop,5,0,qwen3.6-27b,Answer: Baku,What is the capital city of Azerbaijan?,1172312966
facts,default,1,immediate,40,Prague,Answer,0,-1,0,0,stop,4,0,qwen3.6-27b,Answer: Prague,What is the capital city of Czechia?,1937587685
facts,default,1,immediate,41,Moscow,Answer,0,-1,0,0,stop,4,0,qwen3.6-27b,Answer: Moscow,What is the capital city of Russia?,75107699
facts,default,1,immediate,42,Vientiane,Answer,0,-1,0,0,stop,6,0,qwen3.6-27b,Answer: Vientiane,What is the capital city of Laos?,2641583305
facts,default,1,immediate,43,Warsaw,Answer,0,-1,0,0,stop,4,0,qwen3.6-27b,Answer: Warsaw,What is the capital city of Poland?,3933498463
facts,default,1,immediate,44,Baku,Answer,0,-1,0,0,stop,5,0,qwen3.6-27b,Answer: Baku,What is the capital city of Azerbaijan?,1947269628
facts,default,1,immediate,45,Hanoi,Answer,0,-1,0,0,stop,5,0,qwen3.6-27b,Answer: Hanoi,What is the capital city of Vietnam?,51890538
facts,default,1,immediate,46,Tbilisi,Answer,0,-1,0,0,stop,6,0,qwen3.6-27b,Answer: Tbilisi,What is the capital city of Georgia?,2585696464
facts,default,1,immediate,47,Lima,Answer,0,-1,0,0,stop,3,0,qwen3.6-27b,Answer: Lima,What is the capital city of Peru?,3977881670
facts,default,1,immediate,48,Dhaka,Answer,0,-1,0,0,stop,5,0,qwen3.6-27b,Answer: Dhaka,What is the capital city of Bangladesh?,2108077527
facts,default,1,immediate,49,Seoul,Answer,0,-1,0,0,stop,4,0,qwen3.6-27b,Answer: Seoul,What is the capital city of South Korea?,178357569
facts,default,1,immediate,50,Kyiv,Answer,0,-1,0,0,stop,4,0,qwen3.6-27b,Answer: Kyiv,What is the capital city of Ukraine?,1785072804
facts,default,1,immediate,51,Astana,Answer,0,-1,0,0,stop,5,0,qwen3.6-27b,Answer: Astana,What is the capital city of Kazakhstan?,492911666
facts,default,1,immediate,52,Prague,Answer,0,-1,0,0,stop,4,0,qwen3.6-27b,Answer: Prague,What is the capital city of Czechia?,2221436296
facts,default,1,immediate,53,Tbilisi,Answer,0,-1,0,0,stop,6,0,qwen3.6-27b,Answer: Tbilisi,What is the capital city of Georgia?,4084161822
facts,default,1,immediate,54,Prague,Answer,0,-1,0,0,stop,4,0,qwen3.6-27b,Answer: Prague,What is the capital city of Czechia?,1829488829
facts,default,1,immediate,55,Jerusalem,Answer,0,-1,0,0,stop,4,0,qwen3.6-27b,Answer: Jerusalem,What is the capital city of Israel?,437057579
facts,default,1,immediate,56,Kabul,Answer,0,-1,0,0,stop,4,0,qwen3.6-27b,Answer: Kabul,What is the capital city of Afghanistan?,2198186385
facts,default,1,immediate,57,Addis Ababa,Answer,0,-1,0,0,stop,7,0,qwen3.6-27b,Answer: Addis Ababa,What is the capital city of Ethiopia?,4093810951
facts,default,1,immediate,58,Astana,Answer,0,-1,0,0,stop,5,0,qwen3.6-27b,Answer: Astana,What is the capital city of Kazakhstan?,1690141846
facts,default,1,immediate,59,Lima,Answer,0,-1,0,0,stop,4,0,qwen3.6-27b,Answer: Lima,What is the capital city of Peru?,331002880
facts,default,1,immediate,60,Stockholm,Answer,0,-1,0,0,stop,4,0,qwen3.6-27b,Answer: Stockholm,What is the capital city of Sweden?,1095458663
facts,default,1,immediate,61,Vientiane,Answer,0,-1,0,0,stop,5,0,qwen3.6-27b,Answer: Vientiane,What is the capital city of Laos?,910979057
facts,default,1,immediate,62,Baku,Answer,0,-1,0,0,stop,5,0,qwen3.6-27b,Answer: Baku,What is the capital city of Azerbaijan?,2940550731
facts,default,1,immediate,63,Vientiane,Answer,0,-1,0,0,stop,6,0,qwen3.6-27b,Answer: Vientiane,What is the capital city of Laos?,3628207837
facts,default,1,immediate,64,Baku,Answer,0,-1,0,0,stop,5,0,qwen3.6-27b,Answer: Baku,What is the capital city of Azerbaijan?,1176935294
facts,default,1,immediate,65,Jerusalem,Answer,0,-1,0,0,stop,4,0,qwen3.6-27b,Answer: Jerusalem,What is the capital city of Israel?,824290280
facts,default,1,immediate,66,Bucharest,Answer,0,-1,0,0,stop,5,0,qwen3.6-27b,Answer: Bucharest,What is the capital city of Romania?,2821257810
facts,default,1,immediate,67,Bucharest,Answer,0,-1,0,0,stop,5,0,qwen3.6-27b,Answer: Bucharest,What is the capital city of Romania?,3744451268
facts,default,1,immediate,68,Bucharest,Answer,0,-1,0,0,stop,4,0,qwen3.6-27b,Answer: Bucharest,What is the capital city of Romania?,1334892373
facts,default,1,immediate,69,Tokyo,Answer,0,-1,0,0,stop,4,0,qwen3.6-27b,Answer: Tokyo,What is the capital city of Japan?,949479363
facts,default,1,immediate,70,Accra,Answer,0,-1,0,0,stop,5,0,qwen3.6-27b,Answer: Accra,What is the capital city of Ghana?,1481666086
facts,default,1,immediate,71,Sofia,Answer,0,-1,0,0,stop,4,0,qwen3.6-27b,Answer: Sofia,What is the capital city of Bulgaria?,794255024
facts,default,1,immediate,72,Lima,Answer,0,-1,0,0,stop,4,0,qwen3.6-27b,Answer: Lima,What is the capital city of Peru?,3059617546
facts,default,1,immediate,73,Pretoria,Answer,0,-1,0,0,stop,5,0,qwen3.6-27b,Answer: Pretoria,What is the capital city of South Africa?,3243851676
facts,default,1,immediate,74,Lima,Answer,0,-1,0,0,stop,4,0,qwen3.6-27b,Answer: Lima,What is the capital city of Peru?,1597876799
facts,default,1,immediate,75,Kyiv,Answer,0,-1,0,0,stop,4,0,qwen3.6-27b,Answer: Kyiv,What is the capital city of Ukraine?,674929321
facts,default,1,immediate,76,Stockholm,Answer,0,-1,0,0,stop,4,0,qwen3.6-27b,Answer: Stockholm,What is the capital city of Sweden?,2972961555
facts,default,1,immediate,77,Phnom Penh,Answer,0,-1,0,0,stop,7,0,qwen3.6-27b,Answer: Phnom Penh,What is the capital city of Cambodia?,3325361029
facts,default,1,immediate,78,Stockholm,Answer,0,-1,0,0,stop,4,0,qwen3.6-27b,Answer: Stockholm,What is the capital city of Sweden?,1452008980
facts,default,1,immediate,79,Vientiane,Answer,0,-1,0,0,stop,6,0,qwen3.6-27b,Answer: Vientiane,What is the capital city of Laos?,562878082
facts,default,1,cot,0,Hanoi,Hanoi,1,-1,0,0,stop,202,187,qwen3.6-27b,"The capital of Vietnam is Hanoi.
Answer: Hanoi",What is the capital city of Vietnam?,2838286984
facts,default,1,cot,1,Jakarta,Jakarta,1,-1,0,0,stop,551,538,qwen3.6-27b,"The capital of Indonesia is Jakarta.
Answer: Jakarta",What is the capital city of Indonesia?,3727417886
facts,default,1,cot,2,Kyiv,Kyiv,1,-1,0,0,stop,1600,1553,qwen3.6-27b,"Step 1: Identify the country in the question: Ukraine.
Step 2: Recall the official capital city of Ukraine from geographical knowledge.
Step 3: The capital is Kyiv.
Answer: Kyiv",What is the capital city of Ukraine?,1193456548
facts,default,1,cot,3,Astana,Astana,1,-1,0,0,stop,350,335,qwen3.6-27b,"The capital of Kazakhstan is Astana.
Answer: Astana",What is the capital city of Kazakhstan?,807764786
facts,default,1,cot,4,Dhaka,Dhaka,1,-1,0,0,stop,948,899,qwen3.6-27b,"Step 1: Identify the country in question, which is Bangladesh.
Step 2: Recall the capital city of Bangladesh from established geographical knowledge.
Step 3: Verify that the capital has not changed recently (it remains Dhaka).

Answer: Dhaka",What is the capital city of Bangladesh?,2923501201
facts,default,1,cot,5,Budapest,Budapest,1,-1,0,0,stop,167,154,qwen3.6-27b,"The capital of Hungary is Budapest.
Answer: Budapest",What is the capital city of Hungary?,3645253127
facts,default,1,cot,6,Astana,Astana,1,-1,0,0,stop,1409,1218,qwen3.6-27b,"To determine the capital of Kazakhstan:
1. Identify the country: Kazakhstan is a large Central Asian nation.
2. Recall its capital history: The capital was originally Almaty, but was relocated in 1997 to a newly developed city named Astana.
3. Check for recent name changes: The city was renamed Nur-Sultan in 2019, but was officially renamed back to Astana in September 2022.
4. Confirm current status: Astana remains the official and current capital.

Answer: Astana",What is the capital city of Kazakhstan?,1078949821
facts,default,1,cot,7,Pretoria,Bloemfontein,0,-1,0,0,stop,1205,1153,qwen3.6-27b,"South Africa is unique in that it has three capital cities, each serving a different branch of government:
- **Pretoria** serves as the executive and administrative capital.
- **Cape Town** is the legislative capital.
- **Bloemfontein** is the judicial capital.

Answer: Pretoria, Cape Town, and Bloemfontein",What is the capital city of South Africa?,927483691
facts,default,1,cot,8,Baku,Baku,1,-1,0,0,stop,1215,1159,qwen3.6-27b,"To determine the capital city of Azerbaijan, I will follow these steps:
1. Identify the country in question: Azerbaijan, a transcontinental nation located at the crossroads of Eastern Europe and Western Asia.
2. Recall its political, economic, and administrative center: The city that houses the national government, parliament, and presidential administration.
3. Verify the name: Baku is the largest city in Azerbaijan and has served as its capital since the country's independence.
4. Format the final result as requested.

Answer: Baku",What is the capital city of Azerbaijan?,2818005690
facts,default,1,cot,9,Warsaw,Warsaw,1,-1,0,0,stop,164,147,qwen3.6-27b,"The capital city of Poland is Warsaw.
Answer: Warsaw",What is the capital city of Poland?,3505416748
facts,default,1,cot,10,Sofia,Sofia,1,-1,0,0,stop,175,161,qwen3.6-27b,"The capital of Bulgaria is Sofia.
Answer: Sofia",What is the capital city of Bulgaria?,235588000
facts,default,1,cot,11,Sofia,Sofia,1,-1,0,0,stop,164,151,qwen3.6-27b,"The capital of Bulgaria is Sofia.
Answer: Sofia",What is the capital city of Bulgaria?,2030958902
facts,default,1,cot,12,Sofia,Sofia,1,-1,0,0,stop,1290,1294,qwen3.6-27b,"The capital city of Bulgaria is Sofia.
Answer: Sofia",What is the capital city of Bulgaria?,3758401676
facts,default,1,cot,13,Sofia,Sofia,1,-1,0,0,stop,167,154,qwen3.6-27b,"The capital of Bulgaria is Sofia.
Answer: Sofia",What is the capital city of Bulgaria?,2533595162
facts,default,1,cot,14,Abuja,Abuja,1,-1,0,0,stop,552,499,qwen3.6-27b,"The capital city of Nigeria is Abuja, which officially replaced Lagos as the capital in December 1991.

Answer: Abuja",What is the capital city of Nigeria?,157748665
facts,default,1,cot,15,Sofia,Sofia,1,-1,0,0,stop,170,157,qwen3.6-27b,"The capital of Bulgaria is Sofia.
Answer: Sofia",What is the capital city of Bulgaria?,2120236335
facts,default,1,cot,16,Tokyo,Tokyo,1,-1,0,0,stop,142,129,qwen3.6-27b,"The capital of Japan is Tokyo.
Answer: Tokyo",What is the capital city of Japan?,3882445973
facts,default,1,cot,17,Seoul,Seoul,1,-1,0,0,stop,224,210,qwen3.6-27b,"The capital of South Korea is Seoul.
Answer: Seoul",What is the capital city of South Korea?,2423151619
facts,default,1,cot,18,Jakarta,Jakarta,1,-1,0,0,stop,438,425,qwen3.6-27b,"The capital of Indonesia is Jakarta.
Answer: Jakarta",What is the capital city of Indonesia?,13713810
facts,default,1,cot,19,Seoul,Seoul,1,-1,0,0,stop,206,192,qwen3.6-27b,"The capital of South Korea is Seoul.
Answer: Seoul",What is the capital city of South Korea?,2010542340
facts,default,1,cot,20,Accra,Accra,1,-1,0,0,stop,175,151,qwen3.6-27b,"The capital of Ghana is Accra.
Answer: Accra",What is the capital city of Ghana?,623352419
facts,default,1,cot,21,Astana,Astana,1,-1,0,0,stop,543,525,qwen3.6-27b,"The capital of Kazakhstan is Astana.
Answer: Astana",What is the capital city of Kazakhstan?,1377872629
facts,default,1,cot,22,Phnom Penh,Penh,0,-1,0,0,stop,180,152,qwen3.6-27b,"The capital of Cambodia is Phnom Penh.
Answer: Phnom Penh",What is the capital city of Cambodia?,3408526159
facts,default,1,cot,23,Seoul,Seoul,1,-1,0,0,stop,173,159,qwen3.6-27b,"The capital of South Korea is Seoul.
Answer: Seoul",What is the capital city of South Korea?,3157183449
facts,default,1,cot,24,Bucharest,Bucharest,1,-1,0,0,stop,874,794,qwen3.6-27b,"To determine the capital city of Romania, I will follow these steps:
1. Identify the country in question: Romania, a nation located in Southeastern Europe.
2. Recall the political and administrative center of the country.
3. Verify that Bucharest (București in Romanian) is officially recognized as the capital and largest city of Romania.

Answer: Bucharest",What is the capital city of Romania?,575299194
facts,default,1,cot,25,Accra,Accra,1,-1,0,0,stop,164,149,qwen3.6-27b,"The capital of Ghana is Accra.
Answer: Accra",What is the capital city of Ghana?,1431138028
facts,default,1,cot,26,Tbilisi,Tbilisi,1,-1,0,0,stop,1548,1453,qwen3.6-27b,"Step 1: Identify the entity in question. ""Georgia"" can refer to either the sovereign country in the Caucasus region or the U.S. state.
Step 2: In standard international and geographical contexts, ""Georgia"" refers to the country.
Step 3: The capital city of the country Georgia is Tbilisi. (Note: If you were referring to the U.S. state of Georgia, its capital is Atlanta.)
Step 4: Provide the final answer in the requested format.

Answer: Tbilisi",What is the capital city of Georgia?,3427024726
facts,default,1,cot,27,Abuja,Abuja,1,-1,0,0,stop,248,216,qwen3.6-27b,"The capital of Nigeria is Abuja.
Answer: Abuja",What is the capital city of Nigeria?,3141734336
facts,default,1,cot,28,Jerusalem,Jerusalem,1,-1,0,0,stop,241,259,qwen3.6-27b,"The capital of Israel is Jerusalem.
Answer: Jerusalem",What is the capital city of Israel?,737940049
facts,default,1,cot,29,Yangon,Naypyidaw,0,-1,0,0,stop,344,269,qwen3.6-27b,"The capital city of Myanmar is Naypyidaw, which officially replaced Yangon as the capital in 2005.

Answer: Naypyidaw",What is the capital city of Myanmar?,1559962311
facts,default,1,cot,30,Lima,Lima,1,-1,0,0,stop,154,138,qwen3.6-27b,"The capital of Peru is Lima.
Answer: Lima",What is the capital city of Peru?,1010608930
facts,default,1,cot,31,Prague,Prague,1,-1,0,0,stop,178,163,qwen3.6-27b,"The capital city of Czechia is Prague.
Answer: Prague",What is the capital city of Czechia?,1262197684
facts,default,1,cot,32,Prague,Prague,1,-1,0,0,stop,168,149,qwen3.6-27b,"The capital of Czechia is Prague.
Answer: Prague",What is the capital city of Czechia?,3526543886
facts,default,1,cot,33,Jerusalem,Jerusalem,1,-1,0,0,stop,319,306,qwen3.6-27b,"The capital of Israel is Jerusalem.
Answer: Jerusalem",What is the capital city of Israel?,2771778200
facts,default,1,cot,34,Abuja,Abuja,1,-1,0,0,stop,213,198,qwen3.6-27b,"The capital of Nigeria is Abuja.
Answer: Abuja",What is the capital city of Nigeria?,995192635
facts,default,1,cot,35,Baku,Baku,1,-1,0,0,stop,214,204,qwen3.6-27b,"The capital of Azerbaijan is Baku.
Answer: Baku",What is the capital city of Azerbaijan?,1280729005
facts,default,1,cot,36,Moscow,Moscow,1,-1,0,0,stop,156,142,qwen3.6-27b,"The capital city of Russia is Moscow.
Answer: Moscow",What is the capital city of Russia?,3579776535
facts,default,1,cot,37,Lima,Lima,1,-1,0,0,stop,233,213,qwen3.6-27b,"The capital city of Peru is Lima.
Answer: Lima",What is the capital city of Peru?,2723692161
facts,default,1,cot,38,Moscow,Moscow,1,-1,0,0,stop,158,144,qwen3.6-27b,"The capital city of Russia is Moscow.
Answer: Moscow",What is the capital city of Russia?,854008592
facts,default,1,cot,39,Baku,Baku,1,-1,0,0,stop,1485,1430,qwen3.6-27b,"Step 1: Identify the country in question: Azerbaijan.
Step 2: Recall the official political and administrative center of the country.
Step 3: The capital city of Azerbaijan is Baku, located on the Absheron Peninsula along the Caspian Sea.

Answer: Baku",What is the capital city of Azerbaijan?,1172312966
facts,default,1,cot,40,Prague,Prague,1,-1,0,0,stop,179,161,qwen3.6-27b,"The capital city of Czechia is Prague.
Answer: Prague",What is the capital city of Czechia?,1937587685
facts,default,1,cot,41,Moscow,Moscow,1,-1,0,0,stop,147,131,qwen3.6-27b,"The capital of Russia is Moscow.
Answer: Moscow",What is the capital city of Russia?,75107699
facts,default,1,cot,42,Vientiane,Vientiane,1,-1,0,0,stop,212,187,qwen3.6-27b,"The capital city of Laos is Vientiane.
Answer: Vientiane",What is the capital city of Laos?,2641583305
facts,default,1,cot,43,Warsaw,Warsaw,1,-1,0,0,stop,165,151,qwen3.6-27b,"The capital city of Poland is Warsaw.
Answer: Warsaw",What is the capital city of Poland?,3933498463
facts,default,1,cot,44,Baku,Baku,1,-1,0,0,stop,217,202,qwen3.6-27b,"The capital of Azerbaijan is Baku.
Answer: Baku",What is the capital city of Azerbaijan?,1947269628
facts,default,1,cot,45,Hanoi,Hanoi,1,-1,0,0,stop,226,210,qwen3.6-27b,"The capital city of Vietnam is Hanoi.
Answer: Hanoi",What is the capital city of Vietnam?,51890538
facts,default,1,cot,46,Tbilisi,Tbilisi,1,-1,0,0,stop,1190,1121,qwen3.6-27b,"The name ""Georgia"" can refer to two different places: a sovereign country in the Caucasus region or a state in the United States. In standard international geography, it refers to the country, whose capital is Tbilisi. (If you meant the U.S. state, the capital is Atlanta.)

Answer: Tbilisi",What is the capital city of Georgia?,2585696464
facts,default,1,cot,47,Lima,Lima,1,-1,0,0,stop,164,145,qwen3.6-27b,"The capital of Peru is Lima.
Answer: Lima",What is the capital city of Peru?,3977881670
facts,default,1,cot,48,Dhaka,Dhaka,1,-1,0,0,stop,170,152,qwen3.6-27b,"The capital of Bangladesh is Dhaka.
Answer: Dhaka",What is the capital city of Bangladesh?,2108077527
facts,default,1,cot,49,Seoul,Seoul,1,-1,0,0,stop,206,192,qwen3.6-27b,"The capital of South Korea is Seoul.
Answer: Seoul",What is the capital city of South Korea?,178357569
facts,default,1,cot,50,Kyiv,Kyiv,1,-1,0,0,stop,174,156,qwen3.6-27b,"The capital of Ukraine is Kyiv.
Answer: Kyiv",What is the capital city of Ukraine?,1785072804
facts,default,1,cot,51,Astana,Astana,1,-1,0,0,stop,351,336,qwen3.6-27b,"The capital of Kazakhstan is Astana.
Answer: Astana",What is the capital city of Kazakhstan?,492911666
facts,default,1,cot,52,Prague,Prague,1,-1,0,0,stop,167,153,qwen3.6-27b,"The capital of Czechia is Prague.
Answer: Prague",What is the capital city of Czechia?,2221436296
facts,default,1,cot,53,Tbilisi,Tbilisi,1,-1,0,0,stop,1101,1022,qwen3.6-27b,"Step 1: Identify the subject. The question asks for the capital of ""Georgia."" Given the context of previous questions about national capitals, this refers to the sovereign country of Georgia located in the Caucasus region at the intersection of Eastern Europe and Western Asia.
Step 2: Recall the capital. The capital city of the country of Georgia is Tbilisi. (Note: If the question referred to the U.S. state of Georgia, the capital would be Atlanta, but the country is the standard interpretation in this context.)
Step 3: Format the final answer as requested.

Answer: Tbilisi",What is the capital city of Georgia?,4084161822
facts,default,1,cot,54,Prague,Prague,1,-1,0,0,stop,171,154,qwen3.6-27b,"The capital of Czechia is Prague.
Answer: Prague",What is the capital city of Czechia?,1829488829
facts,default,1,cot,55,Jerusalem,Jerusalem,1,-1,0,0,stop,565,436,qwen3.6-27b,"Step 1: Identify the country in question, which is Israel.
Step 2: Determine the city that serves as the seat of government and is officially designated as the capital by the Israeli government.
Step 3: Recognize that Jerusalem houses the Knesset (parliament), the Supreme Court, and the President's and Prime Minister's offices, making it the de facto and officially declared capital.
Step 4: Acknowledge that while the international community has varying diplomatic positions regarding the status of Jerusalem due to the Israeli-Palestinian conflict, the universally recognized official capital of Israel is Jerusalem.

Answer: Jerusalem",What is the capital city of Israel?,437057579
facts,default,1,cot,56,Kabul,Kabul,1,-1,0,0,stop,1031,972,qwen3.6-27b,"To determine the capital city of Afghanistan, I will:
1. Identify the country in question: Afghanistan.
2. Recall its established political and administrative center.
3. Verify that Kabul has served as the capital for centuries and remains the recognized capital today.

Answer: Kabul",What is the capital city of Afghanistan?,2198186385
facts,default,1,cot,57,Addis Ababa,Ababa,0,-1,0,0,stop,953,864,qwen3.6-27b,"Step 1: Identify the country in question, which is Ethiopia, located in the Horn of Africa.
Step 2: Recall the capital city from geographical knowledge. The capital is Addis Ababa.
Step 3: Verify current status. Addis Ababa has been the capital since 1886 and remains the political, economic, and diplomatic center of the country today.

Answer: Addis Ababa",What is the capital city of Ethiopia?,4093810951
facts,default,1,cot,58,Astana,Astana,1,-1,0,0,stop,586,524,qwen3.6-27b,"The capital of Kazakhstan is Astana.
Answer: Astana",What is the capital city of Kazakhstan?,1690141846
facts,default,1,cot,59,Lima,Lima,1,-1,0,0,stop,153,131,qwen3.6-27b,"The capital of Peru is Lima.
Answer: Lima",What is the capital city of Peru?,331002880
facts,default,1,cot,60,Stockholm,Stockholm,1,-1,0,0,stop,167,155,qwen3.6-27b,"The capital of Sweden is Stockholm.
Answer: Stockholm",What is the capital city of Sweden?,1095458663
facts,default,1,cot,61,Vientiane,Vientiane,1,-1,0,0,stop,185,168,qwen3.6-27b,"The capital of Laos is Vientiane.
Answer: Vientiane",What is the capital city of Laos?,910979057
facts,default,1,cot,62,Baku,Baku,1,-1,0,0,stop,176,161,qwen3.6-27b,"The capital of Azerbaijan is Baku.
Answer: Baku",What is the capital city of Azerbaijan?,2940550731
facts,default,1,cot,63,Vientiane,Vientiane,1,-1,0,0,stop,174,157,qwen3.6-27b,"The capital of Laos is Vientiane.
Answer: Vientiane",What is the capital city of Laos?,3628207837
facts,default,1,cot,64,Baku,Baku,1,-1,0,0,stop,218,206,qwen3.6-27b,"The capital of Azerbaijan is Baku.
Answer: Baku",What is the capital city of Azerbaijan?,1176935294
facts,default,1,cot,65,Jerusalem,Jerusalem,1,-1,0,0,stop,1376,1296,qwen3.6-27b,"To determine the capital city of Israel:
1. Identify the country in question: Israel.
2. Recall the official seat of government and administrative center.
3. Jerusalem is designated as the capital by the Israeli government and houses all major state institutions, including the Knesset and Supreme Court.
4. Format the final answer as requested.

Answer: Jerusalem",What is the capital city of Israel?,824290280
facts,default,1,cot,66,Bucharest,Bucharest,1,-1,0,0,stop,168,148,qwen3.6-27b,"The capital of Romania is Bucharest.
Answer: Bucharest",What is the capital city of Romania?,2821257810
facts,default,1,cot,67,Bucharest,Bucharest,1,-1,0,0,stop,736,653,qwen3.6-27b,"Step 1: Identify the country in question, which is Romania.
Step 2: Recall the political, economic, and cultural center of the country.
Step 3: Verify that Bucharest has officially served as the capital since 1862 and is the largest city in Romania.
Step 4: Format the final answer as requested.

Answer: Bucharest",What is the capital city of Romania?,3744451268
facts,default,1,cot,68,Bucharest,Bucharest,1,-1,0,0,stop,234,215,qwen3.6-27b,"The capital city of Romania is Bucharest.
Answer: Bucharest",What is the capital city of Romania?,1334892373
facts,default,1,cot,69,Tokyo,Tokyo,1,-1,0,0,stop,159,146,qwen3.6-27b,"The capital of Japan is Tokyo.
Answer: Tokyo",What is the capital city of Japan?,949479363
facts,default,1,cot,70,Accra,Accra,1,-1,0,0,stop,193,175,qwen3.6-27b,"The capital of Ghana is Accra.
Answer: Accra",What is the capital city of Ghana?,1481666086
facts,default,1,cot,71,Sofia,Sofia,1,-1,0,0,stop,168,152,qwen3.6-27b,"The capital of Bulgaria is Sofia.
Answer: Sofia",What is the capital city of Bulgaria?,794255024
facts,default,1,cot,72,Lima,Lima,1,-1,0,0,stop,199,185,qwen3.6-27b,"The capital of Peru is Lima.
Answer: Lima",What is the capital city of Peru?,3059617546
facts,default,1,cot,73,Pretoria,Bloemfontein,0,-1,0,0,stop,1487,1469,qwen3.6-27b,"South Africa is unique in that it officially has three capital cities, each serving a different branch of government:
1. **Pretoria** serves as the executive and administrative capital.
2. **Cape Town** serves as the legislative capital, housing the Parliament.
3. **Bloemfontein** serves as the judicial capital, home to the Supreme Court of Appeal.

Answer: Pretoria, Cape Town, and Bloemfontein",What is the capital city of South Africa?,3243851676
facts,default,1,cot,74,Lima,Lima,1,-1,0,0,stop,162,143,qwen3.6-27b,"The capital of Peru is Lima.
Answer: Lima",What is the capital city of Peru?,1597876799
facts,default,1,cot,75,Kyiv,Kyiv,1,-1,0,0,stop,775,700,qwen3.6-27b,"To determine the capital city of Ukraine, I will follow these steps:
1. Identify the country in question: Ukraine.
2. Recall established geographical and political facts about the country.
3. Verify that Kyiv (also historically spelled Kiev) is the official capital, serving as Ukraine's political, economic, and cultural center.

Answer: Kyiv",What is the capital city of Ukraine?,674929321
facts,default,1,cot,76,Stockholm,Stockholm,1,-1,0,0,stop,976,937,qwen3.6-27b,"To determine the capital city of Sweden:
1. Identify the country in question: Sweden, a Nordic country located in Northern Europe.
2. Recall the primary administrative, political, and cultural center of the country.
3. Verify that Stockholm has historically and currently served as the seat of government and largest city.

Answer: Stockholm",What is the capital city of Sweden?,2972961555
facts,default,1,cot,77,Phnom Penh,Penh,0,-1,0,0,stop,185,166,qwen3.6-27b,"The capital of Cambodia is Phnom Penh.
Answer: Phnom Penh",What is the capital city of Cambodia?,3325361029
facts,default,1,cot,78,Stockholm,Stockholm,1,-1,0,0,stop,163,154,qwen3.6-27b,"The capital of Sweden is Stockholm.
Answer: Stockholm",What is the capital city of Sweden?,1452008980
facts,default,1,cot,79,Vientiane,Vientiane,1,-1,0,0,stop,206,186,qwen3.6-27b,"The capital of Laos is Vientiane.
Answer: Vientiane",What is the capital city of Laos?,562878082
facts,default,2,immediate,0,Baku,Answer,0,-1,0,0,stop,5,0,qwen3.6-27b,Answer: Baku,What is the capital city of the country whose currency is the manat?,2875878609
facts,default,2,immediate,1,Astana,Answer,0,-1,0,0,stop,5,0,qwen3.6-27b,Answer: Astana,What is the capital city of the country whose currency is the tenge?,3698154567
facts,default,2,immediate,2,Kyiv,Answer,0,-1,0,0,stop,5,0,qwen3.6-27b,Answer: Kyiv,What is the capital city of the country whose currency is the hryvnia?,1164185085
facts,default,2,immediate,3,Yangon,Answer,0,-1,0,0,stop,7,0,qwen3.6-27b,Answer: Naypyidaw,What is the capital city of the country whose currency is the kyat?,845364587
facts,default,2,immediate,4,Stockholm,Answer,0,-1,0,0,stop,4,0,qwen3.6-27b,Answer: Stockholm,What is the capital city of the country whose currency is the krona?,2886183112
facts,default,2,immediate,5,Beijing,Answer,0,-1,0,0,stop,4,0,qwen3.6-27b,Answer: Beijing,What is the capital city of the country whose currency is the yuan?,3674249310
facts,default,2,immediate,6,Bangkok,Answer,0,-1,0,0,stop,4,0,qwen3.6-27b,Answer: Bangkok,What is the capital city of the country whose currency is the baht?,1107937764
facts,default,2,immediate,7,Jakarta,Answer,0,-1,0,0,stop,4,0,qwen3.6-27b,Answer: Jakarta,What is the capital city of the country whose currency is the rupiah?,890173810
facts,default,2,immediate,8,Budapest,Answer,0,-1,0,0,stop,3,0,qwen3.6-27b,Answer: Budapest,What is the capital city of the country whose currency is the forint?,2779899107
facts,default,2,immediate,9,Addis Ababa,Answer,0,-1,0,0,stop,7,0,qwen3.6-27b,Answer: Addis Ababa,What is the capital city of the country whose currency is the birr?,3535197301
facts,default,2,immediate,10,Jerusalem,Answer,0,-1,0,0,stop,4,0,qwen3.6-27b,Answer: Jerusalem,What is the capital city of the country whose currency is the shekel?,482305614
facts,default,2,immediate,11,Jakarta,Answer,0,-1,0,0,stop,4,0,qwen3.6-27b,Answer: Jakarta,What is the capital city of the country whose currency is the rupiah?,1807242968
facts,default,2,immediate,12,Vientiane,Answer,0,-1,0,0,stop,6,0,qwen3.6-27b,Answer: Vientiane,What is the capital city of the country whose currency is the kip?,4071688034
facts,default,2,immediate,13,Stockholm,Answer,0,-1,0,0,stop,7,0,qwen3.6-27b,Answer: Reykjavik,What is the capital city of the country whose currency is the krona?,2243311604
facts,default,2,immediate,14,Tokyo,Answer,0,-1,0,0,stop,4,0,qwen3.6-27b,Answer: Tokyo,What is the capital city of the country whose currency is the yen?,466788951
facts,default,2,immediate,15,Moscow,Answer,0,-1,0,0,stop,4,0,qwen3.6-27b,Answer: Moscow,What is the capital city of the country whose currency is the ruble?,1825936065
facts,default,2,immediate,16,Seoul,Answer,0,-1,0,0,stop,4,0,qwen3.6-27b,Answer: Seoul,What is the capital city of the country whose currency is the won?,4124885883
facts,default,2,immediate,17,Baku,Answer,0,-1,0,0,stop,5,0,qwen3.6-27b,Answer: Baku,What is the capital city of the country whose currency is the manat?,2195452909
facts,default,2,immediate,18,Bangkok,Answer,0,-1,0,0,stop,4,0,qwen3.6-27b,Answer: Bangkok,What is the capital city of the country whose currency is the baht?,308604540
facts,default,2,immediate,19,Baku,Answer,0,-1,0,0,stop,5,0,qwen3.6-27b,Answer: Baku,What is the capital city of the country whose currency is the manat?,1701043946
facts,default,2,immediate,20,Sofia,Answer,0,-1,0,0,stop,4,0,qwen3.6-27b,Answer: Sofia,What is the capital city of the country whose currency is the lev?,932328845
facts,default,2,immediate,21,Hanoi,Answer,0,-1,0,0,stop,5,0,qwen3.6-27b,Answer: Hanoi,What is the capital city of the country whose currency is the dong?,1083507995
facts,default,2,immediate,22,Addis Ababa,Answer,0,-1,0,0,stop,7,0,qwen3.6-27b,Answer: Addis Ababa,What is the capital city of the country whose currency is the birr?,3650901153
facts,default,2,immediate,23,Dhaka,Answer,0,-1,0,0,stop,5,0,qwen3.6-27b,Answer: Dhaka,What is the capital city of the country whose currency is the taka?,2929419319
facts,default,2,immediate,24,Accra,Answer,0,-1,0,0,stop,5,0,qwen3.6-27b,Answer: Accra,What is the capital city of the country whose currency is the cedi?,822079892
facts,default,2,immediate,25,Kyiv,Answer,0,-1,0,0,stop,5,0,qwen3.6-27b,Answer: Kyiv,What is the capital city of the country whose currency is the hryvnia?,1207484674
facts,default,2,immediate,26,Baku,Answer,0,-1,0,0,stop,5,0,qwen3.6-27b,Answer: Baku,What is the capital city of the country whose currency is the manat?,3740373176
facts,default,2,immediate,27,Sofia,Answer,0,-1,0,0,stop,4,0,qwen3.6-27b,Answer: Sofia,What is the capital city of the country whose currency is the lev?,2851512366
facts,default,2,immediate,28,Sofia,Answer,0,-1,0,0,stop,4,0,qwen3.6-27b,Answer: Sofia,What is the capital city of the country whose currency is the lev?,961134015
facts,default,2,immediate,29,Jakarta,Answer,0,-1,0,0,stop,4,0,qwen3.6-27b,Answer: Jakarta,What is the capital city of the country whose currency is the rupiah?,1313770793
facts,default,2,immediate,30,Budapest,Answer,0,-1,0,0,stop,4,0,qwen3.6-27b,Answer: Budapest,What is the capital city of the country whose currency is the forint?,780731596
facts,default,2,immediate,31,Accra,Answer,0,-1,0,0,stop,5,0,qwen3.6-27b,Answer: Accra,What is the capital city of the country whose currency is the cedi?,1502491738
facts,default,2,immediate,32,Tokyo,Answer,0,-1,0,0,stop,4,0,qwen3.6-27b,Answer: Tokyo,What is the capital city of the country whose currency is the yen?,3230098912
facts,default,2,immediate,33,Budapest,Answer,0,-1,0,0,stop,3,0,qwen3.6-27b,Answer: Budapest,What is the capital city of the country whose currency is the forint?,3078641014
facts,default,2,immediate,34,Dhaka,Answer,0,-1,0,0,stop,5,0,qwen3.6-27b,Answer: Dhaka,What is the capital city of the country whose currency is the taka?,702857429
facts,default,2,immediate,35,Baku,Answer,0,-1,0,0,stop,5,0,qwen3.6-27b,Answer: Baku,What is the capital city of the country whose currency is the manat?,1591996483
facts,default,2,immediate,36,Bucharest,Answer,0,-1,0,0,stop,5,0,qwen3.6-27b,Answer: Bucharest,What is the capital city of the country whose currency is the leu?,3354042873
facts,default,2,immediate,37,Kyiv,Answer,0,-1,0,0,stop,5,0,qwen3.6-27b,Answer: Kyiv,What is the capital city of the country whose currency is the hryvnia?,2968359279
facts,default,2,immediate,38,Bucharest,Answer,0,-1,0,0,stop,5,0,qwen3.6-27b,Answer: Bucharest,What is the capital city of the country whose currency is the leu?,542280958
facts,default,2,immediate,39,Seoul,Answer,0,-1,0,0,stop,4,0,qwen3.6-27b,Answer: Seoul,What is the capital city of the country whose currency is the won?,1465236584
facts,default,2,immediate,40,Tokyo,Answer,0,-1,0,0,stop,3,0,qwen3.6-27b,Answer: Tokyo,What is the capital city of the country whose currency is the yen?,1640534539
facts,default,2,immediate,41,Bangkok,Answer,0,-1,0,0,stop,4,0,qwen3.6-27b,Answer: Bangkok,What is the capital city of the country whose currency is the baht?,382706333
facts,default,2,immediate,42,Bangkok,Answer,0,-1,0,0,stop,4,0,qwen3.6-27b,Answer: Bangkok,What is the capital city of the country whose currency is the baht?,2412180263
facts,default,2,immediate,43,Prague,Answer,0,-1,0,0,stop,4,0,qwen3.6-27b,Answer: Prague,What is the capital city of the country whose currency is the koruna?,4173448113
facts,default,2,immediate,44,Accra,Answer,0,-1,0,0,stop,5,0,qwen3.6-27b,Answer: Accra,What is the capital city of the country whose currency is the cedi?,1722111506
facts,default,2,immediate,45,Addis Ababa,Answer,0,-1,0,0,stop,7,0,qwen3.6-27b,Answer: Addis Ababa,What is the capital city of the country whose currency is the birr?,295855748
facts,default,2,immediate,46,Kyiv,Answer,0,-1,0,0,stop,5,0,qwen3.6-27b,Answer: Kyiv,What is the capital city of the country whose currency is the hryvnia?,2292922174
facts,default,2,immediate,47,Tokyo,Answer,0,-1,0,0,stop,4,0,qwen3.6-27b,Answer: Tokyo,What is the capital city of the country whose currency is the yen?,4289464232
facts,default,2,immediate,48,Astana,Answer,0,-1,0,0,stop,5,0,qwen3.6-27b,Answer: Astana,What is the capital city of the country whose currency is the tenge?,1863522873
facts,default,2,immediate,49,Bucharest,Answer,0,-1,0,0,stop,5,0,qwen3.6-27b,Answer: Bucharest,What is the capital city of the country whose currency is the leu?,403974831
facts,default,2,immediate,50,Yangon,Answer,0,-1,0,0,stop,7,0,qwen3.6-27b,Answer: Naypyidaw,What is the capital city of the country whose currency is the kyat?,2027135818
facts,default,2,immediate,51,Prague,Answer,0,-1,0,0,stop,4,0,qwen3.6-27b,Answer: Prague,What is the capital city of the country whose currency is the koruna?,265589724
facts,default,2,immediate,52,Yerevan,Answer,0,-1,0,0,stop,6,0,qwen3.6-27b,Answer: Yerevan,What is the capital city of the country whose currency is the dram?,2531115622
facts,default,2,immediate,53,Jakarta,Answer,0,-1,0,0,stop,4,0,qwen3.6-27b,Answer: Jakarta,What is the capital city of the country whose currency is the rupiah?,3789222640
facts,default,2,immediate,54,Dhaka,Answer,0,-1,0,0,stop,5,0,qwen3.6-27b,Answer: Dhaka,What is the capital city of the country whose currency is the taka?,2143184723
facts,default,2,immediate,55,Stockholm,Answer,0,-1,0,0,stop,4,0,qwen3.6-27b,Answer: Stockholm,What is the capital city of the country whose currency is the krona?,146364357
facts,default,2,immediate,56,Astana,Answer,0,-1,0,0,stop,5,0,qwen3.6-27b,Answer: Astana,What is the capital city of the country whose currency is the tenge?,2444232319
facts,default,2,immediate,57,Caracas,Answer,0,-1,0,0,stop,4,0,qwen3.6-27b,Answer: Caracas,What is the capital city of the country whose currency is the bolivar?,3870766825
facts,default,2,immediate,58,Phnom Penh,Answer,0,-1,0,0,stop,7,0,qwen3.6-27b,Answer: Phnom Penh,What is the capital city of the country whose currency is the riel?,1980246904
facts,default,2,immediate,59,Beijing,Answer,0,-1,0,0,stop,4,0,qwen3.6-27b,Answer: Beijing,What is the capital city of the country whose currency is the yuan?,17767406
facts,default,2,immediate,60,Yangon,Answer,0,-1,0,0,stop,7,0,qwen3.6-27b,Answer: Naypyidaw,What is the capital city of the country whose currency is the kyat?,1409216649
facts,default,2,immediate,61,Yangon,Answer,0,-1,0,0,stop,7,0,qwen3.6-27b,Answer: Naypyidaw,What is the capital city of the country whose currency is the kyat?,620347423
facts,default,2,immediate,62,Kabul,Answer,0,-1,0,0,stop,4,0,qwen3.6-27b,Answer: Kabul,What is the capital city of the country whose currency is the afghani?,3186659749
facts,default,2,immediate,63,Lima,Answer,0,-1,0,0,stop,4,0,qwen3.6-27b,Answer: Lima,What is the capital city of the country whose currency is the sol?,3405226291
facts,default,2,immediate,64,Beijing,Answer,0,-1,0,0,stop,4,0,qwen3.6-27b,Answer: Beijing,What is the capital city of the country whose currency is the yuan?,1418933392
facts,default,2,immediate,65,Kabul,Answer,0,-1,0,0,stop,4,0,qwen3.6-27b,Answer: Kabul,What is the capital city of the country whose currency is the afghani?,596902918
facts,default,2,immediate,66,Caracas,Answer,0,-1,0,0,stop,4,0,qwen3.6-27b,Answer: Caracas,What is the capital city of the country whose currency is the bolivar?,3130873276
facts,default,2,immediate,67,Bangkok,Answer,0,-1,0,0,stop,4,0,qwen3.6-27b,Answer: Bangkok,What is the capital city of the country whose currency is the baht?,3449447722
facts,default,2,immediate,68,Baku,Answer,0,-1,0,0,stop,5,0,qwen3.6-27b,Answer: Baku,What is the capital city of the country whose currency is the manat?,1562736827
facts,default,2,immediate,69,Bucharest,Answer,0,-1,0,0,stop,5,0,qwen3.6-27b,Answer: Bucharest,What is the capital city of the country whose currency is the leu?,706889773
facts,default,2,immediate,70,Prague,Answer,0,-1,0,0,stop,3,0,qwen3.6-27b,Answer: Prague,What is the capital city of the country whose currency is the koruna?,1256571336
facts,default,2,immediate,71,Stockholm,Answer,0,-1,0,0,stop,4,0,qwen3.6-27b,Answer: Stockholm,What is the capital city of the country whose currency is the krona?,1038283102
facts,default,2,immediate,72,Kabul,Answer,0,-1,0,0,stop,4,0,qwen3.6-27b,Answer: Kabul,What is the capital city of the country whose currency is the afghani?,2766905572
facts,default,2,immediate,73,Lima,Answer,0,-1,0,0,stop,4,0,qwen3.6-27b,Answer: Lima,What is the capital city of the country whose currency is the sol?,3555496050
facts,default,2,immediate,74,Vientiane,Answer,0,-1,0,0,stop,6,0,qwen3.6-27b,Answer: Vientiane,What is the capital city of the country whose currency is the kip?,1300760017
facts,default,2,immediate,75,Phnom Penh,Answer,0,-1,0,0,stop,7,0,qwen3.6-27b,Answer: Phnom Penh,What is the capital city of the country whose currency is the riel?,982463815
facts,default,2,immediate,76,Lima,Answer,0,-1,0,0,stop,3,0,qwen3.6-27b,Answer: Lima,What is the capital city of the country whose currency is the sol?,2743493885
facts,default,2,immediate,77,Dhaka,Answer,0,-1,0,0,stop,5,0,qwen3.6-27b,Answer: Dhaka,What is the capital city of the country whose currency is the taka?,3565245547
facts,default,2,immediate,78,Kyiv,Answer,0,-1,0,0,stop,5,0,qwen3.6-27b,Answer: Kyiv,What is the capital city of the country whose currency is the hryvnia?,1144932858
facts,default,2,immediate,79,Beijing,Answer,0,-1,0,0,stop,4,0,qwen3.6-27b,Answer: Beijing,What is the capital city of the country whose currency is the yuan?,859404652
facts,default,2,cot,0,Baku,Baku,1,-1,0,0,stop,1712,1672,qwen3.6-27b,"The manat is the official currency of Azerbaijan (and also Turkmenistan, which uses the Turkmen manat). The capital city of Azerbaijan is Baku.

Answer: Baku",What is the capital city of the country whose currency is the manat?,2875878609
facts,default,2,cot,1,Astana,Astana,1,-1,0,0,stop,332,306,qwen3.6-27b,"The tenge is the official currency of Kazakhstan. The capital city of Kazakhstan is Astana.

Answer: Astana",What is the capital city of the country whose currency is the tenge?,3698154567
facts,default,2,cot,2,Kyiv,Kyiv,1,-1,0,0,stop,794,767,qwen3.6-27b,"The hryvnia is the official currency of Ukraine. The capital city of Ukraine is Kyiv.
Answer: Kyiv",What is the capital city of the country whose currency is the hryvnia?,1164185085
facts,default,2,cot,3,Yangon,Naypyidaw,0,-1,0,0,stop,352,288,qwen3.6-27b,"The kyat is the currency of Myanmar. The capital of Myanmar is Naypyidaw.
Answer: Naypyidaw",What is the capital city of the country whose currency is the kyat?,845364587
facts,default,2,cot,4,Stockholm,Stockholm,1,-1,0,0,stop,1720,1661,qwen3.6-27b,"The krona is the official currency of Sweden. The capital city of Sweden is Stockholm. (Note: Iceland also uses a currency called the króna, with Reykjavik as its capital, but ""krona"" most directly refers to Sweden.)

Answer: Stockholm",What is the capital city of the country whose currency is the krona?,2886183112
facts,default,2,cot,5,Beijing,Beijing,1,-1,0,0,stop,281,258,qwen3.6-27b,"The yuan is the official currency of China. The capital city of China is Beijing.
Answer: Beijing",What is the capital city of the country whose currency is the yuan?,3674249310
facts,default,2,cot,6,Bangkok,Bangkok,1,-1,0,0,stop,501,479,qwen3.6-27b,"The baht is the currency of Thailand. The capital of Thailand is Bangkok.
Answer: Bangkok",What is the capital city of the country whose currency is the baht?,1107937764
facts,default,2,cot,7,Jakarta,Jakarta,1,-1,0,0,stop,1034,1011,qwen3.6-27b,"The rupiah is the official currency of Indonesia. The capital city of Indonesia is Jakarta.
Answer: Jakarta",What is the capital city of the country whose currency is the rupiah?,890173810
facts,default,2,cot,8,Budapest,Budapest,1,-1,0,0,stop,258,244,qwen3.6-27b,"The forint is the currency of Hungary. The capital of Hungary is Budapest.
Answer: Budapest",What is the capital city of the country whose currency is the forint?,2779899107
facts,default,2,cot,9,Addis Ababa,Ababa,0,-1,0,0,stop,311,263,qwen3.6-27b,"The birr is the currency of Ethiopia. The capital of Ethiopia is Addis Ababa.

Answer: Addis Ababa",What is the capital city of the country whose currency is the birr?,3535197301
facts,default,2,cot,10,Jerusalem,Jerusalem,1,-1,0,0,stop,265,243,qwen3.6-27b,"The shekel is the currency of Israel. The capital of Israel is Jerusalem.
Answer: Jerusalem",What is the capital city of the country whose currency is the shekel?,482305614
facts,default,2,cot,11,Jakarta,Jakarta,1,-1,0,0,stop,560,539,qwen3.6-27b,"The rupiah is the currency of Indonesia. The capital of Indonesia is Jakarta.
Answer: Jakarta",What is the capital city of the country whose currency is the rupiah?,1807242968
facts,default,2,cot,12,Vientiane,Vientiane,1,-1,0,0,stop,310,251,qwen3.6-27b,"The kip is the currency of Laos. The capital of Laos is Vientiane.

Answer: Vientiane",What is the capital city of the country whose currency is the kip?,4071688034
facts,default,2,cot,13,Stockholm,Stockholm,1,-1,0,0,stop,1613,1600,qwen3.6-27b,"The krona is the official currency of two countries: Sweden and Iceland. Sweden's capital is Stockholm, and Iceland's capital is Reykjavik. In most general knowledge and trivia contexts, this question refers to Sweden.

Answer: Stockholm",What is the capital city of the country whose currency is the krona?,2243311604
facts,default,2,cot,14,Tokyo,Tokyo,1,-1,0,0,stop,214,188,qwen3.6-27b,"The yen is the currency of Japan. The capital of Japan is Tokyo.
Answer: Tokyo",What is the capital city of the country whose currency is the yen?,466788951
facts,default,2,cot,15,Moscow,Moscow,1,-1,0,0,stop,283,256,qwen3.6-27b,"The ruble is the official currency of Russia. The capital city of Russia is Moscow.
Answer: Moscow",What is the capital city of the country whose currency is the ruble?,1825936065
facts,default,2,cot,16,Seoul,Seoul,1,-1,0,0,stop,819,796,qwen3.6-27b,"The won is the currency of South Korea. The capital of South Korea is Seoul.
Answer: Seoul",What is the capital city of the country whose currency is the won?,4124885883
facts,default,2,cot,17,Baku,Baku,1,-1,0,0,stop,1660,1635,qwen3.6-27b,"The manat is the official currency of Azerbaijan. The capital of Azerbaijan is Baku.
Answer: Baku",What is the capital city of the country whose currency is the manat?,2195452909
facts,default,2,cot,18,Bangkok,Bangkok,1,-1,0,0,stop,557,529,qwen3.6-27b,"The baht is the official currency of Thailand. The capital city of Thailand is Bangkok.
Answer: Bangkok",What is the capital city of the country whose currency is the baht?,308604540
facts,default,2,cot,19,Baku,,0,-1,0,0,length,4000,3699,qwen3.6-27b,,What is the capital city of the country whose currency is the manat?,1701043946
facts,default,2,cot,20,Sofia,Sofia,1,-1,0,0,stop,231,210,qwen3.6-27b,"The lev is the currency of Bulgaria. The capital of Bulgaria is Sofia.
Answer: Sofia",What is the capital city of the country whose currency is the lev?,932328845
facts,default,2,cot,21,Hanoi,Hanoi,1,-1,0,0,stop,615,592,qwen3.6-27b,"The dong is the currency of Vietnam. The capital of Vietnam is Hanoi.
Answer: Hanoi",What is the capital city of the country whose currency is the dong?,1083507995
facts,default,2,cot,22,Addis Ababa,Ababa,0,-1,0,0,stop,667,639,qwen3.6-27b,"The birr is the currency of Ethiopia. The capital of Ethiopia is Addis Ababa.
Answer: Addis Ababa",What is the capital city of the country whose currency is the birr?,3650901153
facts,default,2,cot,23,Dhaka,Dhaka,1,-1,0,0,stop,530,488,qwen3.6-27b,"The taka is the currency of Bangladesh. The capital of Bangladesh is Dhaka.
Answer: Dhaka",What is the capital city of the country whose currency is the taka?,2929419319
facts,default,2,cot,24,Accra,Accra,1,-1,0,0,stop,303,251,qwen3.6-27b,"The cedi is the currency of Ghana. The capital of Ghana is Accra.

Answer: Accra",What is the capital city of the country whose currency is the cedi?,822079892
facts,default,2,cot,25,Kyiv,Kyiv,1,-1,0,0,stop,345,318,qwen3.6-27b,"The hryvnia is the official currency of Ukraine. The capital city of Ukraine is Kyiv.
Answer: Kyiv",What is the capital city of the country whose currency is the hryvnia?,1207484674
facts,default,2,cot,26,Baku,Baku,1,-1,0,0,stop,1918,1862,qwen3.6-27b,"The manat is the official currency of both Azerbaijan and Turkmenistan. The capital of Azerbaijan is Baku, while the capital of Turkmenistan is Ashgabat. (Baku is the most commonly expected answer for this trivia question.)

Answer: Baku",What is the capital city of the country whose currency is the manat?,3740373176
facts,default,2,cot,27,Sofia,Sofia,1,-1,0,0,stop,334,313,qwen3.6-27b,"The lev is the currency of Bulgaria. The capital of Bulgaria is Sofia.

Answer: Sofia",What is the capital city of the country whose currency is the lev?,2851512366
facts,default,2,cot,28,Sofia,Sofia,1,-1,0,0,stop,711,688,qwen3.6-27b,"The lev is the official currency of Bulgaria. The capital city of Bulgaria is Sofia.

Answer: Sofia",What is the capital city of the country whose currency is the lev?,961134015
facts,default,2,cot,29,Jakarta,Jakarta,1,-1,0,0,stop,638,654,qwen3.6-27b,"The rupiah is the currency of Indonesia. The capital of Indonesia is Jakarta.
Answer: Jakarta",What is the capital city of the country whose currency is the rupiah?,1313770793
facts,default,2,cot,30,Budapest,Budapest,1,-1,0,0,stop,238,217,qwen3.6-27b,"The forint is the currency of Hungary. The capital of Hungary is Budapest.
Answer: Budapest",What is the capital city of the country whose currency is the forint?,780731596
facts,default,2,cot,31,Accra,Accra,1,-1,0,0,stop,278,254,qwen3.6-27b,"The cedi is the currency of Ghana. The capital of Ghana is Accra.
Answer: Accra",What is the capital city of the country whose currency is the cedi?,1502491738
facts,default,2,cot,32,Tokyo,Tokyo,1,-1,0,0,stop,493,469,qwen3.6-27b,"The yen is the currency of Japan. The capital of Japan is Tokyo.
Answer: Tokyo",What is the capital city of the country whose currency is the yen?,3230098912
facts,default,2,cot,33,Budapest,Budapest,1,-1,0,0,stop,228,207,qwen3.6-27b,"The forint is the currency of Hungary. The capital of Hungary is Budapest.
Answer: Budapest",What is the capital city of the country whose currency is the forint?,3078641014
facts,default,2,cot,34,Dhaka,Dhaka,1,-1,0,0,stop,546,521,qwen3.6-27b,"The taka is the official currency of Bangladesh. The capital city of Bangladesh is Dhaka.

Answer: Dhaka",What is the capital city of the country whose currency is the taka?,702857429
facts,default,2,cot,35,Baku,Baku,1,-1,0,0,stop,1648,1615,qwen3.6-27b,"The manat is the currency of Azerbaijan (it is also used in Turkmenistan). The capital of Azerbaijan is Baku.
Answer: Baku",What is the capital city of the country whose currency is the manat?,1591996483
facts,default,2,cot,36,Bucharest,Bucharest,1,-1,0,0,stop,891,865,qwen3.6-27b,"The leu is the official currency of Romania. The capital city of Romania is Bucharest.

Answer: Bucharest",What is the capital city of the country whose currency is the leu?,3354042873
facts,default,2,cot,37,Kyiv,Kyiv,1,-1,0,0,stop,690,619,qwen3.6-27b,"The hryvnia is the official currency of Ukraine. The capital city of Ukraine is Kyiv.
Answer: Kyiv",What is the capital city of the country whose currency is the hryvnia?,2968359279
facts,default,2,cot,38,Bucharest,Bucharest,1,-1,0,0,stop,1505,1476,qwen3.6-27b,"The leu is the official currency of Romania. The capital city of Romania is Bucharest.
Answer: Bucharest",What is the capital city of the country whose currency is the leu?,542280958
facts,default,2,cot,39,Seoul,Seoul,1,-1,0,0,stop,953,927,qwen3.6-27b,"The won is the currency of South Korea. The capital of South Korea is Seoul.
Answer: Seoul",What is the capital city of the country whose currency is the won?,1465236584
facts,default,2,cot,40,Tokyo,Tokyo,1,-1,0,0,stop,725,708,qwen3.6-27b,"The yen is the currency of Japan. The capital of Japan is Tokyo.
Answer: Tokyo",What is the capital city of the country whose currency is the yen?,1640534539
facts,default,2,cot,41,Bangkok,Bangkok,1,-1,0,0,stop,280,261,qwen3.6-27b,"The baht is the currency of Thailand. The capital of Thailand is Bangkok.
Answer: Bangkok",What is the capital city of the country whose currency is the baht?,382706333
facts,default,2,cot,42,Bangkok,Bangkok,1,-1,0,0,stop,237,211,qwen3.6-27b,"The baht is the currency of Thailand. The capital city of Thailand is Bangkok.
Answer: Bangkok",What is the capital city of the country whose currency is the baht?,2412180263
facts,default,2,cot,43,Prague,Prague,1,-1,0,0,stop,616,588,qwen3.6-27b,"The koruna is the currency of the Czech Republic. The capital of the Czech Republic is Prague.
Answer: Prague",What is the capital city of the country whose currency is the koruna?,4173448113
facts,default,2,cot,44,Accra,Accra,1,-1,0,0,stop,718,692,qwen3.6-27b,"The cedi is the official currency of Ghana. The capital city of Ghana is Accra.
Answer: Accra",What is the capital city of the country whose currency is the cedi?,1722111506
facts,default,2,cot,45,Addis Ababa,Ababa,0,-1,0,0,stop,342,314,qwen3.6-27b,"The birr is the currency of Ethiopia. The capital of Ethiopia is Addis Ababa.
Answer: Addis Ababa",What is the capital city of the country whose currency is the birr?,295855748
facts,default,2,cot,46,Kyiv,Kyiv,1,-1,0,0,stop,744,714,qwen3.6-27b,"The hryvnia is the official currency of Ukraine. The capital city of Ukraine is Kyiv.
Answer: Kyiv",What is the capital city of the country whose currency is the hryvnia?,2292922174
facts,default,2,cot,47,Tokyo,Tokyo,1,-1,0,0,stop,839,820,qwen3.6-27b,"The yen is the official currency of Japan. The capital city of Japan is Tokyo.
Answer: Tokyo",What is the capital city of the country whose currency is the yen?,4289464232
facts,default,2,cot,48,Astana,Astana,1,-1,0,0,stop,649,577,qwen3.6-27b,"The tenge is the currency of Kazakhstan. The capital of Kazakhstan is Astana.
Answer: Astana",What is the capital city of the country whose currency is the tenge?,1863522873
facts,default,2,cot,49,Bucharest,Bucharest,1,-1,0,0,stop,1058,1030,qwen3.6-27b,"The leu is the currency of Romania (and also Moldova). The capital of Romania is Bucharest.

Answer: Bucharest",What is the capital city of the country whose currency is the leu?,403974831
facts,default,2,cot,50,Yangon,Naypyidaw,0,-1,0,0,stop,438,380,qwen3.6-27b,"The kyat is the currency of Myanmar. The capital of Myanmar is Naypyidaw.
Answer: Naypyidaw",What is the capital city of the country whose currency is the kyat?,2027135818
facts,default,2,cot,51,Prague,Prague,1,-1,0,0,stop,755,729,qwen3.6-27b,"The koruna is the currency of the Czech Republic. The capital of the Czech Republic is Prague.
Answer: Prague",What is the capital city of the country whose currency is the koruna?,265589724
facts,default,2,cot,52,Yerevan,Yerevan,1,-1,0,0,stop,250,215,qwen3.6-27b,"The dram is the currency of Armenia. The capital of Armenia is Yerevan.
Answer: Yerevan",What is the capital city of the country whose currency is the dram?,2531115622
facts,default,2,cot,53,Jakarta,Jakarta,1,-1,0,0,stop,714,741,qwen3.6-27b,"The rupiah is the currency of Indonesia. The capital of Indonesia is Jakarta.
Answer: Jakarta",What is the capital city of the country whose currency is the rupiah?,3789222640
facts,default,2,cot,54,Dhaka,Dhaka,1,-1,0,0,stop,638,609,qwen3.6-27b,"The taka is the official currency of Bangladesh. The capital city of Bangladesh is Dhaka.

Answer: Dhaka",What is the capital city of the country whose currency is the taka?,2143184723
facts,default,2,cot,55,Stockholm,Stockholm,1,-1,0,0,stop,1428,1380,qwen3.6-27b,"The krona is the currency of Sweden (Iceland also uses a currency called the króna, but ""krona"" most commonly refers to the Swedish currency). The capital of Sweden is Stockholm.

Answer: Stockholm",What is the capital city of the country whose currency is the krona?,146364357
facts,default,2,cot,56,Astana,Astana,1,-1,0,0,stop,798,769,qwen3.6-27b,"The tenge is the official currency of Kazakhstan. The capital city of Kazakhstan is Astana.

Answer: Astana",What is the capital city of the country whose currency is the tenge?,2444232319
facts,default,2,cot,57,Caracas,Caracas,1,-1,0,0,stop,283,261,qwen3.6-27b,"The bolivar is the currency of Venezuela. The capital of Venezuela is Caracas.
Answer: Caracas",What is the capital city of the country whose currency is the bolivar?,3870766825
facts,default,2,cot,58,Phnom Penh,Penh,0,-1,0,0,stop,700,672,qwen3.6-27b,"The riel is the currency of Cambodia. The capital of Cambodia is Phnom Penh.
Answer: Phnom Penh",What is the capital city of the country whose currency is the riel?,1980246904
facts,default,2,cot,59,Beijing,Beijing,1,-1,0,0,stop,894,873,qwen3.6-27b,"The yuan is the official currency of China. The capital city of China is Beijing.
Answer: Beijing",What is the capital city of the country whose currency is the yuan?,17767406
facts,default,2,cot,60,Yangon,Naypyidaw,0,-1,0,0,stop,306,278,qwen3.6-27b,"The kyat is the currency of Myanmar. The capital of Myanmar is Naypyidaw.
Answer: Naypyidaw",What is the capital city of the country whose currency is the kyat?,1409216649
facts,default,2,cot,61,Yangon,Naypyidaw,0,-1,0,0,stop,618,590,qwen3.6-27b,"The kyat is the currency of Myanmar. The capital of Myanmar is Naypyidaw.
Answer: Naypyidaw",What is the capital city of the country whose currency is the kyat?,620347423
facts,default,2,cot,62,Kabul,Kabul,1,-1,0,0,stop,259,231,qwen3.6-27b,"The afghani is the official currency of Afghanistan. The capital city of Afghanistan is Kabul.
Answer: Kabul",What is the capital city of the country whose currency is the afghani?,3186659749
facts,default,2,cot,63,Lima,Lima,1,-1,0,0,stop,657,614,qwen3.6-27b,"The sol is the currency of Peru. The capital of Peru is Lima.
Answer: Lima",What is the capital city of the country whose currency is the sol?,3405226291
facts,default,2,cot,64,Beijing,Beijing,1,-1,0,0,stop,281,262,qwen3.6-27b,"The yuan is the official currency of China. The capital city of China is Beijing.
Answer: Beijing",What is the capital city of the country whose currency is the yuan?,1418933392
facts,default,2,cot,65,Kabul,Kabul,1,-1,0,0,stop,274,251,qwen3.6-27b,"The afghani is the currency of Afghanistan. The capital of Afghanistan is Kabul.
Answer: Kabul",What is the capital city of the country whose currency is the afghani?,596902918
facts,default,2,cot,66,Caracas,Caracas,1,-1,0,0,stop,249,231,qwen3.6-27b,"The bolívar is the official currency of Venezuela. The capital city of Venezuela is Caracas.

Answer: Caracas",What is the capital city of the country whose currency is the bolivar?,3130873276
facts,default,2,cot,67,Bangkok,Bangkok,1,-1,0,0,stop,247,225,qwen3.6-27b,"The baht is the currency of Thailand. The capital of Thailand is Bangkok.
Answer: Bangkok",What is the capital city of the country whose currency is the baht?,3449447722
facts,default,2,cot,68,Baku,Baku,1,-1,0,0,stop,1165,1111,qwen3.6-27b,"Step 1: Identify the country that uses the manat as its official currency. The manat is the currency of Azerbaijan.
Step 2: Determine the capital city of that country. The capital of Azerbaijan is Baku.

Answer: Baku",What is the capital city of the country whose currency is the manat?,1562736827
facts,default,2,cot,69,Bucharest,Bucharest,1,-1,0,0,stop,1161,1137,qwen3.6-27b,"The leu is the currency of Romania. The capital of Romania is Bucharest.
Answer: Bucharest",What is the capital city of the country whose currency is the leu?,706889773
facts,default,2,cot,70,Prague,Prague,1,-1,0,0,stop,610,584,qwen3.6-27b,"The koruna is the currency of the Czech Republic. The capital of the Czech Republic is Prague.
Answer: Prague",What is the capital city of the country whose currency is the koruna?,1256571336
facts,default,2,cot,71,Stockholm,Stockholm,1,-1,0,0,stop,986,940,qwen3.6-27b,"The krona is the currency of Sweden. The capital of Sweden is Stockholm.
Answer: Stockholm",What is the capital city of the country whose currency is the krona?,1038283102
facts,default,2,cot,72,Kabul,Kabul,1,-1,0,0,stop,602,576,qwen3.6-27b,"The afghani is the currency of Afghanistan. The capital of Afghanistan is Kabul.
Answer: Kabul",What is the capital city of the country whose currency is the afghani?,2766905572
facts,default,2,cot,73,Lima,Lima,1,-1,0,0,stop,295,264,qwen3.6-27b,"The sol is the currency of Peru. The capital of Peru is Lima.
Answer: Lima",What is the capital city of the country whose currency is the sol?,3555496050
facts,default,2,cot,74,Vientiane,Vientiane,1,-1,0,0,stop,283,256,qwen3.6-27b,"The kip is the official currency of Laos. The capital city of Laos is Vientiane.

Answer: Vientiane",What is the capital city of the country whose currency is the kip?,1300760017
facts,default,2,cot,75,Phnom Penh,Penh,0,-1,0,0,stop,810,780,qwen3.6-27b,"The riel is the official currency of Cambodia. The capital city of Cambodia is Phnom Penh.

Answer: Phnom Penh",What is the capital city of the country whose currency is the riel?,982463815
facts,default,2,cot,76,Lima,Lima,1,-1,0,0,stop,250,221,qwen3.6-27b,"The sol is the official currency of Peru. The capital city of Peru is Lima.
Answer: Lima",What is the capital city of the country whose currency is the sol?,2743493885
facts,default,2,cot,77,Dhaka,Dhaka,1,-1,0,0,stop,602,576,qwen3.6-27b,"The taka is the currency of Bangladesh. The capital of Bangladesh is Dhaka.
Answer: Dhaka",What is the capital city of the country whose currency is the taka?,3565245547
facts,default,2,cot,78,Kyiv,Kyiv,1,-1,0,0,stop,731,705,qwen3.6-27b,"The hryvnia is the official currency of Ukraine. The capital of Ukraine is Kyiv.
Answer: Kyiv",What is the capital city of the country whose currency is the hryvnia?,1144932858
facts,default,2,cot,79,Beijing,Beijing,1,-1,0,0,stop,535,509,qwen3.6-27b,"The yuan is the official currency of China. The capital city of China is Beijing.
Answer: Beijing",What is the capital city of the country whose currency is the yuan?,859404652
facts,default,3,immediate,0,A,Answer,0,-1,0,0,stop,4,0,qwen3.6-27b,Answer: A,What is the first letter of the capital city of the country whose currency is the tenge?,2863138534
facts,default,3,immediate,1,T,Answer,0,-1,0,0,stop,4,0,qwen3.6-27b,Answer: T,What is the first letter of the capital city of the country whose currency is the lari?,3719247472
facts,default,3,immediate,2,P,Answer,0,-1,0,0,stop,4,0,qwen3.6-27b,Answer: P,What is the first letter of the capital city of the country whose currency is the koruna?,1151756234
facts,default,3,immediate,3,L,Answer,0,-1,0,0,stop,4,0,qwen3.6-27b,Answer: L,What is the first letter of the capital city of the country whose currency is the sol?,866211676
facts,default,3,immediate,4,D,Answer,0,-1,0,0,stop,4,0,qwen3.6-27b,Answer: D,What is the first letter of the capital city of the country whose currency is the taka?,2915418879
facts,default,3,immediate,5,Y,Answer,0,-1,0,0,stop,4,0,qwen3.6-27b,Answer: Y,What is the first letter of the capital city of the country whose currency is the dram?,3670209129
facts,default,3,immediate,6,B,Answer,0,-1,0,0,stop,4,0,qwen3.6-27b,Answer: B,What is the first letter of the capital city of the country whose currency is the yuan?,1137419219
facts,default,3,immediate,7,K,Answer,0,-1,0,0,stop,4,0,qwen3.6-27b,Answer: K,What is the first letter of the capital city of the country whose currency is the afghani?,885822277
facts,default,3,immediate,8,W,Answer,0,-1,0,0,stop,4,0,qwen3.6-27b,Answer: W,What is the first letter of the capital city of the country whose currency is the zloty?,2759036628
facts,default,3,immediate,9,P,Answer,0,-1,0,0,stop,4,0,qwen3.6-27b,Answer: P,What is the first letter of the capital city of the country whose currency is the rand?,3547643458
facts,default,3,immediate,10,S,Answer,0,-1,0,0,stop,4,0,qwen3.6-27b,Answer: R,What is the first letter of the capital city of the country whose currency is the krona?,2751660331
facts,default,3,immediate,11,B,Answer,0,-1,0,0,stop,4,0,qwen3.6-27b,Answer: B,What is the first letter of the capital city of the country whose currency is the yuan?,3540267453
facts,default,3,immediate,12,J,Answer,0,-1,0,0,stop,4,0,qwen3.6-27b,Answer: J,What is the first letter of the capital city of the country whose currency is the shekel?,1242390535
facts,default,3,immediate,13,A,Answer,0,-1,0,0,stop,4,0,qwen3.6-27b,Answer: A,What is the first letter of the capital city of the country whose currency is the tenge?,1024086161
facts,default,3,immediate,14,V,Answer,0,-1,0,0,stop,4,0,qwen3.6-27b,Answer: V,What is the first letter of the capital city of the country whose currency is the kip?,2741945650
facts,default,3,immediate,15,B,Answer,0,-1,0,0,stop,4,0,qwen3.6-27b,Answer: B,What is the first letter of the capital city of the country whose currency is the leu?,3563713956
facts,default,3,immediate,16,K,Answer,0,-1,0,0,stop,4,0,qwen3.6-27b,Answer: K,What is the first letter of the capital city of the country whose currency is the afghani?,1298179102
facts,default,3,immediate,17,B,Answer,0,-1,0,0,stop,4,0,qwen3.6-27b,Answer: B,What is the first letter of the capital city of the country whose currency is the manat?,979866760
facts,default,3,immediate,18,B,Answer,0,-1,0,0,stop,4,0,qwen3.6-27b,Answer: B,What is the first letter of the capital city of the country whose currency is the yuan?,2866317593
facts,default,3,immediate,19,B,Answer,0,-1,0,0,stop,4,0,qwen3.6-27b,Answer: B,What is the first letter of the capital city of the country whose currency is the forint?,3722426767
facts,default,3,immediate,20,L,Answer,0,-1,0,0,stop,4,0,qwen3.6-27b,Answer: L,What is the first letter of the capital city of the country whose currency is the sol?,2402177768
facts,default,3,immediate,21,A,Answer,0,-1,0,0,stop,4,0,qwen3.6-27b,Answer: A,What is the first letter of the capital city of the country whose currency is the cedi?,4163461758
facts,default,3,immediate,22,J,Answer,0,-1,0,0,stop,4,0,qwen3.6-27b,Answer: J,What is the first letter of the capital city of the country whose currency is the rupiah?,1629500356
facts,default,3,immediate,23,A,Answer,0,-1,0,0,stop,4,0,qwen3.6-27b,Answer: A,What is the first letter of the capital city of the country whose currency is the naira?,371655506
facts,default,3,immediate,24,S,Answer,0,-1,0,0,stop,4,0,qwen3.6-27b,Answer: S,What is the first letter of the capital city of the country whose currency is the lev?,2286130929
facts,default,3,immediate,25,T,Answer,0,-1,0,0,stop,4,0,qwen3.6-27b,Answer: T,What is the first letter of the capital city of the country whose currency is the yen?,4282689127
facts,default,3,immediate,26,M,Answer,0,-1,0,0,stop,4,0,qwen3.6-27b,Answer: M,What is the first letter of the capital city of the country whose currency is the ruble?,1716385757
facts,default,3,immediate,27,H,Answer,0,-1,0,0,stop,4,0,qwen3.6-27b,Answer: H,What is the first letter of the capital city of the country whose currency is the dong?,290113355
facts,default,3,immediate,28,W,Answer,0,-1,0,0,stop,4,0,qwen3.6-27b,Answer: W,What is the first letter of the capital city of the country whose currency is the zloty?,2180373210
facts,default,3,immediate,29,K,Answer,0,-1,0,0,stop,4,0,qwen3.6-27b,Answer: K,What is the first letter of the capital city of the country whose currency is the afghani?,4143114828
facts,default,3,immediate,30,J,Answer,0,-1,0,0,stop,4,0,qwen3.6-27b,Answer: J,What is the first letter of the capital city of the country whose currency is the rupiah?,2520081321
facts,default,3,immediate,31,D,Answer,0,-1,0,0,stop,4,0,qwen3.6-27b,Answer: D,What is the first letter of the capital city of the country whose currency is the taka?,3778171711
facts,default,3,immediate,32,W,Answer,0,-1,0,0,stop,4,0,qwen3.6-27b,Answer: W,What is the first letter of the capital city of the country whose currency is the zloty?,2017133189
facts,default,3,immediate,33,K,Answer,0,-1,0,0,stop,4,0,qwen3.6-27b,Answer: K,What is the first letter of the capital city of the country whose currency is the hryvnia?,255603219
facts,default,3,immediate,34,T,Answer,0,-1,0,0,stop,4,0,qwen3.6-27b,Answer: T,What is the first letter of the capital city of the country whose currency is the lari?,2438506416
facts,default,3,immediate,35,M,Answer,0,-1,0,0,stop,4,0,qwen3.6-27b,Answer: M,What is the first letter of the capital city of the country whose currency is the ruble?,3865024294
facts,default,3,immediate,36,B,Answer,0,-1,0,0,stop,4,0,qwen3.6-27b,Answer: B,What is the first letter of the capital city of the country whose currency is the yuan?,2136393372
facts,default,3,immediate,37,A,Answer,0,-1,0,0,stop,4,0,qwen3.6-27b,Answer: A,What is the first letter of the capital city of the country whose currency is the tenge?,139589130
facts,default,3,immediate,38,M,Answer,0,-1,0,0,stop,4,0,qwen3.6-27b,Answer: M,What is the first letter of the capital city of the country whose currency is the ruble?,2565794715
facts,default,3,immediate,39,Y,Answer,0,-1,0,0,stop,4,0,qwen3.6-27b,Answer: Y,What is the first letter of the capital city of the country whose currency is the dram?,4025080589
facts,default,3,immediate,40,Y,Answer,0,-1,0,0,stop,3,0,qwen3.6-27b,Answer: N,What is the first letter of the capital city of the country whose currency is the kyat?,3648320878
facts,default,3,immediate,41,A,Answer,0,-1,0,0,stop,4,0,qwen3.6-27b,Answer: A,What is the first letter of the capital city of the country whose currency is the birr?,2926822904
facts,default,3,immediate,42,M,Answer,0,-1,0,0,stop,4,0,qwen3.6-27b,Answer: M,What is the first letter of the capital city of the country whose currency is the ruble?,930780226
facts,default,3,immediate,43,A,Answer,0,-1,0,0,stop,3,0,qwen3.6-27b,Answer: A,What is the first letter of the capital city of the country whose currency is the cedi?,1081976020
facts,default,3,immediate,44,P,Answer,0,-1,0,0,stop,4,0,qwen3.6-27b,Answer: P,What is the first letter of the capital city of the country whose currency is the koruna?,3726193015
facts,default,3,immediate,45,L,Answer,0,-1,0,0,stop,4,0,qwen3.6-27b,Answer: L,What is the first letter of the capital city of the country whose currency is the sol?,2837316065
facts,default,3,immediate,46,K,Answer,0,-1,0,0,stop,4,0,qwen3.6-27b,Answer: K,What is the first letter of the capital city of the country whose currency is the hryvnia?,806834267
facts,default,3,immediate,47,D,Answer,0,-1,0,0,stop,4,0,qwen3.6-27b,Answer: D,What is the first letter of the capital city of the country whose currency is the taka?,1192255693
facts,default,3,immediate,48,W,Answer,0,-1,0,0,stop,3,0,qwen3.6-27b,Answer: W,What is the first letter of the capital city of the country whose currency is the zloty?,3618602332
facts,default,3,immediate,49,A,Answer,0,-1,0,0,stop,4,0,qwen3.6-27b,Answer: A,What is the first letter of the capital city of the country whose currency is the naira?,2695384522
facts,default,3,immediate,50,S,Answer,0,-1,0,0,stop,4,0,qwen3.6-27b,Answer: S,What is the first letter of the capital city of the country whose currency is the won?,3228550191
facts,default,3,immediate,51,A,Answer,0,-1,0,0,stop,4,0,qwen3.6-27b,Answer: A,What is the first letter of the capital city of the country whose currency is the tenge?,3077108921
facts,default,3,immediate,52,J,Answer,0,-1,0,0,stop,4,0,qwen3.6-27b,Answer: J,What is the first letter of the capital city of the country whose currency is the rupiah?,778151171
facts,default,3,immediate,53,K,Answer,0,-1,0,0,stop,4,0,qwen3.6-27b,Answer: K,What is the first letter of the capital city of the country whose currency is the afghani?,1499895189
facts,default,3,immediate,54,A,Answer,0,-1,0,0,stop,3,0,qwen3.6-27b,Answer: A,What is the first letter of the capital city of the country whose currency is the tenge?,3338797110
facts,default,3,immediate,55,L,Answer,0,-1,0,0,stop,3,0,qwen3.6-27b,Answer: L,What is the first letter of the capital city of the country whose currency is the sol?,2953130144
facts,default,3,immediate,56,J,Answer,0,-1,0,0,stop,3,0,qwen3.6-27b,Answer: J,What is the first letter of the capital city of the country whose currency is the shekel?,688677146
facts,default,3,immediate,57,A,Answer,0,-1,0,0,stop,3,0,qwen3.6-27b,Answer: A,What is the first letter of the capital city of the country whose currency is the cedi?,1577800076
facts,default,3,immediate,58,J,Answer,0,-1,0,0,stop,4,0,qwen3.6-27b,Answer: J,What is the first letter of the capital city of the country whose currency is the rupiah?,3467922461
facts,default,3,immediate,59,L,Answer,0,-1,0,0,stop,4,0,qwen3.6-27b,Answer: L,What is the first letter of the capital city of the country whose currency is the sol?,3115547787
facts,default,3,immediate,60,B,Answer,0,-1,0,0,stop,4,0,qwen3.6-27b,Answer: B,What is the first letter of the capital city of the country whose currency is the yuan?,3947010028
facts,default,3,immediate,61,M,Answer,0,-1,0,0,stop,4,0,qwen3.6-27b,Answer: M,What is the first letter of the capital city of the country whose currency is the ruble?,2621810554
facts,default,3,immediate,62,B,Answer,0,-1,0,0,stop,4,0,qwen3.6-27b,Answer: B,What is the first letter of the capital city of the country whose currency is the baht?,88929984
facts,default,3,immediate,63,L,Answer,0,-1,0,0,stop,4,0,qwen3.6-27b,Answer: L,What is the first letter of the capital city of the country whose currency is the sol?,1917568598
facts,default,3,immediate,64,C,Answer,0,-1,0,0,stop,4,0,qwen3.6-27b,Answer: C,What is the first letter of the capital city of the country whose currency is the bolivar?,3962524661
facts,default,3,immediate,65,J,Answer,0,-1,0,0,stop,4,0,qwen3.6-27b,Answer: J,What is the first letter of the capital city of the country whose currency is the rupiah?,2603115363
facts,default,3,immediate,66,D,Answer,0,-1,0,0,stop,4,0,qwen3.6-27b,Answer: D,What is the first letter of the capital city of the country whose currency is the taka?,35730137
facts,default,3,immediate,67,A,Answer,0,-1,0,0,stop,4,0,qwen3.6-27b,Answer: A,What is the first letter of the capital city of the country whose currency is the cedi?,1965425231
facts,default,3,immediate,68,M,Answer,0,-1,0,0,stop,4,0,qwen3.6-27b,Answer: M,What is the first letter of the capital city of the country whose currency is the ruble?,3852017630
facts,default,3,immediate,69,A,Answer,0,-1,0,0,stop,4,0,qwen3.6-27b,Answer: A,What is the first letter of the capital city of the country whose currency is the naira?,2459840328
facts,default,3,immediate,70,A,Answer,0,-1,0,0,stop,4,0,qwen3.6-27b,Answer: A,What is the first letter of the capital city of the country whose currency is the cedi?,4065961645
facts,default,3,immediate,71,J,Answer,0,-1,0,0,stop,4,0,qwen3.6-27b,Answer: J,What is the first letter of the capital city of the country whose currency is the rupiah?,2237568571
facts,default,3,immediate,72,B,Answer,0,-1,0,0,stop,4,0,qwen3.6-27b,Answer: B,What is the first letter of the capital city of the country whose currency is the yuan?,475514753
facts,default,3,immediate,73,P,Answer,0,-1,0,0,stop,4,0,qwen3.6-27b,Answer: P,What is the first letter of the capital city of the country whose currency is the koruna?,1800468247
facts,default,3,immediate,74,V,Answer,0,-1,0,0,stop,4,0,qwen3.6-27b,Answer: V,What is the first letter of the capital city of the country whose currency is the kip?,4113851060
facts,default,3,immediate,75,B,Answer,0,-1,0,0,stop,4,0,qwen3.6-27b,Answer: B,What is the first letter of the capital city of the country whose currency is the baht?,2184401442
facts,default,3,immediate,76,L,Answer,0,-1,0,0,stop,4,0,qwen3.6-27b,Answer: L,What is the first letter of the capital city of the country whose currency is the sol?,456786840
facts,default,3,immediate,77,J,Answer,0,-1,0,0,stop,4,0,qwen3.6-27b,Answer: J,What is the first letter of the capital city of the country whose currency is the rupiah?,1815950094
facts,default,3,immediate,78,P,Answer,0,-1,0,0,stop,4,0,qwen3.6-27b,Answer: P,What is the first letter of the capital city of the country whose currency is the koruna?,4236390047
facts,default,3,immediate,79,P,Answer,0,-1,0,0,stop,3,0,qwen3.6-27b,Answer: P,What is the first letter of the capital city of the country whose currency is the rand?,2340757001
facts,default,3,cot,0,A,A,1,-1,0,0,stop,887,858,qwen3.6-27b,"The tenge is the currency of Kazakhstan. The capital of Kazakhstan is Astana. Its first letter is A.
Answer: A",What is the first letter of the capital city of the country whose currency is the tenge?,2863138534
facts,default,3,cot,1,T,T,1,-1,0,0,stop,1612,1615,qwen3.6-27b,"The lari is the currency of Georgia. The capital of Georgia is Tbilisi. Its first letter is T.

Answer: T",What is the first letter of the capital city of the country whose currency is the lari?,3719247472
facts,default,3,cot,2,P,P,1,-1,0,0,stop,1031,999,qwen3.6-27b,"The koruna is the currency of the Czech Republic. The capital of the Czech Republic is Prague. Its first letter is P.
Answer: P",What is the first letter of the capital city of the country whose currency is the koruna?,1151756234
facts,default,3,cot,3,L,L,1,-1,0,0,stop,852,825,qwen3.6-27b,"The sol is the currency of Peru. The capital of Peru is Lima. Its first letter is L.
Answer: L",What is the first letter of the capital city of the country whose currency is the sol?,866211676
facts,default,3,cot,4,D,D,1,-1,0,0,stop,732,701,qwen3.6-27b,"The taka is the currency of Bangladesh. The capital of Bangladesh is Dhaka. Its first letter is D.
Answer: D",What is the first letter of the capital city of the country whose currency is the taka?,2915418879
facts,default,3,cot,5,Y,Y,1,-1,0,0,stop,1216,1178,qwen3.6-27b,"The dram is the official currency of Armenia. The capital city of Armenia is Yerevan. The first letter of Yerevan is Y.

Answer: Y",What is the first letter of the capital city of the country whose currency is the dram?,3670209129
facts,default,3,cot,6,B,B,1,-1,0,0,stop,937,903,qwen3.6-27b,"The yuan is the official currency of China. The capital city of China is Beijing. The first letter of Beijing is B.

Answer: B",What is the first letter of the capital city of the country whose currency is the yuan?,1137419219
facts,default,3,cot,7,K,K,1,-1,0,0,stop,858,829,qwen3.6-27b,"The afghani is the currency of Afghanistan. The capital of Afghanistan is Kabul. Its first letter is K.
Answer: K",What is the first letter of the capital city of the country whose currency is the afghani?,885822277
facts,default,3,cot,8,W,W,1,-1,0,0,stop,900,865,qwen3.6-27b,"The zloty is the currency of Poland. The capital of Poland is Warsaw. Its first letter is W.
Answer: W",What is the first letter of the capital city of the country whose currency is the zloty?,2759036628
facts,default,3,cot,9,P,P,1,-1,0,0,stop,1017,950,qwen3.6-27b,"The rand is the currency of South Africa. South Africa uniquely has three capital cities: Pretoria (executive/administrative), Cape Town (legislative), and Bloemfontein (judicial). The most commonly cited capital in general references is Pretoria, which starts with the letter P.

Answer: P",What is the first letter of the capital city of the country whose currency is the rand?,3547643458
facts,default,3,cot,10,S,S,1,-1,0,0,stop,1585,1557,qwen3.6-27b,"The krona is the currency of Sweden. The capital of Sweden is Stockholm. Its first letter is S.
Answer: S",What is the first letter of the capital city of the country whose currency is the krona?,2751660331
facts,default,3,cot,11,B,B,1,-1,0,0,stop,1314,1315,qwen3.6-27b,"The yuan is the currency of China. The capital of China is Beijing. Its first letter is B.
Answer: B",What is the first letter of the capital city of the country whose currency is the yuan?,3540267453
facts,default,3,cot,12,J,J,1,-1,0,0,stop,663,635,qwen3.6-27b,"The shekel is the currency of Israel. The capital of Israel is Jerusalem. Its first letter is J.
Answer: J",What is the first letter of the capital city of the country whose currency is the shekel?,1242390535
facts,default,3,cot,13,A,A,1,-1,0,0,stop,485,456,qwen3.6-27b,"The tenge is the currency of Kazakhstan. The capital of Kazakhstan is Astana. Its first letter is A.

Answer: A",What is the first letter of the capital city of the country whose currency is the tenge?,1024086161
facts,default,3,cot,14,V,V,1,-1,0,0,stop,755,723,qwen3.6-27b,"The kip is the currency of Laos. The capital of Laos is Vientiane. Its first letter is V.
Answer: V",What is the first letter of the capital city of the country whose currency is the kip?,2741945650
facts,default,3,cot,15,B,B,1,-1,0,0,stop,1365,1333,qwen3.6-27b,"The leu is the currency of Romania. The capital of Romania is Bucharest. Its first letter is B.
Answer: B",What is the first letter of the capital city of the country whose currency is the leu?,3563713956
facts,default,3,cot,16,K,K,1,-1,0,0,stop,1028,999,qwen3.6-27b,"The afghani is the currency of Afghanistan. The capital of Afghanistan is Kabul. Its first letter is K.
Answer: K",What is the first letter of the capital city of the country whose currency is the afghani?,1298179102
facts,default,3,cot,17,B,B,1,-1,0,0,stop,1248,1141,qwen3.6-27b,"The manat is the currency of Azerbaijan. The capital of Azerbaijan is Baku. Its first letter is B.
Answer: B",What is the first letter of the capital city of the country whose currency is the manat?,979866760
facts,default,3,cot,18,B,B,1,-1,0,0,stop,1098,1064,qwen3.6-27b,"The yuan is the official currency of China. The capital city of China is Beijing. The first letter of Beijing is B.

Answer: B",What is the first letter of the capital city of the country whose currency is the yuan?,2866317593
facts,default,3,cot,19,B,B,1,-1,0,0,stop,3918,3888,qwen3.6-27b,"The forint is the currency of Hungary. The capital of Hungary is Budapest. Its first letter is B.
Answer: B",What is the first letter of the capital city of the country whose currency is the forint?,3722426767
facts,default,3,cot,20,L,L,1,-1,0,0,stop,882,852,qwen3.6-27b,"The sol is the currency of Peru. The capital of Peru is Lima. Its first letter is L.
Answer: L",What is the first letter of the capital city of the country whose currency is the sol?,2402177768
facts,default,3,cot,21,A,A,1,-1,0,0,stop,839,807,qwen3.6-27b,"The cedi is the currency of Ghana. The capital of Ghana is Accra. Its first letter is A.
Answer: A",What is the first letter of the capital city of the country whose currency is the cedi?,4163461758
facts,default,3,cot,22,J,J,1,-1,0,0,stop,1139,1158,qwen3.6-27b,"The rupiah is the currency of Indonesia. The capital of Indonesia is Jakarta. Its first letter is J.
Answer: J",What is the first letter of the capital city of the country whose currency is the rupiah?,1629500356
facts,default,3,cot,23,A,A,1,-1,0,0,stop,1166,1110,qwen3.6-27b,"The naira is the currency of Nigeria. The capital of Nigeria is Abuja. Its first letter is A.
Answer: A",What is the first letter of the capital city of the country whose currency is the naira?,371655506
facts,default,3,cot,24,S,S,1,-1,0,0,stop,773,759,qwen3.6-27b,"The lev is the currency of Bulgaria. The capital of Bulgaria is Sofia. Its first letter is S.
Answer: S",What is the first letter of the capital city of the country whose currency is the lev?,2286130929
facts,default,3,cot,25,T,T,1,-1,0,0,stop,826,833,qwen3.6-27b,"The yen is the currency of Japan. The capital of Japan is Tokyo. Its first letter is T.
Answer: T",What is the first letter of the capital city of the country whose currency is the yen?,4282689127
facts,default,3,cot,26,M,M,1,-1,0,0,stop,331,298,qwen3.6-27b,"The ruble is the currency of Russia. The capital of Russia is Moscow. Its first letter is M.
Answer: M",What is the first letter of the capital city of the country whose currency is the ruble?,1716385757
facts,default,3,cot,27,H,H,1,-1,0,0,stop,2912,2880,qwen3.6-27b,"The dong is the currency of Vietnam. The capital city of Vietnam is Hanoi. The first letter of Hanoi is H.

Answer: H",What is the first letter of the capital city of the country whose currency is the dong?,290113355
facts,default,3,cot,28,W,W,1,-1,0,0,stop,647,618,qwen3.6-27b,"The zloty is the currency of Poland. The capital of Poland is Warsaw. Its first letter is W.
Answer: W",What is the first letter of the capital city of the country whose currency is the zloty?,2180373210
facts,default,3,cot,29,K,K,1,-1,0,0,stop,1057,1041,qwen3.6-27b,"The afghani is the currency of Afghanistan. The capital of Afghanistan is Kabul. Its first letter is K.
Answer: K",What is the first letter of the capital city of the country whose currency is the afghani?,4143114828
facts,default,3,cot,30,J,J,1,-1,0,0,stop,1023,1038,qwen3.6-27b,"The rupiah is the currency of Indonesia. The capital of Indonesia is Jakarta. Its first letter is J.
Answer: J",What is the first letter of the capital city of the country whose currency is the rupiah?,2520081321
facts,default,3,cot,31,D,D,1,-1,0,0,stop,663,635,qwen3.6-27b,"The taka is the currency of Bangladesh. The capital of Bangladesh is Dhaka. Its first letter is D.
Answer: D",What is the first letter of the capital city of the country whose currency is the taka?,3778171711
facts,default,3,cot,32,W,W,1,-1,0,0,stop,779,750,qwen3.6-27b,"The zloty is the currency of Poland. The capital of Poland is Warsaw. Its first letter is W.
Answer: W",What is the first letter of the capital city of the country whose currency is the zloty?,2017133189
facts,default,3,cot,33,K,K,1,-1,0,0,stop,163,119,qwen3.6-27b,"The hryvnia is the currency of Ukraine. The capital of Ukraine is Kyiv. Its first letter is K.

Answer: K",What is the first letter of the capital city of the country whose currency is the hryvnia?,255603219
facts,default,3,cot,34,T,T,1,-1,0,0,stop,3647,3675,qwen3.6-27b,"The lari is the currency of Georgia. The capital of Georgia is Tbilisi. The first letter of Tbilisi is T.

Answer: T",What is the first letter of the capital city of the country whose currency is the lari?,2438506416
facts,default,3,cot,35,M,M,1,-1,0,0,stop,773,757,qwen3.6-27b,"The ruble is the currency of Russia. The capital of Russia is Moscow. Its first letter is M.
Answer: M",What is the first letter of the capital city of the country whose currency is the ruble?,3865024294
facts,default,3,cot,36,B,B,1,-1,0,0,stop,969,959,qwen3.6-27b,"The yuan is the currency of China. The capital of China is Beijing. Its first letter is B.
Answer: B",What is the first letter of the capital city of the country whose currency is the yuan?,2136393372
facts,default,3,cot,37,A,A,1,-1,0,0,stop,1109,1077,qwen3.6-27b,"The tenge is the currency of Kazakhstan. The capital of Kazakhstan is Astana. Its first letter is A.
Answer: A",What is the first letter of the capital city of the country whose currency is the tenge?,139589130
facts,default,3,cot,38,M,M,1,-1,0,0,stop,934,903,qwen3.6-27b,"The ruble is the currency of Russia. The capital of Russia is Moscow. Its first letter is M.
Answer: M",What is the first letter of the capital city of the country whose currency is the ruble?,2565794715
facts,default,3,cot,39,Y,Y,1,-1,0,0,stop,2104,2072,qwen3.6-27b,"The dram is the currency of Armenia. The capital of Armenia is Yerevan. Its first letter is Y.
Answer: Y",What is the first letter of the capital city of the country whose currency is the dram?,4025080589
facts,default,3,cot,40,Y,N,0,-1,0,0,stop,825,791,qwen3.6-27b,"The kyat is the currency of Myanmar. The capital of Myanmar is Naypyidaw. Its first letter is N.
Answer: N",What is the first letter of the capital city of the country whose currency is the kyat?,3648320878
facts,default,3,cot,41,A,A,1,-1,0,0,stop,932,910,qwen3.6-27b,"The birr is the currency of Ethiopia. The capital of Ethiopia is Addis Ababa. Its first letter is A.
Answer: A",What is the first letter of the capital city of the country whose currency is the birr?,2926822904
facts,default,3,cot,42,M,M,1,-1,0,0,stop,1121,1122,qwen3.6-27b,"The ruble is the currency of Russia. The capital of Russia is Moscow. Its first letter is M.
Answer: M",What is the first letter of the capital city of the country whose currency is the ruble?,930780226
facts,default,3,cot,43,A,A,1,-1,0,0,stop,2928,2896,qwen3.6-27b,"The cedi is the currency of Ghana. The capital of Ghana is Accra. Its first letter is A.
Answer: A",What is the first letter of the capital city of the country whose currency is the cedi?,1081976020
facts,default,3,cot,44,P,P,1,-1,0,0,stop,1044,1011,qwen3.6-27b,"The koruna is the official currency of the Czech Republic. The capital of the Czech Republic is Prague. Its first letter is P.

Answer: P",What is the first letter of the capital city of the country whose currency is the koruna?,3726193015
facts,default,3,cot,45,L,L,1,-1,0,0,stop,845,793,qwen3.6-27b,"The sol is the currency of Peru. The capital of Peru is Lima. Its first letter is L.
Answer: L",What is the first letter of the capital city of the country whose currency is the sol?,2837316065
facts,default,3,cot,46,K,K,1,-1,0,0,stop,1291,1261,qwen3.6-27b,"The hryvnia is the currency of Ukraine. The capital of Ukraine is Kyiv. Its first letter is K.
Answer: K",What is the first letter of the capital city of the country whose currency is the hryvnia?,806834267
facts,default,3,cot,47,D,D,1,-1,0,0,stop,3723,3776,qwen3.6-27b,"The taka is the currency of Bangladesh. The capital of Bangladesh is Dhaka. The first letter of Dhaka is D.

Answer: D",What is the first letter of the capital city of the country whose currency is the taka?,1192255693
facts,default,3,cot,48,W,W,1,-1,0,0,stop,179,150,qwen3.6-27b,"The zloty is the currency of Poland. The capital of Poland is Warsaw. Its first letter is W.

Answer: W",What is the first letter of the capital city of the country whose currency is the zloty?,3618602332
facts,default,3,cot,49,A,A,1,-1,0,0,stop,1104,1075,qwen3.6-27b,"The naira is the currency of Nigeria. The capital of Nigeria is Abuja. Its first letter is A.
Answer: A",What is the first letter of the capital city of the country whose currency is the naira?,2695384522
facts,default,3,cot,50,S,S,1,-1,0,0,stop,648,646,qwen3.6-27b,"The won is the currency of South Korea. The capital of South Korea is Seoul. Its first letter is S.
Answer: S",What is the first letter of the capital city of the country whose currency is the won?,3228550191
facts,default,3,cot,51,A,A,1,-1,0,0,stop,421,392,qwen3.6-27b,"The tenge is the currency of Kazakhstan. The capital of Kazakhstan is Astana. Its first letter is A.

Answer: A",What is the first letter of the capital city of the country whose currency is the tenge?,3077108921
facts,default,3,cot,52,J,J,1,-1,0,0,stop,569,542,qwen3.6-27b,"The rupiah is the currency of Indonesia. The capital of Indonesia is Jakarta. Its first letter is J.
Answer: J",What is the first letter of the capital city of the country whose currency is the rupiah?,778151171
facts,default,3,cot,53,K,K,1,-1,0,0,stop,1113,1084,qwen3.6-27b,"The afghani is the currency of Afghanistan. The capital of Afghanistan is Kabul. Its first letter is K.
Answer: K",What is the first letter of the capital city of the country whose currency is the afghani?,1499895189
facts,default,3,cot,54,A,A,1,-1,0,0,stop,739,710,qwen3.6-27b,"The tenge is the currency of Kazakhstan. The capital of Kazakhstan is Astana. Its first letter is A.
Answer: A",What is the first letter of the capital city of the country whose currency is the tenge?,3338797110
facts,default,3,cot,55,L,L,1,-1,0,0,stop,868,829,qwen3.6-27b,"The sol is the currency of Peru. The capital of Peru is Lima. Its first letter is L.
Answer: L",What is the first letter of the capital city of the country whose currency is the sol?,2953130144
facts,default,3,cot,56,J,J,1,-1,0,0,stop,942,959,qwen3.6-27b,"The shekel is the currency of Israel. The capital of Israel is Jerusalem. Its first letter is J.
Answer: J",What is the first letter of the capital city of the country whose currency is the shekel?,688677146
facts,default,3,cot,57,A,A,1,-1,0,0,stop,962,893,qwen3.6-27b,"The cedi is the currency of Ghana. The capital of Ghana is Accra. Its first letter is A.
Answer: A",What is the first letter of the capital city of the country whose currency is the cedi?,1577800076
facts,default,3,cot,58,J,J,1,-1,0,0,stop,777,804,qwen3.6-27b,"The rupiah is the currency of Indonesia. The capital of Indonesia is Jakarta. Its first letter is J.
Answer: J",What is the first letter of the capital city of the country whose currency is the rupiah?,3467922461
facts,default,3,cot,59,L,L,1,-1,0,0,stop,1146,1116,qwen3.6-27b,"The sol is the currency of Peru. The capital of Peru is Lima. Its first letter is L.
Answer: L",What is the first letter of the capital city of the country whose currency is the sol?,3115547787
facts,default,3,cot,60,B,B,1,-1,0,0,stop,1142,1123,qwen3.6-27b,"The yuan is the currency of China. The capital of China is Beijing. Its first letter is B.
Answer: B",What is the first letter of the capital city of the country whose currency is the yuan?,3947010028
facts,default,3,cot,61,M,M,1,-1,0,0,stop,3140,3106,qwen3.6-27b,"The ruble is the currency of Russia. The capital city of Russia is Moscow. The first letter of Moscow is M.

Answer: M",What is the first letter of the capital city of the country whose currency is the ruble?,2621810554
facts,default,3,cot,62,B,B,1,-1,0,0,stop,674,643,qwen3.6-27b,"The baht is the currency of Thailand. The capital of Thailand is Bangkok. Its first letter is B.
Answer: B",What is the first letter of the capital city of the country whose currency is the baht?,88929984
facts,default,3,cot,63,L,L,1,-1,0,0,stop,861,822,qwen3.6-27b,"The sol is the currency of Peru. The capital of Peru is Lima. Its first letter is L.
Answer: L",What is the first letter of the capital city of the country whose currency is the sol?,1917568598
facts,default,3,cot,64,C,C,1,-1,0,0,stop,928,897,qwen3.6-27b,"The bolívar is the currency of Venezuela. The capital of Venezuela is Caracas. Its first letter is C.
Answer: C",What is the first letter of the capital city of the country whose currency is the bolivar?,3962524661
facts,default,3,cot,65,J,J,1,-1,0,0,stop,974,947,qwen3.6-27b,"The rupiah is the currency of Indonesia. The capital of Indonesia is Jakarta. Its first letter is J.
Answer: J",What is the first letter of the capital city of the country whose currency is the rupiah?,2603115363
facts,default,3,cot,66,D,D,1,-1,0,0,stop,301,263,qwen3.6-27b,"The taka is the currency of Bangladesh. The capital of Bangladesh is Dhaka. Its first letter is D.
Answer: D",What is the first letter of the capital city of the country whose currency is the taka?,35730137
facts,default,3,cot,67,A,A,1,-1,0,0,stop,2173,2228,qwen3.6-27b,"The cedi is the currency of Ghana. The capital of Ghana is Accra. Its first letter is A.

Answer: A",What is the first letter of the capital city of the country whose currency is the cedi?,1965425231
facts,default,3,cot,68,M,M,1,-1,0,0,stop,346,318,qwen3.6-27b,"The ruble is the currency of Russia. The capital of Russia is Moscow. Its first letter is M.
Answer: M",What is the first letter of the capital city of the country whose currency is the ruble?,3852017630
facts,default,3,cot,69,A,A,1,-1,0,0,stop,279,237,qwen3.6-27b,"The naira is the currency of Nigeria. The capital of Nigeria is Abuja. Its first letter is A.

Answer: A",What is the first letter of the capital city of the country whose currency is the naira?,2459840328
facts,default,3,cot,70,A,A,1,-1,0,0,stop,1043,1014,qwen3.6-27b,"The cedi is the currency of Ghana. The capital of Ghana is Accra. Its first letter is A.
Answer: A",What is the first letter of the capital city of the country whose currency is the cedi?,4065961645
facts,default,3,cot,71,J,J,1,-1,0,0,stop,536,516,qwen3.6-27b,"The rupiah is the currency of Indonesia. The capital of Indonesia is Jakarta. Its first letter is J.
Answer: J",What is the first letter of the capital city of the country whose currency is the rupiah?,2237568571
facts,default,3,cot,72,B,B,1,-1,0,0,stop,978,964,qwen3.6-27b,"The yuan is the currency of China. The capital of China is Beijing. Its first letter is B.
Answer: B",What is the first letter of the capital city of the country whose currency is the yuan?,475514753
facts,default,3,cot,73,P,P,1,-1,0,0,stop,1589,1557,qwen3.6-27b,"The koruna is the currency of the Czech Republic. The capital of the Czech Republic is Prague. Its first letter is P.
Answer: P",What is the first letter of the capital city of the country whose currency is the koruna?,1800468247
facts,default,3,cot,74,V,V,1,-1,0,0,stop,1060,1031,qwen3.6-27b,"The kip is the currency of Laos. The capital of Laos is Vientiane. Its first letter is V.
Answer: V",What is the first letter of the capital city of the country whose currency is the kip?,4113851060
facts,default,3,cot,75,B,B,1,-1,0,0,stop,641,613,qwen3.6-27b,"The baht is the currency of Thailand. The capital of Thailand is Bangkok. Its first letter is B.
Answer: B",What is the first letter of the capital city of the country whose currency is the baht?,2184401442
facts,default,3,cot,76,L,L,1,-1,0,0,stop,1038,1011,qwen3.6-27b,"The sol is the currency of Peru. The capital of Peru is Lima. Its first letter is L.
Answer: L",What is the first letter of the capital city of the country whose currency is the sol?,456786840
facts,default,3,cot,77,J,J,1,-1,0,0,stop,760,782,qwen3.6-27b,"The rupiah is the currency of Indonesia. The capital of Indonesia is Jakarta. Its first letter is J.
Answer: J",What is the first letter of the capital city of the country whose currency is the rupiah?,1815950094
facts,default,3,cot,78,P,P,1,-1,0,0,stop,1042,1007,qwen3.6-27b,"The koruna is the currency of the Czech Republic. The capital of the Czech Republic is Prague. Its first letter is P.
Answer: P",What is the first letter of the capital city of the country whose currency is the koruna?,4236390047
facts,default,3,cot,79,P,P,1,-1,0,0,stop,836,805,qwen3.6-27b,"The rand is the currency of South Africa. The administrative capital of South Africa is Pretoria. Its first letter is P.
Answer: P",What is the first letter of the capital city of the country whose currency is the rand?,2340757001
facts,default,4,immediate,0,Sulfur,Answer,0,-1,0,0,stop,3,0,qwen3.6-27b,Answer:,Which chemical element has the symbol that is the first letter of the capital city of the country whose currency is the won?,2951155811
facts,default,4,immediate,1,Boron,Answer,0,-1,0,0,stop,3,0,qwen3.6-27b,Answer:,Which chemical element has the symbol that is the first letter of the capital city of the country whose currency is the yuan?,3638567157
facts,default,4,immediate,2,Yttrium,Answer,0,-1,0,0,stop,2,0,qwen3.6-27b,Answer:,Which chemical element has the symbol that is the first letter of the capital city of the country whose currency is the dram?,1105817935
facts,default,4,immediate,3,Yttrium,Answer,0,-1,0,0,stop,7,0,qwen3.6-27b,Answer: Yttrium,Which chemical element has the symbol that is the first letter of the capital city of the country whose currency is the dram?,921584089
facts,default,4,immediate,4,Hydrogen,Answer,0,-1,0,0,stop,4,0,qwen3.6-27b,Answer: Vanadium,Which chemical element has the symbol that is the first letter of the capital city of the country whose currency is the dong?,2827670650
facts,default,4,immediate,5,Hydrogen,Answer,0,-1,0,0,stop,5,0,qwen3.6-27b,Answer: Boron,Which chemical element has the symbol that is the first letter of the capital city of the country whose currency is the dong?,3750618348
facts,default,4,immediate,6,Phosphorus,Answer,0,-1,0,0,stop,4,0,qwen3.6-27b,Answer: Carbon,Which chemical element has the symbol that is the first letter of the capital city of the country whose currency is the koruna?,1183102294
facts,default,4,immediate,7,Phosphorus,Answer,0,-1,0,0,stop,3,0,qwen3.6-27b,Answer:,Which chemical element has the symbol that is the first letter of the capital city of the country whose currency is the rand?,830703040
facts,default,4,immediate,8,Boron,Answer,0,-1,0,0,stop,2,0,qwen3.6-27b,Answer:,Which chemical element has the symbol that is the first letter of the capital city of the country whose currency is the leu?,2705102929
facts,default,4,immediate,9,Hydrogen,Answer,0,-1,0,0,stop,3,0,qwen3.6-27b,Answer:,Which chemical element has the symbol that is the first letter of the capital city of the country whose currency is the dong?,3594234055
facts,default,4,immediate,10,Phosphorus,Answer,0,-1,0,0,stop,3,0,qwen3.6-27b,Answer:,Which chemical element has the symbol that is the first letter of the capital city of the country whose currency is the riel?,970209682
facts,default,4,immediate,11,Phosphorus,Answer,0,-1,0,0,stop,5,0,qwen3.6-27b,Answer: Boron,Which chemical element has the symbol that is the first letter of the capital city of the country whose currency is the riel?,1322453252
facts,default,4,immediate,12,Boron,Answer,0,-1,0,0,stop,3,0,qwen3.6-27b,Answer:,Which chemical element has the symbol that is the first letter of the capital city of the country whose currency is the baht?,3621411006
facts,default,4,immediate,13,Phosphorus,Answer,0,-1,0,0,stop,5,0,qwen3.6-27b,Answer: Phosphorus,Which chemical element has the symbol that is the first letter of the capital city of the country whose currency is the riel?,2698864680
facts,default,4,immediate,14,Sulfur,Answer,0,-1,0,0,stop,2,0,qwen3.6-27b,Answer:,Which chemical element has the symbol that is the first letter of the capital city of the country whose currency is the won?,1052376459
facts,default,4,immediate,15,Tungsten,Answer,0,-1,0,0,stop,5,0,qwen3.6-27b,Answer: Potassium,Which chemical element has the symbol that is the first letter of the capital city of the country whose currency is the zloty?,1237241117
facts,default,4,immediate,16,Sulfur,Answer,0,-1,0,0,stop,3,0,qwen3.6-27b,Answer:,Which chemical element has the symbol that is the first letter of the capital city of the country whose currency is the won?,3501694119
facts,default,4,immediate,17,Potassium,Answer,0,-1,0,0,stop,3,0,qwen3.6-27b,Answer:,Which chemical element has the symbol that is the first letter of the capital city of the country whose currency is the afghani?,2813373489
facts,default,4,immediate,18,Boron,Answer,0,-1,0,0,stop,3,0,qwen3.6-27b,Answer:,Which chemical element has the symbol that is the first letter of the capital city of the country whose currency is the baht?,923775392
facts,default,4,immediate,19,Sulfur,Answer,0,-1,0,0,stop,3,0,qwen3.6-27b,Answer:,Which chemical element has the symbol that is the first letter of the capital city of the country whose currency is the won?,1074299190
facts,default,4,immediate,20,Sulfur,Answer,0,-1,0,0,stop,4,0,qwen3.6-27b,Answer: Seoul,Which chemical element has the symbol that is the first letter of the capital city of the country whose currency is the won?,318335569
facts,default,4,immediate,21,Sulfur,Answer,0,-1,0,0,stop,5,0,qwen3.6-27b,Answer: Nitrogen,Which chemical element has the symbol that is the first letter of the capital city of the country whose currency is the won?,1711168199
facts,default,4,immediate,22,Vanadium,Answer,0,-1,0,0,stop,5,0,qwen3.6-27b,Answer: Krypton,Which chemical element has the symbol that is the first letter of the capital city of the country whose currency is the kip?,4244048765
facts,default,4,immediate,23,Sulfur,Answer,0,-1,0,0,stop,2,0,qwen3.6-27b,Answer:,Which chemical element has the symbol that is the first letter of the capital city of the country whose currency is the won?,2347777003
facts,default,4,immediate,24,Boron,Answer,0,-1,0,0,stop,5,0,qwen3.6-27b,Answer: Boron,Which chemical element has the symbol that is the first letter of the capital city of the country whose currency is the baht?,362065480
facts,default,4,immediate,25,Boron,Answer,0,-1,0,0,stop,4,0,qwen3.6-27b,Answer: Baku,Which chemical element has the symbol that is the first letter of the capital city of the country whose currency is the manat?,1653841630
facts,default,4,immediate,26,Hydrogen,Answer,0,-1,0,0,stop,3,0,qwen3.6-27b,Answer:,Which chemical element has the symbol that is the first letter of the capital city of the country whose currency is the dong?,4221226852
facts,default,4,immediate,27,Phosphorus,Answer,0,-1,0,0,stop,5,0,qwen3.6-27b,Answer: Boron,Which chemical element has the symbol that is the first letter of the capital city of the country whose currency is the riel?,2359164914
facts,default,4,immediate,28,Yttrium,Answer,0,-1,0,0,stop,7,0,qwen3.6-27b,Answer: Yttrium,Which chemical element has the symbol that is the first letter of the capital city of the country whose currency is the dram?,472048227
facts,default,4,immediate,29,Boron,Answer,0,-1,0,0,stop,3,0,qwen3.6-27b,Answer:,Which chemical element has the symbol that is the first letter of the capital city of the country whose currency is the baht?,1797640949
facts,default,4,immediate,30,Boron,Answer,0,-1,0,0,stop,3,0,qwen3.6-27b,Answer:,Which chemical element has the symbol that is the first letter of the capital city of the country whose currency is the leu?,199383824
facts,default,4,immediate,31,Yttrium,Answer,0,-1,0,0,stop,7,0,qwen3.6-27b,Answer: Yttrium,Which chemical element has the symbol that is the first letter of the capital city of the country whose currency is the kyat?,2095410054
facts,default,4,immediate,32,Carbon,Answer,0,-1,0,0,stop,3,0,qwen3.6-27b,Answer:,Which chemical element has the symbol that is the first letter of the capital city of the country whose currency is the bolivar?,3857463868
facts,default,4,immediate,33,Yttrium,Answer,0,-1,0,0,stop,3,0,qwen3.6-27b,Answer:,Which chemical element has the symbol that is the first letter of the capital city of the country whose currency is the kyat?,2464877226
facts,default,4,immediate,34,Sulfur,Answer,0,-1,0,0,stop,3,0,qwen3.6-27b,Answer:,Which chemical element has the symbol that is the first letter of the capital city of the country whose currency is the lev?,210738953
facts,default,4,immediate,35,Boron,Answer,0,-1,0,0,stop,5,0,qwen3.6-27b,Answer: Nitrogen,Which chemical element has the symbol that is the first letter of the capital city of the country whose currency is the manat?,2072555423
facts,default,4,immediate,36,Phosphorus,Answer,0,-1,0,0,stop,6,0,qwen3.6-27b,Answer: Phosphorus,Which chemical element has the symbol that is the first letter of the capital city of the country whose currency is the koruna?,3800170021
facts,default,4,immediate,37,Carbon,Answer,0,-1,0,0,stop,5,0,qwen3.6-27b,Answer: Boron,Which chemical element has the symbol that is the first letter of the capital city of the country whose currency is the bolivar?,2508639923
facts,default,4,immediate,38,Phosphorus,Answer,0,-1,0,0,stop,5,0,qwen3.6-27b,Answer: Boron,Which chemical element has the symbol that is the first letter of the capital city of the country whose currency is the koruna?,87675682
facts,default,4,immediate,39,Tungsten,Answer,0,-1,0,0,stop,5,0,qwen3.6-27b,Answer: Boron,Which chemical element has the symbol that is the first letter of the capital city of the country whose currency is the zloty?,1916724148
facts,default,4,immediate,40,Yttrium,Answer,0,-1,0,0,stop,5,0,qwen3.6-27b,Answer: Argon,Which chemical element has the symbol that is the first letter of the capital city of the country whose currency is the dram?,1151585751
facts,default,4,immediate,41,Boron,Answer,0,-1,0,0,stop,4,0,qwen3.6-27b,Answer: B,Which chemical element has the symbol that is the first letter of the capital city of the country whose currency is the manat?,866450753
facts,default,4,immediate,42,Carbon,Answer,0,-1,0,0,stop,5,0,qwen3.6-27b,Answer: Boron,Which chemical element has the symbol that is the first letter of the capital city of the country whose currency is the bolivar?,2863508731
facts,default,4,immediate,43,Boron,Answer,0,-1,0,0,stop,3,0,qwen3.6-27b,Answer:,Which chemical element has the symbol that is the first letter of the capital city of the country whose currency is the manat?,3718945901
facts,default,4,immediate,44,Boron,Answer,0,-1,0,0,stop,2,0,qwen3.6-27b,Answer:,Which chemical element has the symbol that is the first letter of the capital city of the country whose currency is the yuan?,1137576398
facts,default,4,immediate,45,Sulfur,Answer,0,-1,0,0,stop,3,0,qwen3.6-27b,Answer:,Which chemical element has the symbol that is the first letter of the capital city of the country whose currency is the lev?,885602648
facts,default,4,immediate,46,Phosphorus,Answer,0,-1,0,0,stop,6,0,qwen3.6-27b,Answer: Phosphorus,Which chemical element has the symbol that is the first letter of the capital city of the country whose currency is the riel?,2915068130
facts,default,4,immediate,47,Tungsten,Answer,0,-1,0,0,stop,3,0,qwen3.6-27b,Answer:,Which chemical element has the symbol that is the first letter of the capital city of the country whose currency is the zloty?,3670497396
facts,default,4,immediate,48,Potassium,Answer,0,-1,0,0,stop,3,0,qwen3.6-27b,Answer:,Which chemical element has the symbol that is the first letter of the capital city of the country whose currency is the afghani?,1249396197
facts,default,4,immediate,49,Boron,Answer,0,-1,0,0,stop,3,0,qwen3.6-27b,Answer:,Which chemical element has the symbol that is the first letter of the capital city of the country whose currency is the yuan?,1031763315
facts,default,4,immediate,50,Phosphorus,Answer,0,-1,0,0,stop,3,0,qwen3.6-27b,Answer:,Which chemical element has the symbol that is the first letter of the capital city of the country whose currency is the koruna?,1572404374
facts,default,4,immediate,51,Sulfur,Answer,0,-1,0,0,stop,5,0,qwen3.6-27b,Answer: Boron,Which chemical element has the symbol that is the first letter of the capital city of the country whose currency is the won?,717212672
facts,default,4,immediate,52,Sulfur,Answer,0,-1,0,0,stop,3,0,qwen3.6-27b,Answer:,Which chemical element has the symbol that is the first letter of the capital city of the country whose currency is the krona?,3015089594
facts,default,4,immediate,53,Yttrium,Answer,0,-1,0,0,stop,7,0,qwen3.6-27b,Answer: Yttrium,Which chemical element has the symbol that is the first letter of the capital city of the country whose currency is the dram?,3299978540
facts,default,4,immediate,54,Yttrium,Answer,0,-1,0,0,stop,2,0,qwen3.6-27b,Answer:,Which chemical element has the symbol that is the first letter of the capital city of the country whose currency is the dram?,1523923087
facts,default,4,immediate,55,Boron,Answer,0,-1,0,0,stop,5,0,qwen3.6-27b,Answer: Boron,Which chemical element has the symbol that is the first letter of the capital city of the country whose currency is the baht?,768739353
facts,default,4,immediate,56,Tungsten,Answer,0,-1,0,0,stop,5,0,qwen3.6-27b,Answer: Tungsten,Which chemical element has the symbol that is the first letter of the capital city of the country whose currency is the zloty?,3034274211
facts,default,4,immediate,57,Sulfur,Answer,0,-1,0,0,stop,5,0,qwen3.6-27b,Answer: Helium,Which chemical element has the symbol that is the first letter of the capital city of the country whose currency is the lev?,3286001973
facts,default,4,immediate,58,Tungsten,Answer,0,-1,0,0,stop,3,0,qwen3.6-27b,Answer:,Which chemical element has the symbol that is the first letter of the capital city of the country whose currency is the zloty?,1399026852
facts,default,4,immediate,59,Carbon,Answer,0,-1,0,0,stop,5,0,qwen3.6-27b,Answer: Boron,Which chemical element has the symbol that is the first letter of the capital city of the country whose currency is the bolivar?,610550834
facts,default,4,immediate,60,Yttrium,Answer,0,-1,0,0,stop,3,0,qwen3.6-27b,Answer:,Which chemical element has the symbol that is the first letter of the capital city of the country whose currency is the kyat?,1989521237
facts,default,4,immediate,61,Sulfur,Answer,0,-1,0,0,stop,6,0,qwen3.6-27b,Answer: Sulfur,Which chemical element has the symbol that is the first letter of the capital city of the country whose currency is the won?,26386371
facts,default,4,immediate,62,Phosphorus,Answer,0,-1,0,0,stop,3,0,qwen3.6-27b,Answer:,Which chemical element has the symbol that is the first letter of the capital city of the country whose currency is the rand?,2560347769
facts,default,4,immediate,63,Yttrium,Answer,0,-1,0,0,stop,6,0,qwen3.6-27b,Answer: Yttrium,Which chemical element has the symbol that is the first letter of the capital city of the country whose currency is the dram?,4020043503
facts,default,4,immediate,64,Carbon,Answer,0,-1,0,0,stop,3,0,qwen3.6-27b,Answer:,Which chemical element has the symbol that is the first letter of the capital city of the country whose currency is the bolivar?,1912105804
facts,default,4,immediate,65,Boron,Answer,0,-1,0,0,stop,5,0,qwen3.6-27b,Answer: Boron,Which chemical element has the symbol that is the first letter of the capital city of the country whose currency is the baht?,117398490
facts,default,4,immediate,66,Tungsten,Answer,0,-1,0,0,stop,3,0,qwen3.6-27b,Answer:,Which chemical element has the symbol that is the first letter of the capital city of the country whose currency is the zloty?,2683701856
facts,default,4,immediate,67,Potassium,Answer,0,-1,0,0,stop,5,0,qwen3.6-27b,Answer: Uranium,Which chemical element has the symbol that is the first letter of the capital city of the country whose currency is the hryvnia?,3908123382
facts,default,4,immediate,68,Sulfur,Answer,0,-1,0,0,stop,4,0,qwen3.6-27b,Answer: Carbon,Which chemical element has the symbol that is the first letter of the capital city of the country whose currency is the won?,2018387815
facts,default,4,immediate,69,Phosphorus,Answer,0,-1,0,0,stop,3,0,qwen3.6-27b,Answer:,Which chemical element has the symbol that is the first letter of the capital city of the country whose currency is the riel?,256448497
facts,default,4,immediate,70,Boron,Answer,0,-1,0,0,stop,5,0,qwen3.6-27b,Answer: Uranium,Which chemical element has the symbol that is the first letter of the capital city of the country whose currency is the leu?,1871617556
facts,default,4,immediate,71,Sulfur,Answer,0,-1,0,0,stop,3,0,qwen3.6-27b,Answer:,Which chemical element has the symbol that is the first letter of the capital city of the country whose currency is the krona?,411676290
facts,default,4,immediate,72,Vanadium,Answer,0,-1,0,0,stop,5,0,qwen3.6-27b,Answer: Vanadium,Which chemical element has the symbol that is the first letter of the capital city of the country whose currency is the kip?,2172714808
facts,default,4,immediate,73,Carbon,Answer,0,-1,0,0,stop,5,0,qwen3.6-27b,Answer: Boron,Which chemical element has the symbol that is the first letter of the capital city of the country whose currency is the bolivar?,4136095662
facts,default,4,immediate,74,Boron,Answer,0,-1,0,0,stop,5,0,qwen3.6-27b,Answer: Boron,Which chemical element has the symbol that is the first letter of the capital city of the country whose currency is the leu?,1759730189
facts,default,4,immediate,75,Hydrogen,Answer,0,-1,0,0,stop,5,0,qwen3.6-27b,Answer: Helium,Which chemical element has the symbol that is the first letter of the capital city of the country whose currency is the dong?,535063195
facts,default,4,immediate,76,Phosphorus,Answer,0,-1,0,0,stop,2,0,qwen3.6-27b,Answer:,Which chemical element has the symbol that is the first letter of the capital city of the country whose currency is the koruna?,2263694113
facts,default,4,immediate,77,Boron,Answer,0,-1,0,0,stop,3,0,qwen3.6-27b,Answer:,Which chemical element has the symbol that is the first letter of the capital city of the country whose currency is the baht?,4058647479
facts,default,4,immediate,78,Sulfur,Answer,0,-1,0,0,stop,3,0,qwen3.6-27b,Answer:,Which chemical element has the symbol that is the first letter of the capital city of the country whose currency is the lev?,1632966182
facts,default,4,immediate,79,Yttrium,Answer,0,-1,0,0,stop,7,0,qwen3.6-27b,Answer: Yttrium,Which chemical element has the symbol that is the first letter of the capital city of the country whose currency is the kyat?,374482608
facts,default,4,cot,0,Sulfur,Sulfur,1,-1,0,0,stop,1114,1063,qwen3.6-27b,"The won is the currency of South Korea. The capital of South Korea is Seoul. Its first letter is S, and S is the symbol for Sulfur.
Answer: Sulfur",Which chemical element has the symbol that is the first letter of the capital city of the country whose currency is the won?,2951155811
facts,default,4,cot,1,Boron,Boron,1,-1,0,0,stop,869,848,qwen3.6-27b,"The yuan is the currency of China. The capital of China is Beijing. Its first letter is B, and B is the symbol for Boron.
Answer: Boron",Which chemical element has the symbol that is the first letter of the capital city of the country whose currency is the yuan?,3638567157
facts,default,4,cot,2,Yttrium,Yttrium,1,-1,0,0,stop,258,212,qwen3.6-27b,"The dram is the currency of Armenia. The capital of Armenia is Yerevan. Its first letter is Y, and Y is the symbol for Yttrium.
Answer: Yttrium",Which chemical element has the symbol that is the first letter of the capital city of the country whose currency is the dram?,1105817935
facts,default,4,cot,3,Yttrium,Yttrium,1,-1,0,0,stop,233,171,qwen3.6-27b,"The dram is the currency of Armenia. The capital of Armenia is Yerevan. Its first letter is Y, and Y is the symbol for Yttrium.
Answer: Yttrium",Which chemical element has the symbol that is the first letter of the capital city of the country whose currency is the dram?,921584089
facts,default,4,cot,4,Hydrogen,Hydrogen,1,-1,0,0,stop,226,175,qwen3.6-27b,"The dong is the currency of Vietnam. The capital of Vietnam is Hanoi. Its first letter is H, and H is the symbol for Hydrogen.
Answer: Hydrogen",Which chemical element has the symbol that is the first letter of the capital city of the country whose currency is the dong?,2827670650
facts,default,4,cot,5,Hydrogen,Hydrogen,1,-1,0,0,stop,230,192,qwen3.6-27b,"The dong is the currency of Vietnam. The capital of Vietnam is Hanoi. Its first letter is H, and H is the symbol for Hydrogen.
Answer: Hydrogen",Which chemical element has the symbol that is the first letter of the capital city of the country whose currency is the dong?,3750618348
facts,default,4,cot,6,Phosphorus,Phosphorus,1,-1,0,0,stop,727,682,qwen3.6-27b,"The koruna is the currency of the Czech Republic. The capital of the Czech Republic is Prague. Its first letter is P, and P is the chemical symbol for Phosphorus.

Answer: Phosphorus",Which chemical element has the symbol that is the first letter of the capital city of the country whose currency is the koruna?,1183102294
facts,default,4,cot,7,Phosphorus,Phosphorus,1,-1,0,0,stop,336,295,qwen3.6-27b,"The rand is the currency of South Africa. The administrative capital of South Africa is Pretoria. Its first letter is P, and P is the chemical symbol for Phosphorus.

Answer: Phosphorus",Which chemical element has the symbol that is the first letter of the capital city of the country whose currency is the rand?,830703040
facts,default,4,cot,8,Boron,Boron,1,-1,0,0,stop,1334,1296,qwen3.6-27b,"The leu is the currency of Romania. The capital of Romania is Bucharest. Its first letter is B, and B is the symbol for Boron.
Answer: Boron",Which chemical element has the symbol that is the first letter of the capital city of the country whose currency is the leu?,2705102929
facts,default,4,cot,9,Hydrogen,Hydrogen,1,-1,0,0,stop,230,192,qwen3.6-27b,"The dong is the currency of Vietnam. The capital of Vietnam is Hanoi. Its first letter is H, and H is the symbol for Hydrogen.
Answer: Hydrogen",Which chemical element has the symbol that is the first letter of the capital city of the country whose currency is the dong?,3594234055
facts,default,4,cot,10,Phosphorus,Phosphorus,1,-1,0,0,stop,1441,1394,qwen3.6-27b,"The riel is the currency of Cambodia. The capital of Cambodia is Phnom Penh. Its first letter is P, and P is the chemical symbol for Phosphorus.
Answer: Phosphorus",Which chemical element has the symbol that is the first letter of the capital city of the country whose currency is the riel?,970209682
facts,default,4,cot,11,Phosphorus,Phosphorus,1,-1,0,0,stop,651,607,qwen3.6-27b,"The riel is the currency of Cambodia. The capital of Cambodia is Phnom Penh. Its first letter is P, and P is the chemical symbol for Phosphorus.
Answer: Phosphorus",Which chemical element has the symbol that is the first letter of the capital city of the country whose currency is the riel?,1322453252
facts,default,4,cot,12,Boron,Boron,1,-1,0,0,stop,240,189,qwen3.6-27b,"The baht is the currency of Thailand. The capital of Thailand is Bangkok. Its first letter is B, and B is the symbol for Boron.
Answer: Boron",Which chemical element has the symbol that is the first letter of the capital city of the country whose currency is the baht?,3621411006
facts,default,4,cot,13,Phosphorus,Phosphorus,1,-1,0,0,stop,904,861,qwen3.6-27b,"The riel is the currency of Cambodia. The capital of Cambodia is Phnom Penh. Its first letter is P, and P is the symbol for Phosphorus.
Answer: Phosphorus",Which chemical element has the symbol that is the first letter of the capital city of the country whose currency is the riel?,2698864680
facts,default,4,cot,14,Sulfur,Sulfur,1,-1,0,0,stop,1250,1211,qwen3.6-27b,"The won is the currency of South Korea. The capital of South Korea is Seoul. Its first letter is S, and S is the chemical symbol for Sulfur.
Answer: Sulfur",Which chemical element has the symbol that is the first letter of the capital city of the country whose currency is the won?,1052376459
facts,default,4,cot,15,Tungsten,Tungsten,1,-1,0,0,stop,239,193,qwen3.6-27b,"The zloty is the currency of Poland. The capital of Poland is Warsaw. Its first letter is W, and W is the chemical symbol for Tungsten.

Answer: Tungsten",Which chemical element has the symbol that is the first letter of the capital city of the country whose currency is the zloty?,1237241117
facts,default,4,cot,16,Sulfur,Sulfur,1,-1,0,0,stop,1125,1083,qwen3.6-27b,"The won is the currency of South Korea. The capital of South Korea is Seoul. Its first letter is S, and S is the chemical symbol for Sulfur.

Answer: Sulfur",Which chemical element has the symbol that is the first letter of the capital city of the country whose currency is the won?,3501694119
facts,default,4,cot,17,Potassium,Potassium,1,-1,0,0,stop,249,209,qwen3.6-27b,"The afghani is the currency of Afghanistan. The capital of Afghanistan is Kabul. Its first letter is K, and K is the chemical symbol for Potassium.

Answer: Potassium",Which chemical element has the symbol that is the first letter of the capital city of the country whose currency is the afghani?,2813373489
facts,default,4,cot,18,Boron,Boron,1,-1,0,0,stop,214,167,qwen3.6-27b,"The baht is the currency of Thailand. The capital of Thailand is Bangkok. Its first letter is B, and B is the chemical symbol for Boron.
Answer: Boron",Which chemical element has the symbol that is the first letter of the capital city of the country whose currency is the baht?,923775392
facts,default,4,cot,19,Sulfur,Sulfur,1,-1,0,0,stop,992,950,qwen3.6-27b,"The won is the currency of South Korea. The capital of South Korea is Seoul. Its first letter is S, and S is the chemical symbol for Sulfur.

Answer: Sulfur",Which chemical element has the symbol that is the first letter of the capital city of the country whose currency is the won?,1074299190
facts,default,4,cot,20,Sulfur,Sulfur,1,-1,0,0,stop,1662,1619,qwen3.6-27b,"The won is the currency of South Korea. The capital of South Korea is Seoul. The first letter of Seoul is S, which is the chemical symbol for Sulfur.

Answer: Sulfur",Which chemical element has the symbol that is the first letter of the capital city of the country whose currency is the won?,318335569
facts,default,4,cot,21,Sulfur,Sulfur,1,-1,0,0,stop,801,756,qwen3.6-27b,"The won is the currency of South Korea. The capital of South Korea is Seoul. Its first letter is S, and S is the chemical symbol for Sulfur.

Answer: Sulfur",Which chemical element has the symbol that is the first letter of the capital city of the country whose currency is the won?,1711168199
facts,default,4,cot,22,Vanadium,Vanadium,1,-1,0,0,stop,235,188,qwen3.6-27b,"The kip is the currency of Laos. The capital of Laos is Vientiane. Its first letter is V, and V is the symbol for Vanadium.
Answer: Vanadium",Which chemical element has the symbol that is the first letter of the capital city of the country whose currency is the kip?,4244048765
facts,default,4,cot,23,Sulfur,Sulfur,1,-1,0,0,stop,1353,1270,qwen3.6-27b,"The won is the currency of South Korea. The capital of South Korea is Seoul. Its first letter is S, and S is the symbol for Sulfur.
Answer: Sulfur",Which chemical element has the symbol that is the first letter of the capital city of the country whose currency is the won?,2347777003
facts,default,4,cot,24,Boron,Boron,1,-1,0,0,stop,214,176,qwen3.6-27b,"The baht is the currency of Thailand. The capital of Thailand is Bangkok. Its first letter is B, and B is the symbol for Boron.
Answer: Boron",Which chemical element has the symbol that is the first letter of the capital city of the country whose currency is the baht?,362065480
facts,default,4,cot,25,Boron,Boron,1,-1,0,0,stop,1196,1157,qwen3.6-27b,"The manat is the currency of Azerbaijan. The capital of Azerbaijan is Baku. Its first letter is B, and B is the symbol for Boron.
Answer: Boron",Which chemical element has the symbol that is the first letter of the capital city of the country whose currency is the manat?,1653841630
facts,default,4,cot,26,Hydrogen,Hydrogen,1,-1,0,0,stop,230,192,qwen3.6-27b,"The dong is the currency of Vietnam. The capital of Vietnam is Hanoi. Its first letter is H, and H is the symbol for Hydrogen.
Answer: Hydrogen",Which chemical element has the symbol that is the first letter of the capital city of the country whose currency is the dong?,4221226852
facts,default,4,cot,27,Phosphorus,Phosphorus,1,-1,0,0,stop,907,835,qwen3.6-27b,"The riel is the currency of Cambodia. The capital of Cambodia is Phnom Penh. Its first letter is P, and P is the symbol for Phosphorus.
Answer: Phosphorus",Which chemical element has the symbol that is the first letter of the capital city of the country whose currency is the riel?,2359164914
facts,default,4,cot,28,Yttrium,Yttrium,1,-1,0,0,stop,1299,1250,qwen3.6-27b,"The dram is the currency of Armenia. The capital of Armenia is Yerevan. The first letter of Yerevan is Y. The chemical element with the symbol Y is Yttrium.

Answer: Yttrium",Which chemical element has the symbol that is the first letter of the capital city of the country whose currency is the dram?,472048227
facts,default,4,cot,29,Boron,Boron,1,-1,0,0,stop,236,186,qwen3.6-27b,"The baht is the currency of Thailand. The capital of Thailand is Bangkok. Its first letter is B, and B is the symbol for Boron.
Answer: Boron",Which chemical element has the symbol that is the first letter of the capital city of the country whose currency is the baht?,1797640949
facts,default,4,cot,30,Boron,Boron,1,-1,0,0,stop,1215,1176,qwen3.6-27b,"The leu is the currency of Romania. The capital of Romania is Bucharest. Its first letter is B, and B is the symbol for Boron.
Answer: Boron",Which chemical element has the symbol that is the first letter of the capital city of the country whose currency is the leu?,199383824
facts,default,4,cot,31,Yttrium,Nitrogen,0,-1,0,0,stop,254,190,qwen3.6-27b,"The kyat is the currency of Myanmar. The capital of Myanmar is Naypyidaw. Its first letter is N, and N is the symbol for Nitrogen.
Answer: Nitrogen",Which chemical element has the symbol that is the first letter of the capital city of the country whose currency is the kyat?,2095410054
facts,default,4,cot,32,Carbon,Carbon,1,-1,0,0,stop,337,300,qwen3.6-27b,"The bolívar is the currency of Venezuela. The capital of Venezuela is Caracas. Its first letter is C, and C is the chemical symbol for Carbon.

Answer: Carbon",Which chemical element has the symbol that is the first letter of the capital city of the country whose currency is the bolivar?,3857463868
facts,default,4,cot,33,Yttrium,Nitrogen,0,-1,0,0,stop,252,211,qwen3.6-27b,"The kyat is the currency of Myanmar. The capital of Myanmar is Naypyidaw. Its first letter is N, and N is the symbol for Nitrogen.
Answer: Nitrogen",Which chemical element has the symbol that is the first letter of the capital city of the country whose currency is the kyat?,2464877226
facts,default,4,cot,34,Sulfur,Sulfur,1,-1,0,0,stop,640,601,qwen3.6-27b,"The lev is the currency of Bulgaria. The capital of Bulgaria is Sofia. Its first letter is S, and S is the symbol for Sulfur.
Answer: Sulfur",Which chemical element has the symbol that is the first letter of the capital city of the country whose currency is the lev?,210738953
facts,default,4,cot,35,Boron,Boron,1,-1,0,0,stop,1275,1197,qwen3.6-27b,"The manat is the currency of Azerbaijan. The capital of Azerbaijan is Baku. Its first letter is B, and B is the symbol for Boron.
Answer: Boron",Which chemical element has the symbol that is the first letter of the capital city of the country whose currency is the manat?,2072555423
facts,default,4,cot,36,Phosphorus,Phosphorus,1,-1,0,0,stop,1298,1248,qwen3.6-27b,"The koruna is the currency of the Czech Republic (Czechia). The capital of the Czech Republic is Prague. Its first letter is P, and P is the chemical symbol for Phosphorus.

Answer: Phosphorus",Which chemical element has the symbol that is the first letter of the capital city of the country whose currency is the koruna?,3800170021
facts,default,4,cot,37,Carbon,Carbon,1,-1,0,0,stop,220,184,qwen3.6-27b,"The bolívar is the currency of Venezuela. The capital of Venezuela is Caracas. Its first letter is C, and C is the symbol for Carbon.
Answer: Carbon",Which chemical element has the symbol that is the first letter of the capital city of the country whose currency is the bolivar?,2508639923
facts,default,4,cot,38,Phosphorus,Phosphorus,1,-1,0,0,stop,273,218,qwen3.6-27b,"The koruna is the currency of the Czech Republic. The capital of the Czech Republic is Prague. The first letter of Prague is P, which is the chemical symbol for Phosphorus.

Answer: Phosphorus",Which chemical element has the symbol that is the first letter of the capital city of the country whose currency is the koruna?,87675682
facts,default,4,cot,39,Tungsten,Tungsten,1,-1,0,0,stop,258,218,qwen3.6-27b,"The zloty is the currency of Poland. The capital of Poland is Warsaw. Its first letter is W, and W is the chemical symbol for Tungsten.

Answer: Tungsten",Which chemical element has the symbol that is the first letter of the capital city of the country whose currency is the zloty?,1916724148
facts,default,4,cot,40,Yttrium,Yttrium,1,-1,0,0,stop,243,200,qwen3.6-27b,"The dram is the currency of Armenia. The capital of Armenia is Yerevan. Its first letter is Y, and Y is the symbol for Yttrium.
Answer: Yttrium",Which chemical element has the symbol that is the first letter of the capital city of the country whose currency is the dram?,1151585751
facts,default,4,cot,41,Boron,Boron,1,-1,0,0,stop,967,928,qwen3.6-27b,"The manat is the currency of Azerbaijan. The capital of Azerbaijan is Baku. Its first letter is B, and B is the symbol for Boron.
Answer: Boron",Which chemical element has the symbol that is the first letter of the capital city of the country whose currency is the manat?,866450753
facts,default,4,cot,42,Carbon,Carbon,1,-1,0,0,stop,231,195,qwen3.6-27b,"The bolívar is the currency of Venezuela. The capital of Venezuela is Caracas. Its first letter is C, and C is the symbol for Carbon.
Answer: Carbon",Which chemical element has the symbol that is the first letter of the capital city of the country whose currency is the bolivar?,2863508731
facts,default,4,cot,43,Boron,Boron,1,-1,0,0,stop,1236,1193,qwen3.6-27b,"The manat is the currency of Azerbaijan. The capital of Azerbaijan is Baku. Its first letter is B, and B is the chemical symbol for Boron.
Answer: Boron",Which chemical element has the symbol that is the first letter of the capital city of the country whose currency is the manat?,3718945901
facts,default,4,cot,44,Boron,Boron,1,-1,0,0,stop,1111,1075,qwen3.6-27b,"The yuan is the currency of China. The capital of China is Beijing. Its first letter is B, and B is the symbol for Boron.
Answer: Boron",Which chemical element has the symbol that is the first letter of the capital city of the country whose currency is the yuan?,1137576398
facts,default,4,cot,45,Sulfur,Sulfur,1,-1,0,0,stop,769,727,qwen3.6-27b,"The lev is the currency of Bulgaria. The capital of Bulgaria is Sofia. Its first letter is S, and S is the symbol for Sulfur.
Answer: Sulfur",Which chemical element has the symbol that is the first letter of the capital city of the country whose currency is the lev?,885602648
facts,default,4,cot,46,Phosphorus,Phosphorus,1,-1,0,0,stop,235,188,qwen3.6-27b,"The riel is the currency of Cambodia. The capital of Cambodia is Phnom Penh. Its first letter is P, and P is the chemical symbol for Phosphorus.

Answer: Phosphorus",Which chemical element has the symbol that is the first letter of the capital city of the country whose currency is the riel?,2915068130
facts,default,4,cot,47,Tungsten,Tungsten,1,-1,0,0,stop,615,535,qwen3.6-27b,"The zloty is the currency of Poland. The capital of Poland is Warsaw. Its first letter is W, and W is the chemical symbol for Tungsten.
Answer: Tungsten",Which chemical element has the symbol that is the first letter of the capital city of the country whose currency is the zloty?,3670497396
facts,default,4,cot,48,Potassium,Potassium,1,-1,0,0,stop,234,194,qwen3.6-27b,"The afghani is the currency of Afghanistan. The capital of Afghanistan is Kabul. Its first letter is K, and K is the chemical symbol for Potassium.
Answer: Potassium",Which chemical element has the symbol that is the first letter of the capital city of the country whose currency is the afghani?,1249396197
facts,default,4,cot,49,Boron,Boron,1,-1,0,0,stop,369,332,qwen3.6-27b,"The yuan is the currency of China. The capital of China is Beijing. Its first letter is B, and B is the symbol for Boron.
Answer: Boron",Which chemical element has the symbol that is the first letter of the capital city of the country whose currency is the yuan?,1031763315
facts,default,4,cot,50,Phosphorus,Phosphorus,1,-1,0,0,stop,1188,1144,qwen3.6-27b,"The koruna is the currency of the Czech Republic. The capital of the Czech Republic is Prague. Its first letter is P, and P is the symbol for Phosphorus.
Answer: Phosphorus",Which chemical element has the symbol that is the first letter of the capital city of the country whose currency is the koruna?,1572404374
facts,default,4,cot,51,Sulfur,Sulfur,1,-1,0,0,stop,1064,1023,qwen3.6-27b,"The won is the currency of South Korea. The capital of South Korea is Seoul. Its first letter is S, and S is the symbol for Sulfur.
Answer: Sulfur",Which chemical element has the symbol that is the first letter of the capital city of the country whose currency is the won?,717212672
facts,default,4,cot,52,Sulfur,Sulfur,1,-1,0,0,stop,1960,1810,qwen3.6-27b,"The krona is the currency of Sweden. The capital of Sweden is Stockholm. Its first letter is S, and S is the symbol for Sulfur.
Answer: Sulfur",Which chemical element has the symbol that is the first letter of the capital city of the country whose currency is the krona?,3015089594
facts,default,4,cot,53,Yttrium,Yttrium,1,-1,0,0,stop,294,247,qwen3.6-27b,"The dram is the currency of Armenia. The capital of Armenia is Yerevan. Its first letter is Y, and Y is the chemical symbol for Yttrium.

Answer: Yttrium",Which chemical element has the symbol that is the first letter of the capital city of the country whose currency is the dram?,3299978540
facts,default,4,cot,54,Yttrium,Yttrium,1,-1,0,0,stop,236,180,qwen3.6-27b,"The dram is the currency of Armenia. The capital of Armenia is Yerevan. Its first letter is Y, and Y is the symbol for Yttrium.
Answer: Yttrium",Which chemical element has the symbol that is the first letter of the capital city of the country whose currency is the dram?,1523923087
facts,default,4,cot,55,Boron,Boron,1,-1,0,0,stop,682,643,qwen3.6-27b,"The baht is the currency of Thailand. The capital of Thailand is Bangkok. Its first letter is B, and B is the chemical symbol for Boron.
Answer: Boron",Which chemical element has the symbol that is the first letter of the capital city of the country whose currency is the baht?,768739353
facts,default,4,cot,56,Tungsten,Tungsten,1,-1,0,0,stop,1279,1238,qwen3.6-27b,"The zloty is the currency of Poland. The capital of Poland is Warsaw. The first letter of Warsaw is W, which is the chemical symbol for Tungsten.
Answer: Tungsten",Which chemical element has the symbol that is the first letter of the capital city of the country whose currency is the zloty?,3034274211
facts,default,4,cot,57,Sulfur,Sulfur,1,-1,0,0,stop,226,187,qwen3.6-27b,"The lev is the currency of Bulgaria. The capital of Bulgaria is Sofia. Its first letter is S, and S is the symbol for Sulfur.
Answer: Sulfur",Which chemical element has the symbol that is the first letter of the capital city of the country whose currency is the lev?,3286001973
facts,default,4,cot,58,Tungsten,Tungsten,1,-1,0,0,stop,234,194,qwen3.6-27b,"The zloty is the currency of Poland. The capital of Poland is Warsaw. Its first letter is W, and W is the chemical symbol for Tungsten.
Answer: Tungsten",Which chemical element has the symbol that is the first letter of the capital city of the country whose currency is the zloty?,1399026852
facts,default,4,cot,59,Carbon,Carbon,1,-1,0,0,stop,339,302,qwen3.6-27b,"The bolivar is the currency of Venezuela. The capital of Venezuela is Caracas. Its first letter is C, and C is the chemical symbol for Carbon.

Answer: Carbon",Which chemical element has the symbol that is the first letter of the capital city of the country whose currency is the bolivar?,610550834
facts,default,4,cot,60,Yttrium,Nitrogen,0,-1,0,0,stop,1259,1217,qwen3.6-27b,"The kyat is the currency of Myanmar. The capital of Myanmar is Naypyidaw. Its first letter is N, and N is the chemical symbol for Nitrogen.
Answer: Nitrogen",Which chemical element has the symbol that is the first letter of the capital city of the country whose currency is the kyat?,1989521237
facts,default,4,cot,61,Sulfur,Sulfur,1,-1,0,0,stop,793,704,qwen3.6-27b,"The won is the currency of South Korea. The capital of South Korea is Seoul. Its first letter is S, and S is the chemical symbol for Sulfur.
Answer: Sulfur",Which chemical element has the symbol that is the first letter of the capital city of the country whose currency is the won?,26386371
facts,default,4,cot,62,Phosphorus,Phosphorus,1,-1,0,0,stop,884,840,qwen3.6-27b,"The rand is the currency of South Africa. The administrative capital of South Africa is Pretoria. Its first letter is P, and P is the chemical symbol for Phosphorus.

Answer: Phosphorus",Which chemical element has the symbol that is the first letter of the capital city of the country whose currency is the rand?,2560347769
facts,default,4,cot,63,Yttrium,Yttrium,1,-1,0,0,stop,233,190,qwen3.6-27b,"The dram is the currency of Armenia. The capital of Armenia is Yerevan. Its first letter is Y, and Y is the symbol for Yttrium.
Answer: Yttrium",Which chemical element has the symbol that is the first letter of the capital city of the country whose currency is the dram?,4020043503
facts,default,4,cot,64,Carbon,Carbon,1,-1,0,0,stop,208,172,qwen3.6-27b,"The bolívar is the currency of Venezuela. The capital of Venezuela is Caracas. Its first letter is C, and C is the symbol for Carbon.
Answer: Carbon",Which chemical element has the symbol that is the first letter of the capital city of the country whose currency is the bolivar?,1912105804
facts,default,4,cot,65,Boron,Boron,1,-1,0,0,stop,1170,1131,qwen3.6-27b,"The baht is the currency of Thailand. The capital of Thailand is Bangkok. Its first letter is B, and B is the chemical symbol for Boron.
Answer: Boron",Which chemical element has the symbol that is the first letter of the capital city of the country whose currency is the baht?,117398490
facts,default,4,cot,66,Tungsten,Tungsten,1,-1,0,0,stop,344,304,qwen3.6-27b,"The zloty is the currency of Poland. The capital of Poland is Warsaw. Its first letter is W, and W is the chemical symbol for Tungsten.

Answer: Tungsten",Which chemical element has the symbol that is the first letter of the capital city of the country whose currency is the zloty?,2683701856
facts,default,4,cot,67,Potassium,Potassium,1,-1,0,0,stop,286,245,qwen3.6-27b,"The hryvnia is the currency of Ukraine. The capital of Ukraine is Kyiv. Its first letter is K, and K is the chemical symbol for Potassium.

Answer: Potassium",Which chemical element has the symbol that is the first letter of the capital city of the country whose currency is the hryvnia?,3908123382
facts,default,4,cot,68,Sulfur,Sulfur,1,-1,0,0,stop,1166,1125,qwen3.6-27b,"The won is the currency of South Korea. The capital of South Korea is Seoul. Its first letter is S, and S is the symbol for Sulfur.
Answer: Sulfur",Which chemical element has the symbol that is the first letter of the capital city of the country whose currency is the won?,2018387815
facts,default,4,cot,69,Phosphorus,Phosphorus,1,-1,0,0,stop,962,898,qwen3.6-27b,"The riel is the currency of Cambodia. The capital of Cambodia is Phnom Penh. Its first letter is P, which is the chemical symbol for Phosphorus.

Answer: Phosphorus",Which chemical element has the symbol that is the first letter of the capital city of the country whose currency is the riel?,256448497
facts,default,4,cot,70,Boron,Boron,1,-1,0,0,stop,855,774,qwen3.6-27b,"The leu is the currency of Romania. The capital of Romania is Bucharest. Its first letter is B, and B is the symbol for Boron.
Answer: Boron",Which chemical element has the symbol that is the first letter of the capital city of the country whose currency is the leu?,1871617556
facts,default,4,cot,71,Sulfur,Sulfur,1,-1,0,0,stop,1604,1564,qwen3.6-27b,"The krona is the currency of Sweden. The capital of Sweden is Stockholm. Its first letter is S, and S is the symbol for Sulfur.
Answer: Sulfur",Which chemical element has the symbol that is the first letter of the capital city of the country whose currency is the krona?,411676290
facts,default,4,cot,72,Vanadium,Vanadium,1,-1,0,0,stop,1042,997,qwen3.6-27b,"The kip is the official currency of Laos. The capital city of Laos is Vientiane. The first letter of Vientiane is V, which is the chemical symbol for Vanadium.

Answer: Vanadium",Which chemical element has the symbol that is the first letter of the capital city of the country whose currency is the kip?,2172714808
facts,default,4,cot,73,Carbon,Carbon,1,-1,0,0,stop,229,186,qwen3.6-27b,"The bolívar is the currency of Venezuela. The capital of Venezuela is Caracas. Its first letter is C, and C is the symbol for Carbon.
Answer: Carbon",Which chemical element has the symbol that is the first letter of the capital city of the country whose currency is the bolivar?,4136095662
facts,default,4,cot,74,Boron,Boron,1,-1,0,0,stop,1094,1021,qwen3.6-27b,"The leu is the currency of Romania. The capital of Romania is Bucharest. Its first letter is B, and B is the symbol for Boron.
Answer: Boron",Which chemical element has the symbol that is the first letter of the capital city of the country whose currency is the leu?,1759730189
facts,default,4,cot,75,Hydrogen,Hydrogen,1,-1,0,0,stop,228,190,qwen3.6-27b,"The dong is the currency of Vietnam. The capital of Vietnam is Hanoi. Its first letter is H, and H is the symbol for Hydrogen.
Answer: Hydrogen",Which chemical element has the symbol that is the first letter of the capital city of the country whose currency is the dong?,535063195
facts,default,4,cot,76,Phosphorus,Phosphorus,1,-1,0,0,stop,1372,1337,qwen3.6-27b,"The koruna is the currency of the Czech Republic. The capital of the Czech Republic is Prague. Its first letter is P, and P is the symbol for Phosphorus.
Answer: Phosphorus",Which chemical element has the symbol that is the first letter of the capital city of the country whose currency is the koruna?,2263694113
facts,default,4,cot,77,Boron,Boron,1,-1,0,0,stop,231,189,qwen3.6-27b,"The baht is the currency of Thailand. The capital of Thailand is Bangkok. Its first letter is B, and B is the chemical symbol for Boron.

Answer: Boron",Which chemical element has the symbol that is the first letter of the capital city of the country whose currency is the baht?,4058647479
facts,default,4,cot,78,Sulfur,Sulfur,1,-1,0,0,stop,235,196,qwen3.6-27b,"The lev is the currency of Bulgaria. The capital of Bulgaria is Sofia. Its first letter is S, and S is the symbol for Sulfur.
Answer: Sulfur",Which chemical element has the symbol that is the first letter of the capital city of the country whose currency is the lev?,1632966182
facts,default,4,cot,79,Yttrium,Nitrogen,0,-1,0,0,stop,1262,1220,qwen3.6-27b,"The kyat is the currency of Myanmar. The capital of Myanmar is Naypyidaw. Its first letter is N, and N is the chemical symbol for Nitrogen.
Answer: Nitrogen",Which chemical element has the symbol that is the first letter of the capital city of the country whose currency is the kyat?,374482608
facts,default,5,immediate,0,19,Answer,0,-1,0,0,stop,4,0,qwen3.6-27b,Answer: 1,What is the atomic number of the chemical element whose symbol is the first letter of the capital city of the country whose currency is the hryvnia?,2921691732
facts,default,5,immediate,1,6,Answer,0,-1,0,0,stop,5,0,qwen3.6-27b,Answer: 1,What is the atomic number of the chemical element whose symbol is the first letter of the capital city of the country whose currency is the bolivar?,3642903234
facts,default,5,immediate,2,5,Answer,0,-1,0,0,stop,5,0,qwen3.6-27b,Answer: 1,What is the atomic number of the chemical element whose symbol is the first letter of the capital city of the country whose currency is the yuan?,1076566904
facts,default,5,immediate,3,5,Answer,0,-1,0,0,stop,5,0,qwen3.6-27b,Answer: 1,What is the atomic number of the chemical element whose symbol is the first letter of the capital city of the country whose currency is the yuan?,925641710
facts,default,5,immediate,4,6,Answer,0,-1,0,0,stop,5,0,qwen3.6-27b,Answer: 15,What is the atomic number of the chemical element whose symbol is the first letter of the capital city of the country whose currency is the bolivar?,2840116813
facts,default,5,immediate,5,16,Answer,0,-1,0,0,stop,5,0,qwen3.6-27b,Answer: 1,What is the atomic number of the chemical element whose symbol is the first letter of the capital city of the country whose currency is the krona?,3729755867
facts,default,5,immediate,6,19,Answer,0,-1,0,0,stop,5,0,qwen3.6-27b,Answer: 1,What is the atomic number of the chemical element whose symbol is the first letter of the capital city of the country whose currency is the afghani?,1195827041
facts,default,5,immediate,7,15,Answer,0,-1,0,0,stop,5,0,qwen3.6-27b,Answer: 1,What is the atomic number of the chemical element whose symbol is the first letter of the capital city of the country whose currency is the rand?,809627639
facts,default,5,immediate,8,74,Answer,0,-1,0,0,stop,5,0,qwen3.6-27b,Answer: 1,What is the atomic number of the chemical element whose symbol is the first letter of the capital city of the country whose currency is the zloty?,2701062758
facts,default,5,immediate,9,19,Answer,0,-1,0,0,stop,5,0,qwen3.6-27b,Answer: 3,What is the atomic number of the chemical element whose symbol is the first letter of the capital city of the country whose currency is the hryvnia?,3623469808
facts,default,5,immediate,10,1,Answer,0,-1,0,0,stop,5,0,qwen3.6-27b,Answer: 1,What is the atomic number of the chemical element whose symbol is the first letter of the capital city of the country whose currency is the dong?,2171100919
facts,default,5,immediate,11,16,Answer,0,-1,0,0,stop,5,0,qwen3.6-27b,Answer: 1,What is the atomic number of the chemical element whose symbol is the first letter of the capital city of the country whose currency is the lev?,4134497889
facts,default,5,immediate,12,16,Answer,0,-1,0,0,stop,5,0,qwen3.6-27b,Answer: 1,What is the atomic number of the chemical element whose symbol is the first letter of the capital city of the country whose currency is the lev?,1868971995
facts,default,5,immediate,13,5,Answer,0,-1,0,0,stop,5,0,qwen3.6-27b,Answer: 1,What is the atomic number of the chemical element whose symbol is the first letter of the capital city of the country whose currency is the leu?,409014093
facts,default,5,immediate,14,15,Answer,0,-1,0,0,stop,5,0,qwen3.6-27b,Answer: 1,What is the atomic number of the chemical element whose symbol is the first letter of the capital city of the country whose currency is the riel?,2248514286
facts,default,5,immediate,15,5,Answer,0,-1,0,0,stop,5,0,qwen3.6-27b,Answer: 1,What is the atomic number of the chemical element whose symbol is the first letter of the capital city of the country whose currency is the manat?,4043483768
facts,default,5,immediate,16,5,Answer,0,-1,0,0,stop,5,0,qwen3.6-27b,Answer: 1,What is the atomic number of the chemical element whose symbol is the first letter of the capital city of the country whose currency is the yuan?,1745615810
facts,default,5,immediate,17,19,Answer,0,-1,0,0,stop,4,0,qwen3.6-27b,Answer: 1,What is the atomic number of the chemical element whose symbol is the first letter of the capital city of the country whose currency is the afghani?,520932180
facts,default,5,immediate,18,1,Answer,0,-1,0,0,stop,4,0,qwen3.6-27b,Answer: 1,What is the atomic number of the chemical element whose symbol is the first letter of the capital city of the country whose currency is the dong?,2410927813
facts,default,5,immediate,19,6,Answer,0,-1,0,0,stop,5,0,qwen3.6-27b,Answer: 1,What is the atomic number of the chemical element whose symbol is the first letter of the capital city of the country whose currency is the bolivar?,4172605011
facts,default,5,immediate,20,1,Answer,0,-1,0,0,stop,5,0,qwen3.6-27b,Answer: 1,What is the atomic number of the chemical element whose symbol is the first letter of the capital city of the country whose currency is the dong?,2856652084
facts,default,5,immediate,21,5,Answer,0,-1,0,0,stop,5,0,qwen3.6-27b,Answer: 1,What is the atomic number of the chemical element whose symbol is the first letter of the capital city of the country whose currency is the manat?,3712105890
facts,default,5,immediate,22,5,Answer,0,-1,0,0,stop,5,0,qwen3.6-27b,Answer: 1,What is the atomic number of the chemical element whose symbol is the first letter of the capital city of the country whose currency is the baht?,1145793560
facts,default,5,immediate,23,15,Answer,0,-1,0,0,stop,5,0,qwen3.6-27b,Answer: 1,What is the atomic number of the chemical element whose symbol is the first letter of the capital city of the country whose currency is the koruna?,860642446
facts,default,5,immediate,24,15,Answer,0,-1,0,0,stop,5,0,qwen3.6-27b,Answer: 1,What is the atomic number of the chemical element whose symbol is the first letter of the capital city of the country whose currency is the koruna?,2905131309
facts,default,5,immediate,25,16,Answer,0,-1,0,0,stop,5,0,qwen3.6-27b,Answer: 1,What is the atomic number of the chemical element whose symbol is the first letter of the capital city of the country whose currency is the won?,3660577211
facts,default,5,immediate,26,1,Answer,0,-1,0,0,stop,6,0,qwen3.6-27b,Answer: 16,What is the atomic number of the chemical element whose symbol is the first letter of the capital city of the country whose currency is the dong?,1126606849
facts,default,5,immediate,27,5,Answer,0,-1,0,0,stop,5,0,qwen3.6-27b,Answer: 1,What is the atomic number of the chemical element whose symbol is the first letter of the capital city of the country whose currency is the forint?,874616983
facts,default,5,immediate,28,15,Answer,0,-1,0,0,stop,5,0,qwen3.6-27b,Answer: 1,What is the atomic number of the chemical element whose symbol is the first letter of the capital city of the country whose currency is the koruna?,2761852166
facts,default,5,immediate,29,15,Answer,0,-1,0,0,stop,5,0,qwen3.6-27b,Answer: 2,What is the atomic number of the chemical element whose symbol is the first letter of the capital city of the country whose currency is the koruna?,3550066064
facts,default,5,immediate,30,74,Answer,0,-1,0,0,stop,5,0,qwen3.6-27b,Answer: 1,What is the atomic number of the chemical element whose symbol is the first letter of the capital city of the country whose currency is the zloty?,3009297525
facts,default,5,immediate,31,5,Answer,0,-1,0,0,stop,4,0,qwen3.6-27b,Answer: 5,What is the atomic number of the chemical element whose symbol is the first letter of the capital city of the country whose currency is the manat?,3294170339
facts,default,5,immediate,32,5,Answer,0,-1,0,0,stop,6,0,qwen3.6-27b,Answer: 16,What is the atomic number of the chemical element whose symbol is the first letter of the capital city of the country whose currency is the baht?,1565547865
facts,default,5,immediate,33,19,Answer,0,-1,0,0,stop,5,0,qwen3.6-27b,Answer: 1,What is the atomic number of the chemical element whose symbol is the first letter of the capital city of the country whose currency is the afghani?,710372815
facts,default,5,immediate,34,19,Answer,0,-1,0,0,stop,5,0,qwen3.6-27b,Answer: 1,What is the atomic number of the chemical element whose symbol is the first letter of the capital city of the country whose currency is the hryvnia?,3023304812
facts,default,5,immediate,35,23,Answer,0,-1,0,0,stop,5,0,qwen3.6-27b,Answer: 1,What is the atomic number of the chemical element whose symbol is the first letter of the capital city of the country whose currency is the kip?,3275016442
facts,default,5,immediate,36,16,Answer,0,-1,0,0,stop,5,0,qwen3.6-27b,Answer: 1,What is the atomic number of the chemical element whose symbol is the first letter of the capital city of the country whose currency is the won?,1513986368
facts,default,5,immediate,37,39,Answer,0,-1,0,0,stop,5,0,qwen3.6-27b,Answer: 1,What is the atomic number of the chemical element whose symbol is the first letter of the capital city of the country whose currency is the kyat?,758819286
facts,default,5,immediate,38,39,Answer,0,-1,0,0,stop,5,0,qwen3.6-27b,Answer: 1,What is the atomic number of the chemical element whose symbol is the first letter of the capital city of the country whose currency is the kyat?,3179656263
facts,default,5,immediate,39,5,Answer,0,-1,0,0,stop,5,0,qwen3.6-27b,Answer: 1,What is the atomic number of the chemical element whose symbol is the first letter of the capital city of the country whose currency is the leu?,3397551313
facts,default,5,immediate,40,16,Answer,0,-1,0,0,stop,6,0,qwen3.6-27b,Answer: 13,What is the atomic number of the chemical element whose symbol is the first letter of the capital city of the country whose currency is the krona?,4229933746
facts,default,5,immediate,41,16,Answer,0,-1,0,0,stop,5,0,qwen3.6-27b,Answer: 1,What is the atomic number of the chemical element whose symbol is the first letter of the capital city of the country whose currency is the won?,2333645348
facts,default,5,immediate,42,5,Answer,0,-1,0,0,stop,5,0,qwen3.6-27b,Answer: 5,What is the atomic number of the chemical element whose symbol is the first letter of the capital city of the country whose currency is the yuan?,303156126
facts,default,5,immediate,43,5,Answer,0,-1,0,0,stop,5,0,qwen3.6-27b,Answer: 1,What is the atomic number of the chemical element whose symbol is the first letter of the capital city of the country whose currency is the baht?,1696004872
facts,default,5,immediate,44,5,Answer,0,-1,0,0,stop,6,0,qwen3.6-27b,Answer: 16,What is the atomic number of the chemical element whose symbol is the first letter of the capital city of the country whose currency is the leu?,4218580651
facts,default,5,immediate,45,23,Answer,0,-1,0,0,stop,6,0,qwen3.6-27b,Answer: 19,What is the atomic number of the chemical element whose symbol is the first letter of the capital city of the country whose currency is the kip?,2356502077
facts,default,5,immediate,46,1,Answer,0,-1,0,0,stop,5,0,qwen3.6-27b,Answer: 1,What is the atomic number of the chemical element whose symbol is the first letter of the capital city of the country whose currency is the dong?,360451975
facts,default,5,immediate,47,5,Answer,0,-1,0,0,stop,5,0,qwen3.6-27b,Answer: 3,What is the atomic number of the chemical element whose symbol is the first letter of the capital city of the country whose currency is the baht?,1652244241
facts,default,5,immediate,48,39,Answer,0,-1,0,0,stop,5,0,qwen3.6-27b,Answer: 1,What is the atomic number of the chemical element whose symbol is the first letter of the capital city of the country whose currency is the dram?,4072940160
facts,default,5,immediate,49,15,Answer,0,-1,0,0,stop,6,0,qwen3.6-27b,Answer: 15,What is the atomic number of the chemical element whose symbol is the first letter of the capital city of the country whose currency is the riel?,2244153878
facts,default,5,immediate,50,5,Answer,0,-1,0,0,stop,5,0,qwen3.6-27b,Answer: 1,What is the atomic number of the chemical element whose symbol is the first letter of the capital city of the country whose currency is the forint?,3842284531
facts,default,5,immediate,51,15,Answer,0,-1,0,0,stop,5,0,qwen3.6-27b,Answer: 1,What is the atomic number of the chemical element whose symbol is the first letter of the capital city of the country whose currency is the rand?,2449714021
facts,default,5,immediate,52,16,Answer,0,-1,0,0,stop,5,0,qwen3.6-27b,Answer: 1,What is the atomic number of the chemical element whose symbol is the first letter of the capital city of the country whose currency is the krona?,185268959
facts,default,5,immediate,53,1,Answer,0,-1,0,0,stop,5,0,qwen3.6-27b,Answer: 1,What is the atomic number of the chemical element whose symbol is the first letter of the capital city of the country whose currency is the dong?,2081278537
facts,default,5,immediate,54,23,Answer,0,-1,0,0,stop,6,0,qwen3.6-27b,Answer: 23,What is the atomic number of the chemical element whose symbol is the first letter of the capital city of the country whose currency is the kip?,3798556650
facts,default,5,immediate,55,16,Answer,0,-1,0,0,stop,6,0,qwen3.6-27b,Answer: 16,What is the atomic number of the chemical element whose symbol is the first letter of the capital city of the country whose currency is the lev?,2507042684
facts,default,5,immediate,56,16,Answer,0,-1,0,0,stop,5,0,qwen3.6-27b,Answer: 1,What is the atomic number of the chemical element whose symbol is the first letter of the capital city of the country whose currency is the lev?,208092870
facts,default,5,immediate,57,39,Answer,0,-1,0,0,stop,4,0,qwen3.6-27b,Answer: 1,What is the atomic number of the chemical element whose symbol is the first letter of the capital city of the country whose currency is the kyat?,2069892688
facts,default,5,immediate,58,23,Answer,0,-1,0,0,stop,6,0,qwen3.6-27b,Answer: 15,What is the atomic number of the chemical element whose symbol is the first letter of the capital city of the country whose currency is the kip?,3957265345
facts,default,5,immediate,59,39,Answer,0,-1,0,0,stop,5,0,qwen3.6-27b,Answer: 1,What is the atomic number of the chemical element whose symbol is the first letter of the capital city of the country whose currency is the dram?,2631410519
facts,default,5,immediate,60,39,Answer,0,-1,0,0,stop,5,0,qwen3.6-27b,Answer: 1,What is the atomic number of the chemical element whose symbol is the first letter of the capital city of the country whose currency is the kyat?,3458844720
facts,default,5,immediate,61,16,Answer,0,-1,0,0,stop,5,0,qwen3.6-27b,Answer: 1,What is the atomic number of the chemical element whose symbol is the first letter of the capital city of the country whose currency is the lev?,3106863270
facts,default,5,immediate,62,19,Answer,0,-1,0,0,stop,5,0,qwen3.6-27b,Answer: 1,What is the atomic number of the chemical element whose symbol is the first letter of the capital city of the country whose currency is the afghani?,539470108
facts,default,5,immediate,63,16,Answer,0,-1,0,0,stop,5,0,qwen3.6-27b,Answer: 1,What is the atomic number of the chemical element whose symbol is the first letter of the capital city of the country whose currency is the won?,1461754250
facts,default,5,immediate,64,5,Answer,0,-1,0,0,stop,5,0,qwen3.6-27b,Answer: 1,What is the atomic number of the chemical element whose symbol is the first letter of the capital city of the country whose currency is the forint?,3376679977
facts,default,5,immediate,65,39,Answer,0,-1,0,0,stop,5,0,qwen3.6-27b,Answer: 5,What is the atomic number of the chemical element whose symbol is the first letter of the capital city of the country whose currency is the kyat?,3192077503
facts,default,5,immediate,66,15,Answer,0,-1,0,0,stop,5,0,qwen3.6-27b,Answer: 1,What is the atomic number of the chemical element whose symbol is the first letter of the capital city of the country whose currency is the rand?,659188997
facts,default,5,immediate,67,5,Answer,0,-1,0,0,stop,5,0,qwen3.6-27b,Answer: 1,What is the atomic number of the chemical element whose symbol is the first letter of the capital city of the country whose currency is the baht?,1347247507
facts,default,5,immediate,68,1,Answer,0,-1,0,0,stop,5,0,qwen3.6-27b,Answer: 1,What is the atomic number of the chemical element whose symbol is the first letter of the capital city of the country whose currency is the dong?,3237101570
facts,default,5,immediate,69,23,Answer,0,-1,0,0,stop,5,0,qwen3.6-27b,Answer: 1,What is the atomic number of the chemical element whose symbol is the first letter of the capital city of the country whose currency is the kip?,3086315668
facts,default,5,immediate,70,6,Answer,0,-1,0,0,stop,5,0,qwen3.6-27b,Answer: 1,What is the atomic number of the chemical element whose symbol is the first letter of the capital city of the country whose currency is the bolivar?,3610442097
facts,default,5,immediate,71,19,Answer,0,-1,0,0,stop,4,0,qwen3.6-27b,Answer: 1,What is the atomic number of the chemical element whose symbol is the first letter of the capital city of the country whose currency is the hryvnia?,2687879655
facts,default,5,immediate,72,1,Answer,0,-1,0,0,stop,5,0,qwen3.6-27b,Answer: 1,What is the atomic number of the chemical element whose symbol is the first letter of the capital city of the country whose currency is the dong?,960272477
facts,default,5,immediate,73,6,Answer,0,-1,0,0,stop,5,0,qwen3.6-27b,Answer: 1,What is the atomic number of the chemical element whose symbol is the first letter of the capital city of the country whose currency is the bolivar?,1312532683
facts,default,5,immediate,74,19,Answer,0,-1,0,0,stop,5,0,qwen3.6-27b,Answer: 2,What is the atomic number of the chemical element whose symbol is the first letter of the capital city of the country whose currency is the hryvnia?,3495902568
facts,default,5,immediate,75,74,Answer,0,-1,0,0,stop,6,0,qwen3.6-27b,Answer: 74,What is the atomic number of the chemical element whose symbol is the first letter of the capital city of the country whose currency is the zloty?,2807565822
facts,default,5,immediate,76,16,Answer,0,-1,0,0,stop,5,0,qwen3.6-27b,Answer: 1,What is the atomic number of the chemical element whose symbol is the first letter of the capital city of the country whose currency is the won?,1045519428
facts,default,5,immediate,77,39,Answer,0,-1,0,0,stop,5,0,qwen3.6-27b,Answer: 1,What is the atomic number of the chemical element whose symbol is the first letter of the capital city of the country whose currency is the kyat?,1230400722
facts,default,5,immediate,78,23,Answer,0,-1,0,0,stop,6,0,qwen3.6-27b,Answer: 23,What is the atomic number of the chemical element whose symbol is the first letter of the capital city of the country whose currency is the kip?,3655954755
facts,default,5,immediate,79,19,Answer,0,-1,0,0,stop,5,0,qwen3.6-27b,Answer: 1,What is the atomic number of the chemical element whose symbol is the first letter of the capital city of the country whose currency is the afghani?,2934850005
facts,default,5,cot,0,19,19,1,-1,0,0,stop,1054,1001,qwen3.6-27b,"The hryvnia is the currency of Ukraine. The capital of Ukraine is Kyiv. Its first letter is K, and K is the chemical symbol for Potassium. The atomic number of Potassium is 19.
Answer: 19",What is the atomic number of the chemical element whose symbol is the first letter of the capital city of the country whose currency is the hryvnia?,2921691732
facts,default,5,cot,1,6,6,1,-1,0,0,stop,797,751,qwen3.6-27b,"The bolivar is the currency of Venezuela. The capital of Venezuela is Caracas. Its first letter is C, and C is the symbol for Carbon. The atomic number of Carbon is 6.
Answer: 6",What is the atomic number of the chemical element whose symbol is the first letter of the capital city of the country whose currency is the bolivar?,3642903234
facts,default,5,cot,2,5,5,1,-1,0,0,stop,777,723,qwen3.6-27b,"The yuan is the currency of China. The capital of China is Beijing. Its first letter is B, and B is the symbol for Boron. The atomic number of Boron is 5.
Answer: 5",What is the atomic number of the chemical element whose symbol is the first letter of the capital city of the country whose currency is the yuan?,1076566904
facts,default,5,cot,3,5,5,1,-1,0,0,stop,925,840,qwen3.6-27b,"The yuan is the currency of China. The capital of China is Beijing. Its first letter is B, and B is the symbol for Boron. The atomic number of Boron is 5.
Answer: 5",What is the atomic number of the chemical element whose symbol is the first letter of the capital city of the country whose currency is the yuan?,925641710
facts,default,5,cot,4,6,6,1,-1,0,0,stop,974,928,qwen3.6-27b,"The bolívar is the currency of Venezuela. The capital of Venezuela is Caracas. Its first letter is C, and C is the symbol for Carbon. The atomic number of Carbon is 6.
Answer: 6",What is the atomic number of the chemical element whose symbol is the first letter of the capital city of the country whose currency is the bolivar?,2840116813
facts,default,5,cot,5,16,16,1,-1,0,0,stop,1663,1611,qwen3.6-27b,"The krona is the currency of Sweden. The capital of Sweden is Stockholm. Its first letter is S, and S is the symbol for Sulfur. The atomic number of Sulfur is 16.
Answer: 16",What is the atomic number of the chemical element whose symbol is the first letter of the capital city of the country whose currency is the krona?,3729755867
facts,default,5,cot,6,19,19,1,-1,0,0,stop,742,691,qwen3.6-27b,"The afghani is the currency of Afghanistan. The capital of Afghanistan is Kabul. Its first letter is K, and K is the symbol for Potassium. The atomic number of Potassium is 19.
Answer: 19",What is the atomic number of the chemical element whose symbol is the first letter of the capital city of the country whose currency is the afghani?,1195827041
facts,default,5,cot,7,15,15,1,-1,0,0,stop,1256,1201,qwen3.6-27b,"The rand is the currency of South Africa. The capital of South Africa is Pretoria. Its first letter is P, and P is the chemical symbol for Phosphorus. The atomic number of Phosphorus is 15.
Answer: 15",What is the atomic number of the chemical element whose symbol is the first letter of the capital city of the country whose currency is the rand?,809627639
facts,default,5,cot,8,74,74,1,-1,0,0,stop,920,865,qwen3.6-27b,"The zloty is the currency of Poland. The capital of Poland is Warsaw. Its first letter is W, and W is the chemical symbol for Tungsten. The atomic number of Tungsten is 74.
Answer: 74",What is the atomic number of the chemical element whose symbol is the first letter of the capital city of the country whose currency is the zloty?,2701062758
facts,default,5,cot,9,19,19,1,-1,0,0,stop,346,293,qwen3.6-27b,"The hryvnia is the currency of Ukraine. The capital of Ukraine is Kyiv. Its first letter is K, and K is the chemical symbol for Potassium. The atomic number of Potassium is 19.

Answer: 19",What is the atomic number of the chemical element whose symbol is the first letter of the capital city of the country whose currency is the hryvnia?,3623469808
facts,default,5,cot,10,1,1,1,-1,0,0,stop,1070,1022,qwen3.6-27b,"The dong is the currency of Vietnam. The capital of Vietnam is Hanoi. Its first letter is H, which is the chemical symbol for Hydrogen. The atomic number of Hydrogen is 1.

Answer: 1",What is the atomic number of the chemical element whose symbol is the first letter of the capital city of the country whose currency is the dong?,2171100919
facts,default,5,cot,11,16,16,1,-1,0,0,stop,756,672,qwen3.6-27b,"The lev is the currency of Bulgaria. The capital of Bulgaria is Sofia. Its first letter is S, and S is the chemical symbol for Sulfur. The atomic number of Sulfur is 16.
Answer: 16",What is the atomic number of the chemical element whose symbol is the first letter of the capital city of the country whose currency is the lev?,4134497889
facts,default,5,cot,12,16,16,1,-1,0,0,stop,505,451,qwen3.6-27b,"The lev is the currency of Bulgaria. The capital of Bulgaria is Sofia. Its first letter is S, and S is the symbol for Sulfur. The atomic number of Sulfur is 16.
Answer: 16",What is the atomic number of the chemical element whose symbol is the first letter of the capital city of the country whose currency is the lev?,1868971995
facts,default,5,cot,13,5,5,1,-1,0,0,stop,1114,1062,qwen3.6-27b,"The leu is the currency of Romania. The capital of Romania is Bucharest. Its first letter is B, which is the chemical symbol for Boron. The atomic number of Boron is 5.
Answer: 5",What is the atomic number of the chemical element whose symbol is the first letter of the capital city of the country whose currency is the leu?,409014093
facts,default,5,cot,14,15,15,1,-1,0,0,stop,909,843,qwen3.6-27b,"The riel is the currency of Cambodia. The capital of Cambodia is Phnom Penh. Its first letter is P, and P is the chemical symbol for Phosphorus. The atomic number of Phosphorus is 15.

Answer: 15",What is the atomic number of the chemical element whose symbol is the first letter of the capital city of the country whose currency is the riel?,2248514286
facts,default,5,cot,15,5,5,1,-1,0,0,stop,985,935,qwen3.6-27b,"The manat is the currency of Azerbaijan. The capital of Azerbaijan is Baku. Its first letter is B, and B is the chemical symbol for Boron. The atomic number of Boron is 5.
Answer: 5",What is the atomic number of the chemical element whose symbol is the first letter of the capital city of the country whose currency is the manat?,4043483768
facts,default,5,cot,16,5,5,1,-1,0,0,stop,1094,1043,qwen3.6-27b,"The yuan is the currency of China. The capital of China is Beijing. Its first letter is B, and B is the chemical symbol for Boron. The atomic number of Boron is 5.
Answer: 5",What is the atomic number of the chemical element whose symbol is the first letter of the capital city of the country whose currency is the yuan?,1745615810
facts,default,5,cot,17,19,19,1,-1,0,0,stop,269,217,qwen3.6-27b,"The afghani is the currency of Afghanistan. The capital of Afghanistan is Kabul. Its first letter is K, and K is the chemical symbol for Potassium. The atomic number of Potassium is 19.

Answer: 19",What is the atomic number of the chemical element whose symbol is the first letter of the capital city of the country whose currency is the afghani?,520932180
facts,default,5,cot,18,1,1,1,-1,0,0,stop,1128,1072,qwen3.6-27b,"The dong is the currency of Vietnam. The capital of Vietnam is Hanoi. Its first letter is H, and H is the symbol for Hydrogen. The atomic number of Hydrogen is 1.
Answer: 1",What is the atomic number of the chemical element whose symbol is the first letter of the capital city of the country whose currency is the dong?,2410927813
facts,default,5,cot,19,6,6,1,-1,0,0,stop,539,507,qwen3.6-27b,"The bolívar is the currency of Venezuela. The capital of Venezuela is Caracas. Its first letter is C, and C is the symbol for Carbon. The atomic number of Carbon is 6.
Answer: 6",What is the atomic number of the chemical element whose symbol is the first letter of the capital city of the country whose currency is the bolivar?,4172605011
facts,default,5,cot,20,1,1,1,-1,0,0,stop,1313,1224,qwen3.6-27b,"The dong is the currency of Vietnam. The capital of Vietnam is Hanoi. Its first letter is H, and H is the symbol for Hydrogen. The atomic number of Hydrogen is 1.
Answer: 1",What is the atomic number of the chemical element whose symbol is the first letter of the capital city of the country whose currency is the dong?,2856652084
facts,default,5,cot,21,5,5,1,-1,0,0,stop,1343,1294,qwen3.6-27b,"The manat is the currency of Azerbaijan. The capital of Azerbaijan is Baku. Its first letter is B, and B is the symbol for Boron. The atomic number of Boron is 5.
Answer: 5",What is the atomic number of the chemical element whose symbol is the first letter of the capital city of the country whose currency is the manat?,3712105890
facts,default,5,cot,22,5,5,1,-1,0,0,stop,402,354,qwen3.6-27b,"The baht is the currency of Thailand. The capital of Thailand is Bangkok. Its first letter is B, and B is the symbol for Boron. The atomic number of Boron is 5.
Answer: 5",What is the atomic number of the chemical element whose symbol is the first letter of the capital city of the country whose currency is the baht?,1145793560
facts,default,5,cot,23,15,15,1,-1,0,0,stop,1195,1139,qwen3.6-27b,"The koruna is the currency of the Czech Republic. The capital of the Czech Republic is Prague. Its first letter is P, and P is the symbol for Phosphorus. The atomic number of Phosphorus is 15.
Answer: 15",What is the atomic number of the chemical element whose symbol is the first letter of the capital city of the country whose currency is the koruna?,860642446
facts,default,5,cot,24,15,15,1,-1,0,0,stop,915,856,qwen3.6-27b,"The koruna is the currency of the Czech Republic. The capital of the Czech Republic is Prague. Its first letter is P, and P is the symbol for Phosphorus. The atomic number of Phosphorus is 15.
Answer: 15",What is the atomic number of the chemical element whose symbol is the first letter of the capital city of the country whose currency is the koruna?,2905131309
facts,default,5,cot,25,16,16,1,-1,0,0,stop,904,848,qwen3.6-27b,"The won is the currency of South Korea. The capital of South Korea is Seoul. Its first letter is S, and S is the symbol for Sulfur. The atomic number of Sulfur is 16.
Answer: 16",What is the atomic number of the chemical element whose symbol is the first letter of the capital city of the country whose currency is the won?,3660577211
facts,default,5,cot,26,1,1,1,-1,0,0,stop,849,796,qwen3.6-27b,"The dong is the currency of Vietnam. The capital of Vietnam is Hanoi. Its first letter is H, and H is the symbol for Hydrogen. The atomic number of Hydrogen is 1.
Answer: 1",What is the atomic number of the chemical element whose symbol is the first letter of the capital city of the country whose currency is the dong?,1126606849
facts,default,5,cot,27,5,5,1,-1,0,0,stop,1204,1156,qwen3.6-27b,"The forint is the currency of Hungary. The capital of Hungary is Budapest. Its first letter is B, and B is the chemical symbol for Boron. The atomic number of Boron is 5.
Answer: 5",What is the atomic number of the chemical element whose symbol is the first letter of the capital city of the country whose currency is the forint?,874616983
facts,default,5,cot,28,15,15,1,-1,0,0,stop,1239,1182,qwen3.6-27b,"The koruna is the currency of the Czech Republic. The capital of the Czech Republic is Prague. Its first letter is P, and P is the chemical symbol for Phosphorus. The atomic number of Phosphorus is 15.
Answer: 15",What is the atomic number of the chemical element whose symbol is the first letter of the capital city of the country whose currency is the koruna?,2761852166
facts,default,5,cot,29,15,15,1,-1,0,0,stop,886,827,qwen3.6-27b,"The koruna is the currency of the Czech Republic. The capital of the Czech Republic is Prague. Its first letter is P, and P is the chemical symbol for Phosphorus. The atomic number of Phosphorus is 15.
Answer: 15",What is the atomic number of the chemical element whose symbol is the first letter of the capital city of the country whose currency is the koruna?,3550066064
facts,default,5,cot,30,74,74,1,-1,0,0,stop,303,251,qwen3.6-27b,"The zloty is the currency of Poland. The capital of Poland is Warsaw. Its first letter is W, and W is the chemical symbol for Tungsten. The atomic number of Tungsten is 74.

Answer: 74",What is the atomic number of the chemical element whose symbol is the first letter of the capital city of the country whose currency is the zloty?,3009297525
facts,default,5,cot,31,5,5,1,-1,0,0,stop,1449,1368,qwen3.6-27b,"The manat is the currency of Azerbaijan. The capital of Azerbaijan is Baku. The first letter of Baku is B, which is the chemical symbol for Boron. The atomic number of Boron is 5.

Answer: 5",What is the atomic number of the chemical element whose symbol is the first letter of the capital city of the country whose currency is the manat?,3294170339
facts,default,5,cot,32,5,5,1,-1,0,0,stop,263,196,qwen3.6-27b,"The baht is the currency of Thailand. The capital of Thailand is Bangkok. Its first letter is B, and B is the symbol for Boron. The atomic number of Boron is 5.
Answer: 5",What is the atomic number of the chemical element whose symbol is the first letter of the capital city of the country whose currency is the baht?,1565547865
facts,default,5,cot,33,19,19,1,-1,0,0,stop,275,221,qwen3.6-27b,"The afghani is the currency of Afghanistan. The capital of Afghanistan is Kabul. Its first letter is K, which is the chemical symbol for Potassium. The atomic number of Potassium is 19.

Answer: 19",What is the atomic number of the chemical element whose symbol is the first letter of the capital city of the country whose currency is the afghani?,710372815
facts,default,5,cot,34,19,19,1,-1,0,0,stop,1225,1172,qwen3.6-27b,"The hryvnia is the currency of Ukraine. The capital of Ukraine is Kyiv. Its first letter is K, and K is the chemical symbol for Potassium. The atomic number of Potassium is 19.
Answer: 19",What is the atomic number of the chemical element whose symbol is the first letter of the capital city of the country whose currency is the hryvnia?,3023304812
facts,default,5,cot,35,23,23,1,-1,0,0,stop,1066,1015,qwen3.6-27b,"The kip is the currency of Laos. The capital of Laos is Vientiane. Its first letter is V, and V is the symbol for Vanadium. The atomic number of Vanadium is 23.
Answer: 23",What is the atomic number of the chemical element whose symbol is the first letter of the capital city of the country whose currency is the kip?,3275016442
facts,default,5,cot,36,16,16,1,-1,0,0,stop,1537,1484,qwen3.6-27b,"The won is the currency of South Korea. The capital of South Korea is Seoul. Its first letter is S, and S is the symbol for Sulfur. The atomic number of Sulfur is 16.
Answer: 16",What is the atomic number of the chemical element whose symbol is the first letter of the capital city of the country whose currency is the won?,1513986368
facts,default,5,cot,37,39,7,0,-1,0,0,stop,293,242,qwen3.6-27b,"The kyat is the currency of Myanmar. The capital of Myanmar is Naypyidaw. Its first letter is N, and N is the symbol for Nitrogen. The atomic number of Nitrogen is 7.
Answer: 7",What is the atomic number of the chemical element whose symbol is the first letter of the capital city of the country whose currency is the kyat?,758819286
facts,default,5,cot,38,39,7,0,-1,0,0,stop,289,208,qwen3.6-27b,"The kyat is the currency of Myanmar. The capital of Myanmar is Naypyidaw. Its first letter is N, and N is the symbol for Nitrogen. The atomic number of Nitrogen is 7.
Answer: 7",What is the atomic number of the chemical element whose symbol is the first letter of the capital city of the country whose currency is the kyat?,3179656263
facts,default,5,cot,39,5,5,1,-1,0,0,stop,1093,1043,qwen3.6-27b,"The leu is the currency of Romania. The capital of Romania is Bucharest. Its first letter is B, and B is the chemical symbol for Boron. The atomic number of Boron is 5.

Answer: 5",What is the atomic number of the chemical element whose symbol is the first letter of the capital city of the country whose currency is the leu?,3397551313
facts,default,5,cot,40,16,16,1,-1,0,0,stop,1501,1361,qwen3.6-27b,"The krona is the currency of Sweden. The capital of Sweden is Stockholm. Its first letter is S, and S is the chemical symbol for Sulfur. The atomic number of Sulfur is 16.

Answer: 16",What is the atomic number of the chemical element whose symbol is the first letter of the capital city of the country whose currency is the krona?,4229933746
facts,default,5,cot,41,16,16,1,-1,0,0,stop,1307,1253,qwen3.6-27b,"The won is the currency of South Korea. The capital of South Korea is Seoul. Its first letter is S, and S is the chemical symbol for Sulfur. The atomic number of Sulfur is 16.
Answer: 16",What is the atomic number of the chemical element whose symbol is the first letter of the capital city of the country whose currency is the won?,2333645348
facts,default,5,cot,42,5,5,1,-1,0,0,stop,1143,1083,qwen3.6-27b,"The yuan is the official currency of China. The capital city of China is Beijing. The first letter of Beijing is ""B"". The chemical element with the symbol B is Boron. The atomic number of Boron is 5.

Answer: 5",What is the atomic number of the chemical element whose symbol is the first letter of the capital city of the country whose currency is the yuan?,303156126
facts,default,5,cot,43,5,5,1,-1,0,0,stop,263,196,qwen3.6-27b,"The baht is the currency of Thailand. The capital of Thailand is Bangkok. Its first letter is B, and B is the symbol for Boron. The atomic number of Boron is 5.
Answer: 5",What is the atomic number of the chemical element whose symbol is the first letter of the capital city of the country whose currency is the baht?,1696004872
facts,default,5,cot,44,5,5,1,-1,0,0,stop,1047,998,qwen3.6-27b,"The leu is the currency of Romania. The capital of Romania is Bucharest. Its first letter is B, and B is the symbol for Boron. The atomic number of Boron is 5.
Answer: 5",What is the atomic number of the chemical element whose symbol is the first letter of the capital city of the country whose currency is the leu?,4218580651
facts,default,5,cot,45,23,23,1,-1,0,0,stop,1032,977,qwen3.6-27b,"The kip is the currency of Laos. The capital of Laos is Vientiane. Its first letter is V, and V is the chemical symbol for Vanadium. The atomic number of Vanadium is 23.
Answer: 23",What is the atomic number of the chemical element whose symbol is the first letter of the capital city of the country whose currency is the kip?,2356502077
facts,default,5,cot,46,1,1,1,-1,0,0,stop,1099,1015,qwen3.6-27b,"The dong is the currency of Vietnam. The capital of Vietnam is Hanoi. Its first letter is H, and H is the symbol for Hydrogen. The atomic number of Hydrogen is 1.
Answer: 1",What is the atomic number of the chemical element whose symbol is the first letter of the capital city of the country whose currency is the dong?,360451975
facts,default,5,cot,47,5,5,1,-1,0,0,stop,468,400,qwen3.6-27b,"The baht is the currency of Thailand. The capital of Thailand is Bangkok. Its first letter is B, and B is the symbol for Boron. The atomic number of Boron is 5.
Answer: 5",What is the atomic number of the chemical element whose symbol is the first letter of the capital city of the country whose currency is the baht?,1652244241
facts,default,5,cot,48,39,39,1,-1,0,0,stop,286,231,qwen3.6-27b,"The dram is the currency of Armenia. The capital of Armenia is Yerevan. Its first letter is Y, and Y is the symbol for Yttrium. The atomic number of Yttrium is 39.
Answer: 39",What is the atomic number of the chemical element whose symbol is the first letter of the capital city of the country whose currency is the dram?,4072940160
facts,default,5,cot,49,15,15,1,-1,0,0,stop,1724,1617,qwen3.6-27b,"The riel is the currency of Cambodia. The capital of Cambodia is Phnom Penh. The first letter of Phnom Penh is P, which is the chemical symbol for Phosphorus. The atomic number of Phosphorus is 15.

Answer: 15",What is the atomic number of the chemical element whose symbol is the first letter of the capital city of the country whose currency is the riel?,2244153878
facts,default,5,cot,50,5,5,1,-1,0,0,stop,654,607,qwen3.6-27b,"The forint is the currency of Hungary. The capital of Hungary is Budapest. Its first letter is B, and B is the symbol for Boron. The atomic number of Boron is 5.
Answer: 5",What is the atomic number of the chemical element whose symbol is the first letter of the capital city of the country whose currency is the forint?,3842284531
facts,default,5,cot,51,15,15,1,-1,0,0,stop,1044,947,qwen3.6-27b,"The rand is the currency of South Africa. The administrative capital of South Africa is Pretoria. Its first letter is P, and P is the chemical symbol for Phosphorus. The atomic number of Phosphorus is 15.

Answer: 15",What is the atomic number of the chemical element whose symbol is the first letter of the capital city of the country whose currency is the rand?,2449714021
facts,default,5,cot,52,16,16,1,-1,0,0,stop,1412,1360,qwen3.6-27b,"The krona is the currency of Sweden. The capital of Sweden is Stockholm. Its first letter is S, which is the chemical symbol for Sulfur. The atomic number of Sulfur is 16.

Answer: 16",What is the atomic number of the chemical element whose symbol is the first letter of the capital city of the country whose currency is the krona?,185268959
facts,default,5,cot,53,1,1,1,-1,0,0,stop,1421,1373,qwen3.6-27b,"The dong is the currency of Vietnam. The capital of Vietnam is Hanoi. Its first letter is H, which is the chemical symbol for Hydrogen. The atomic number of Hydrogen is 1.

Answer: 1",What is the atomic number of the chemical element whose symbol is the first letter of the capital city of the country whose currency is the dong?,2081278537
facts,default,5,cot,54,23,23,1,-1,0,0,stop,1287,1232,qwen3.6-27b,"The kip is the currency of Laos. The capital of Laos is Vientiane. Its first letter is V, and V is the chemical symbol for Vanadium. The atomic number of Vanadium is 23.

Answer: 23",What is the atomic number of the chemical element whose symbol is the first letter of the capital city of the country whose currency is the kip?,3798556650
facts,default,5,cot,55,16,16,1,-1,0,0,stop,1510,1436,qwen3.6-27b,"The lev is the currency of Bulgaria. The capital of Bulgaria is Sofia. The first letter of Sofia is S, which is the chemical symbol for sulfur. The atomic number of sulfur is 16.

Answer: 16",What is the atomic number of the chemical element whose symbol is the first letter of the capital city of the country whose currency is the lev?,2507042684
facts,default,5,cot,56,16,16,1,-1,0,0,stop,853,761,qwen3.6-27b,"The lev is the currency of Bulgaria. The capital of Bulgaria is Sofia. Its first letter is S, and S is the chemical symbol for Sulfur. The atomic number of Sulfur is 16.
Answer: 16",What is the atomic number of the chemical element whose symbol is the first letter of the capital city of the country whose currency is the lev?,208092870
facts,default,5,cot,57,39,7,0,-1,0,0,stop,823,699,qwen3.6-27b,"The kyat is the currency of Myanmar. The capital of Myanmar is Naypyidaw. Its first letter is N, and N is the chemical symbol for Nitrogen. The atomic number of Nitrogen is 7.

Answer: 7",What is the atomic number of the chemical element whose symbol is the first letter of the capital city of the country whose currency is the kyat?,2069892688
facts,default,5,cot,58,23,23,1,-1,0,0,stop,975,906,qwen3.6-27b,"The kip is the currency of Laos. The capital of Laos is Vientiane. Its first letter is V, and V is the chemical symbol for Vanadium. The atomic number of Vanadium is 23.
Answer: 23",What is the atomic number of the chemical element whose symbol is the first letter of the capital city of the country whose currency is the kip?,3957265345
facts,default,5,cot,59,39,39,1,-1,0,0,stop,756,701,qwen3.6-27b,"The dram is the currency of Armenia. The capital of Armenia is Yerevan. Its first letter is Y, and Y is the symbol for Yttrium. The atomic number of Yttrium is 39.
Answer: 39",What is the atomic number of the chemical element whose symbol is the first letter of the capital city of the country whose currency is the dram?,2631410519
facts,default,5,cot,60,39,7,0,-1,0,0,stop,954,902,qwen3.6-27b,"The kyat is the currency of Myanmar. The capital of Myanmar is Naypyidaw. Its first letter is N, and N is the chemical symbol for Nitrogen. The atomic number of Nitrogen is 7.

Answer: 7",What is the atomic number of the chemical element whose symbol is the first letter of the capital city of the country whose currency is the kyat?,3458844720
facts,default,5,cot,61,16,16,1,-1,0,0,stop,292,241,qwen3.6-27b,"The lev is the currency of Bulgaria. The capital of Bulgaria is Sofia. Its first letter is S, and S is the symbol for Sulfur. The atomic number of Sulfur is 16.
Answer: 16",What is the atomic number of the chemical element whose symbol is the first letter of the capital city of the country whose currency is the lev?,3106863270
facts,default,5,cot,62,19,19,1,-1,0,0,stop,828,720,qwen3.6-27b,"The afghani is the currency of Afghanistan. The capital of Afghanistan is Kabul. Its first letter is K, and K is the chemical symbol for Potassium. The atomic number of Potassium is 19.
Answer: 19",What is the atomic number of the chemical element whose symbol is the first letter of the capital city of the country whose currency is the afghani?,539470108
facts,default,5,cot,63,16,16,1,-1,0,0,stop,1285,1148,qwen3.6-27b,"The won is the currency of South Korea. The capital of South Korea is Seoul. Its first letter is S, and S is the symbol for Sulfur. The atomic number of Sulfur is 16.
Answer: 16",What is the atomic number of the chemical element whose symbol is the first letter of the capital city of the country whose currency is the won?,1461754250
facts,default,5,cot,64,5,5,1,-1,0,0,stop,721,652,qwen3.6-27b,"The forint is the currency of Hungary. The capital of Hungary is Budapest. Its first letter is B, and B is the chemical symbol for Boron. The atomic number of Boron is 5.
Answer: 5",What is the atomic number of the chemical element whose symbol is the first letter of the capital city of the country whose currency is the forint?,3376679977
facts,default,5,cot,65,39,7,0,-1,0,0,stop,1019,968,qwen3.6-27b,"The kyat is the currency of Myanmar. The capital of Myanmar is Naypyidaw. Its first letter is N, and N is the symbol for Nitrogen. The atomic number of Nitrogen is 7.
Answer: 7",What is the atomic number of the chemical element whose symbol is the first letter of the capital city of the country whose currency is the kyat?,3192077503
facts,default,5,cot,66,15,15,1,-1,0,0,stop,1037,924,qwen3.6-27b,"The rand is the currency of South Africa. The administrative capital of South Africa is Pretoria. Its first letter is P, which is the chemical symbol for Phosphorus. The atomic number of Phosphorus is 15.

Answer: 15",What is the atomic number of the chemical element whose symbol is the first letter of the capital city of the country whose currency is the rand?,659188997
facts,default,5,cot,67,5,5,1,-1,0,0,stop,727,684,qwen3.6-27b,"The baht is the currency of Thailand. The capital of Thailand is Bangkok. Its first letter is B, and B is the chemical symbol for Boron. The atomic number of Boron is 5.
Answer: 5",What is the atomic number of the chemical element whose symbol is the first letter of the capital city of the country whose currency is the baht?,1347247507
facts,default,5,cot,68,1,1,1,-1,0,0,stop,264,216,qwen3.6-27b,"The dong is the currency of Vietnam. The capital of Vietnam is Hanoi. Its first letter is H, and H is the symbol for Hydrogen. The atomic number of Hydrogen is 1.
Answer: 1",What is the atomic number of the chemical element whose symbol is the first letter of the capital city of the country whose currency is the dong?,3237101570
facts,default,5,cot,69,23,23,1,-1,0,0,stop,1402,1351,qwen3.6-27b,"The kip is the currency of Laos. The capital of Laos is Vientiane. Its first letter is V, and V is the symbol for Vanadium. The atomic number of Vanadium is 23.
Answer: 23",What is the atomic number of the chemical element whose symbol is the first letter of the capital city of the country whose currency is the kip?,3086315668
facts,default,5,cot,70,6,6,1,-1,0,0,stop,937,896,qwen3.6-27b,"The bolívar is the currency of Venezuela. The capital of Venezuela is Caracas. Its first letter is C, and C is the chemical symbol for Carbon. The atomic number of Carbon is 6.
Answer: 6",What is the atomic number of the chemical element whose symbol is the first letter of the capital city of the country whose currency is the bolivar?,3610442097
facts,default,5,cot,71,19,19,1,-1,0,0,stop,273,221,qwen3.6-27b,"The hryvnia is the currency of Ukraine. The capital of Ukraine is Kyiv. Its first letter is K, and K is the symbol for Potassium. The atomic number of Potassium is 19.
Answer: 19",What is the atomic number of the chemical element whose symbol is the first letter of the capital city of the country whose currency is the hryvnia?,2687879655
facts,default,5,cot,72,1,1,1,-1,0,0,stop,264,216,qwen3.6-27b,"The dong is the currency of Vietnam. The capital of Vietnam is Hanoi. Its first letter is H, and H is the symbol for Hydrogen. The atomic number of Hydrogen is 1.
Answer: 1",What is the atomic number of the chemical element whose symbol is the first letter of the capital city of the country whose currency is the dong?,960272477
facts,default,5,cot,73,6,6,1,-1,0,0,stop,873,849,qwen3.6-27b,"The bolivar is the currency of Venezuela. The capital of Venezuela is Caracas. Its first letter is C, and C is the symbol for Carbon. The atomic number of Carbon is 6.
Answer: 6",What is the atomic number of the chemical element whose symbol is the first letter of the capital city of the country whose currency is the bolivar?,1312532683
facts,default,5,cot,74,19,19,1,-1,0,0,stop,931,878,qwen3.6-27b,"The hryvnia is the currency of Ukraine. The capital of Ukraine is Kyiv. Its first letter is K, and K is the chemical symbol for Potassium. The atomic number of Potassium is 19.
Answer: 19",What is the atomic number of the chemical element whose symbol is the first letter of the capital city of the country whose currency is the hryvnia?,3495902568
facts,default,5,cot,75,74,74,1,-1,0,0,stop,933,877,qwen3.6-27b,"The zloty is the currency of Poland. The capital of Poland is Warsaw. The first letter of Warsaw is W, which is the chemical symbol for tungsten. The atomic number of tungsten is 74.

Answer: 74",What is the atomic number of the chemical element whose symbol is the first letter of the capital city of the country whose currency is the zloty?,2807565822
facts,default,5,cot,76,16,16,1,-1,0,0,stop,748,643,qwen3.6-27b,"The won is the currency of South Korea. The capital of South Korea is Seoul. Its first letter is S, and S is the chemical symbol for Sulfur. The atomic number of Sulfur is 16.

Answer: 16",What is the atomic number of the chemical element whose symbol is the first letter of the capital city of the country whose currency is the won?,1045519428
facts,default,5,cot,77,39,7,0,-1,0,0,stop,880,825,qwen3.6-27b,"The kyat is the currency of Myanmar. The capital of Myanmar is Naypyidaw. Its first letter is N, and N is the chemical symbol for Nitrogen. The atomic number of Nitrogen is 7.
Answer: 7",What is the atomic number of the chemical element whose symbol is the first letter of the capital city of the country whose currency is the kyat?,1230400722
facts,default,5,cot,78,23,23,1,-1,0,0,stop,1152,1094,qwen3.6-27b,"The kip is the currency of Laos. The capital of Laos is Vientiane. The first letter of Vientiane is V, which is the chemical symbol for Vanadium. The atomic number of Vanadium is 23.

Answer: 23",What is the atomic number of the chemical element whose symbol is the first letter of the capital city of the country whose currency is the kip?,3655954755
facts,default,5,cot,79,19,19,1,-1,0,0,stop,3312,3254,qwen3.6-27b,"The afghani is the currency of Afghanistan. The capital of Afghanistan is Kabul. The first letter of Kabul is K. The chemical element with the symbol K is Potassium. The atomic number of Potassium is 19.

Answer: 19",What is the atomic number of the chemical element whose symbol is the first letter of the capital city of the country whose currency is the afghani?,2934850005
